Controller,Object Name,Object Identifier,Display Name,Description,States
ECCP-NAE6,NAE6/Field Bus1.CGM-CH9.Parameters.Alarm Reset,MV:3096017,Alarm Reset,Input (Enum),1=Off; 2=Reset
ECCP-NAE6,NAE6/Field Bus1.CGM-CH9.Parameters.CH9-ALARM,MV:3096016,ECP.CH9-ALARM,Output (Enum),1=Normal; 2=Alarm
ECCP-NAE6,NAE6/Field Bus1.CGM-CH9.Parameters.CHLR-ON,MV:3096011,CHLR-ON,Output (Enum),1=Off; 2=On
ECCP-NAE6,NAE6/Field Bus1.CGM-CH9.Parameters.CHLR-STR,MV:3096019,CHLR-STR,Output (Enum),1=Disable; 2=Enable
ECCP-NAE6,NAE6/Field Bus1.CGM-CH9.Parameters.CSYSENB,MV:3096020,CSYSENB,Output (Enum),1=Off; 2=On
ECCP-NAE6,NAE6/Field Bus1.CH9-BACnet.COOLING SETP CTRL SRC,MV:3098486,COOLING SETP CTRL SRC,Cooling Setp Control Source,1=Local; 2=BAS; 3=0-10 V; 4=4-20 mA; 5=PWM
ECCP-NAE6,NAE6/Field Bus1.CH9-BACnet.CURRENT LIMIT CTRL SRC,MV:3098490,CURRENT LIMIT CTRL SRC,Current Limit Control Source,1=Local; 2=BAS; 3=0-10 V; 4=4-20 mA; 5=PWM
ECCP-NAE6,NAE6/Field Bus1.CH9-BACnet.HEATING SETP CTRL SRC,MV:3098488,HEATING SETP CTRL SRC,Heating Setp Control Source,1=Local; 2=BAS; 3=0-10 V; 4=4-20 mA; 5=PWM
ECCP-NAE6,NAE6/Field Bus1.CH9-BACnet.RUN STOP CTRL SRC,MV:3098484,RUN STOP CTRL SRC,Run|Stop Control Source,1=Local; 2=BAS; 3=Hardwire
ECCP-NAE6,NAE6/Field Bus1.CH9-BACnet.UNIT CONTROL SOURCE,MV:3098431,UNIT CONTROL SOURCE,Unit Control Source,1=Local; 2=ISN (BAS); 3=Analog; 4=Digital; 5=Modem; 6=Remote
ECCP-NAE6,NAE6/Field Bus1.CH9-BACnet.UNIT CYCLING FAULT CODE,MV:3098427,UNIT CYCLING FAULT CODE,Unit Cycling Fault Code,1=NO CYCLING FAULTS PRESENT; 2=MULTIUNIT CYCLING - CONTACTS OPEN; 3=SYSTEM CYCLING - CONTACTS OPEN; 4=SYSTEM - STARTUP FAILURE; 5=N/A; 6=CONTROL PANEL - POWER FAILURE; 7=LEAVING CHILLED LIQUID - LOW TEMPERATURE; 8=CHILLED LIQUID - FLOW SWITCH OPEN; 9=CONDENSER - FLOW SWITCH OPEN; 10=LEAVING CONDENSER LIQUID - HIGH TEMPERATURE; 11=AMBIENT DEW POINT - LOW TEMPERATURE; 12=REFRIGERANT TYPE NOT SET; 13=CONTROL PANEL - SCHEDULE; 14=N/A; 15=N/A; 16=N/A; 17=N/A; 18=VSD - INITIALIZATION FAILED; 19=VSD SHUTDOWN - REQUESTING FAULT DATA...; 20=VGD ACTUATOR - SERIAL COMMUNICATIONS; 21=UPS - LINE LOW BATTERY VOLTAGE; 22=UPS - NOT CHARGING; 23=RESERVED 22; 24=RESERVED 23; 25=RESERVED 24; 26=VSD - SINGLE PHASE INPUT POWER; 27=VSD - HIGH DC BUS VOLTAGE; 28=VSD - LOGIC BOARD POWER SUPPLY; 29=VSD - LOW DC BUS VOLTAGE; 30=VSD - 105% MOTOR CURRENT OVERLOAD; 31=VSD - HIGH INTERNAL AMBIENT TEMPERATURE; 32=VSD - DC BUS VOLTAGE IMBALANCE; 33=VSD - BASEPLATE TEMPERATURE IMBALANCE; 34=VSD - LOW CONVERTER HEATSINK TEMPERATURE; 35=VSD - PRECHARGE - DC BUS VOLTAGE IMBALANCE; 36=VSD - INVALID VSD MODEL; 37=N/A; 38=VSD - PRECHARGE - LOW DC BUS VOLTAGE 1; 39=N/A; 40=VSD - RUN SIGNAL; 41=VSD - SERIAL RECEIVE; 42=VSD - FAULT CONTACTS OPEN; 43=MBC - LOW DC BUS VOLTAGE; 44=MBC - BEARING CALIBRATION REQUIRED; 45=MBC - J RADIAL POSITION; 46=MBC - K RADIAL POSITION; 47=MBC - H AXIAL POSITION; 48=MBC - CALIBRATION FAULT; 49=MBC - LOW BEARING J TEMPERATURE; 50=MBC - LOW BEARING H1 TEMPERATURE; 51=MBC - LOW BEARING H2 TEMPERATURE; 52=MBC - LOW BEARING K TEMPERATURE; 53=MBC - LOW HEATSINK TEMPERATURE; 54=N/A; 55=N/A; 56=N/A; 57=N/A; 58=N/A; 59=N/A; 60=N/A; 61=HARMONIC FILTER - HIGH DC BUS VOLTAGE; 62=HARMONIC FILTER - HIGH PHASE C CURRENT; 63=HARMONIC FILTER - HIGH PHASE B CURRENT; 64=HARMONIC FILTER - HIGH PHASE A CURRENT; 65=HARMONIC FILTER - PHASE LOCKED LOOP; 66=HARMONIC FILTER - LOGIC BOARD POWER SUPPLY; 67=HARMONIC FILTER - PRECHARGE - LOW DC BUS VOLTAGE 2; 68=HARMONIC FILTER - PRECHARGE - LOW DC BUS VOLTAGE 1; 69=HARMONIC FILTER - LOW DC BUS VOLTAGE; 70=HARMONIC FILTER - DC BUS VOLTAGE IMBALANCE; 71=HARMONIC FILTER - INPUT CURRENT OVERLOAD; 72=HARMONIC FILTER - RUN SIGNAL; 73=HARMONIC FILTER - DC CURRENT TRANSFORMER 1; 74=HARMONIC FILTER - DC CURRENT TRANSFORMER 2; 75=N/A; 76=N/A; 77=N/A; 78=N/A; 79=N/A; 80=N/A; 81=N/A; 82=N/A; 83=N/A; 84=N/A; 85=N/A; 86=N/A; 87=N/A; 88=N/A; 89=N/A; 90=N/A; 91=N/A; 92=N/A; 93=N/A; 94=N/A; 95=N/A; 96=N/A; 97=N/A; 98=N/A; 99=N/A; 100=N/A; 101=VSD - SERIAL COMMUNICATIONS; 102=MBC - V13 POSITION; 103=MBC - W13 POSITION; 104=MBC - V24 POSITION; 105=MBC - W24 POSITION; 106=MBC - Z12 POSITION; 107=MBC - V13 LOW FREQUENCY DISPLACEMENT; 108=MBC - W13 LOW FREQUENCY DISPLACEMENT; 109=MBC - V24 LOW FREQUENCY DISPLACEMENT; 110=MBC - W24 LOW FREQUENCY DISPLACEMENT; 111=MBC - Z12 LOW FREQUENCY DISPLACEMENT; 112=MBC - VW13 VIBRATION; 113=MBC - VW24 VIBRATION; 114=MBC - Z12 VIBRATION; 115=MBC - HIGH AMPLIFIER TEMPERATURE; 116=MBC - HIGH DC/DC TEMPERATURE; 117=MBC - SERIAL COMMUNICATIONS; 118=MBC - SPEED SIGNAL FAULT; 119=MBC SHUTDOWN - REQUESTING FAULT DATA...; 120=MBC - FAULT CONTACTS OPEN; 121=MBC - STARTUP FAILURE; 122=MBC - UNKNOWN PARAMETER FILE; 123=MBC - LOW INPUT VOLTAGE; 124=N/A; 125=N/A; 126=N/A; 127=N/A; 128=EVAPORATOR - LOW PRESSURE - SMART FREEZE; 129=EVAPORATOR - LOW PRESSURE; 130=CONTROL PANEL - LOSS OF CONTROL VOLTAGE; 131=EXPANSION I/O - SERIAL COMMUNICATIONS; 132=N/A; 133=VSD - HIGH PHASE A INPUT CURRENT; 134=VSD - HIGH PHASE B INPUT CURRENT; 135=VSD - HIGH PHASE C INPUT CURRENT; 136=VSD - HIGH PHASE A MOTOR CURRENT; 137=VSD - HIGH PHASE B MOTOR CURRENT; 138=VSD - HIGH PHASE C MOTOR CURRENT; 139=VSD - PHASE A INPUT GATE DRIVER; 140=VSD - PHASE B INPUT GATE DRIVER; 141=VSD - PHASE C INPUT GATE DRIVER; 142=VSD - PHASE A MOTOR GATE DRIVER; 143=VSD - PHASE B MOTOR GATE DRIVER; 144=VSD - PHASE C MOTOR GATE DRIVER; 145=VSD - LOW PHASE A INPUT BASEPLATE TEMPERATURE; 146=VSD - LOW PHASE B INPUT BASEPLATE TEMPERATURE; 147=VSD - LOW PHASE C INPUT BASEPLATE TEMPERATURE; 148=VSD - LOW PHASE A MOTOR BASEPLATE TEMPERATURE; 149=VSD - LOW PHASE B MOTOR BASEPLATE TEMPERATURE; 150=VSD - LOW PHASE C MOTOR BASEPLATE TEMPERATURE; 151=VSD - LINE VOLTAGE PHASE ROTATION; 152=VSD - DC BUS PRE-REGULATION; 153=VSD - LOGIC BOARD PROCESSOR; 154=VSD - PHASE LOCKED LOOP; 155=VSD - NOT RUNNING; 156=VSD - PHASE A INPUT DCCT OFFSET; 157=VSD - PHASE B INPUT DCCT OFFSET; 158=VSD - PHASE C INPUT DCCT OFFSET; 159=VSD - PRECHARGE - LOW DC BUS VOLTAGE 2; 160=VSD - INVALID SETPOINTS; 161=CONDENSER - FREEZE THREAT - FLOW SWITCH OPEN; 162=ISOLATION VALVES - NOT CLOSED
ECCP-NAE6,NAE6/Field Bus1.CH9-BACnet.UNIT INTERNAL FAULT CODE,MV:3098437,UNIT INTERNAL FAULT CODE,Unit Internal Fault Code,1=NO INTERNAL FAULTS PRESENT; 2=INTERNAL ERROR - NO TIMER HANDLES AVAILABLE; 3=WATCHDOG - SOFTWARE REBOOT; 4=INTERNAL ERROR - CANNOT CREATE TASK; 5=INTERNAL ERROR - CANNOT REGISTER CONTROL; 6=INTERNAL ERROR - INVALID BRAM
ECCP-NAE6,NAE6/Field Bus1.CH9-BACnet.UNIT MODIFIED RUN CODE,MV:3098433,UNIT MODIFIED RUN CODE,Unit Modified Run Code,1=NO MODIFIED RUN CONDITIONS PRESENT; 2=VSD - DC BUS ACTIVE; 3=MOTOR - HIGH CURRENT LIMIT; 4=N/A; 5=VSD - INPUT PULLDOWN LIMIT; 6=VSD - HIGH INPUT CURRENT LIMIT
ECCP-NAE6,NAE6/Field Bus1.CH9-BACnet.UNIT OPERATION CODE,MV:3098423,UNIT OPERATION CODE,Unit Operation Code,1=UNIT STOPPED - READY TO START; 2=UNIT STOPPED - LOCAL SHUTDOWN; 3=UNIT STOPPED - REMOTE SHUTDOWN; 4=UNIT STOPPED - WARNING ACTIVE; 5=UNIT STOPPED - CYCLING SHUTDOWN; 6=UNIT STOPPED - SAFETY SHUTDOWN; 7=UNIT START INHIBIT; 8=UNIT STARTING; 9=UNIT RUNNING - NO ABNORMAL CONDITION; 10=UNIT RUNNING - WARNING ACTIVE; 11=UNIT RUNNING - SOFT SHUTDOWN; 12=UNIT COASTDOWN; 13=UNIT RUNNING - MODIFIED RUN; 14=UNIT STOPPED - INTERNAL SHUTDOWN; 15=RESERVED 14; 16=UNIT RUNNING - ACTIVE LOW LIFT - NO ABNORMAL CONDITION; 17=UNIT RUNNING - ACTIVE LOW LIFT - WARNING ACTIVE; 18=UNIT RUNNING - ACTIVE LOW LIFT - MODIFIED RUN; 19=UNIT RUNNING - PASSIVE LOW LIFT - NO ABNORMAL CONDITION; 20=UNIT RUNNING - PASSIVE LOW LIFT - WARNING ACTIVE; 21=UNIT RUNNING - PASSIVE LOW LIFT - MODIFIED RUN; 22=UNIT RUNNING - COOLING - NO ABNORMAL CONDITION; 23=UNIT RUNNING - COOLING - WARNING ACTIVE; 24=UNIT RUNNING - COOLING - MODIFIED RUN; 25=UNIT RUNNING - HEATING - NO ABNORMAL CONDITION; 26=UNIT RUNNING - HEATING - WARNING ACTIVE; 27=UNIT RUNNING - HEATING - MODIFIED RUN; 28=UNIT RUNNING - COOLING & HEATING - NO ABNORMAL CONDITION; 29=UNIT RUNNING - COOLING & HEATING - WARNING ACTIVE; 30=UNIT RUNNING - COOLING & HEATING - MODIFIED RUN
ECCP-NAE6,NAE6/Field Bus1.CH9-BACnet.UNIT SAFETY FAULT CODE,MV:3098425,UNIT SAFETY FAULT CODE,Unit Safety Fault Code,1=NO SAFETY FAULTS PRESENT; 2=EVAPORATOR - LOW PRESSURE; 3=EVAPORATOR - TRANSDUCER OR LEAVING LIQUID PROBE; 4=EVAPORATOR - TRANSDUCER OR TEMPERATURE SENSOR; 5=CONDENSER - HIGH PRESSURE SWITCH OPEN; 6=CONDENSER - HIGH PRESSURE; 7=CONDENSER - PRESSURE TRANSDUCER OUT OF RANGE; 8=AUXILIARY SAFETY - CONTACTS CLOSED; 9=DISCHARGE - LOW TEMPERATURE; 10=DISCHARGE - HIGH TEMPERATURE; 11=MBC - OVERSPEED FAULT; 12=MBC - WATCHDOG; 13=MBC - POWER SUPPLY FAULT; 14=MBC - HIGH HEATSINK TEMPERATURE; 15=MBC - HIGH DC BUS VOLTAGE; 16=MBC - AMPLIFIER FUSE; 17=MBC - SPEED SENSOR FAULT; 18=MBC - HIGH BEARING J TEMPERATURE; 19=MBC - HIGH BEARING H1 TEMPERATURE; 20=MBC - HIGH BEARING H2 TEMPERATURE; 21=MBC - HIGH BEARING K TEMPERATURE; 22=CONTROL PANEL - POWER FAILURE; 23=CONTROL PANEL - LOSS OF CONTROL VOLTAGE; 24=UPS - BATTERY NOT CONNECTED; 25=UPS - INVERTER LOW BATTERY VOLTAGE; 26=MBC - GROUND FAULT; 27=MBC - LOW GATE VOLTAGE; 28=MBC - HIGH GATE VOLTAGE; 29=MBC - POWER FAIL LANDING; 30=MBC - HIGH AMPLIFIER TEMPERATURE; 31=VSD - 105% MOTOR CURRENT OVERLOAD; 32=MBC - HIGH AMPLIFIER VOLTAGE; 33=MBC - FAULT CONTACTS OPEN; 34=MBC - NOT LEVITATED; 35=N/A; 36=VSD - PRECHARGE LOCKOUT; 37=VSD - HIGH MOTOR HARMONICS; 38=VSD - CAPACITOR FAULT; 39=VSD - ELECTRICAL SIGNATURE BOARD; 40=VSD - BASEPLATE TEMPERATURE IMBALANCE; 41=VSD - HIGH CONVERTER HEATSINK TEMPERATURE; 42=VSD - INVALID SOFTWARE; 43=HARMONIC FILTER - HIGH BASEPLATE TEMPERATURE; 44=HARMONIC FILTER - HIGH TOTAL DEMAND DISTORTION; 45=N/A; 46=N/A; 47=N/A; 48=N/A; 49=N/A; 50=N/A; 51=N/A; 52=EVAPORATOR - LOW PRESSURE; 53=EVAPORATOR - LOW PRESSURE - SMART FREEZE; 54=SURGE PROTECTION - EXCESS SURGE; 55=SYSTEM - STARTUP FAILURE; 56=N/A; 57=N/A; 58=N/A; 59=N/A; 60=N/A; 61=MOTOR - LOW WINDING TEMPERATURE; 62=MOTOR - HIGH WINDING TEMPERATURE; 63=MOTOR - HIGH ROTOR TEMPERATURE; 64=N/A; 65=N/A; 66=N/A; 67=VSD - MOTOR CURRENT IMBALANCE; 68=CONDENSER - HIGH PRESSURE - STOPPED; 69=MBC - DSP UNAUTHORIZED ROTATION; 70=MBC - SPV UNAUTHORIZED ROTATION; 71=MBC - AMP COMMUNICATION; 72=MBC - AMP WATCHDOG; 73=N/A; 74=MBC - LOW RADIAL OSCILLATOR VOLTAGE; 75=N/A; 76=MBC - LOW AXIAL OSCILLATOR VOLTAGE; 77=MBC - ROTOR CONTRACTION; 78=MBC - HIGH INPUT VOLTAGE; 79=N/A; 80=MBC - INTERNAL FAULT; 81=VGD ACTUATOR FAULT; 82=VGD POSITIONING FAULT; 83=MBC - POWER FAIL LANDING; 84=MBC - HIGH ROTOR ELONGATION RATE; 85=N/A; 86=N/A; 87=N/A; 88=N/A; 89=N/A; 90=N/A; 91=N/A; 92=N/A; 93=N/A; 94=N/A; 95=VSD - HIGH HX APPROACH TEMPERATURE; 96=VSD - LOGIC BOARD PLUG; 97=VSD - INPUT CURRENT OVERLOAD; 98=VSD - HIGH PHASE A INPUT BASEPLATE TEMPERATURE; 99=VSD - HIGH PHASE B INPUT BASEPLATE TEMPERATURE; 100=VSD - HIGH PHASE C INPUT BASEPLATE TEMPERATURE; 101=VSD - HIGH PHASE A MOTOR BASEPLATE TEMPERATURE; 102=VSD - HIGH PHASE B MOTOR BASEPLATE TEMPERATURE; 103=VSD - HIGH PHASE C MOTOR BASEPLATE TEMPERATURE; 104=VSD - DC BUS PRE-REGULATION LOCKOUT; 105=VSD - GROUND FAULT; 106=VSD - PHASE A MOTOR DCCT; 107=VSD - PHASE B MOTOR DCCT; 108=VSD - PHASE C MOTOR DCCT; 109=VSD - PHASE A INPUT DCCT; 110=VSD - PHASE B INPUT DCCT; 111=VSD - PHASE C INPUT DCCT; 112=VSD - HIGH TOTAL DEMAND DISTORTION; 113=VSD - HIGH INTERNAL AMBIENT TEMPERATURE; 114=VSD - DC BUS LOCKOUT - DO NOT CYCLE POWER; 115=VSD - INPUT DCCT OFFSET LOCKOUT; 116=VSD - OUTPUT PHASE ROTATION; 117=VSD - HIGH PHASE A INPUT CURRENT; 118=VSD - HIGH PHASE B INPUT CURRENT; 119=VSD - HIGH PHASE C INPUT CURRENT; 120=VSD - HIGH PHASE A MOTOR CURRENT; 121=VSD - HIGH PHASE B MOTOR CURRENT; 122=VSD - HIGH PHASE C MOTOR CURRENT; 123=VSD - MOTOR CURRENT THD FAULT; 124=VSD - HIGH INPUT CURRENT TDD; 125=VSD - RECTIFIER PROGRAM FAULT; 126=VSD - INVERTER PROGRAM FAULT; 127=MBC - DSP INITIALIZATION; 128=MBC - HIGH AMPLIFIER TEMPERATURE; 129=MBC - HIGH DC/DC TEMPERATURE; 130=MBC - DSP COMMUNICATION; 131=MBC - DSP INTEGRITY; 132=MBC - FLASH MEMORY CLEAR; 133=MBC - FLASH MEMORY WRITE; 134=MBC - EEPROM; 135=MBC - FLASH MEMORY FULL; 136=MBC - INTERNAL FAULT 11; 137=MBC - INTERNAL FAULT 12; 138=MBC - INTERNAL FAULT 13; 139=MBC - INTERNAL FAULT 14; 140=MBC - DSP WATCHDOG; 141=MBC - DATA ACQUISITION FAULT; 142=MBC - HIGH BEARING Z1 TEMPERATURE; 143=MBC - HIGH BEARING Z2 TEMPERATURE; 144=MBC - CABLE FAULT; 145=MBC - SPEED SIGNAL FAULT; 146=MBC - OVERSPEED FAULT; 147=MBC - ROTOR ELONGATION; 148=MBC - HIGH BEARING CURRENT; 149=MBC - OSCILLATOR FAULT; 150=MBC - POWER SUPPLY FAULT; 151=MBC - UNAUTHORIZED ROTATION; 152=MBC - FAULT CODE X; 153=MBC - NO LEVITATION; 154=MBC - STARTUP FAILURE; 155=MBC - EXCESSIVE SHUTDOWNS; 156=SAFETY STOP; 157=MBC - INITIALIZATION FAILURE; 158=MBC - CUSTOMER SERIAL LINK DISABLED; 159=MOTOR - HIGH HOUSING TEMPERATURE; 160=SALES ORDER - INVALID COMPRESSOR MODEL; 161=VSD - LINE VOLTAGE PHASE ROTATION; 162=VSD - PHASE LOCKED LOOP; 163=VSD - LOGIC BOARD HARDWARE; 164=ISOLATION VALVES - NOT OPENED
ECCP-NAE6,NAE6/Field Bus1.CH9-BACnet.UNIT START INHIBIT CODE,MV:3098435,UNIT START INHIBIT CODE,Unit Start Inhibit Code,1=NO INHIBIT FAULTS PRESENT; 2=ANTI-RECYCLE; 3=N/A; 4=VGD STROKE NOT CALIBRATED; 5=VGD FEEDBACK NOT CALIBRATED; 6=MBC - BEARING CALIBRATION IN PROGRESS; 7=MBC - BEARING CLEARANCE CHECK IN PROGRESS; 8=VSD - INITIALIZATION IN PROGRESS; 9=N/A; 10=N/A; 11=PRV NOT CALIBRATED; 12=N/A; 13=VGD NOT CALIBRATED; 14=LINE VOLTAGE NOT SET; 15=LINE FREQUENCY NOT SET; 16=MBC - INITIALIZATION IN PROGRESS
ECCP-NAE6,NAE6/Field Bus1.CH9-BACnet.UNIT WARNING CODE,MV:3098429,UNIT WARNING CODE,Unit Warning Code,1=NO WARNINGS PRESENT; 2=WARNING - REAL TIME CLOCK FAILURE; 3=WARNING - SETPOINT OVERRIDE; 4=WARNING - CONDENSER OR EVAPORATOR XDCR ERROR; 5=WARNING - EVAPORATOR - LOW PRESSURE LIMIT; 6=WARNING - CONDENSER - HIGH PRESSURE LIMIT; 7=WARNING - QUARTERLY SERVICE REQUIRED - CONTACT JCI; 8=WARNING - YEARLY SERVICE REQUIRED - CONTACT JCI; 9=WARNING - 3 YEAR SERVICE REQUIRED - CONTACT JCI; 10=WARNING - CONDENSER - HIGH SMALL TEMP DIFFERENCE; 11=WARNING - MBC - LOW AMPLIFIER RESISTANCE; 12=WARNING - MBC - HIGH AMPLIFIER RESISTANCE; 13=WARNING - MBC - LOW AMPLIFIER CURRENT; 14=WARNING - MBC - HIGH AMPLIFIER CURRENT; 15=WARNING - MBC - POSITION SENSOR ERROR; 16=WARNING - MBC - J BEARING SENSOR DISABLED; 17=WARNING - MBC - K BEARING SENSOR DISABLED; 18=WARNING - MBC - H BEARING SENSOR DISABLED; 19=N/A; 20=N/A; 21=WARNING - UPS - NOT CHARGING; 22=WARNING - UPS - LINE LOW BATTERY VOLTAGE; 23=WARNING - UPS - BATTERY NOT CONNECTED; 24=WARNING - UPS - CHECK BATTERY CONNECTION; 25=WARNING - UPS - BATTERY TEST FAILED; 26=WARNING - SALES ORDER - INVALID SERIAL NUMBER; 27=N/A; 28=N/A; 29=N/A; 30=WARNING - SURGE PROTECTION - EXCESS SURGE LIMIT; 31=WARNING - EXCESS SURGE DETECTED; 32=N/A; 33=N/A; 34=N/A; 35=WARNING - CONDENSER OR VGD SENSOR FAILURE; 36=WARNING - HARMONIC FILTER - INVALID MODEL; 37=WARNING - HARMONIC FILTER - OPERATION INHIBITED; 38=WARNING - HARMONIC FILTER - DATA LOSS; 39=WARNING - HARMONIC FILTER - INPUT FREQUENCY RANGE; 40=WARNING - HARMONIC FILTER - NOT RUNNING; 41=WARNING - MOTOR - HIGH WINDING TEMPERATURE; 42=WARNING - MOTOR - HIGH ROTOR TEMPERATURE; 43=N/A; 44=N/A; 45=WARNING - VSD - INPUT VOLTAGE IMBALANCE; 46=WARNING - VSD - HIGH HX APPROACH TEMPERATURE; 47=N/A; 48=N/A; 49=WARNING - MBC - LANDING COUNTER HIGH; 50=N/A; 51=N/A; 52=N/A; 53=N/A; 54=N/A; 55=N/A; 56=WARNING - MBC - CHECKSUM CENTERING; 57=WARNING - MBC - DSP WATCHDOG; 58=WARNING - MBC - AMP WATCHDOG; 59=WARNING - MBC - INTERNAL ALARM; 60=WARNING - MBC - HIGH RADIAL OSCILLATOR VOLTAGE; 61=WARNING - MBC - HIGH AXIAL OSCILLATOR VOLTAGE; 62=N/A; 63=N/A; 64=N/A; 65=N/A; 66=WARNING - MBC - ROTATION MODE OFF; 67=WARNING - MOTOR - HIGH CURRENT LIMIT; 68=WARNING - MOTOR - HIGH HOUSING TEMPERATURE; 69=WARNING - VSD - DC BUS ACTIVE; 70=WARNING - LIQUID LEVEL SETPOINT NOT ACHIEVED; 71=WARNING - LOSS OF SUBCOOLER LIQUID SEAL; 72=WARNING - CONDENSER - FREEZE THREAT FROM LOW PRESSURE
ECCP-NAE6,NAE6/Field Bus1.FEC-AH1.Parameters.CLGVLV SL-OUTSTATE,MV:3054512,CLGVLV SL-OUTSTATE,State,1=Off; 2=Max; 3=Control; 4=Hold
ECCP-NAE6,NAE6/Field Bus1.FEC-AH1.Parameters.Cntrl Rm OCC,MV:3054495,Cntrl Rm OCC,CS Input (Enum),1=No; 2=Yes
ECCP-NAE6,NAE6/Field Bus1.FEC-AH1.Parameters.CWMU-V1 SL-OUTSTATE,MV:3086297,CWMU-V1 SL-OUTSTATE,State,1=Off; 2=Max; 3=Control; 4=Hold
ECCP-NAE6,NAE6/Field Bus1.FEC-AH1.Parameters.MA-D SL-OUTSTATE,MV:3054518,MA-D SL-OUTSTATE,State,1=Off; 2=Max; 3=Control; 4=Hold
ECCP-NAE6,NAE6/Field Bus1.FEC-AH1.Parameters.MAD-Mode,MV:3054502,MAD-Mode,Output (Enum),1=Off; 2=Max; 3=Control; 4=Hold
ECCP-NAE6,NAE6/Field Bus1.FEC-AH1.Parameters.SF1 Sys Enb,MV:3054496,SF1 Sys Enb,CS Input (Enum),1=Off; 2=On
ECCP-NAE6,NAE6/Field Bus1.FEC-AH1.Parameters.SFSC SL-OUTSTATE,MV:3054505,SFSC SL-OUTSTATE,State,1=Off; 2=Max; 3=Control; 4=Hold
ECCP-NAE6,NAE6/Field Bus1.FEC-AH1.Parameters.UNIT-HTR-OCC,MV:3054494,UNIT-HTR-OCC,CS Input (Enum),1=Off; 2=On
ECCP-NAE6,NAE6/Field Bus1.FEC-CH1.Parameters.Alarm Reset,MV:3054476,Alarm Reset,Input (Enum),1=Off; 2=Reset
ECCP-NAE6,NAE6/Field Bus1.FEC-CH1.Parameters.CH1-ALARM,MV:3054475,ECP.CH1-ALARM,Output (Enum),1=Normal; 2=Alarm
ECCP-NAE6,NAE6/Field Bus1.FEC-CH1.Parameters.CHLR-ON,MV:3054466,CHLR-ON,Output (Enum),1=Off; 2=On
ECCP-NAE6,NAE6/Field Bus1.FEC-CH1.Parameters.CHLR-STR,MV:3054478,CHLR-STR,Output (Enum),1=Disable; 2=Enable
ECCP-NAE6,NAE6/Field Bus1.FEC-CH1.Parameters.CSYSENB,MV:3054479,CSYSENB,Output (Enum),1=Off; 2=On
ECCP-NAE6,NAE6/Field Bus1.FEC-CH2.Parameters.Alarm Reset,MV:3054641,Alarm Reset,Input (Enum),1=Off; 2=Reset
ECCP-NAE6,NAE6/Field Bus1.FEC-CH2.Parameters.CH2-ALARM,MV:3054640,ECP.CH2-ALARM,Output (Enum),1=Normal; 2=Alarm
ECCP-NAE6,NAE6/Field Bus1.FEC-CH2.Parameters.CHLR-ON,MV:3054631,CHLR-ON,Output (Enum),1=Off; 2=On
ECCP-NAE6,NAE6/Field Bus1.FEC-CH2.Parameters.CHLR-STR,MV:3054643,CHLR-STR,Output (Enum),1=Disable; 2=Enable
ECCP-NAE6,NAE6/Field Bus1.FEC-CH2.Parameters.CSYSENB,MV:3054644,CSYSENB,Output (Enum),1=Off; 2=On
ECCP-NAE6,NAE6/Field Bus1.FEC-CH3.Parameters.Alarm Reset,MV:3054674,Alarm Reset,Input (Enum),1=Off; 2=Reset
ECCP-NAE6,NAE6/Field Bus1.FEC-CH3.Parameters.CH3-ALARM,MV:3054673,ECP.CH3-ALARM,Output (Enum),1=Normal; 2=Alarm
ECCP-NAE6,NAE6/Field Bus1.FEC-CH3.Parameters.CHLR-ON,MV:3054665,CHLR-ON,Output (Enum),1=Off; 2=On
ECCP-NAE6,NAE6/Field Bus1.FEC-CH3.Parameters.CHLR-STR,MV:3054676,CHLR-STR,Output (Enum),1=Disable; 2=Enable
ECCP-NAE6,NAE6/Field Bus1.FEC-CH3.Parameters.CSYSENB,MV:3054677,CSYSENB,Output (Enum),1=Off; 2=On
ECCP-NAE6,NAE6/Field Bus1.FEC-CH4.Parameters.Alarm Reset,MV:3054709,Alarm Reset,Input (Enum),1=Off; 2=Reset
ECCP-NAE6,NAE6/Field Bus1.FEC-CH4.Parameters.CH4-ALARM,MV:3054708,ECP.CH4-ALARM,Output (Enum),1=Normal; 2=Alarm
ECCP-NAE6,NAE6/Field Bus1.FEC-CH4.Parameters.CHLR-ON,MV:3054699,CHLR-ON,Output (Enum),1=Off; 2=On
ECCP-NAE6,NAE6/Field Bus1.FEC-CH4.Parameters.CHLR-STR,MV:3054711,CHLR-STR,Output (Enum),1=Disable; 2=Enable
ECCP-NAE6,NAE6/Field Bus1.FEC-CH4.Parameters.CSYSENB,MV:3054712,CSYSENB,Output (Enum),1=Off; 2=On
ECCP-NAE6,NAE6/Field Bus1.FEC-LP.Parameters.ANYLP-ON,MV:3054763,ANYLP-ON,Output (Enum),1=Off; 2=Max; 3=Control; 4=Hold
ECCP-NAE6,NAE6/Field Bus1.FEC-LP.Parameters.LP1-SS-HWO,MV:3055253,LP1-SS-HWO,CS Input (Enum),1=Stop; 2=Start
ECCP-NAE6,NAE6/Field Bus1.FEC-LP.Parameters.LP1-STR,MV:3054772,LP1-STR,Output (Enum),1=Stop; 2=Start
ECCP-NAE6,NAE6/Field Bus1.FEC-LP.Parameters.LP2-SS-HWO,MV:3055254,LP2-SS-HWO,CS Input (Enum),1=Stop; 2=Start
ECCP-NAE6,NAE6/Field Bus1.FEC-LP.Parameters.LP2-STR,MV:3054775,LP2-STR,Output (Enum),1=Stop; 2=Start
ECCP-NAE6,NAE6/Field Bus1.FEC-LP.Parameters.LP3-SS-HWO,MV:3055255,LP3-SS-HWO,CS Input (Enum),1=Stop; 2=Start
ECCP-NAE6,NAE6/Field Bus1.FEC-LP.Parameters.LP3-STR,MV:3054773,LP3-STR,Output (Enum),1=Stop; 2=Start
ECCP-NAE6,NAE6/Field Bus1.FEC-LP.Parameters.LP4-SS-HWO,MV:3055256,LP4-SS-HWO,CS Input (Enum),1=Stop; 2=Start
ECCP-NAE6,NAE6/Field Bus1.FEC-LP.Parameters.LP4-STR,MV:3054774,LP4-STR,Output (Enum),1=Stop; 2=Start
ECCP-NAE6,NAE6/Field Bus1.FEC-LP.Parameters.LP5-SS-HWO,MV:3055257,LP5-SS-HWO,CS Input (Enum),1=Stop; 2=Start
ECCP-NAE6,NAE6/Field Bus1.FEC-LP.Parameters.LP5-STR,MV:3055262,LP5-STR,Output (Enum),1=Stop; 2=Start
ECCP-NAE6,NAE6/Field Bus1.FEC-LP.Parameters.LP6-SS-HWO,MV:3055258,LP6-SS-HWO,CS Input (Enum),1=Stop; 2=Start
ECCP-NAE6,NAE6/Field Bus1.FEC-LP.Parameters.LP6-STR,MV:3055261,LP6-STR,Output (Enum),1=Stop; 2=Start
ECCP-NAE6,NAE6/Field Bus1.FEC-LP.Parameters.LP7-SS-HWO,MV:3055259,LP7-SS-HWO,CS Input (Enum),1=Stop; 2=Start
ECCP-NAE6,NAE6/Field Bus1.FEC-LP.Parameters.LP7-STR,MV:3055263,LP7-STR,Output (Enum),1=Stop; 2=Start
ECCP-NAE6,NAE6/Field Bus1.FEC-LP.Parameters.LP8-SS-HWO,MV:3055260,LP8-SS-HWO,CS Input (Enum),1=Stop; 2=Start
ECCP-NAE6,NAE6/Field Bus1.FEC-LP.Parameters.LP8-STR,MV:3055264,LP8-STR,Output (Enum),1=Stop; 2=Start
ECCP-NAE6,NAE6/Field Bus1.FEC-LP.Parameters.SideLoop SL-OUTSTATE,MV:3054777,LPSC SL-OUTSTATE,State,1=Off; 2=Max; 3=Control; 4=Hold
ECCP-NAE6,NAE6/Field Bus1.FEC-TF.Parameters.TF1-STR,MV:3071854,TF1-STR,Output (Enum),1=Stop; 2=Start
ECCP-NAE6,NAE6/Field Bus1.FEC-TF.Parameters.TF2-BD-REVSS,MV:3055123,TF2-REV-HWO,CS Input (Enum),1=Off; 2=On
ECCP-NAE6,NAE6/Field Bus1.FEC-TF.Parameters.TF2-REV-ENB,MV:3055120,TF2-REV-ENB,CS Input (Enum),1=Off; 2=On
ECCP-NAE6,NAE6/Field Bus1.FEC-TF.Parameters.TF2-REV-OUT,MV:3055122,TF2-REV-OUT,Output (Enum),1=Off; 2=On
ECCP-NAE6,NAE6/Field Bus1.FEC-TF.Parameters.TF2-REV-SEQ,MV:3055121,TF2-REV-SEQ,Output (Enum),1=Off; 2=On
ECCP-NAE6,NAE6/Field Bus1.FEC-TF.Parameters.TF2-STR,MV:3054568,TF2-STR,Output (Enum),1=Stop; 2=Start
ECCP-NAE6,NAE6/Field Bus1.FEC-TF.Parameters.TF3-STR,MV:3054566,TF3-STR,Output (Enum),1=Stop; 2=Start
ECCP-NAE6,NAE6/Field Bus1.FEC-TF.Parameters.TF4-STR,MV:3054567,TF4-STR,Output (Enum),1=Stop; 2=Start
ECCP-NAE6,NAE6/Field Bus1.FEC-TF.Parameters.TF5-STR,MV:3055320,TF5-STR,Output (Enum),1=Stop; 2=Start
ECCP-NAE6,NAE6/Field Bus1.FEC-TF.Parameters.TF6-STR,MV:3055319,TF6-STR,Output (Enum),1=Stop; 2=Start
ECCP-NAE6,NAE6/Field Bus1.FEC-TF.Parameters.TF7-STR,MV:3055318,TF7-STR,Output (Enum),1=Stop; 2=Start
ECCP-NAE6,NAE6/Field Bus1.FEC-TF.Parameters.TF8-STR,MV:3055317,TF8-STR,Output (Enum),1=Stop; 2=Start
ECCP-NAE6,NAE6/Field Bus1.FEC-TF.Parameters.TP1-S,MV:3073311,TP1-S,CS Input (Enum),1=Off; 2=On
ECCP-NAE6,NAE6/Field Bus1.FEC-TF.Parameters.TP2-S,MV:3073314,TP2-S,CS Input (Enum),1=Off; 2=On
ECCP-NAE6,NAE6/Field Bus1.FEC-TF.Parameters.TP3-S,MV:3073315,TP3-S,CS Input (Enum),1=Off; 2=On
ECCP-NAE6,NAE6/Field Bus1.FEC-TF.Parameters.TP4-S,MV:3073312,TP4-S,CS Input (Enum),1=Off; 2=On
ECCP-NAE6,NAE6/Field Bus1.FEC-TF.Parameters.TW1 TF-SC SL-OUTSTATE,MV:3055322,TW1 TF-SC SL-OUTSTATE,State,1=Off; 2=Max; 3=Control; 4=Hold
ECCP-NAE6,NAE6/Field Bus1.FEC-TF.Parameters.TW2 TF-SC SL-OUTSTATE,MV:3055328,TW2 TF-SC SL-OUTSTATE,State,1=Off; 2=Max; 3=Control; 4=Hold
ECCP-NAE6,NAE6/Field Bus1.FEC-TF.Parameters.TWBYP Valve SL-OUTSTATE,MV:3055333,TWBYP Valve SL-OUTSTATE,State,1=Off; 2=Max; 3=Control; 4=Hold
ECCP-NAE6,NAE6/Field Bus1.FEC-TP.Parameters.TP1-SS-HWO,MV:3055153,TP1-SS-HWO,CS Input (Enum),1=Stop; 2=Start
ECCP-NAE6,NAE6/Field Bus1.FEC-TP.Parameters.TP1-STR,MV:3054606,TP1-STR,Output (Enum),1=Stop; 2=Start
ECCP-NAE6,NAE6/Field Bus1.FEC-TP.Parameters.TP2-SS-HWO,MV:3055150,TP2-SS-HWO,CS Input (Enum),1=Stop; 2=Start
ECCP-NAE6,NAE6/Field Bus1.FEC-TP.Parameters.TP2-STR,MV:3054609,TP2-STR,Output (Enum),1=Stop; 2=Start
ECCP-NAE6,NAE6/Field Bus1.FEC-TP.Parameters.TP3-SS-HWO,MV:3055152,TP3-SS-HWO,CS Input (Enum),1=Stop; 2=Start
ECCP-NAE6,NAE6/Field Bus1.FEC-TP.Parameters.TP3-STR,MV:3054607,TP3-STR,Output (Enum),1=Stop; 2=Start
ECCP-NAE6,NAE6/Field Bus1.FEC-TP.Parameters.TP4-SS-HWO,MV:3055151,TP4-SS-HWO,CS Input (Enum),1=Stop; 2=Start
ECCP-NAE6,NAE6/Field Bus1.FEC-TP.Parameters.TP4-STR,MV:3054608,TP4-STR,Output (Enum),1=Stop; 2=Start
ECCP-NAE6,NAE6/Field Bus1.FEC-TP.Parameters.TP5-SS-HWO,MV:3055154,TP5-SS-HWO,CS Input (Enum),1=Stop; 2=Start
ECCP-NAE6,NAE6/Field Bus1.FEC-TP.Parameters.TP5-STR,MV:3055192,TP5-STR,Output (Enum),1=Stop; 2=Start
ECCP-NAE6,NAE6/Field Bus1.FEC-TP.Parameters.TP6-SS-HWO,MV:3055155,TP6-SS-HWO,CS Input (Enum),1=Stop; 2=Start
ECCP-NAE6,NAE6/Field Bus1.FEC-TP.Parameters.TP6-STR,MV:3055193,TP6-STR,Output (Enum),1=Stop; 2=Start
ECCP-NAE6,NAE6/Field Bus1.FEC-TP.Parameters.TP7-SS-HWO,MV:3055156,TP7-SS-HWO,CS Input (Enum),1=Stop; 2=Start
ECCP-NAE6,NAE6/Field Bus1.FEC-TP.Parameters.TP7-STR,MV:3055195,TP7-STR,Output (Enum),1=Stop; 2=Start
ECCP-NAE6,NAE6/Field Bus1.FEC-TP.Parameters.TP8-SS-HWO,MV:3055157,TP8-SS-HWO,CS Input (Enum),1=Stop; 2=Start
ECCP-NAE6,NAE6/Field Bus1.FEC-TP.Parameters.TP8-STR,MV:3055194,TP8-STR,Output (Enum),1=Stop; 2=Start
ECCP-NAE6,NAE6/Field Bus1.FEC-TP.Parameters.TP9-SS-HWO,MV:3091490,TP9-SS-HWO,CS Input (Enum),1=Stop; 2=Start
ECCP-NAE6,NAE6/Field Bus1.FEC-TP.Parameters.TP9-STR,MV:3091513,TP9-STR,Output (Enum),1=Stop; 2=Start
ECCP-NAE6,NAE6/Field Bus1.FEC-TP.Parameters.TW1 FLOW PATH,MV:3091646,TW1 FLOW PATH,CS Input (Enum),1=No; 2=Yes
ECCP-NAE6,NAE6/Field Bus1.FEC-TP.Parameters.TW1 MU PI SL-OUTSTATE,MV:3091658,TW1 MU PI SL-OUTSTATE,State,1=Off; 2=Max; 3=Control; 4=Hold
ECCP-NAE6,NAE6/Field Bus1.FEC-TP.Parameters.TW1 MU-USER-ENB,MV:3091673,TW1 MU-USER-ENB,Input (Enum),1=Off; 2=On
ECCP-NAE6,NAE6/Field Bus1.FEC-TP.Parameters.TW1 TPSC SL-OUTSTATE,MV:3091650,TW1 TPSC SL-OUTSTATE,State,1=Off; 2=Max; 3=Control; 4=Hold
ECCP-NAE6,NAE6/Field Bus1.FEC-TP.Parameters.TW2 FLOW PATH,MV:3091634,TW2 FLOW PATH,CS Input (Enum),1=No; 2=Yes
ECCP-NAE6,NAE6/Field Bus1.FEC-TP.Parameters.TW2 MU PI SL-OUTSTATE,MV:3091662,TW2 MU PI SL-OUTSTATE,State,1=Off; 2=Max; 3=Control; 4=Hold
ECCP-NAE6,NAE6/Field Bus1.FEC-TP.Parameters.TW2 MU-USER-ENB,MV:3091672,TW2 MU-USER-ENB,Input (Enum),1=Off; 2=On
ECCP-NAE6,NAE6/Field Bus1.FEC-TP.Parameters.TW2 TPSC SL-OUTSTATE,MV:3091654,TW2 TPSC SL-OUTSTATE,State,1=Off; 2=Max; 3=Control; 4=Hold
ECCP-NAE6,NAE6/Field Bus1.FEC-TP.Parameters.TW-CELL1-ENB,MV:3055159,TW-CELL1-ENB,CS Output (Enum),1=Off; 2=On
ECCP-NAE6,NAE6/Field Bus1.FEC-TP.Parameters.TW-CELL2-ENB,MV:3055158,TW-CELL2-ENB,CS Output (Enum),1=Off; 2=On
ECCP-NAE6,NAE6/Field Bus1.FEC-TP.Parameters.TW-CELL3-ENB,MV:3055161,TW-CELL3-ENB,CS Output (Enum),1=Off; 2=On
ECCP-NAE6,NAE6/Field Bus1.FEC-TP.Parameters.TW-CELL4-ENB,MV:3055160,TW-CELL4-ENB,CS Output (Enum),1=Off; 2=On
ECCP-NAE6,NAE6/Field Bus1.FEC-TP.Parameters.TW-CELL5-ENB,MV:3055162,TW-CELL5-ENB,CS Output (Enum),1=Off; 2=On
ECCP-NAE6,NAE6/Field Bus1.FEC-TP.Parameters.TW-CELL6-ENB,MV:3055163,TW-CELL6-ENB,CS Output (Enum),1=Off; 2=On
ECCP-NAE6,NAE6/Field Bus1.FEC-TP.Parameters.TW-CELL7-ENB,MV:3055164,TW-CELL7-ENB,CS Output (Enum),1=Off; 2=On
ECCP-NAE6,NAE6/Field Bus1.FEC-TP.Parameters.TW-CELL8-ENB,MV:3055165,TW-CELL8-ENB,CS Output (Enum),1=Off; 2=On
ECCP-NAE6,NAE6/Field Bus1.FEC-TP.Parameters.TW-V1-HWO,MV:3091644,TW-V1-HWO,CS Input (Enum),1=Close; 2=Open
ECCP-NAE6,NAE6/Field Bus1.FEC-TP.Parameters.TW-V2-HWO,MV:3091642,TW-V2-HWO,CS Input (Enum),1=Close; 2=Open
ECCP-NAE6,NAE6/Field Bus1.FEC-TP.Parameters.TW-V3-HWO,MV:3091645,TW-V3-HWO,CS Input (Enum),1=Close; 2=Open
ECCP-NAE6,NAE6/Field Bus1.FEC-TP.Parameters.TW-V4-HWO,MV:3091643,TW-V4-HWO,CS Input (Enum),1=Close; 2=Open
ECCP-NAE6,NAE6/Field Bus1.FEC-TP.Parameters.TW-V5-HWO,MV:3091641,TW-V5-HWO,CS Input (Enum),1=Close; 2=Open
ECCP-NAE6,NAE6/Field Bus1.FEC-TP.Parameters.TW-V6-HWO,MV:3091640,TW-V6-HWO,CS Input (Enum),1=Close; 2=Open
ECCP-NAE6,NAE6/Field Bus1.FEC-TP.Parameters.TW-V7-HWO,MV:3091639,TW-V7-HWO,CS Input (Enum),1=Close; 2=Open
ECCP-NAE6,NAE6/Field Bus1.FEC-TP.Parameters.TW-V8-HWO,MV:3091638,TW-V8-HWO,CS Input (Enum),1=Close; 2=Open
ECCP-NAE6,NAE6/Field Bus1.FEC-TRT.Parameters.ANYLP-ON,MV:3054807,ANYLP-ON,CS Input (Enum),1=Off; 2=On
ECCP-NAE6,NAE6/Field Bus1.FEC-TRT.Parameters.CLO2-ALARM,MV:3078135,CLO2-ALARM,CS Input (Enum),1=Off; 2=On
ECCP-NAE6,NAE6/Field Bus1.FEC-TRT.Parameters.CLO2-GEN-OUTLET-Reset,MV:3078323,CLO2-GEN-OUTLET-Reset,CS Input (Enum),1=Off; 2=Reset
ECCP-NAE6,NAE6/Field Bus1.FEC-TRT.Parameters.CW-CLO2-RDY-TO-RUN,MV:3102465,CW-CLO2-RDY-TO-RUN,CS Input (Enum),1=No; 2=Yes
ECCP-NAE6,NAE6/Field Bus1.FEC-TRT.Parameters.THWP SYS AVAIL,MV:3054802,THWP SYS AVAIL,Input (Enum),1=No; 2=Yes
ECCP-NAE6,NAE6/Field Bus1.FEC-TRT.Parameters.TW1-ACID-ENB,MV:3063333,TW1-ACID-ENB,CS Input (Enum),1=Off; 2=On
ECCP-NAE6,NAE6/Field Bus1.FEC-TRT.Parameters.TW1-ACID-RESET,MV:3063332,TW1-ACID-RESET,CS Input (Enum),1=Off; 2=Reset
ECCP-NAE6,NAE6/Field Bus1.FEC-TRT.Parameters.TW1-BLWDWN SL-OUTSTATE,MV:3108709,TW1-BLWDWN SL-OUTSTATE,State,1=Off; 2=Max; 3=Control; 4=Hold
ECCP-NAE6,NAE6/Field Bus1.FEC-TRT.Parameters.TW1-OX-LOCK,MV:3100451,ECP.TW1-OX-LOCK,CS Output (Enum),1=Unlock; 2=Lock
ECCP-NAE6,NAE6/Field Bus1.FEC-TRT.Parameters.TW1-OX-RESET,MV:3100452,TW1-OX-RESET,CS Input (Enum),1=Off; 2=Reset
ECCP-NAE6,NAE6/Field Bus1.FEC-TRT.Parameters.TW HX Steam Valve SL-OUTSTATE,MV:3054809,TW HX Steam Valve SL-OUTSTATE,State,1=Off; 2=Max; 3=Control; 4=Hold
ECCP-NAE6,NAE6/Field Bus1.FEC-TRT.Parameters.TW-LOLVL1,MV:3055031,TW-LOLVL1,CS Input (Enum),1=Normal; 2=Alarm
ECCP-NAE6,NAE6/Field Bus1.TRW-AC1.MV-0,MV:3083535,Occupancy,,1=State 1; 2=State 2; 3=State 3; 4=State 4; 5=State 5; 6=State 6; 7=State 7; 8=State 8; 9=State 9; 10=State 10; 11=State 11; 12=State 12; 13=State 13; 14=State 14; 15=State 15; 16=State 16; 17=State 17; 18=State 18; 19=State 19; 20=State 20; 21=State 21; 22=State 22; 23=State 23; 24=State 24; 25=State 25; 26=State 26; 27=State 27; 28=State 28; 29=State 29; 30=State 30; 31=State 31; 32=State 32
ECCP-NAE6,NAE6/Field Bus1.TRW-LTG1.FAN-C,MV:3082178,FAN-C,Big Ass Fan Command,1=Off; 2=On
ECCP-NAE6,NAE6/Field Bus1.TRW-LTG1.FAN-S,MV:3082181,FAN-S,Big Ass Fan Status,1=Off; 2=On
ECCP-NAE6,NAE6/Field Bus1.TRW-LTG2.LC14-SCHED,MV:3082204,LC14-SCHED,Animal Area LC14 Schedule Input,1=Off; 2=On
ECCP-NAE6,NAE6/Field Bus1.VAV-1.AUTOCAL-STATE,MV:3053581,AUTOCAL-STATE,Autocalibration Status,1=Uncalibrated; 2=Waiting to Calibrate; 3=Waiting for Damper; 4=Autocalibrate; 5=Normal
ECCP-NAE6,NAE6/Field Bus1.VAV-1.EFF-OCC,MV:3053593,EFF-OCC,Use Attribute String,1=Occupied; 2=UnOccupied; 3=Bypass; 4=Standby
ECCP-NAE6,NAE6/Field Bus1.VAV-1.HTG-OUTSTATE,MV:3054269,HTG-OUTSTATE,State,1=Off; 2=Max; 3=Limited Max; 4=Hold; 5=Instant Shutdown; 6=Control; 7=Failsoft
ECCP-NAE6,NAE6/Field Bus1.VAV-1.OCC-MODE,MV:3053551,OCC-MODE,Occupancy Status Display,1=Occupied; 2=UnOccupied; 3=Bypass; 4=Standby
ECCP-NAE6,NAE6/Field Bus1.VAV-1.OCC-OVERRIDE,MV:3103376,OCC-OVERRIDE,Occupancy Schedule input to this point,1=Occupied; 2=UnOccupied; 3=Bypass; 4=Standby; 5=Not Set
ECCP-NAE6,NAE6/Field Bus1.VAV-1.SAD-OUTSTATE,MV:3053568,SAD-OUTSTATE,State,1=Bypass; 2=Hold; 3=Control Flow Unreliable; 4=Control Flow Reliable
ECCP-NAE6,NAE6/Field Bus1.VAV-1.SAFLOW-OUTSTATE,MV:3053595,SAFLOW-OUTSTATE,State,1=Min; 2=Max; 3=Hold; 4=Control; 5=Heating; 6=Warmup; 7=Failsoft
ECCP-NAE6,NAE6/Field Bus1.VAV-1.SYSTEM-MODE,MV:3053571,SYSTEM-MODE,System Mode,1=Cool Only; 2=Heat Only; 3=Fan Only; 4=Water Flush; 5=Purge; 6=Auto
ECCP-NAE6,NAE6/Field Bus1.VAV-1.UNITEN-MODE,MV:3053572,UNITEN-MODE,Unit Enable Mode,1=Shutdown; 2=Enable
ECCP-NAE6,NAE6/Field Bus1.VAV-1.UNITEN-STATE,MV:3053589,UNITEN-STATE,State,1=Shutdown; 2=Enable
ECCP-NAE6,NAE6/Field Bus1.VAV-1.UNOCC-STATE,MV:3053591,UNOCC-STATE,Unocc Status,1=Satisfied; 2=Prmy Clg; 3=Supp Htg; 4=Box Htg; 5=Box Htg + Supp Htg; 6=Temperature Unreliable; 7=Unocc Ctrl Not Req'd
ECCP-NAE6,NAE6/Field Bus1.VAV-1.ZNT-STATE,MV:3053592,ZNT-STATE,State,1=Satisfied; 2=Supp Htg; 3=Supp Htg + Box Htg; 4=Box Htg; 5=Box Htg + Supp Htg; 6=Prmy Clg; 7=Temperature Unreliable
ECCP-NAE6,NAE6/Field Bus2.FEC-AHU2.Parameters.CLGVLV SL-OUTSTATE,MV:3037079,CLGVLV SL-OUTSTATE,State,1=Off; 2=Max; 3=Control; 4=Hold
ECCP-NAE6,NAE6/Field Bus2.FEC-AHU2.Parameters.MAD-Mode,MV:3037073,MAD-Mode,Output (Enum),1=Off; 2=Max; 3=Control; 4=Hold
ECCP-NAE6,NAE6/Field Bus2.FEC-AHU2.Parameters.SF2 Sys Enb,MV:3037067,SF2 Sys Enb,CS Input (Enum),1=Off; 2=On
ECCP-NAE6,NAE6/Field Bus2.FEC-AHU2.Parameters.SFSC SL-OUTSTATE,MV:3037076,SFSC SL-OUTSTATE,State,1=Off; 2=Max; 3=Control; 4=Hold
ECCP-NAE6,NAE6/Field Bus2.FEC-AHU2.Parameters.UNIT-HTR-OCC,MV:3037066,UNIT-HTR-OCC,CS Input (Enum),1=Off; 2=On
ECCP-NAE6,NAE6/Field Bus2.FEC-CH5.Parameters.Alarm Reset,MV:3027059,Alarm Reset,toggle to reset smart alarm,1=Off; 2=Reset
ECCP-NAE6,NAE6/Field Bus2.FEC-CH5.Parameters.CH5-ALARM,MV:3027058,ECP.CH5-ALARM,CH5 Alarm,1=Normal; 2=Alarm
ECCP-NAE6,NAE6/Field Bus2.FEC-CH5.Parameters.CHLR-ON,MV:3027047,CHLR-ON,CH5 On,1=Off; 2=On
ECCP-NAE6,NAE6/Field Bus2.FEC-CH5.Parameters.CHLR-STR,MV:3027061,CHLR-STR,CH5 FEC Logic Start Command,1=Disable; 2=Enable
ECCP-NAE6,NAE6/Field Bus2.FEC-CH5.Parameters.CSYSENB,MV:3027062,CSYSENB,CH5 System Enable,1=Off; 2=On
ECCP-NAE6,NAE6/Field Bus2.FEC-CH6.Parameters.Alarm Reset,MV:3027085,Alarm Reset,toggle to reset smart alarm,1=Off; 2=Reset
ECCP-NAE6,NAE6/Field Bus2.FEC-CH6.Parameters.CH6-ALARM,MV:3027084,ECP.CH6-ALARM,CH6 Alarm,1=Normal; 2=Alarm
ECCP-NAE6,NAE6/Field Bus2.FEC-CH6.Parameters.CHLR-ON,MV:3027073,CHLR-ON,CH6 On,1=Off; 2=On
ECCP-NAE6,NAE6/Field Bus2.FEC-CH6.Parameters.CHLR-STR,MV:3027087,CHLR-STR,CH6 Fec Logic Start Command,1=Disable; 2=Enable
ECCP-NAE6,NAE6/Field Bus2.FEC-CH6.Parameters.CSYSENB,MV:3027088,CSYSENB,CH6 System Enable,1=Off; 2=On
ECCP-NAE6,NAE6/Field Bus2.FEC-CH7.Parameters.Alarm Reset,MV:3027129,Alarm Reset,toggle to reset smart alarm,1=Off; 2=Reset
ECCP-NAE6,NAE6/Field Bus2.FEC-CH7.Parameters.CH7-ALARM,MV:3027128,ECP.CH7-ALARM,CH7 Alarm,1=Normal; 2=Alarm
ECCP-NAE6,NAE6/Field Bus2.FEC-CH7.Parameters.CH7-OPR-ENB,MV:3027102,CH7-OPR-ENB,CS Input (Enum),1=Off; 2=On
ECCP-NAE6,NAE6/Field Bus2.FEC-CH7.Parameters.CH7-RDY-TO-RUN,MV:3027107,CH7-RDY-TO-RUN,CS Input (Enum),1=No; 2=Yes
ECCP-NAE6,NAE6/Field Bus2.FEC-CH7.Parameters.CH8-SCC-ENB,MV:3027103,CH8-SCC-ENB,CS Input (Enum),1=Off; 2=On
ECCP-NAE6,NAE6/Field Bus2.FEC-CH7.Parameters.CHLR-ON,MV:3027117,CHLR-ON,CH7 On,1=Off; 2=On
ECCP-NAE6,NAE6/Field Bus2.FEC-CH7.Parameters.CHLR-STR,MV:3027131,CHLR-STR,CH7 FEC Logic Start Command,1=Disable; 2=Enable
ECCP-NAE6,NAE6/Field Bus2.FEC-CH7.Parameters.CHx Alarm In,MV:3027127,CHx Alarm In,CS Input (Enum),1=Off; 2=On
ECCP-NAE6,NAE6/Field Bus2.FEC-CH7.Parameters.CHx NDX-SS,MV:3027113,CHx NDX-SS,CS Input (Enum),1=Off; 2=On
ECCP-NAE6,NAE6/Field Bus2.FEC-CH7.Parameters.CSYSENB,MV:3027132,CSYSENB,CH7 System Enable,1=Off; 2=On
ECCP-NAE6,NAE6/Field Bus2.FEC-CH8.Parameters.Alarm Reset,MV:3027170,Alarm Reset,toggle to reset smart alarm,1=Off; 2=Reset
ECCP-NAE6,NAE6/Field Bus2.FEC-CH8.Parameters.CH8-ALARM,MV:3027169,ECP.CH8-ALARM,CH8 Alarm,1=Normal; 2=Alarm
ECCP-NAE6,NAE6/Field Bus2.FEC-CH8.Parameters.CH8-OPR-ENB,MV:3027144,CH8-OPR-ENB,CS Input (Enum),1=Off; 2=On
ECCP-NAE6,NAE6/Field Bus2.FEC-CH8.Parameters.CH8-RDY-TO-RUN,MV:3027149,CH8-RDY-TO-RUN,CS Input (Enum),1=No; 2=Yes
ECCP-NAE6,NAE6/Field Bus2.FEC-CH8.Parameters.CH8-SCC-ENB,MV:3040745,CH8-SCC-ENB,CS Output (Enum),1=Off; 2=On
ECCP-NAE6,NAE6/Field Bus2.FEC-CH8.Parameters.CHLR-ON,MV:3027158,CHLR-ON,CH8 On,1=Off; 2=On
ECCP-NAE6,NAE6/Field Bus2.FEC-CH8.Parameters.CHLR-STR,MV:3027172,CHLR-STR,CH8 FEC Logic Start Command,1=Disable; 2=Enable
ECCP-NAE6,NAE6/Field Bus2.FEC-CH8.Parameters.CHx Alarm In,MV:3027168,CHx Alarm In,CS Input (Enum),1=Off; 2=On
ECCP-NAE6,NAE6/Field Bus2.FEC-CH8.Parameters.CHx NDX-SS,MV:3027154,CHx NDX-SS,CS Input (Enum),1=Off; 2=On
ECCP-NAE6,NAE6/Field Bus2.FEC-CH8.Parameters.CSYSENB,MV:3027173,CSYSENB,CH8 System Enable,1=Off; 2=On
ECCP-NAE6,NAE6/Field Bus2.FEC-SCC.Parameters.CH7-SCC-ENB,MV:3045914,CH7-SCC-ENB,CS Input (Enum),1=Off; 2=On
ECCP-NAE6,NAE6/Field Bus2.FEC-SCC.Parameters.CH8-SCC-ENB,MV:3045912,CH8-SCC-ENB,CS Input (Enum),1=Off; 2=On
ECCP-NAE6,NAE6/Field Bus2.FEC-SCC.Parameters.SCC1-P1SS-HWO,MV:3045908,SCC1-P1SS-HWO,CS Input (Enum),1=Stop; 2=Start
ECCP-NAE6,NAE6/Field Bus2.FEC-SCC.Parameters.SCC1-P2SS-HWO,MV:3045907,SCC1-P2SS-HWO,CS Input (Enum),1=Stop; 2=Start
ECCP-NAE6,NAE6/Field Bus2.FEC-SCC.Parameters.SCC2-P1SS-HWO,MV:3045905,SCC2-P1SS-HWO,CS Input (Enum),1=Stop; 2=Start
ECCP-NAE6,NAE6/Field Bus2.FEC-SCC.Parameters.SCC2-P2SS-HWO,MV:3045906,SCC2-P2SS-HWO,CS Input (Enum),1=Stop; 2=Start
ECCP-NAE6,NAE6/Field Bus2.FEC-SCC.Parameters.SCC-1 AVAILABLE,MV:3045911,SCC-1 AVAILABLE,CS Input (Enum),1=No; 2=Yes
ECCP-NAE6,NAE6/Field Bus2.FEC-SCC.Parameters.SCC-1 CW-VLV SL-OUTSTATE,MV:3045916,SCC-1 CW-VLV SL-OUTSTATE,State,1=Off; 2=Max; 3=Control; 4=Hold
ECCP-NAE6,NAE6/Field Bus2.FEC-SCC.Parameters.SCC-2 AVAILABLE,MV:3045913,SCC-2 AVAILABLE,CS Input (Enum),1=No; 2=Yes
ECCP-NAE6,NAE6/Field Bus2.FEC-SCC.Parameters.SCC-2 CW-VLV SL-OUTSTATE,MV:3045923,SCC-2 CW-VLV SL-OUTSTATE,State,1=Off; 2=Max; 3=Control; 4=Hold
ECCP-NAE6,NAE6/Field Bus2.FEC-SCC.Parameters.SCC-PUMP-SELECT,MV:3045910,SCC-PUMP-SELECT,CS Input (Enum),1=Lag; 2=Lead
ECCP-NAE6,NAE6/Field Bus2.FEC-TRT2.Parameters.Tower Blow Down SL-OUTSTATE,MV:3109491,Tower Blow Down SL-OUTSTATE,State,1=Off; 2=Max; 3=Control; 4=Hold
ECCP-NAE6,NAE6/Field Bus2.FEC-TRT2.Parameters.TW2-ACID-ENB,MV:3049725,TW2-ACID-ENB,CS Input (Enum),1=Off; 2=On
ECCP-NAE6,NAE6/Field Bus2.FEC-TRT2.Parameters.TW2-ACID-RESET,MV:3051034,TW2-ACID-RESET,CS Input (Enum),1=Off; 2=Reset
ECCP-NAE6,NAE6/Field Bus2.FEC-TRT2.Parameters.TW2-OX-LOCK,MV:3100654,ECP.TW2-OX-LOCK,CS Output (Enum),1=Unlock; 2=Lock
ECCP-NAE6,NAE6/Field Bus2.FEC-TRT2.Parameters.TW2-OX-RESET,MV:3100652,TW2-OX-RESET,CS Input (Enum),1=Off; 2=On
ECCP-NAE6,NAE6/Field Bus2.FEC-TRT2.Parameters.TW-LOLVL2,MV:3029986,TW-LOLVL2,CS Input (Enum),1=Normal; 2=Alarm
ECCP-NAE6,NAE6/Field Bus2.FEC-TRT2.Parameters.TWBP2 User Enable,MV:3029985,TWBP2 User Enable,CS Input (Enum),1=Off; 2=On
GTP-NAE189,NAE189/Field Bus1.GTP-AH1A.EFF-OCC,MV:3010999,EFF-OCC,Occupancy Status,1=Occupied; 2=Temp Occupancy; 3=Unoccupied; 4=Standby; 5=Occupied-Override; 6=Unoccupied-Override
GTP-NAE189,NAE189/Field Bus1.GTP-AH1A.FAN-MODE,MV:3011002,FAN-MODE,Fan Mode,1=On; 2=Auto; 3=Smart
GTP-NAE189,NAE189/Field Bus1.GTP-AH1A.SYSTEM-MODE,MV:3010979,SYSTEM-MODE,Control Mode,1=Auto; 2=Cooling; 3=Heating
GTP-NAE189,NAE189/Field Bus1.GTP-AH1A.UNIT-S,MV:3010992,UNIT-S,Unit Status,1=System Fault; 2=Airflow Fault; 3=Open Window; 4=Control Off; 5=Unreliable Temperature; 6=Dehumidifying; 7=Idle; 8=Cooling; 9=Heating; 10=Cooling Unavailable; 11=Heating Unavailable; 12=Cooling Unavailable due to Changeover; 13=Cooling Unavailable due to OA Temp; 14=Cooling Unavailable due to Control Mode; 15=Heating Unavailable due to Changeover; 16=Heating Unavailable due to OA Temp; 17=Heating Unavailable due to Control Mode; 18=Load Shed Active; 19=Dehumidifying-Reheat; 20=Dehumidifying-Fan Only; 21=Dehum Unavail By Dew Point
GTP-NAE189,NAE189/Field Bus1.GTP-AH1A.UNITEN-MODE,MV:3010980,UNITEN-MODE,Unit Enable,1=Shutdown; 2=Enable
GTP-NAE189,NAE189/Field Bus1.GTP-AH1B.EFF-OCC,MV:3010977,EFF-OCC,Occupancy Status,1=Occupied; 2=Temp Occupancy; 3=Unoccupied; 4=Standby; 5=Occupied-Override; 6=Unoccupied-Override
GTP-NAE189,NAE189/Field Bus1.GTP-AH1B.OCCOVRD-MODE,MV:3010969,OCCOVRD-MODE,Manual Occupancy Mode,1=No Override; 2=Occupied; 3=Unoccupied
GTP-NAE189,NAE189/Field Bus1.GTP-AH1B.SYSTEM-MODE,MV:3010959,SYSTEM-MODE,Control Mode,1=Auto; 2=Cooling; 3=Heating
GTP-NAE189,NAE189/Field Bus1.GTP-AH1B.TUNING-RESET,MV:3010968,TUNING-RESET,Reset PID Tuning,1=No; 2=Yes
GTP-NAE189,NAE189/Field Bus1.GTP-AH1B.UNIT-S,MV:3010970,UNIT-S,Unit Status,1=System Fault; 2=Airflow Fault; 3=Open Window; 4=Control Off; 5=Unreliable Temperature; 6=Dehumidifying; 7=Idle; 8=Cooling; 9=Heating; 10=Cooling Unavailable; 11=Heating Unavailable; 12=Cooling Unavailable due to Changeover; 13=Cooling Unavailable due to OA Temp; 14=Cooling Unavailable due to Control Mode; 15=Heating Unavailable due to Changeover; 16=Heating Unavailable due to OA Temp; 17=Heating Unavailable due to Control Mode; 18=Load Shed Active; 19=Dehumidifying-Reheat; 20=Dehumidifying-Fan Only; 21=Dehum Unavail By Dew Point
GTP-NAE189,NAE189/Field Bus1.GTP-AH1B.UNITEN-MODE,MV:3010960,UNITEN-MODE,Unit Enable,1=Shutdown; 2=Enable
GTP-NAE189,NAE189/Field Bus1.GTP-AH2.Parameters.AHU-STATE,MV:3002414,AHU-STATE,Air Handling Unit State,1=Satisfied; 2=HX Cool+Mech; 3=HX Heat; 4=HX Heat+Preheat; 5=HX Heat+Preheat+Reheat; 6=Heating Idle; 7=Temperature Unreliable
GTP-NAE189,NAE189/Field Bus1.GTP-AH2.Parameters.CLG-OUTSTATE,MV:3002408,CLG-OUTSTATE,Cooling Output State,1=Off; 2=Max; 3=Limited Max; 4=Hold; 5=Water Flush; 6=T Control; 7=H Control; 8=Failsoft; 9=Low OA Temperature
GTP-NAE189,NAE189/Field Bus1.GTP-AH2.Parameters.DATSP-STATE,MV:3002405,DATSP-STATE,Discharge Air Temp Setpoint State,1=Off; 2=Hold; 3=Heating DA-T Reset; 4=Cooling DA-T Reset
GTP-NAE189,NAE189/Field Bus1.GTP-AH2.Parameters.ZNT-STATE,MV:3002413,ZNT-STATE,Zone Temp State,1=Heating; 2=Satisfied; 3=Cooling; 4=Temperature Unreliable
GTP-NAE189,NAE189/Field Bus1.GTP-AH3.Parameters.CLG-VLV SL-OUTSTATE,MV:3003017,CLG-VLV SL-OUTSTATE,State,1=Off; 2=Max; 3=Control; 4=Hold
GTP-NAE189,NAE189/Field Bus1.GTP-AH3.Parameters.OCCUPANCY,MV:3003011,OCCUPANCY,CS Input (Enum),1=Occ; 2=Unocc; 3=Bypass
GTP-NAE189,NAE189/Field Bus1.GTP-AH4.Parameters.AHU-STATE,MV:3002451,AHU-STATE,Air Handling Unit State,1=Satisfied; 2=Econ; 3=Econ+Mech; 4=HX Cool+Mech; 5=HX Heat; 6=HX Heat+Preheat; 7=HX Heat+Preheat+Reheat; 8=Cooling Idle; 9=Heating Idle; 10=Temperature Unreliable
GTP-NAE189,NAE189/Field Bus1.GTP-AH4.Parameters.CLG-OUTSTATE,MV:3002443,CLG-OUTSTATE,Cooling Output State,1=Off; 2=Max; 3=Limited Max; 4=Hold; 5=Water Flush; 6=T Control; 7=H Control; 8=Failsoft; 9=Low OA Temperature
GTP-NAE189,NAE189/Field Bus1.GTP-AH4.Parameters.DATSP-STATE,MV:3002433,DATSP-STATE,Discharge Air Temp Setpoint State,1=Off; 2=Hold; 3=Heating DA-T Reset; 4=Cooling DA-T Reset
GTP-NAE189,NAE189/Field Bus1.GTP-AH4.Parameters.MAD-OUTSTATE,MV:3002442,MAD-OUTSTATE,Mixed Air Damper Output State,1=FSCS Control; 2=Pressurize; 3=Depressurize; 4=Close; 5=Purge; 6=Min OA; 7=Hold; 8=Ramp Min OA; 9=Ramp Open; 10=T Control
GTP-NAE189,NAE189/Field Bus1.GTP-AH4.Parameters.PH-OUTSTATE,MV:3002444,PH-OUTSTATE,Preheat Output State,1=Off; 2=Max; 3=Limited Max; 4=Hold; 5=Water Flush; 6=T Control; 7=LL-T Control; 8=Failsoft; 9=Low OA Temperature; 10=Remain In Control
GTP-NAE189,NAE189/Field Bus1.GTP-AH4.Parameters.UNITEN-MODE,MV:3002445,UNITEN-MODE,Unit Enable Mode,1=Shutdown; 2=Enable
GTP-NAE189,NAE189/Field Bus1.GTP-AH4.Parameters.ZNT-STATE,MV:3002450,ZNT-STATE,Zone Temp State,1=Heating; 2=Satisfied; 3=Cooling; 4=Temperature Unreliable
GTP-NAE189,NAE189/Field Bus1.GTP-AH5.Parameters.AH9 SFSC SL-OUTSTATE,MV:3003315,AH9.SFSC SL-OUTSTATE,State,1=Off; 2=Max; 3=Control; 4=Hold
GTP-NAE189,NAE189/Field Bus1.GTP-AH5.Parameters.REF-ALARM-MODE,MV:3003297,REF-ALARM-MODE,Output (Enum),1=Normal; 2=Alarm
GTP-NAE189,NAE189/Field Bus1.GTP-BP.Parameters.BP-LDLG,MV:3002530,BP-LDLG,Input (Enum),1=Lag; 2=Lead
GTP-NAE189,NAE189/Field Bus1.GTP-BP.Parameters.BPSC PID SL-OUTSTATE,MV:3002540,BPSC PID SL-OUTSTATE,State,1=Off; 2=Max; 3=Control; 4=Hold
GTP-NAE189,NAE189/Field Bus1.GTP-CH1.Parameters.Alarm Reset,MV:3002788,Alarm Reset,CS Input (Enum),1=Off; 2=Reset
GTP-NAE189,NAE189/Field Bus1.GTP-CH1.Parameters.CH1-SMRT-ALARM,MV:3002790,GTP.CH1-SMRT-ALARM,CS Output (Enum),1=Normal; 2=Alarm
GTP-NAE189,NAE189/Field Bus1.GTP-CH1.Parameters.CHLR-ENB,MV:3002793,CHLR-ENB,Output (Enum),1=Disable; 2=Enable
GTP-NAE189,NAE189/Field Bus1.GTP-CH1.Parameters.CHLR-ON,MV:3002781,CHLR-ON,CS Output (Enum),1=Off; 2=On
GTP-NAE189,NAE189/Field Bus1.GTP-CH1.Parameters.CHLR-STR,MV:3002795,CHLR-STR,Output (Enum),1=Off; 2=On
GTP-NAE189,NAE189/Field Bus1.GTP-CH1.Parameters.CSYSENB,MV:3002794,CSYSENB,Output (Enum),1=Disable; 2=Enable
GTP-NAE189,NAE189/Field Bus1.GTP-CH1.Parameters.TP2-SC SL-OUTSTATE,MV:3002799,TP2-SC SL-OUTSTATE,State,1=Off; 2=Max; 3=Control; 4=Hold
GTP-NAE189,NAE189/Field Bus1.GTP-CH3.Parameters.Alarm Reset,MV:3002826,Alarm Reset,Input (Enum),1=Off; 2=On
GTP-NAE189,NAE189/Field Bus1.GTP-CH3.Parameters.CH3-ALARM,MV:3002825,GTP.CH3-ALARM,Output (Enum),1=Normal; 2=Alarm
GTP-NAE189,NAE189/Field Bus1.GTP-CH3.Parameters.CH3-LP-START,MV:3002822,CH3-LP-START,CS Output (Enum),1=Off; 2=On
GTP-NAE189,NAE189/Field Bus1.GTP-CH3.Parameters.CH3-OPR-ENB,MV:3002813,CH3-OPR-ENB,CS Input (Enum),1=Off; 2=On
GTP-NAE189,NAE189/Field Bus1.GTP-CH3.Parameters.CH3-RDY-TO-RUN,MV:3002816,CH3-RDY-TO-RUN,CS Input (Enum),1=No; 2=Yes
GTP-NAE189,NAE189/Field Bus1.GTP-CH3.Parameters.CH3-TF-START,MV:3002804,CH3-TF-START,CS Output (Enum),1=Off; 2=On
GTP-NAE189,NAE189/Field Bus1.GTP-CH3.Parameters.CHLR-ON,MV:3002821,CHLR-ON,Output (Enum),1=Off; 2=On
GTP-NAE189,NAE189/Field Bus1.GTP-CH3.Parameters.CHLR-STR,MV:3002828,CHLR-STR,Output (Enum),1=Disable; 2=Enable
GTP-NAE189,NAE189/Field Bus1.GTP-CH3.Parameters.CSYSENB,MV:3002829,CSYSENB,Output (Enum),1=Off; 2=On
GTP-NAE189,NAE189/Field Bus1.GTP-CH3.Parameters.TP-STR,MV:3002823,TP-STR,Output (Enum),1=Stop; 2=Start
GTP-NAE189,NAE189/Field Bus1.GTP-CH3.Parameters.TW-CIRC,MV:3002810,TW-CIRC,CS Input (Enum),1=Off; 2=On
GTP-NAE189,NAE189/Field Bus1.GTP-CH4.Parameters.Alarm Reset,MV:3002909,Alarm Reset,Input (Enum),1=Off; 2=On
GTP-NAE189,NAE189/Field Bus1.GTP-CH4.Parameters.CH4-ALARM,MV:3002908,GTP.CH4-ALARM,Output (Enum),1=Normal; 2=Alarm
GTP-NAE189,NAE189/Field Bus1.GTP-CH4.Parameters.CH4-LP-START,MV:3002904,CH4-LP-START,CS Output (Enum),1=Off; 2=On
GTP-NAE189,NAE189/Field Bus1.GTP-CH4.Parameters.CH4-OPR-ENB,MV:3002894,CH4-OPR-ENB,CS Input (Enum),1=Off; 2=On
GTP-NAE189,NAE189/Field Bus1.GTP-CH4.Parameters.CH4-RDY-TO-RUN,MV:3002898,CH4-RDY-TO-RUN,CS Input (Enum),1=No; 2=Yes
GTP-NAE189,NAE189/Field Bus1.GTP-CH4.Parameters.CH4-TP-START,MV:3002905,CH4-TP-START,CS Output (Enum),1=Off; 2=On
GTP-NAE189,NAE189/Field Bus1.GTP-CH4.Parameters.CH5-TPSTR,MV:3002886,CH5-TPSTR,CS Input (Enum),1=Off; 2=On
GTP-NAE189,NAE189/Field Bus1.GTP-CH4.Parameters.CHLR-ON,MV:3002903,CHLR-ON,Output (Enum),1=Off; 2=On
GTP-NAE189,NAE189/Field Bus1.GTP-CH4.Parameters.CHLR-STR,MV:3002911,CHLR-STR,Output (Enum),1=Disable; 2=Enable
GTP-NAE189,NAE189/Field Bus1.GTP-CH4.Parameters.CSYSENB,MV:3002912,CSYSENB,Output (Enum),1=Off; 2=On
GTP-NAE189,NAE189/Field Bus1.GTP-CH4.Parameters.TW-CIRC,MV:3002891,TW-CIRC,CS Input (Enum),1=Off; 2=On
GTP-NAE189,NAE189/Field Bus1.GTP-CH5.Parameters.Alarm Reset,MV:3002961,Alarm Reset,Input (Enum),1=Off; 2=On
GTP-NAE189,NAE189/Field Bus1.GTP-CH5.Parameters.CH4-TPSTR,MV:3002938,CH4-TPSTR,CS Input (Enum),1=Off; 2=On
GTP-NAE189,NAE189/Field Bus1.GTP-CH5.Parameters.CH5-ALARM,MV:3002960,GTP.CH5-ALARM,Output (Enum),1=Normal; 2=Alarm
GTP-NAE189,NAE189/Field Bus1.GTP-CH5.Parameters.CH5-LP-START,MV:3002956,CH5-LP-START,CS Output (Enum),1=Off; 2=On
GTP-NAE189,NAE189/Field Bus1.GTP-CH5.Parameters.CH5-OPR-ENB,MV:3002946,CH5-OPR-ENB,CS Input (Enum),1=Off; 2=On
GTP-NAE189,NAE189/Field Bus1.GTP-CH5.Parameters.CH5-RDY-TO-RUN,MV:3002950,CH5-RDY-TO-RUN,CS Input (Enum),1=No; 2=Yes
GTP-NAE189,NAE189/Field Bus1.GTP-CH5.Parameters.CH5-TP-START,MV:3002957,CH5-TP-START,CS Output (Enum),1=Off; 2=On
GTP-NAE189,NAE189/Field Bus1.GTP-CH5.Parameters.CHLR-ON,MV:3002955,CHLR-ON,Output (Enum),1=Off; 2=On
GTP-NAE189,NAE189/Field Bus1.GTP-CH5.Parameters.CHLR-STR,MV:3002963,CHLR-STR,Output (Enum),1=Disable; 2=Enable
GTP-NAE189,NAE189/Field Bus1.GTP-CH5.Parameters.CSYSENB,MV:3002964,CSYSENB,Output (Enum),1=Off; 2=On
GTP-NAE189,NAE189/Field Bus1.GTP-CH5.Parameters.TW-CIRC,MV:3002943,TW-CIRC,CS Input (Enum),1=Off; 2=On
GTP-NAE189,NAE189/Field Bus1.GTP-LP.Parameters.CWMU-V1 SL-OUTSTATE,MV:3002706,CWMU-V1 SL-OUTSTATE,State,1=Off; 2=Max; 3=Control; 4=Hold
GTP-NAE189,NAE189/Field Bus1.GTP-LP.Parameters.LP1-SS-HWO,MV:3002690,LP1-SS-HWO,CS Input (Enum),1=Stop; 2=Start
GTP-NAE189,NAE189/Field Bus1.GTP-LP.Parameters.LP1-STR,MV:3002700,LP1-STR,Output (Enum),1=Stop; 2=Start
GTP-NAE189,NAE189/Field Bus1.GTP-LP.Parameters.LP2-SS-HWO,MV:3002691,LP2-SS-HWO,CS Input (Enum),1=Stop; 2=Start
GTP-NAE189,NAE189/Field Bus1.GTP-LP.Parameters.LP2-STR,MV:3002699,LP2-STR,Output (Enum),1=Stop; 2=Start
GTP-NAE189,NAE189/Field Bus1.GTP-LP.Parameters.LP3-SS-HWO,MV:3002687,LP3-SS-HWO,CS Input (Enum),1=Stop; 2=Start
GTP-NAE189,NAE189/Field Bus1.GTP-LP.Parameters.LP3-STR,MV:3002698,LP3-STR,Output (Enum),1=Stop; 2=Start
GTP-NAE189,NAE189/Field Bus1.GTP-LP.Parameters.LP4-SS-HWO,MV:3002669,LP4-SS-HWO,CS Input (Enum),1=Stop; 2=Start
GTP-NAE189,NAE189/Field Bus1.GTP-LP.Parameters.LP4-STR,MV:3002697,LP4-STR,Output (Enum),1=Stop; 2=Start
GTP-NAE189,NAE189/Field Bus1.GTP-LP.Parameters.LPSC SL-OUTSTATE,MV:3003865,LPSC SL-OUTSTATE,State,1=Off; 2=Max; 3=Control; 4=Hold
GTP-NAE189,NAE189/Field Bus1.GTP-TOWER23.Parameters.CH-AUTO,MV:3020140,CH-AUTO,CS Input (Enum),1=Off; 2=Auto
GTP-NAE189,NAE189/Field Bus1.GTP-TOWER23.Parameters.CH-HAND,MV:3020139,CH-HAND,CS Input (Enum),1=Off; 2=On
GTP-NAE189,NAE189/Field Bus1.GTP-TOWER23.Parameters.TF-SC SL-OUTSTATE,MV:3002604,TF-SC SL-OUTSTATE,State,1=Off; 2=Max; 3=Control; 4=Hold
GTP-NAE189,NAE189/Field Bus1.GTP-TOWER23.Parameters.TP2-S,MV:3002580,TP2-S,CS Input (Enum),1=Off; 2=On
GTP-NAE189,NAE189/Field Bus1.GTP-TOWER23.Parameters.TP3-S,MV:3002581,TP3-S,CS Input (Enum),1=Off; 2=On
GTP-NAE189,NAE189/Field Bus1.GTP-TOWER23.Parameters.TWBYP-V SL-OUTSTATE,MV:3002619,TWBYP-V SL-OUTSTATE,State,1=Off; 2=Max; 3=Control; 4=Hold
GTP-NAE189,NAE189/Field Bus1.GTP-TOWER23.Parameters.TWMU SL-OUTSTATE,MV:3002612,TWMU SL-OUTSTATE,State,1=Off; 2=Max; 3=Control; 4=Hold
GTP-NAE189,NAE189/Field Bus1.GTP-TOWER48.Parameters.CH4-TP-START,MV:3003224,CH4-TP-START,CS Input (Enum),1=Stop; 2=Start
GTP-NAE189,NAE189/Field Bus1.GTP-TOWER48.Parameters.CH5-TP-START,MV:3003223,CH5-TP-START,CS Input (Enum),1=Stop; 2=Start
GTP-NAE189,NAE189/Field Bus1.GTP-TOWER48.Parameters.CH-AUTO,MV:3020082,CH-AUTO,CS Input (Enum),1=Off; 2=Auto
GTP-NAE189,NAE189/Field Bus1.GTP-TOWER48.Parameters.CH-HAND,MV:3020081,CH-HAND,CS Input (Enum),1=Off; 2=On
GTP-NAE189,NAE189/Field Bus1.GTP-TOWER48.Parameters.TF-SC SL-OUTSTATE,MV:3003262,TF-SC SL-OUTSTATE,State,1=Off; 2=Max; 3=Control; 4=Hold
GTP-NAE189,NAE189/Field Bus1.GTP-TOWER48.Parameters.TP4-SS-HWO,MV:3003225,TP4-SS-HWO,CS Input (Enum),1=Stop; 2=Start
GTP-NAE189,NAE189/Field Bus1.GTP-TOWER48.Parameters.TP5-SS-HWO,MV:3003222,TP5-SS-HWO,CS Input (Enum),1=Stop; 2=Start
GTP-NAE189,NAE189/Field Bus1.GTP-TOWER48.Parameters.TP-SC SL-OUTSTATE,MV:3003260,TP-SC SL-OUTSTATE,State,1=Off; 2=Max; 3=Control; 4=Hold
GTP-NAE189,NAE189/Field Bus1.GTP-TOWER48.Parameters.TW48-CHMP-S,MV:3019247,TW48-CHMP-S,CS Input (Enum),1=Off; 2=On
GTP-NAE189,NAE189/Field Bus1.GTP-TOWER48.Parameters.TWBYP-V SL-OUTSTATE,MV:3003268,TWBYP-V SL-OUTSTATE,State,1=Off; 2=Max; 3=Control; 4=Hold
GTP-NAE189,NAE189/Field Bus1.GTP-TOWER48.Parameters.TWMU SL-OUTSTATE,MV:3003265,TWMU SL-OUTSTATE,State,1=Off; 2=Max; 3=Control; 4=Hold
GTP-NAE189,NAE189/Field Bus1.GTP-TRT23.Parameters.TW23-OX-LOCK,MV:3015735,TW23-OX-LOCK,CS Output (Enum),1=Unlock; 2=Lock
GTP-NAE189,NAE189/Field Bus1.GTP-TRT23.Parameters.TW23-OX-RESET,MV:3015736,TW23-OX-RESET,CS Input (Enum),1=Off; 2=Reset
GTP-NAE189,NAE189/Field Bus1.GTP-TRT48.Parameters.CW-CLO2-RDY-TO-RUN,MV:3019471,CW-CLO2-RDY-TO-RUN,CLO2 Generator User Enable,1=No; 2=Yes
GTP-NAE189,NAE189/Field Bus1.GTP-TRT48.Parameters.CW-CLO2GEN-Reset,MV:3019469,CW-CLO2GEN-Reset,CS Input (Enum),1=Off; 2=Reset
GTP-NAE189,NAE189/Field Bus1.GTP-TRT48.Parameters.TW48-OX-LOCK,MV:3013323,TW48-OX-LOCK,CS Output (Enum),1=Unlock; 2=Lock
GTP-NAE189,NAE189/Field Bus1.GTP-TRT48.Parameters.TW48-OX-RESET,MV:3013321,TW48-OX-RESET,CS Input (Enum),1=Off; 2=Reset
GTP-NAE189,NAE189/Field Bus2.BNET-CH1.MV-1,MV:3006832,UNIT OPERATION CODE,,1=UNIT STOPPED - READY TO START; 2=UNIT STOPPED - LOCAL SHUTDOWN; 3=UNIT STOPPED - REMOTE SHUTDOWN; 4=UNIT STOPPED - WARNING ACTIVE; 5=UNIT STOPPED - CYCLING SHUTDOWN; 6=UNIT STOPPED - SAFETY SHUTDOWN; 7=UNIT START INHIBIT; 8=UNIT STARTING; 9=UNIT RUNNING - NO ABNORMAL CONDITION; 10=UNIT RUNNING - WARNING ACTIVE; 11=UNIT RUNNING - CHILLER UNLOAD BEFORE SHUTDOWN; 12=UNIT COASTDOWN; 13=UNIT RUNNING - MODIFIED RUN; 14=UNIT STOPPED - INTERNAL SHUTDOWN; 15=UNIT STARTING - MVVSD STARTUP - DRIVE NOT READY; 16=CODE 15; 17=CODE 16; 18=CODE 17; 19=CODE 18; 20=CODE 19; 21=CODE 20; 22=CODE 21; 23=CODE 22; 24=CODE 23; 25=CODE 24; 26=CODE 25; 27=CODE 26; 28=CODE 27; 29=CODE 28; 30=CODE 29; 31=CODE 30; 32=CODE 31; 33=CODE 32; 34=CODE 33; 35=CODE 34; 36=CODE 35; 37=CODE 36; 38=CODE 37; 39=CODE 38; 40=CODE 39
GTP-NAE189,NAE189/Field Bus2.BNET-CH1.MV-2,MV:3006833,UNIT SAFETY FAULT CODE,,1=NO SAFETY FAULTS PRESENT; 2=EVAPORATOR - LOW PRESSURE; 3=EVAPORATOR - TRANSDUCER OR LEAVING LIQUID PROBE; 4=EVAPORATOR - TRANSDUCER OR TEMPERATURE SENSOR; 5=CONDENSER - HIGH PRESSURE CONTACTS OPEN; 6=CONDENSER - HIGH PRESSURE; 7=CONDENSER - PRESSURE TRANSDUCER OUT OF RANGE; 8=AUXILIARY SAFETY - CONTACTS CLOSED; 9=DISCHARGE - LOW TEMPERATURE; 10=DISCHARGE - HIGH TEMPERATURE; 11=OIL - HIGH TEMPERATURE; 12=OIL - LOW DIFFERENTIAL PRESSURE; 13=OIL - HIGH DIFFERENTIAL PRESSURE; 14=OIL - PUMP PRESSURE TRANSDUCER OUT OF RANGE; 15=OIL - SUMP PRESSURE TRANSDUCER OUT OF RANGE; 16=MOTOR - LACK OF MOTOR OIL CHANGE; 17=CODE 16; 18=CODE 17; 19=OIL - DIFFERENTIAL PRESSURE CALIBRATION; 20=CODE 19; 21=OIL - VARIABLE SPEED PUMP - SETPOINT NOT ACHIEVED; 22=CONTROL PANEL - POWER FAILURE; 23=CODE 22; 24=MOTOR OR STARTER - CURRENT IMBALANCE; 25=THRUST BEARING - PROXIMITY PROBE CLEARANCE; 26=THRUST BEARING - PROXIMITY PROBE UNCALIBRATED; 27=THRUST BEARING - PROXIMITY PROBE OUT OF RANGE; 28=CODE 27; 29=CODE 28; 30=VSD - HIGH HEATSINK TEMPERATURE; 31=VSD - 105% MOTOR CURRENT OVERLOAD; 32=VSD - HIGH PHASE A INVERTER HEATSINK TEMPERATURE; 33=VSD - HIGH PHASE B INVERTER HEATSINK TEMPERATURE; 34=VSD - HIGH PHASE C INVERTER HEATSINK TEMPERATURE; 35=VSD - HIGH CONVERTER HEATSINK TEMPERATURE; 36=VSD - PRECHARGE LOCKOUT; 37=HARMONIC FILTER - HIGH HEATSINK TEMPERATURE; 38=HARMONIC FILTER - HIGH TOTAL DEMAND DISTORTION; 39=LCSSS - PHASE ROTATION; 40=LCSSS - MOTOR OR STARTER - CURRENT IMBALANCE; 41=LCSSS - 105% MOTOR CURRENT OVERLOAD; 42=LCSSS - HIGH INSTANTANEOUS CURRENT; 43=LCSSS - OPEN SCR; 44=LCSSS - PHASE A SHORTED SCR; 45=LCSSS - PHASE B SHORTED SCR; 46=LCSSS - PHASE C SHORTED SCR; 47=LCSSS - HIGH PHASE A HEATSINK TEMPERATURE - RUNNING; 48=LCSSS - HIGH PHASE B HEATSINK TEMPERATURE - RUNNING; 49=LCSSS - HIGH PHASE C HEATSINK TEMPERATURE - RUNNING; 50=CODE 49; 51=CODE 50; 52=EVAPORATOR - LOW PRESSURE; 53=EVAPORATOR - LOW PRESSURE - SMART FREEZE; 54=SURGE PROTECTION - EXCESS SURGE; 55=CODE 54; 56=HARMONIC FILTER - HIGH BASEPLATE TEMPERATURE; 57=THRUST BEARING - PROXIMITY PROBE CLEARANCE; 58=THRUST BEARING - LIMIT SWITCH OPEN; 59=CODE 58; 60=CODE 59; 61=CODE 60; 62=MOTOR - HIGH WINDING TEMPERATURE; 63=MOTOR - HIGH BEARING TEMPERATURE; 64=VSD - HIGH PHASE A INVERTER BASEPLATE TEMPERATURE; 65=VSD - HIGH PHASE B INVERTER BASEPLATE TEMPERATURE; 66=VSD - HIGH PHASE C INVERTER BASEPLATE TEMPERATURE; 67=MOTOR OR STARTER - CURRENT IMBALANCE; 68=CONDENSER - HIGH PRESSURE - STOPPED; 69=CODE 68; 70=MOTOR - HIGH BEARING VIBRATION; 71=CODE 70; 72=LCSSS - PHASE A OPEN SCR; 73=LCSSS - PHASE B OPEN SCR; 74=LCSSS - PHASE C OPEN SCR; 75=MOTOR - LACK OF BEARING LUBRICATION; 76=VSD - LOW FREQUENCY DETECTED; 77=VSD - FEEDBACK SENSOR; 78=VSD - CONTROL FAULT; 79=VSD - DRIVE BOOT FAILURE; 80=MVSSS - PHASE ROTATION; 81=MVSSS - MOTOR OR STARTER - CURRENT IMBALANCE; 82=MVSSS - 105% MOTOR CURRENT OVERLOAD; 83=MVSSS - HIGH INSTANTANEOUS CURRENT; 84=MVSSS - FAILED SCR; 85=MVSSS - HIGH HEATSINK TEMPERATURE - RUNNING; 86=MVSSS - GROUND FAULT; 87=MVSSS - CONTACTOR FAULT; 88=MVSSS - MOTOR DRIVE FAULT; 89=MVSSS - DISCONNECT; 90=VSD - POWER TRANSFORMER HIGH TEMPERATURE; 91=VSD - HIGH OUTPUT FREQUENCY; 92=MVVSD - GROUND FAULT; 93=VSD - MAIN CONTROL BOARD FAULT; 94=MVVSD - CONTACTOR FAULT; 95=MVVSD - INTERLOCK FAULT; 96=VSD - LOGIC BOARD PLUG; 97=VSD - INPUT CURRENT OVERLOAD; 98=VSD - HIGH PHASE A INPUT BASEPLATE TEMPERATURE; 99=VSD - HIGH PHASE B INPUT BASEPLATE TEMPERATURE; 100=VSD - HIGH PHASE C INPUT BASEPLATE TEMPERATURE; 101=VSD - HIGH PHASE A OUTPUT BASEPLATE TEMPERATURE; 102=VSD - HIGH PHASE B OUTPUT BASEPLATE TEMPERATURE; 103=VSD - HIGH PHASE C OUTPUT BASEPLATE TEMPERATURE; 104=VSD - DC BUS PRE-REGULATION LOCKOUT; 105=VSD - GROUND FAULT; 106=VSD - PHASE A OUTPUT DCCT; 107=VSD - PHASE B OUTPUT DCCT; 108=VSD - PHASE C OUTPUT DCCT; 109=VSD - PHASE A INPUT DCCT; 110=VSD - PHASE B INPUT DCCT; 111=VSD - PHASE C INPUT DCCT; 112=VSD - HIGH TOTAL DEMAND DISTORTION; 113=MOTOR - MOTOR COOLANT LEAK DETECTED; 114=MVVSD - EXCESSIVE SHUTDOWNS; 115=ISOLATION VALVES - NOT OPENED; 116=VSD - OUTPUT PHASE ROTATION; 117=VSD - PHASE LOCKED LOOP; 118=VSD - HIGH PHASE A OUTPUT CURRENT; 119=VSD - HIGH PHASE B OUTPUT CURRENT; 120=VSD - HIGH PHASE C OUTPUT CURRENT; 121=VSD - LINE VOLTAGE PHASE ROTATION; 122=VSD - INPUT DCCT OFFSET LOCKOUT; 123=VSD - LOGIC BOARD HARDWARE; 124=VSD - RECTIFIER PROGRAM FAULT; 125=VSD - INVERTER PROGRAM FAULT; 126=VSD - DC BUS LOCKOUT - DO NOT CYCLE POWER; 127=VSD - MOTOR CURRENT THD FAULT; 128=VSD - HIGH PHASE A MOTOR CURRENT; 129=VSD - HIGH PHASE B MOTOR CURRENT; 130=VSD - HIGH PHASE C MOTOR CURRENT; 131=VSD - HIGH PHASE A MOTOR BASEPLATE TEMPERATURE; 132=VSD - HIGH PHASE B MOTOR BASEPLATE TEMPERATURE; 133=VSD - HIGH PHASE C MOTOR BASEPLATE TEMPERATURE; 134=VSD - PHASE A MOTOR DCCT; 135=VSD - PHASE B MOTOR DCCT; 136=VSD - PHASE C MOTOR DCCT; 137=HIGH AUXILIARY CONDENSER PRESSURE; 138=CODE 137; 139=CODE 138; 140=CODE 139; 141=CODE 140; 142=CODE 141; 143=CODE 142; 144=CODE 143; 145=CODE 144; 146=CODE 145; 147=CODE 146; 148=CODE 147; 149=CODE 148; 150=CODE 149; 151=CODE 150; 152=CODE 151; 153=CODE 152; 154=CODE 153; 155=CODE 154; 156=CODE 155; 157=CODE 156; 158=CODE 157; 159=CODE 158; 160=CODE 159; 161=CODE 160; 162=CODE 161; 163=CODE 162; 164=CODE 163; 165=CODE 164; 166=CODE 165; 167=CODE 166; 168=CODE 167; 169=CODE 168; 170=CODE 169; 171=CODE 170; 172=CODE 171; 173=CODE 172; 174=CODE 173; 175=CODE 174; 176=CODE 175; 177=CODE 176; 178=CODE 177; 179=CODE 178; 180=CODE 179; 181=CODE 180; 182=CODE 181; 183=CODE 182; 184=CODE 183; 185=CODE 184; 186=CODE 185; 187=CODE 186; 188=CODE 187; 189=CODE 188; 190=CODE 189; 191=CODE 190; 192=CODE 191; 193=CODE 192; 194=CODE 193; 195=CODE 194; 196=CODE 195; 197=CODE 196; 198=CODE 197; 199=CODE 198; 200=CODE 199; 201=CODE 200; 202=CODE 201; 203=CODE 202; 204=CODE 203; 205=CODE 204; 206=CODE 205; 207=CODE 206; 208=CODE 207; 209=CODE 208; 210=CODE 209; 211=CODE 210; 212=CODE 211; 213=CODE 212; 214=CODE 213; 215=CODE 214; 216=CODE 215; 217=CODE 216; 218=CODE 217; 219=CODE 218; 220=CODE 219; 221=CODE 220; 222=CODE 221; 223=CODE 222; 224=CODE 223; 225=CODE 224; 226=CODE 225; 227=CODE 226; 228=CODE 227; 229=CODE 228; 230=CODE 229; 231=CODE 230; 232=CODE 231; 233=CODE 232; 234=CODE 233; 235=CODE 234; 236=CODE 235; 237=CODE 236; 238=CODE 237; 239=CODE 238; 240=CODE 239
GTP-NAE189,NAE189/Field Bus2.BNET-CH1.MV-3,MV:3006834,UNIT CYCLING FAULT CODE,,1=NO CYCLING FAULTS PRESENT; 2=MULTIUNIT CYCLING - CONTACTS OPEN; 3=SYSTEM CYCLING - CONTACTS OPEN; 4=OIL - LOW TEMPERATURE DIFFERENTIAL; 5=OIL - LOW TEMPERATURE; 6=CONTROL PANEL - POWER FAILURE; 7=LEAVING CHILLED LIQUID - LOW TEMPERATURE; 8=LEAVING CHILLED LIQUID - FLOW SWITCH OPEN; 9=CONDENSER - FLOW SWITCH OPEN; 10=MOTOR CONTROLLER - CONTACTS OPEN; 11=MOTOR CONTROLLER - LOSS OF CURRENT; 12=POWER FAULT; 13=CONTROL PANEL - SCHEDULE; 14=STARTER - LOW SUPPLY LINE VOLTAGE; 15=STARTER - HIGH SUPPLY LINE VOLTAGE; 16=PROXIMITY PROBE - LOW SUPPLY VOLTAGE; 17=OIL - VARIABLE SPEED PUMP - DRIVE CONTACTS OPEN; 18=VSD - INITIALIZATION FAILED; 19=VSD SHUTDOWN - REQUESTING FAULT DATA...; 20=VSD - HIGH PHASE A INSTANTANEOUS CURRENT; 21=VSD - HIGH PHASE B INSTANTANEOUS CURRENT; 22=VSD - HIGH PHASE C INSTANTANEOUS CURRENT; 23=VSD - PHASE A GATE DRIVER; 24=VSD - PHASE B GATE DRIVER; 25=VSD - PHASE C GATE DRIVER; 26=VSD - SINGLE PHASE INPUT POWER; 27=VSD - HIGH DC BUS VOLTAGE; 28=VSD - LOGIC BOARD POWER SUPPLY; 29=VSD - LOW DC BUS VOLTAGE; 30=VSD - DC BUS VOLTAGE IMBALANCE; 31=VSD - HIGH INTERNAL AMBIENT TEMPERATURE; 32=VSD - INVALID CURRENT SCALE SELECTION; 33=VSD - LOW PHASE A INVERTER HEATSINK TEMPERATURE; 34=VSD - LOW PHASE B INVERTER HEATSINK TEMPERATURE; 35=VSD - LOW PHASE C INVERTER HEATSINK TEMPERATURE; 36=VSD - LOW CONVERTER HEATSINK TEMPERATURE; 37=VSD - PRECHARGE - DC BUS VOLTAGE IMBALANCE; 38=VSD - PRECHARGE - LOW DC BUS VOLTAGE 1; 39=VSD - LOGIC BOARD PROCESSOR; 40=VSD - RUN SIGNAL; 41=VSD - SERIAL COMMUNICATIONS; 42=VSD - STOP CONTACTS OPEN; 43=HARMONIC FILTER - LOGIC BOARD OR COMMUNICATIONS; 44=HARMONIC FILTER - HIGH DC BUS VOLTAGE; 45=HARMONIC FILTER - HIGH PHASE A CURRENT; 46=HARMONIC FILTER - HIGH PHASE B CURRENT; 47=HARMONIC FILTER - HIGH PHASE C CURRENT; 48=HARMONIC FILTER - PHASE LOCKED LOOP; 49=HARMONIC FILTER - PRECHARGE - LOW DC BUS VOLTAGE; 50=HARMONIC FILTER - LOW DC BUS VOLTAGE; 51=HARMONIC FILTER - DC BUS VOLTAGE IMBALANCE; 52=HARMONIC FILTER - INPUT CURRENT OVERLOAD; 53=HARMONIC FILTER - LOGIC BOARD POWER SUPPLY; 54=HARMONIC FILTER - RUN SIGNAL; 55=HARMONIC FILTER - DC CURRENT TRANSFORMER 1; 56=HARMONIC FILTER - DC CURRENT TRANSFORMER 2; 57=LCSSS INITIALIZATION FAILED; 58=LCSSS SHUTDOWN - REQUESTING FAULT DATA...; 59=LCSSS - LOW PHASE A TEMPERATURE SENSOR; 60=LCSSS - LOW PHASE B TEMPERATURE SENSOR; 61=LCSSS - LOW PHASE C TEMPERATURE SENSOR; 62=LCSSS - PHASE LOCKED LOOP; 63=LCSSS - POWER FAULT; 64=LCSSS - HIGH SUPPLY LINE VOLTAGE; 65=LCSSS - LOW SUPPLY LINE VOLTAGE; 66=LCSSS - INVALID CURRENT SCALE SELECTION; 67=LCSSS - RUN SIGNAL; 68=LCSSS - SERIAL COMMUNICATIONS; 69=LCSSS - STOP CONTACTS OPEN; 70=MOTOR AUTO LUBRICATION IN PROGRESS; 71=CODE 70; 72=LCSSS - LOGIC BOARD PROCESSOR; 73=LCSSS - LOGIC BOARD POWER SUPPLY; 74=VSD - SERIAL COMMUNICATIONS; 75=LCSSS - SERIAL COMMUNICATIONS; 76=LCSSS - PHASE LOSS; 77=VSD - LOW INVERTER BASEPLATE TEMPERATURE; 78=CODE 77; 79=VSD - LOW PHASE A INVERTER BASEPLATE TEMPERATURE; 80=VSD - LOW PHASE B INVERTER BASEPLATE TEMPERATURE; 81=VSD - LOW PHASE C INVERTER BASEPLATE TEMPERATURE; 82=MOTOR CONTROLLER - CONTACTS OPEN; 83=MV VSD - SERIAL COMMUNICATIONS; 84=VSD - INPUT POWER TRANSFORMER; 85=VSD - INPUT OVER-VOLTAGE; 86=VSD - LOSS OF COOLING FAN; 87=VSD - HIGH INSTANTANEOUS CURRENT; 88=MVSSS - INITIALIZATION FAILED; 89=MVSSS SHUTDOWN - REQUESTING FAULT DATA...; 90=MVSSS - POWER FAULT; 91=MVSSS - HIGH SUPPLY LINE VOLTAGE; 92=MVSSS - LOW SUPPLY LINE VOLTAGE; 93=MVSSS - RUN SIGNAL; 94=MVSSS - SERIAL COMMUNICATIONS; 95=MVSSS - STOP CONTACTS OPEN; 96=MVSSS - LOGIC BOARD POWER SUPPLY; 97=MVSSS - PHASE LOSS; 98=CODE 97; 99=VSD - SERIAL COMMUNICATIONS; 100=LCSSS - SERIAL COMMUNICATIONS; 101=VSD - SERIAL COMMUNICATIONS; 102=VSD - SERIAL COMMUNICATIONS; 103=VSD - DC BUS VOLTAGE IMBALANCE - AU; 104=VSD - DC BUS VOLTAGE IMBALANCE - AL; 105=VSD - DC BUS VOLTAGE IMBALANCE - BU; 106=VSD - DC BUS VOLTAGE IMBALANCE - BL; 107=VSD - DC BUS VOLTAGE IMBALANCE - CU; 108=VSD - DC BUS VOLTAGE IMBALANCE - CL; 109=VSD - PRECHARGE - DC BUS VOLTAGE IMBALANCE - AU; 110=VSD - PRECHARGE - DC BUS VOLTAGE IMBALANCE - AL; 111=VSD - PRECHARGE - DC BUS VOLTAGE IMBALANCE - BU; 112=VSD - PRECHARGE - DC BUS VOLTAGE IMBALANCE - BL; 113=VSD - PRECHARGE - DC BUS VOLTAGE IMBALANCE - CU; 114=VSD - PRECHARGE - DC BUS VOLTAGE IMBALANCE - CL; 115=VSD - HIGH DC BUS VOLTAGE - AU; 116=VSD - HIGH DC BUS VOLTAGE - AL; 117=VSD - HIGH DC BUS VOLTAGE - BU; 118=VSD - HIGH DC BUS VOLTAGE - BL; 119=VSD - HIGH DC BUS VOLTAGE - CU; 120=VSD - HIGH DC BUS VOLTAGE - CL; 121=VSD - GATE DRIVER - ANU; 122=VSD - GATE DRIVER - ANL; 123=VSD - GATE DRIVER - AMU; 124=VSD - GATE DRIVER - AML; 125=VSD - GATE DRIVER - BNU; 126=VSD - GATE DRIVER - BNL; 127=VSD - GATE DRIVER - BMU; 128=VSD - GATE DRIVER - BML; 129=VSD - GATE DRIVER - CNU; 130=VSD - GATE DRIVER - CNL; 131=VSD - GATE DRIVER - CMU; 132=VSD - GATE DRIVER - CML; 133=VSD - INPUT POWER SUPPLY; 134=VSD - HIGH PHASE A INPUT CURRENT; 135=VSD - HIGH PHASE B INPUT CURRENT; 136=VSD - HIGH PHASE C INPUT CURRENT; 137=VSD - HIGH PHASE A OUTPUT CURRENT; 138=VSD - HIGH PHASE B OUTPUT CURRENT; 139=VSD - HIGH PHASE C OUTPUT CURRENT; 140=VSD - PHASE A INPUT GATE DRIVER; 141=VSD - PHASE B INPUT GATE DRIVER; 142=VSD - PHASE C INPUT GATE DRIVER; 143=VSD - PHASE A OUTPUT GATE DRIVER; 144=VSD - PHASE B OUTPUT GATE DRIVER; 145=VSD - PHASE C OUTPUT GATE DRIVER; 146=VSD - LOW PHASE A INPUT BASEPLATE TEMPERATURE; 147=VSD - LOW PHASE B INPUT BASEPLATE TEMPERATURE; 148=VSD - LOW PHASE C INPUT BASEPLATE TEMPERATURE; 149=VSD - LOW PHASE A OUTPUT BASEPLATE TEMPERATURE; 150=VSD - LOW PHASE B OUTPUT BASEPLATE TEMPERATURE; 151=VSD - LOW PHASE C OUTPUT BASEPLATE TEMPERATURE; 152=VSD - INPUT VOLTAGE IMBALANCE; 153=VSD - DC BUS PRE-REGULATION; 154=VSD - LOGIC BOARD PROCESSOR; 155=VSD - INVERTER UNDER VOLTAGE; 156=VSD - IDENTIFYING DRIVE...; 157=LEAVING CONDENSER LIQUID - HIGH TEMPERATURE; 158=CONDENSER - FREEZE THREAT - FLOW SWITCH OPEN; 159=ISOLATION VALVES - NOT CLOSED; 160=VSD - PHASE A INPUT DCCT OFFSET; 161=VSD - PHASE B INPUT DCCT OFFSET; 162=VSD - PHASE C INPUT DCCT OFFSET; 163=VSD - INVALID SETPOINTS; 164=VSD - PRECHARGE - LOW DC BUS VOLTAGE 2; 165=VSD - SERIAL RECEIVE; 166=VSD - PHASE A MOTOR GATE DRIVER; 167=VSD - PHASE B MOTOR GATE DRIVER; 168=VSD - PHASE C MOTOR GATE DRIVER; 169=VSD - LOW PHASE A MOTOR BASEPLATE TEMPERATURE; 170=VSD - LOW PHASE B MOTOR BASEPLATE TEMPERATURE; 171=VSD - LOW PHASE C MOTOR BASEPLATE TEMPERATURE; 172=VSD - NOT RUNNING; 173=MOTOR - LACK OF BEARING LUBRICATION; 174=CODE 173; 175=CODE 174; 176=CODE 175; 177=CODE 176; 178=CODE 177; 179=CODE 178; 180=CODE 179; 181=CODE 180; 182=CODE 181; 183=CODE 182; 184=CODE 183; 185=CODE 184; 186=CODE 185; 187=CODE 186; 188=CODE 187; 189=CODE 188; 190=CODE 189; 191=CODE 190; 192=CODE 191; 193=CODE 192; 194=CODE 193; 195=CODE 194; 196=CODE 195; 197=CODE 196; 198=CODE 197; 199=CODE 198; 200=CODE 199; 201=CODE 200; 202=CODE 201; 203=CODE 202; 204=CODE 203; 205=CODE 204; 206=CODE 205; 207=CODE 206; 208=CODE 207; 209=CODE 208; 210=CODE 209; 211=CODE 210; 212=CODE 211; 213=CODE 212; 214=CODE 213; 215=CODE 214; 216=CODE 215; 217=CODE 216; 218=CODE 217; 219=CODE 218; 220=CODE 219; 221=CODE 220; 222=CODE 221; 223=CODE 222; 224=CODE 223; 225=CODE 224; 226=CODE 225; 227=CODE 226; 228=CODE 227; 229=CODE 228; 230=CODE 229; 231=CODE 230; 232=CODE 231; 233=CODE 232; 234=CODE 233; 235=CODE 234; 236=CODE 235; 237=CODE 236; 238=CODE 237; 239=CODE 238; 240=CODE 239; 241=CODE 240; 242=CODE 241; 243=CODE 242; 244=CODE 243; 245=CODE 244; 246=CODE 245; 247=CODE 246; 248=CODE 247; 249=CODE 248; 250=CODE 249; 251=CODE 250; 252=CODE 251; 253=CODE 252; 254=CODE 253; 255=CODE 254; 256=CODE 255; 257=CODE 256; 258=CODE 257; 259=CODE 258; 260=CODE 259; 261=CODE 260; 262=CODE 261; 263=CODE 262; 264=CODE 263; 265=CODE 264; 266=CODE 265; 267=CODE 266; 268=CODE 267; 269=CODE 268; 270=CODE 269; 271=CODE 270; 272=CODE 271; 273=CODE 272; 274=CODE 273; 275=CODE 274; 276=CODE 275; 277=CODE 276; 278=CODE 277; 279=CODE 278; 280=CODE 279; 281=CODE 280; 282=CODE 281; 283=CODE 282; 284=CODE 283; 285=CODE 284; 286=CODE 285; 287=CODE 286; 288=CODE 287; 289=CODE 288; 290=CODE 289; 291=CODE 290; 292=CODE 291; 293=CODE 292; 294=CODE 293; 295=CODE 294; 296=CODE 295; 297=CODE 296; 298=CODE 297; 299=CODE 298; 300=CODE 299
GTP-NAE189,NAE189/Field Bus2.BNET-CH1.MV-4,MV:3006835,UNIT WARNING CODE,,1=NO WARNINGS PRESENT; 2=WARNING - REAL TIME CLOCK FAILURE; 3=WARNING - SETPOINT OVERRIDE; 4=WARNING - CONDENSER OR EVAPORATOR XDCR ERROR; 5=WARNING - EVAPORATOR - LOW PRESSURE LIMIT; 6=WARNING - CONDENSER - HIGH PRESSURE LIMIT; 7=CODE 6; 8=CODE 7; 9=CODE 8; 10=WARNING - STANDBY LUBE - LOW OIL PRESSURE; 11=CODE 10; 12=CODE 11; 13=CODE 12; 14=CODE 13; 15=CODE 14; 16=WARNING - VANES UNCALIBRATED; 17=WARNING - VANES UNCALIBRATED - FIXED SPEED; 18=WARNING - HARMONIC FILTER - OPERATION INHIBITED; 19=WARNING - HARMONIC FILTER - DATA LOSS; 20=WARNING - AUTO LUBE REQ'D ON NEXT SHUTDOWN; 21=WARNING - AUTO LUBE GREASE LEVEL LOW; 22=WARNING - AUTO LUBE FAILED; 23=WARNING - MOTOR OIL CHANGE SUGGESTED; 24=WARNING - MOTOR OIL CHANGE REQUIRED; 25=WARNING - LACK OF MOTOR OIL CHANGE; 26=WARNING - SEAL LUBRICATION IN PROGRESS; 27=WARNING - EXTERNAL I/O - SERIAL COMMUNICATIONS; 28=CODE 27; 29=CODE 28; 30=WARNING - SURGE PROTECTION - EXCESS SURGE LIMIT; 31=WARNING - EXCESS SURGE DETECTED; 32=CODE 31; 33=CODE 32; 34=WARNING - KW METER NOT CALIBRATED; 35=WARNING - CONDENSER OR VGD SENSOR FAILURE; 36=WARNING - CONDITIONS OVERRIDE VGD; 37=WARNING - MOTOR BEARING LUBE SUGGESTED; 38=WARNING - MOTOR BEARING LUBE REQUIRED; 39=WARNING - MOTOR BEARING LUBE NOT DONE; 40=WARNING - HARMONIC FILTER - DATA LOSS; 41=WARNING - HIGH MOTOR WINDING TEMPERATURE; 42=WARNING - HIGH MOTOR BEARING TEMPERATURE; 43=WARNING - HIGH MOTOR BEARING VIBRATION; 44=WARNING - MOTOR - BEARING VIBRATION BASELINE NOT SET; 45=WARNING - VSD - INPUT VOLTAGE IMBALANCE; 46=WARNING - HARMONIC FILTER - NOT RUNNING; 47=WARNING - CONDENSER - FREEZE THREAT FROM LOW PRES; 48=WARNING - LIQUID LEVEL SETPOINT NOT ACHIEVED; 49=WARNING - VSD - DC BUS ACTIVE; 50=WARNING - LOSS OF SUBCOOLER LIQUID SEAL; 51=WARNING - HIGH AUXILIARY CONDENSER PRESSURE; 52=CODE 51; 53=CODE 52; 54=CODE 53; 55=CODE 54; 56=CODE 55; 57=CODE 56; 58=CODE 57; 59=CODE 58; 60=CODE 59; 61=CODE 60; 62=CODE 61; 63=CODE 62; 64=CODE 63; 65=CODE 64; 66=CODE 65; 67=CODE 66; 68=CODE 67; 69=CODE 68; 70=CODE 69; 71=CODE 70; 72=CODE 71; 73=CODE 72; 74=CODE 73; 75=CODE 74; 76=CODE 75; 77=CODE 76; 78=CODE 77; 79=CODE 78; 80=CODE 79; 81=CODE 80; 82=CODE 81; 83=CODE 82; 84=CODE 83; 85=CODE 84; 86=CODE 85; 87=CODE 86; 88=CODE 87; 89=CODE 88; 90=CODE 89; 91=CODE 90; 92=CODE 91; 93=CODE 92; 94=CODE 93; 95=CODE 94; 96=CODE 95; 97=CODE 96; 98=CODE 97; 99=CODE 98; 100=CODE 99; 101=CODE 100; 102=CODE 101; 103=CODE 102; 104=CODE 103; 105=CODE 104; 106=CODE 105; 107=CODE 106; 108=CODE 107; 109=CODE 108; 110=CODE 109; 111=CODE 110; 112=CODE 111; 113=CODE 112; 114=CODE 113; 115=CODE 114; 116=CODE 115; 117=CODE 116; 118=CODE 117; 119=CODE 118; 120=CODE 119
GTP-NAE189,NAE189/Field Bus2.BNET-CH1.MV-5,MV:3006836,UNIT CONTROL SOURCE,,1=LOCAL; 2=BAS; 3=ANALOG; 4=DIGITAL; 5=MODEM; 6=CODE 5; 7=CODE 6; 8=CODE 7
GTP-NAE189,NAE189/Field Bus2.BNET-CH1.MV-6,MV:3006837,UNIT MODIFIED RUN CODE,,1=NO MODIFIED RUN CONDITIONS PRESENT; 2=CODE 1; 3=CODE 2; 4=CODE 3; 5=MOTOR - PULLDOWN LIMIT; 6=MOTOR - HIGH CURRENT LIMIT; 7=CODE 6; 8=CODE 7; 9=LOAD CONTROL MODE; 10=CODE 9; 11=CODE 10; 12=VSD - INPUT PULLDOWN LIMIT; 13=VSD - HIGH INPUT CURRENT LIMIT; 14=CODE 13; 15=CODE 14; 16=CODE 15; 17=CODE 16; 18=CODE 17; 19=CODE 18; 20=CODE 19; 21=CODE 20; 22=CODE 21; 23=CODE 22; 24=CODE 23; 25=CODE 24; 26=CODE 25; 27=CODE 26; 28=CODE 27; 29=CODE 28; 30=CODE 29; 31=CODE 30; 32=CODE 31; 33=CODE 32; 34=CODE 33; 35=CODE 34; 36=CODE 35; 37=CODE 36; 38=CODE 37; 39=CODE 38; 40=CODE 39
GTP-NAE189,NAE189/Field Bus2.BNET-CH1.MV-7,MV:3006838,UNIT START INHIBIT CODE,,1=NO START INHIBITS PRESENT; 2=ANTI-RECYCLE; 3=VANE MOTOR SWITCH OPEN; 4=MOTOR CURRENT > 15% FLA; 5=LCSSS - HIGH PHASE A HEATSINK TEMPERATURE - STOPPED; 6=LCSSS - HIGH PHASE B HEATSINK TEMPERATURE - STOPPED; 7=LCSSS - HIGH PHASE C HEATSINK TEMPERATURE - STOPPED; 8=CODE 7; 9=VSD - FREQUENCY > 0 HZ; 10=MVSSS - HIGH HEATSINK TEMPERATURE - STOPPED; 11=LINE VOLTAGE NOT SET; 12=LINE FREQUENCY NOT SET; 13=HIGH AUXILIARY CONDENSER PRESSURE - STOPPED; 14=CODE 13; 15=CODE 14; 16=CODE 15; 17=CODE 16; 18=CODE 17; 19=CODE 18; 20=CODE 19; 21=CODE 20; 22=CODE 21; 23=CODE 22; 24=CODE 23; 25=CODE 24; 26=CODE 25; 27=CODE 26; 28=CODE 27; 29=CODE 28; 30=CODE 29; 31=CODE 30; 32=CODE 31; 33=CODE 32; 34=CODE 33; 35=CODE 34; 36=CODE 35; 37=CODE 36; 38=CODE 37; 39=CODE 38; 40=CODE 39
GTP-NAE189,NAE189/Field Bus2.BNET-CH1.MV-8,MV:3006839,UNIT INTERNAL FAULT CODE,,1=NO INTERNAL FAULTS PRESENT; 2=INTERNAL ERROR - NO TIMER HANDLES AVAILABLE; 3=WATCHDOG - SOFTWARE REBOOT; 4=INTERNAL ERROR - CANNOT CREATE TASK; 5=CODE 4; 6=CODE 5; 7=CODE 6; 8=CODE 7; 9=CODE 8; 10=CODE 9; 11=CODE 10; 12=CODE 11; 13=CODE 12; 14=CODE 13; 15=CODE 14; 16=CODE 15; 17=CODE 16; 18=CODE 17; 19=CODE 18; 20=CODE 19
GTP-NAE189,NAE189/Field Bus2.BNET-CH3.Model Number,MV:3007405,Model Number,Model Number,1=; 2=MS-IOM1710-0; 3=MS-IOM2710-0; 4=MS-IOM3710-0; 5=MS-IOM4710-0; 6=MS-FEC1610-0; 7=MS-FEC2610-0; 8=Unused 7; 9=MS-FEC3610-0; 10=MS-VMA1610-0; 11=MS-VMA1620-0; 12=Unused 11; 13=Unused 12; 14=MS-DIS1710-0; 15=MS-ZFR1810-0; 16=MS-ZFR1811-0; 17=MS-NCE25; 18=MS-FCP1610-0; 19=MS-FEC1611-0; 20=MS-FEC2611-0; 21=MS-IOM1711-0; 22=MS-IOM2711-0; 23=MS-IOM3711-0; 24=MS-IOM4711-0; 25=MS-IOM2721-0; 26=MS-IOM3721-0; 27=MS-IOM3731-0; 28=MS-IOM3741-0; 29=FX-PCX2721-0; 30=FX-PCX3721-0; 31=FX-PCX3731-0; 32=FX-PCX4741-0; 33=MS-VMA1615-0; 34=MS-VMA1630-0; 35=FX-PCV1615-0; 36=FX-PCV1630-0; 37=MS-FAC3611-0; 38=MS-FAC3711-0; 39=FX-PCA3611-0; 40=FX-PCA3711-0; 41=FX-PCG1611-0; 42=FX-PCG2611-0; 43=FX-PCV1610-0; 44=FX-PCV1620-0; 45=FX-PCX1711-0; 46=FX-PCX2711-0; 47=FX-PCX3711-0; 48=FX-PCX4711-0; 49=FX-DIS1710-0; 50=FX-ZFR1810-0; 51=FX-ZFR1811-0; 52=MS-FAC2612-0; 53=Unused 52; 54=MS-FAC2611-0; 55=MS-FCP1612-0; 56=; 57=; 58=; 59=; 60=; 61=; 62=; 63=; 64=MS-VRF-IB; 65=MS-VRF-OB; 66=FX-BTCVT-0; 67=MS-BTCVT-0; 68=MS-ZFR1611-0; 69=MS-ZFR1612-0; 70=LC-RTU10xx-0; 71=LC-BYP100-0; 72=LC-PEC100-0; 73=LC-IOM100-0; 74=LC-ZEC100-0; 75=LC-VRT10xx-0; 76=LC-ZEC200-0; 77=FX-PCA2611-0; 78=FX-PCA2612-0; 79=MS-FCU1611-0; 80=MS-FCU1612-0; 81=MS-VAV1611-0; 82=MS-VMA1815-0; 83=MS-VMA1817-0; 84=MS-VMA1830-0; 85=MS-VMA1832-0; 86=MS-VMA1617-0; 87=MS-VMA1632-0; 88=FX-PCV1815-0; 89=FX-PCV1830-0; 90=SE-SPU1001-0; 91=SE-SPU1002-0; 92=SE-SPU1004-0; 93=SE-ECO1001-0; 94=SE-FDD1001-0; 95=SE-OEM1001-0; 96=FX-PCV1832-0; 97=FX-PCV1617-0; 98=FX-PCV1632-0; 99=MS-ZFR1810-1; 100=MS-ZFR1811-1; 101=MS-ZFR1820-0; 102=MS-ZFR1821-0; 103=FX-ZFR1810-1; 104=FX-ZFR1811-1; 105=FX-ZFR1820-0; 106=FX-ZFR1821-0; 107=SE-SCG1001-0; 108=MS-IOM3732-0; 109=SE-TEC3000-0; 110=SE-SCC1001-0; 111=MS-VMA1626-0; 112=MS-VMA1628-0; 113=MS-VMA1629-0; 114=MS-VMA1826-0; 115=FX-PCV1626-0; 116=FX-PCV1628-0; 117=FX-PCV1629-0; 118=FX-PCV1826-0; 119=LC-BYP200-0; 120=LC-ZEC300-0; 121=LC-ZEC400-0; 122=OEM-ECO1000-0; 123=MS-FEC2511-0; 124=SE-HLR1001-0; 125=SE-HLR1002-0; 126=PK-OEM1800-0; 127=PK-OEM3200-0; 128=MS-VMA1656-0; 129=FX-PCV1656-0; 130=FX-PCG2511-0; 131=LC-VZC100-0; 132=LC-ZEC310-0; 133=LC-ZEC410-0; 134=PK-IOM5711-0; 135=PK-IOM5721-0; 136=PK-IOM5731-0; 137=PK-IOM1711-0; 138=PK-IOM2711-0; 139=PK-IOM2721-0; 140=PK-IOM3721-0; 141=PK-IOM3731-0; 142=PK-IOM3711-0; 143=PK-IOM4711-0; 144=MS-FAC3613-0; 145=MS-FAC4911-0; 146=MS-IOM2723-0; 147=MS-IOM3723-0; 148=MS-IOM3733-0; 149=FX-PCA3613-0; 150=FX-PCA4911-0; 151=FX-PCX2723-0; 152=FX-PCX3723-0; 153=FX-PCX3733-0; 154=FX-PCV1930-0; 155=MS-VMA1930-0; 156=LC-VEC100-0; 157=T8800-TB20-0; 158=T8800-TF20-0; 159=T8800-TB21-0; 160=SE-AHU1001-0; 161=SE-CND1001-0; 162=SE-CTB1001-0; 163=SE-OPT1001-0; 164=SE-DIS1001-0; 165=SE-CPO1001-0; 166=MS-FAC2513-0; 167=FX-PCA2513-0; 168=LC-IOM200-0; 169=MS-VMA1631-0; 170=LC-ZEC510-0; 171=SE-ZEC500-0; 172=MV-ECO1011-0; 173=LC-TUC0312-0; 174=TE-74-0; 175=LC-ZFR1825-0; 176=LC-ATC1100-0; 177=LC-ATC1500-0; 178=LC-VAC1000-0; 179=LC-VAC3000-0; 180=M4-CVM03050-0; 181=F4-CVM03050-0; 182=M4-CGM09090-0; 183=F4-CGM09090-0; 184=SE-TEC3000-1; 185=C4-CVM03050-0; 186=C4-CGM09090-0; 187=M4-CVE03050-0; 188=F4-CVE03050-0; 189=C4-CVE03050-0; 190=M4-CGE09090-0; 191=F4-CGE09090-0; 192=C4-CGE09090-0; 193=SE-RTU1001-0; 194=MR5XX-0; 195=A52X-0; 196=DR5XX-0; 197=HS-OEM1800-0; 198=HS-OEM3200-0; 199=M4-SNC25150-0; 200=LC-ATC1510-0; 201=SE-ZEC512-0; 202=M4-SNC16120-0; 203=M4-CGM04060-0; 204=F4-CGM04060-0; 205=C4-CGM04060-0; 206=M4-XPM04060-0; 207=F4-XPM04060-0; 208=C4-XPM04060-0; 209=M4-XPM09090-0; 210=F4-XPM09090-0; 211=C4-XPM09090-0; 212=M4-CGE04060-0; 213=F4-CGE04060-0; 214=C4-CGE04060-0; 215=F4-SNC25151-0; 216=F4-SNC16121-0; 217=JC-VAV1507-0; 218=; 219=; 220=; 221=; 222=; 223=; 224=; 225=; 226=; 227=; 228=; 229=; 230=; 231=; 232=; 233=; 234=; 235=; 236=; 237=; 238=; 239=; 240=; 241=; 242=; 243=; 244=; 245=; 246=; 247=; 248=; 249=; 250=; 251=; 252=; 253=; 254=; 255=; 256=MS_INVALID_PRODUCT_ID
GTP-NAE189,NAE189/Field Bus2.BNET-CH3.TURBINE STATUS CODE,MV:3007385,TURBINE STATUS CODE,Turbine Status Code,1=STOPPED; 2=SYSTEM STARTING; 3=READY TO BEGIN SLOW ROLL (MANUAL); 4=WAITING FOR STEAM FLOW (M)|SYSTEM STARTING (A)|SLOW ROLLING; 5=TURBINE IDLING - HIGH EXHAUST PRESSURE; 6=READY TO RUN (MANUAL); 7=READY TO RUN (AUTO) / RAMPING TO RATED SPEED; 8=STABILIZING; 9=RUNNING; 10=UNLOADING BEFORE SHUTDOWN; 11=COMPRESSOR SHUTDOWN; TURBINE COOLDOWN; 12=RESERVED 11; 13=RESERVED 12; 14=RESERVED 13; 15=RESERVED 14; 16=RESERVED 15
GTP-NAE189,NAE189/Field Bus2.BNET-CH3.UNIT CONTROL SOURCE,MV:3007384,UNIT CONTROL SOURCE,Unit Control Source,1=Local; 2=ISN (BAS); 3=Analog; 4=Digital; 5=Modem; 6=Remote
GTP-NAE189,NAE189/Field Bus2.BNET-CH3.UNIT CYCLING FAULT CODE,MV:3007382,UNIT CYCLING FAULT CODE,Unit Cycling Shutdown Code,1=NO MALFUNCTION; 2=RESERVED 1; 3=REMOTE CYCLING; 4=LOW COMPRESSR OIL DIFFERENTIAL TEMPERATURE; 5=LOW COMPRESSR SUMP OIL TEMPERATURE; 6=CONTROL PANEL - POWER FAIL (AUTOSTART); 7=EVAPORATOR - LOW CHILLED LIQUID TEMPERATURE; 8=EVAPORATOR - FLOW SWITCH OPEN; 9=CHILLER CONDENSER - FLOW SWITCH OPEN; 10=CONTROL PANEL - SCHEDULE SHUTDOWN; 11=PROXIMITY PROBE - LOW SUPPLY VOLTAGE; 12=OIL - VARIABLE SPEED PUMP - DRIVE CONTACTS OPEN; 13=EXPANSION I/O SERIAL COMMUNICATIONS; 14=RESERVED 13; 15=RESERVED 14; 16=RESERVED 15
GTP-NAE189,NAE189/Field Bus2.BNET-CH3.UNIT INHIBIT FAULT CODE,MV:3007387,UNIT INHIBIT FAULT CODE,Unit Inhibit Fault Code,1=NO INHIBIT FAULTS PRESENT; 2=VANE MOTOR SWITCH OPEN; 3=TURBINE VIBRATION SENSOR FAULT; 4=VANES UNCALIBRATED; 5=COMPRESSOR VIBRATION SENSOR FAULT; 6=RESERVED 5
GTP-NAE189,NAE189/Field Bus2.BNET-CH3.UNIT INTERNAL FAULT CODE,MV:3007388,UNIT INTERNAL FAULT CODE,Unit Internal Fault Code,1=NO INTERNAL FAULTS PRESENT; 2=INTERNAL ERROR - NO TIMER HANDLES AVAILABLE; 3=WATCHDOG - SOFTWARE REBOOT; 4=INTERNAL ERROR - CANNOT CREATE TASK; 5=RESERVED 4; 6=RESERVED 5
GTP-NAE189,NAE189/Field Bus2.BNET-CH3.UNIT MODIF RUN FLT CODE,MV:3007386,UNIT MODIF RUN FLT CODE,Unit Modified Run Fault Code,1=NO MODIFIED RUN CONDITIONS PRESENT; 2=LEAVING CHILLED LIQUID CONTROL; 3=VANES CLOSING BEFORE SHUTDOWN; 4=SLIDE VALVE UNLOADING BEFORE SHUTDOWN; 5=SEAL LUBE IN PROCESS; 6=RESERVED 5
GTP-NAE189,NAE189/Field Bus2.BNET-CH3.UNIT OPERATION CODE,MV:3007380,UNIT OPERATION CODE,Unit Operation Code,1=UNIT STOPPED - READY TO START; 2=UNIT STOPPED - LOCAL SHUTDOWN; 3=UNIT STOPPED -REMOTE SHUTDOWN; 4=UNIT STOPPED WARNING ACTIVE*; 5=UNIT STOPPED - CYCLING SHUTDOWN*; 6=UNIT STOPPED - SAFETY SHUTDOWN*; 7=UNIT START INHIBIT*; 8=UNIT STARTING*; 9=UNIT RUNNING - NO ABNORMAL CONDITION; 10=UNIT RUNNING - WARNING ACTIVE*; 11=UNIT RUNNING - CHILLER UNLOAD BEFORE SHUTDOWN*; 12=UNIT COASTDOWN / LOCKOUT DELAY; 13=UNIT STOPPED - TURBINE COOLDOWN; 14=UNIT STOPPED - INTERNAL SHUTDOWN*; 15=RESERVED 14; 16=RESERVED 15
GTP-NAE189,NAE189/Field Bus2.BNET-CH3.UNIT SAFETY FAULT CODE,MV:3007381,UNIT SAFETY FAULT CODE,Unit Safety Shutdown Code,1=NO MALFUNCTION; 2=EVAPORATOR - LOW PRESSURE; 3=EVAPORATOR - TRANSDUCER OR LEAVING LIQUID PROBE; 4=EVAPORATOR - TRANSDUCER OR TEMPERATURE SENSOR; 5=EVAPORATOR - LOW TEMPERATURE; 6=EVAPORATOR - LOW PRESSURE - SMART FREEZE; 7=CONDENSER - HIGH PRESSURE CONTACTS OPEN; 8=CONDENSER - HIGH PRESSURE; 9=CONDENSER - PRESSURE TRANSDUCER OUT OF RANGE; 10=AUXILIARY SAFETY - CONTACTS CLOSED; 11=CONTROL PANEL - POWER FAILURE (MANUAL RESTART); 12=DISCHARGE - LOW TEMPERATURE; 13=DISCHARGE - HIGH TEMPERATURE; 14=COMPRESSOR OIL - HIGH TEMPERATURE; 15=COMPRESSOR OIL - LOW DIFFERENTIAL PRESSURE; 16=COMPRESSOR OIL - HIGH DIFFERENTIAL PRESSURE; 17=COMPRESSOR OIL - PUMP PRESS XDCR OUT OF RANGE; 18=COMPRESSOR OIL - SUMP PRESS XDCR OUT OF RANGE; 19=COMPRESSOR OIL - HIGH PRESSURE; 20=COMPRESSOR OIL - DIFFERENTIAL PRESSURE CALIBRATION; 21=RESERVED 20; 22=OIL - VARIABLE SPEED PUMP - SETPOINT NOT ACHIEVED; 23=THRUST BEARING - PROXIMITY PROBE CLEARANCE - FWD; 24=THRUST BEARING - PROXIMITY PROBE CLEARANCE - REV; 25=THRUST BEARING - PROXIMITY PROBE UNCALIBRATED; 26=THRUST BEARING - PROXIMITY PROBE OUT OF RANGE; 27=THRUST BEARING - LIMIT SWITCH; 28=RESERVED 27; 29=TURBINE - LOW OIL PRESSURE; 30=RESERVED 29; 31=TURBINE - HIGH OIL TEMPERATURE; 32=RESERVED 31; 33=TURBINE - GOVERNOR END BEARING HIGH TEMPERATURE; 34=TURBINE - SHAFT END BEARING HIGH TEMPERATURE; 35=TURBINE - GOVERNOR END VIBRATION; 36=TURBINE - SHAFT END VIBRATION; 37=TURBINE - HIGH INLET STEAM PRESSURE; 38=TURBINE - HIGH EXHAUST STEAM PRESSURE; 39=TURBINE - HOTWELL LOW LEVEL; 40=TURBINE - HOTWELL HIGH LEVEL - ANALOG; 41=TURBINE - HOTWELL PUMP FAILURE; 42=TURBINE - VACUUM SEAL FAILURE; 43=TURBINE - VACUUM PUMP FAILURE; 44=TURBINE - HIGH VACUUM PRESSURE; 45=TURBINE - UNDERSPEED WHILE STARTING; 46=TURBINE - UNDERSPEED WHILE RUNNING; 47=TURBINE - STEAM SUPPLY VALVE MALFUNCTION; 48=TURBINE - OVERSPEED; 49=TURBINE - MECHANICAL OVERSPEED TEST FAILURE; 50=TURBINE - UNDERSPEED DIP WHILE STARTING; 51=TURBINE - UNDERSPEED DIP WHILE RUNNING; 52=TURBINE - EXCESSIVE SLOW ROLL; 53=TURBINE - MECHANICAL TRIP; 54=TURBINE - EXCESSIVE START DELAY; 55=TURBINE - SHAFT BEARING TEMPERATURE OUT OF RANGE; 56=TURBINE - OIL TEMPERATURE OUT OF RANGE; 57=TURBINE - OIL PRESSURE OUT OF RANGE; 58=TURBINE - HOTWELL HIGH LEVEL - DIGITAL; 59=MPU FAILURE; 60=SLOW ROLL OVERSPEED; 61=TURBINE - GOVERNOR END HORIZONTAL VIBRATION; 62=TURBINE - GOVERNOR END VERTICAL VIBRATION; 63=TURBINE - SHAFT END HORIZONTAL VIBRATION; 64=TURBINE - GOVERNOR END VERTICAL VIBRATION; 65=TURBINE - GOVR END HORIZ VIBRATION OUT OF RANGE; 66=TURBINE - GOV END VERT VIBRATION OUT OF RANGE; 67=TURBINE - SHAFT END HORIZ VIBRATION OUT OF RANGE; 68=TURBINE - GOV END VERT VIBRATION OUT OF RANGE; 69=COMPRESSOR - HORIZ VIBRATION OUT OF RANGE; 70=COMPRESSOR - VERTICAL VIBRATION OUT OF RANGE; 71=SAFETY SHUTDOWN - STEAM SUPPLY OUT OF RANGE
GTP-NAE189,NAE189/Field Bus2.BNET-CH3.UNIT WARNING FAULT CODE,MV:3007383,UNIT WARNING FAULT CODE,Unit Alarm / Warning Code,1=NO MALFUNCTION; 2=REAL-TIME CLOCK FAILURE; 3=SETPOINT OVERRIDE; 4=RESERVED 3; 5=CONDENSER OR EVAPORATOR TRANSDUCER ERROR; 6=EVAPORATOR - LOW PRESSURE LIMIT; 7=CONSENSER - HIGH PRESSURE LIMIT; 8=CONDENSER TRANSDUCER ERROR; 9=FREEZE THREAT FROM OPERATING CHILLER; 10=REFRIGERANT LEVEL OUT OF RANGE; 11=SEAL LUBRICATION IN PROCESS; 12=STANDBY LUBE - LOW OIL PRESSURE; 13=RESERVED 12; 14=TURBINE - HIGH CONDENSATE LEVEL; 15=TURBINE - OIL LOW PRESSURE; 16=TURBINE - AUXILIARY OIL LOW PRESSURE; 17=TURBINE - OIL HIGH TEMPERATURE; 18=RESERVED 17; 19=TURBINE - AUXILIARY OIL PUMP OVERRUN; 20=TURBINE - SPEED SENSOR DIFFERENTIAL; 21=TURBINE - GOVERNOR END BEARING HIGH TEMPERATURE; 22=TURBINE - SHAFT END BEARING HIGH TEMPERATURE; 23=TURBINE - GOVERNOR END VIBRATION; 24=TURBINE - SHAFT END VIBRATION; 25=TURBINE - INLET STEAM HIGH PRESSURE; 26=TURBINE - EXHAUST STEAM HIGH PRESSURE; 27=TURBINE - HOTWELL LOW LEVEL; 28=TURBINE - HOTWELL HIGH LEVEL; 29=TURBINE - HOTWELL LEAD PUMP; 30=TURBINE - VACUUM LEAD SEAL; 31=TURBINE - VACUUM LEAD PUMP; 32=TURBINE - VACUUM HIGH PRESSURE; 33=TURBINE - HIGH CONDENSATE DRAIN LEVEL; 34=MECHANICAL OVERSPEED TEST IN PROGRESS; 35=VACUUM PUMP OVERRRUN; 36=TURBINE - GOVERNOR END HORIZONTAL VIBRATION; 37=TURBINE - GOVERNOR END VERTICAL VIBRATION; 38=TURBINE - SHAFT END HORIZONTAL VIBRATION; 39=TURBINE - GOVERNOR END VERTICAL VIBRATION; 40=EVAPORATOR LOW PRESSURE OVERRIDE; 41=CONDENSER HIGH PRESSURE OVERRIDE; 42=TURBINE POWER LIMITER OVERRIDE; 43=AUTO CAPACITY CONTROL UNAVAILABLE; 44=CONDENSER OR VGD SENSOR FAILURE; 45=CONDITIONS OVERRIDE VGD
GTP-NAE189,NAE189/Field Bus2.BNET-CH4.BACnet Encode Type,MV:3007503,BACnet Encode Type,BACnet Encode Type,1=ISO 10646 (UCS-2); 2=ANSI X3.4 (US-ASCII)
GTP-NAE189,NAE189/Field Bus2.BNET-CH4.EQ Port Locked Protocol,MV:3007506,EQ Port Locked Protocol,EQ Port Locked Protocol,1=No Protocol; 2=YorkTalk 3 Master; 3=YorkTalk 2 Master; 4=MSTP Master; 5=Modbus Master; 6=Modbus Slave; 7=N2 Master; 8=N2 Slave; 9=Zigbee Coordinator; 10=Zigbee Router
GTP-NAE189,NAE189/Field Bus2.BNET-CH4.Model Number,MV:3007505,Model Number,Model Number,1=; 2=MS-IOM1710-0; 3=MS-IOM2710-0; 4=MS-IOM3710-0; 5=MS-IOM4710-0; 6=MS-FEC1610-0; 7=MS-FEC2610-0; 8=Unused 7; 9=MS-FEC3610-0; 10=MS-VMA1610-0; 11=MS-VMA1620-0; 12=Unused 11; 13=Unused 12; 14=MS-DIS1710-0; 15=MS-ZFR1810-0; 16=MS-ZFR1811-0; 17=MS-NCE25; 18=MS-FCP1610-0; 19=MS-FEC1611-0; 20=MS-FEC2611-0; 21=MS-IOM1711-0; 22=MS-IOM2711-0; 23=MS-IOM3711-0; 24=MS-IOM4711-0; 25=MS-IOM2721-0; 26=MS-IOM3721-0; 27=MS-IOM3731-0; 28=MS-IOM3741-0; 29=FX-PCX2721-0; 30=FX-PCX3721-0; 31=FX-PCX3731-0; 32=FX-PCX4741-0; 33=MS-VMA1615-0; 34=MS-VMA1630-0; 35=FX-PCV1615-0; 36=FX-PCV1630-0; 37=MS-FAC3611-0; 38=MS-FAC3711-0; 39=FX-PCA3611-0; 40=FX-PCA3711-0; 41=FX-PCG1611-0; 42=FX-PCG2611-0; 43=FX-PCV1610-0; 44=FX-PCV1620-0; 45=FX-PCX1711-0; 46=FX-PCX2711-0; 47=FX-PCX3711-0; 48=FX-PCX4711-0; 49=FX-DIS1710-0; 50=FX-ZFR1810-0; 51=FX-ZFR1811-0; 52=MS-FAC2612-0; 53=Unused 52; 54=MS-FAC2611-0; 55=MS-FCP1612-0; 56=; 57=; 58=; 59=; 60=; 61=; 62=; 63=; 64=MS-VRF-IB; 65=MS-VRF-OB; 66=FX-BTCVT-0; 67=MS-BTCVT-0; 68=MS-ZFR1611-0; 69=MS-ZFR1612-0; 70=LC-RTU10xx-0; 71=LC-BYP100-0; 72=LC-PEC100-0; 73=LC-IOM100-0; 74=LC-ZEC100-0; 75=LC-VRT10xx-0; 76=LC-ZEC200-0; 77=FX-PCA2611-0; 78=FX-PCA2612-0; 79=MS-FCU1611-0; 80=MS-FCU1612-0; 81=MS-VAV1611-0; 82=MS-VMA1815-0; 83=MS-VMA1817-0; 84=MS-VMA1830-0; 85=MS-VMA1832-0; 86=MS-VMA1617-0; 87=MS-VMA1632-0; 88=FX-PCV1815-0; 89=FX-PCV1830-0; 90=SE-SPU1001-0; 91=SE-SPU1002-0; 92=SE-SPU1004-0; 93=SE-ECO1001-0; 94=SE-FDD1001-0; 95=SE-OEM1001-0; 96=FX-PCV1832-0; 97=FX-PCV1617-0; 98=FX-PCV1632-0; 99=MS-ZFR1810-1; 100=MS-ZFR1811-1; 101=MS-ZFR1820-0; 102=MS-ZFR1821-0; 103=FX-ZFR1810-1; 104=FX-ZFR1811-1; 105=FX-ZFR1820-0; 106=FX-ZFR1821-0; 107=SE-SCG1001-0; 108=MS-IOM3732-0; 109=SE-TEC3000-0; 110=SE-SCC1001-0; 111=MS-VMA1626-0; 112=MS-VMA1628-0; 113=MS-VMA1629-0; 114=MS-VMA1826-0; 115=FX-PCV1626-0; 116=FX-PCV1628-0; 117=FX-PCV1629-0; 118=FX-PCV1826-0; 119=LC-BYP200-0; 120=LC-ZEC300-0; 121=LC-ZEC400-0; 122=OEM-ECO1000-0; 123=MS-FEC2511-0; 124=SE-HLR1001-0; 125=SE-HLR1002-0; 126=PK-OEM1800-0; 127=PK-OEM3200-0; 128=MS-VMA1656-0; 129=FX-PCV1656-0; 130=FX-PCG2511-0; 131=LC-VZC100-0; 132=LC-ZEC310-0; 133=LC-ZEC410-0; 134=PK-IOM5711-0; 135=PK-IOM5721-0; 136=PK-IOM5731-0; 137=PK-IOM1711-0; 138=PK-IOM2711-0; 139=PK-IOM2721-0; 140=PK-IOM3721-0; 141=PK-IOM3731-0; 142=PK-IOM3711-0; 143=PK-IOM4711-0; 144=MS-FAC3613-0; 145=MS-FAC4911-0; 146=MS-IOM2723-0; 147=MS-IOM3723-0; 148=MS-IOM3733-0; 149=FX-PCA3613-0; 150=FX-PCA4911-0; 151=FX-PCX2723-0; 152=FX-PCX3723-0; 153=FX-PCX3733-0; 154=FX-PCV1930-0; 155=MS-VMA1930-0; 156=LC-VEC100-0; 157=T8800-TB20-0; 158=T8800-TF20-0; 159=T8800-TB21-0; 160=SE-AHU1001-0; 161=SE-CND1001-0; 162=SE-CTB1001-0; 163=SE-OPT1001-0; 164=SE-DIS1001-0; 165=SE-CPO1001-0; 166=MS-FAC2513-0; 167=FX-PCA2513-0; 168=LC-IOM200-0; 169=MS-VMA1631-0; 170=LC-ZEC510-0; 171=SE-ZEC500-0; 172=MV-ECO1011-0; 173=LC-TUC0312-0; 174=TE-74-0; 175=LC-ZFR1825-0; 176=LC-ATC1100-0; 177=LC-ATC1500-0; 178=LC-VAC1000-0; 179=LC-VAC3000-0; 180=M4-CVM03050-0; 181=F4-CVM03050-0; 182=M4-CGM09090-0; 183=F4-CGM09090-0; 184=SE-TEC3000-1; 185=C4-CVM03050-0; 186=C4-CGM09090-0; 187=M4-CVE03050-0; 188=F4-CVE03050-0; 189=C4-CVE03050-0; 190=M4-CGE09090-0; 191=F4-CGE09090-0; 192=C4-CGE09090-0; 193=SE-RTU1001-0; 194=MR5XX-0; 195=A52X-0; 196=DR5XX-0; 197=HS-OEM1800-0; 198=HS-OEM3200-0; 199=M4-SNC25150-0; 200=LC-ATC1510-0; 201=SE-ZEC512-0; 202=M4-SNC16120-0; 203=M4-CGM04060-0; 204=F4-CGM04060-0; 205=C4-CGM04060-0; 206=M4-XPM04060-0; 207=F4-XPM04060-0; 208=C4-XPM04060-0; 209=M4-XPM09090-0; 210=F4-XPM09090-0; 211=C4-XPM09090-0; 212=M4-CGE04060-0; 213=F4-CGE04060-0; 214=C4-CGE04060-0; 215=F4-SNC25151-0; 216=F4-SNC16121-0; 217=JC-VAV1507-0; 218=; 219=; 220=; 221=; 222=; 223=; 224=; 225=; 226=; 227=; 228=; 229=; 230=; 231=; 232=; 233=; 234=; 235=; 236=; 237=; 238=; 239=; 240=; 241=; 242=; 243=; 244=; 245=; 246=; 247=; 248=; 249=; 250=; 251=; 252=; 253=; 254=; 255=; 256=MS_INVALID_PRODUCT_ID
GTP-NAE189,NAE189/Field Bus2.BNET-CH4.TURBINE STATUS CODE,MV:3007480,TURBINE STATUS CODE,Turbine Status Code,1=STOPPED; 2=SYSTEM STARTING; 3=READY TO BEGIN SLOW ROLL (MANUAL); 4=WAITING FOR STEAM FLOW (M)|SYSTEM STARTING (A)|SLOW ROLLING; 5=TURBINE IDLING - HIGH EXHAUST PRESSURE; 6=READY TO RUN (MANUAL); 7=READY TO RUN (AUTO) / RAMPING TO RATED SPEED; 8=STABILIZING; 9=RUNNING; 10=UNLOADING BEFORE SHUTDOWN; 11=COMPRESSOR SHUTDOWN; TURBINE COOLDOWN; 12=RESERVED 11; 13=RESERVED 12; 14=RESERVED 13; 15=RESERVED 14; 16=RESERVED 15
GTP-NAE189,NAE189/Field Bus2.BNET-CH4.UNIT CONTROL SOURCE,MV:3007479,UNIT CONTROL SOURCE,Unit Control Source,1=Local; 2=ISN (BAS); 3=Analog; 4=Digital; 5=Modem; 6=Remote
GTP-NAE189,NAE189/Field Bus2.BNET-CH4.UNIT CYCLING FAULT CODE,MV:3007477,UNIT CYCLING FAULT CODE,Unit Cycling Shutdown Code,1=NO MALFUNCTION; 2=RESERVED 1; 3=REMOTE CYCLING; 4=LOW COMPRESSR OIL DIFFERENTIAL TEMPERATURE; 5=LOW COMPRESSR SUMP OIL TEMPERATURE; 6=CONTROL PANEL - POWER FAIL (AUTOSTART); 7=EVAPORATOR - LOW CHILLED LIQUID TEMPERATURE; 8=EVAPORATOR - FLOW SWITCH OPEN; 9=CHILLER CONDENSER - FLOW SWITCH OPEN; 10=CONTROL PANEL - SCHEDULE SHUTDOWN; 11=PROXIMITY PROBE - LOW SUPPLY VOLTAGE; 12=OIL - VARIABLE SPEED PUMP - DRIVE CONTACTS OPEN; 13=EXPANSION I/O SERIAL COMMUNICATIONS; 14=RESERVED 13; 15=RESERVED 14; 16=RESERVED 15
GTP-NAE189,NAE189/Field Bus2.BNET-CH4.UNIT INHIBIT FAULT CODE,MV:3007482,UNIT INHIBIT FAULT CODE,Unit Inhibit Fault Code,1=NO INHIBIT FAULTS PRESENT; 2=VANE MOTOR SWITCH OPEN; 3=TURBINE VIBRATION SENSOR FAULT; 4=VANES UNCALIBRATED; 5=COMPRESSOR VIBRATION SENSOR FAULT; 6=RESERVED 5
GTP-NAE189,NAE189/Field Bus2.BNET-CH4.UNIT INTERNAL FAULT CODE,MV:3007483,UNIT INTERNAL FAULT CODE,Unit Internal Fault Code,1=NO INTERNAL FAULTS PRESENT; 2=INTERNAL ERROR - NO TIMER HANDLES AVAILABLE; 3=WATCHDOG - SOFTWARE REBOOT; 4=INTERNAL ERROR - CANNOT CREATE TASK; 5=RESERVED 4; 6=RESERVED 5
GTP-NAE189,NAE189/Field Bus2.BNET-CH4.UNIT MODIF RUN FLT CODE,MV:3007481,UNIT MODIF RUN FLT CODE,Unit Modified Run Fault Code,1=NO MODIFIED RUN CONDITIONS PRESENT; 2=LEAVING CHILLED LIQUID CONTROL; 3=VANES CLOSING BEFORE SHUTDOWN; 4=SLIDE VALVE UNLOADING BEFORE SHUTDOWN; 5=SEAL LUBE IN PROCESS; 6=RESERVED 5
GTP-NAE189,NAE189/Field Bus2.BNET-CH4.UNIT OPERATION CODE,MV:3007475,UNIT OPERATION CODE,Unit Operation Code,1=UNIT STOPPED - READY TO START; 2=UNIT STOPPED - LOCAL SHUTDOWN; 3=UNIT STOPPED -REMOTE SHUTDOWN; 4=UNIT STOPPED WARNING ACTIVE*; 5=UNIT STOPPED - CYCLING SHUTDOWN*; 6=UNIT STOPPED - SAFETY SHUTDOWN*; 7=UNIT START INHIBIT*; 8=UNIT STARTING*; 9=UNIT RUNNING - NO ABNORMAL CONDITION; 10=UNIT RUNNING - WARNING ACTIVE*; 11=UNIT RUNNING - CHILLER UNLOAD BEFORE SHUTDOWN*; 12=UNIT COASTDOWN / LOCKOUT DELAY; 13=UNIT STOPPED - TURBINE COOLDOWN; 14=UNIT STOPPED - INTERNAL SHUTDOWN*; 15=RESERVED 14; 16=RESERVED 15
GTP-NAE189,NAE189/Field Bus2.BNET-CH4.UNIT SAFETY FAULT CODE,MV:3007476,UNIT SAFETY FAULT CODE,Unit Safety Shutdown Code,1=NO MALFUNCTION; 2=EVAPORATOR - LOW PRESSURE; 3=EVAPORATOR - TRANSDUCER OR LEAVING LIQUID PROBE; 4=EVAPORATOR - TRANSDUCER OR TEMPERATURE SENSOR; 5=EVAPORATOR - LOW TEMPERATURE; 6=EVAPORATOR - LOW PRESSURE - SMART FREEZE; 7=CONDENSER - HIGH PRESSURE CONTACTS OPEN; 8=CONDENSER - HIGH PRESSURE; 9=CONDENSER - PRESSURE TRANSDUCER OUT OF RANGE; 10=AUXILIARY SAFETY - CONTACTS CLOSED; 11=CONTROL PANEL - POWER FAILURE (MANUAL RESTART); 12=DISCHARGE - LOW TEMPERATURE; 13=DISCHARGE - HIGH TEMPERATURE; 14=COMPRESSOR OIL - HIGH TEMPERATURE; 15=COMPRESSOR OIL - LOW DIFFERENTIAL PRESSURE; 16=COMPRESSOR OIL - HIGH DIFFERENTIAL PRESSURE; 17=COMPRESSOR OIL - PUMP PRESS XDCR OUT OF RANGE; 18=COMPRESSOR OIL - SUMP PRESS XDCR OUT OF RANGE; 19=COMPRESSOR OIL - HIGH PRESSURE; 20=COMPRESSOR OIL - DIFFERENTIAL PRESSURE CALIBRATION; 21=RESERVED 20; 22=OIL - VARIABLE SPEED PUMP - SETPOINT NOT ACHIEVED; 23=THRUST BEARING - PROXIMITY PROBE CLEARANCE - FWD; 24=THRUST BEARING - PROXIMITY PROBE CLEARANCE - REV; 25=THRUST BEARING - PROXIMITY PROBE UNCALIBRATED; 26=THRUST BEARING - PROXIMITY PROBE OUT OF RANGE; 27=THRUST BEARING - LIMIT SWITCH; 28=RESERVED 27; 29=TURBINE - LOW OIL PRESSURE; 30=RESERVED 29; 31=TURBINE - HIGH OIL TEMPERATURE; 32=RESERVED 31; 33=TURBINE - GOVERNOR END BEARING HIGH TEMPERATURE; 34=TURBINE - SHAFT END BEARING HIGH TEMPERATURE; 35=TURBINE - GOVERNOR END VIBRATION; 36=TURBINE - SHAFT END VIBRATION; 37=TURBINE - HIGH INLET STEAM PRESSURE; 38=TURBINE - HIGH EXHAUST STEAM PRESSURE; 39=TURBINE - HOTWELL LOW LEVEL; 40=TURBINE - HOTWELL HIGH LEVEL - ANALOG; 41=TURBINE - HOTWELL PUMP FAILURE; 42=TURBINE - VACUUM SEAL FAILURE; 43=TURBINE - VACUUM PUMP FAILURE; 44=TURBINE - HIGH VACUUM PRESSURE; 45=TURBINE - UNDERSPEED WHILE STARTING; 46=TURBINE - UNDERSPEED WHILE RUNNING; 47=TURBINE - STEAM SUPPLY VALVE MALFUNCTION; 48=TURBINE - OVERSPEED; 49=TURBINE - MECHANICAL OVERSPEED TEST FAILURE; 50=TURBINE - UNDERSPEED DIP WHILE STARTING; 51=TURBINE - UNDERSPEED DIP WHILE RUNNING; 52=TURBINE - EXCESSIVE SLOW ROLL; 53=TURBINE - MECHANICAL TRIP; 54=TURBINE - EXCESSIVE START DELAY; 55=TURBINE - SHAFT BEARING TEMPERATURE OUT OF RANGE; 56=TURBINE - OIL TEMPERATURE OUT OF RANGE; 57=TURBINE - OIL PRESSURE OUT OF RANGE; 58=TURBINE - HOTWELL HIGH LEVEL - DIGITAL; 59=MPU FAILURE; 60=SLOW ROLL OVERSPEED; 61=TURBINE - GOVERNOR END HORIZONTAL VIBRATION; 62=TURBINE - GOVERNOR END VERTICAL VIBRATION; 63=TURBINE - SHAFT END HORIZONTAL VIBRATION; 64=TURBINE - GOVERNOR END VERTICAL VIBRATION; 65=TURBINE - GOVR END HORIZ VIBRATION OUT OF RANGE; 66=TURBINE - GOV END VERT VIBRATION OUT OF RANGE; 67=TURBINE - SHAFT END HORIZ VIBRATION OUT OF RANGE; 68=TURBINE - GOV END VERT VIBRATION OUT OF RANGE; 69=COMPRESSOR - HORIZ VIBRATION OUT OF RANGE; 70=COMPRESSOR - VERTICAL VIBRATION OUT OF RANGE; 71=SAFETY SHUTDOWN - STEAM SUPPLY OUT OF RANGE
GTP-NAE189,NAE189/Field Bus2.BNET-CH4.UNIT WARNING FAULT CODE,MV:3007478,UNIT WARNING FAULT CODE,Unit Alarm / Warning Code,1=NO MALFUNCTION; 2=REAL-TIME CLOCK FAILURE; 3=SETPOINT OVERRIDE; 4=RESERVED 3; 5=CONDENSER OR EVAPORATOR TRANSDUCER ERROR; 6=EVAPORATOR - LOW PRESSURE LIMIT; 7=CONSENSER - HIGH PRESSURE LIMIT; 8=CONDENSER TRANSDUCER ERROR; 9=FREEZE THREAT FROM OPERATING CHILLER; 10=REFRIGERANT LEVEL OUT OF RANGE; 11=SEAL LUBRICATION IN PROCESS; 12=STANDBY LUBE - LOW OIL PRESSURE; 13=RESERVED 12; 14=TURBINE - HIGH CONDENSATE LEVEL; 15=TURBINE - OIL LOW PRESSURE; 16=TURBINE - AUXILIARY OIL LOW PRESSURE; 17=TURBINE - OIL HIGH TEMPERATURE; 18=RESERVED 17; 19=TURBINE - AUXILIARY OIL PUMP OVERRUN; 20=TURBINE - SPEED SENSOR DIFFERENTIAL; 21=TURBINE - GOVERNOR END BEARING HIGH TEMPERATURE; 22=TURBINE - SHAFT END BEARING HIGH TEMPERATURE; 23=TURBINE - GOVERNOR END VIBRATION; 24=TURBINE - SHAFT END VIBRATION; 25=TURBINE - INLET STEAM HIGH PRESSURE; 26=TURBINE - EXHAUST STEAM HIGH PRESSURE; 27=TURBINE - HOTWELL LOW LEVEL; 28=TURBINE - HOTWELL HIGH LEVEL; 29=TURBINE - HOTWELL LEAD PUMP; 30=TURBINE - VACUUM LEAD SEAL; 31=TURBINE - VACUUM LEAD PUMP; 32=TURBINE - VACUUM HIGH PRESSURE; 33=TURBINE - HIGH CONDENSATE DRAIN LEVEL; 34=MECHANICAL OVERSPEED TEST IN PROGRESS; 35=VACUUM PUMP OVERRRUN; 36=TURBINE - GOVERNOR END HORIZONTAL VIBRATION; 37=TURBINE - GOVERNOR END VERTICAL VIBRATION; 38=TURBINE - SHAFT END HORIZONTAL VIBRATION; 39=TURBINE - GOVERNOR END VERTICAL VIBRATION; 40=EVAPORATOR LOW PRESSURE OVERRIDE; 41=CONDENSER HIGH PRESSURE OVERRIDE; 42=TURBINE POWER LIMITER OVERRIDE; 43=AUTO CAPACITY CONTROL UNAVAILABLE; 44=CONDENSER OR VGD SENSOR FAILURE; 45=CONDITIONS OVERRIDE VGD
GTP-NAE189,NAE189/Field Bus2.BNET-CH4.Units,MV:3007504,Units,Units,1=IP; 2=SI
GTP-NAE189,NAE189/Field Bus2.BNET-CH5.TURBINE STATUS CODE,MV:3008276,TURBINE STATUS CODE,Turbine Status Code,1=STOPPED; 2=SYSTEM STARTING; 3=READY TO BEGIN SLOW ROLL (MANUAL); 4=WAITING FOR STEAM FLOW (M)|SYSTEM STARTING (A)|SLOW ROLLING; 5=TURBINE IDLING - HIGH EXHAUST PRESSURE; 6=READY TO RUN (MANUAL); 7=READY TO RUN (AUTO) / RAMPING TO RATED SPEED; 8=STABILIZING; 9=RUNNING; 10=UNLOADING BEFORE SHUTDOWN; 11=COMPRESSOR SHUTDOWN; TURBINE COOLDOWN; 12=RESERVED 11; 13=RESERVED 12; 14=RESERVED 13; 15=RESERVED 14; 16=RESERVED 15
GTP-NAE189,NAE189/Field Bus2.BNET-CH5.UNIT CONTROL SOURCE,MV:3008275,UNIT CONTROL SOURCE,Unit Control Source,1=Local; 2=ISN (BAS); 3=Analog; 4=Digital; 5=Modem; 6=Remote
GTP-NAE189,NAE189/Field Bus2.BNET-CH5.UNIT CYCLING FAULT CODE,MV:3008273,UNIT CYCLING FAULT CODE,Unit Cycling Shutdown Code,1=NO MALFUNCTION; 2=RESERVED 1; 3=REMOTE CYCLING; 4=LOW COMPRESSR OIL DIFFERENTIAL TEMPERATURE; 5=LOW COMPRESSR SUMP OIL TEMPERATURE; 6=CONTROL PANEL - POWER FAIL (AUTOSTART); 7=EVAPORATOR - LOW CHILLED LIQUID TEMPERATURE; 8=EVAPORATOR - FLOW SWITCH OPEN; 9=CHILLER CONDENSER - FLOW SWITCH OPEN; 10=CONTROL PANEL - SCHEDULE SHUTDOWN; 11=PROXIMITY PROBE - LOW SUPPLY VOLTAGE; 12=OIL - VARIABLE SPEED PUMP - DRIVE CONTACTS OPEN; 13=EXPANSION I/O SERIAL COMMUNICATIONS; 14=RESERVED 13; 15=RESERVED 14; 16=RESERVED 15
GTP-NAE189,NAE189/Field Bus2.BNET-CH5.UNIT INHIBIT FAULT CODE,MV:3008278,UNIT INHIBIT FAULT CODE,Unit Inhibit Fault Code,1=NO INHIBIT FAULTS PRESENT; 2=VANE MOTOR SWITCH OPEN; 3=TURBINE VIBRATION SENSOR FAULT; 4=VANES UNCALIBRATED; 5=COMPRESSOR VIBRATION SENSOR FAULT; 6=RESERVED 5
GTP-NAE189,NAE189/Field Bus2.BNET-CH5.UNIT INTERNAL FAULT CODE,MV:3008279,UNIT INTERNAL FAULT CODE,Unit Internal Fault Code,1=NO INTERNAL FAULTS PRESENT; 2=INTERNAL ERROR - NO TIMER HANDLES AVAILABLE; 3=WATCHDOG - SOFTWARE REBOOT; 4=INTERNAL ERROR - CANNOT CREATE TASK; 5=RESERVED 4; 6=RESERVED 5
GTP-NAE189,NAE189/Field Bus2.BNET-CH5.UNIT MODIF RUN FLT CODE,MV:3008277,UNIT MODIF RUN FLT CODE,Unit Modified Run Fault Code,1=NO MODIFIED RUN CONDITIONS PRESENT; 2=LEAVING CHILLED LIQUID CONTROL; 3=VANES CLOSING BEFORE SHUTDOWN; 4=SLIDE VALVE UNLOADING BEFORE SHUTDOWN; 5=SEAL LUBE IN PROCESS; 6=RESERVED 5
GTP-NAE189,NAE189/Field Bus2.BNET-CH5.UNIT OPERATION CODE,MV:3008271,UNIT OPERATION CODE,Unit Operation Code,1=UNIT STOPPED - READY TO START; 2=UNIT STOPPED - LOCAL SHUTDOWN; 3=UNIT STOPPED -REMOTE SHUTDOWN; 4=UNIT STOPPED WARNING ACTIVE*; 5=UNIT STOPPED - CYCLING SHUTDOWN*; 6=UNIT STOPPED - SAFETY SHUTDOWN*; 7=UNIT START INHIBIT*; 8=UNIT STARTING*; 9=UNIT RUNNING - NO ABNORMAL CONDITION; 10=UNIT RUNNING - WARNING ACTIVE*; 11=UNIT RUNNING - CHILLER UNLOAD BEFORE SHUTDOWN*; 12=UNIT COASTDOWN / LOCKOUT DELAY; 13=UNIT STOPPED - TURBINE COOLDOWN; 14=UNIT STOPPED - INTERNAL SHUTDOWN*; 15=RESERVED 14; 16=RESERVED 15
GTP-NAE189,NAE189/Field Bus2.BNET-CH5.UNIT SAFETY FAULT CODE,MV:3008272,UNIT SAFETY FAULT CODE,Unit Safety Shutdown Code,1=NO MALFUNCTION; 2=EVAPORATOR - LOW PRESSURE; 3=EVAPORATOR - TRANSDUCER OR LEAVING LIQUID PROBE; 4=EVAPORATOR - TRANSDUCER OR TEMPERATURE SENSOR; 5=EVAPORATOR - LOW TEMPERATURE; 6=EVAPORATOR - LOW PRESSURE - SMART FREEZE; 7=CONDENSER - HIGH PRESSURE CONTACTS OPEN; 8=CONDENSER - HIGH PRESSURE; 9=CONDENSER - PRESSURE TRANSDUCER OUT OF RANGE; 10=AUXILIARY SAFETY - CONTACTS CLOSED; 11=CONTROL PANEL - POWER FAILURE (MANUAL RESTART); 12=DISCHARGE - LOW TEMPERATURE; 13=DISCHARGE - HIGH TEMPERATURE; 14=COMPRESSOR OIL - HIGH TEMPERATURE; 15=COMPRESSOR OIL - LOW DIFFERENTIAL PRESSURE; 16=COMPRESSOR OIL - HIGH DIFFERENTIAL PRESSURE; 17=COMPRESSOR OIL - PUMP PRESS XDCR OUT OF RANGE; 18=COMPRESSOR OIL - SUMP PRESS XDCR OUT OF RANGE; 19=COMPRESSOR OIL - HIGH PRESSURE; 20=COMPRESSOR OIL - DIFFERENTIAL PRESSURE CALIBRATION; 21=RESERVED 20; 22=OIL - VARIABLE SPEED PUMP - SETPOINT NOT ACHIEVED; 23=THRUST BEARING - PROXIMITY PROBE CLEARANCE - FWD; 24=THRUST BEARING - PROXIMITY PROBE CLEARANCE - REV; 25=THRUST BEARING - PROXIMITY PROBE UNCALIBRATED; 26=THRUST BEARING - PROXIMITY PROBE OUT OF RANGE; 27=THRUST BEARING - LIMIT SWITCH; 28=RESERVED 27; 29=TURBINE - LOW OIL PRESSURE; 30=RESERVED 29; 31=TURBINE - HIGH OIL TEMPERATURE; 32=RESERVED 31; 33=TURBINE - GOVERNOR END BEARING HIGH TEMPERATURE; 34=TURBINE - SHAFT END BEARING HIGH TEMPERATURE; 35=TURBINE - GOVERNOR END VIBRATION; 36=TURBINE - SHAFT END VIBRATION; 37=TURBINE - HIGH INLET STEAM PRESSURE; 38=TURBINE - HIGH EXHAUST STEAM PRESSURE; 39=TURBINE - HOTWELL LOW LEVEL; 40=TURBINE - HOTWELL HIGH LEVEL - ANALOG; 41=TURBINE - HOTWELL PUMP FAILURE; 42=TURBINE - VACUUM SEAL FAILURE; 43=TURBINE - VACUUM PUMP FAILURE; 44=TURBINE - HIGH VACUUM PRESSURE; 45=TURBINE - UNDERSPEED WHILE STARTING; 46=TURBINE - UNDERSPEED WHILE RUNNING; 47=TURBINE - STEAM SUPPLY VALVE MALFUNCTION; 48=TURBINE - OVERSPEED; 49=TURBINE - MECHANICAL OVERSPEED TEST FAILURE; 50=TURBINE - UNDERSPEED DIP WHILE STARTING; 51=TURBINE - UNDERSPEED DIP WHILE RUNNING; 52=TURBINE - EXCESSIVE SLOW ROLL; 53=TURBINE - MECHANICAL TRIP; 54=TURBINE - EXCESSIVE START DELAY; 55=TURBINE - SHAFT BEARING TEMPERATURE OUT OF RANGE; 56=TURBINE - OIL TEMPERATURE OUT OF RANGE; 57=TURBINE - OIL PRESSURE OUT OF RANGE; 58=TURBINE - HOTWELL HIGH LEVEL - DIGITAL; 59=MPU FAILURE; 60=SLOW ROLL OVERSPEED; 61=TURBINE - GOVERNOR END HORIZONTAL VIBRATION; 62=TURBINE - GOVERNOR END VERTICAL VIBRATION; 63=TURBINE - SHAFT END HORIZONTAL VIBRATION; 64=TURBINE - GOVERNOR END VERTICAL VIBRATION; 65=TURBINE - GOVR END HORIZ VIBRATION OUT OF RANGE; 66=TURBINE - GOV END VERT VIBRATION OUT OF RANGE; 67=TURBINE - SHAFT END HORIZ VIBRATION OUT OF RANGE; 68=TURBINE - GOV END VERT VIBRATION OUT OF RANGE; 69=COMPRESSOR - HORIZ VIBRATION OUT OF RANGE; 70=COMPRESSOR - VERTICAL VIBRATION OUT OF RANGE; 71=SAFETY SHUTDOWN - STEAM SUPPLY OUT OF RANGE
GTP-NAE189,NAE189/Field Bus2.BNET-CH5.UNIT WARNING FAULT CODE,MV:3008274,UNIT WARNING FAULT CODE,Unit Alarm / Warning Code,1=NO MALFUNCTION; 2=REAL-TIME CLOCK FAILURE; 3=SETPOINT OVERRIDE; 4=RESERVED 3; 5=CONDENSER OR EVAPORATOR TRANSDUCER ERROR; 6=EVAPORATOR - LOW PRESSURE LIMIT; 7=CONSENSER - HIGH PRESSURE LIMIT; 8=CONDENSER TRANSDUCER ERROR; 9=FREEZE THREAT FROM OPERATING CHILLER; 10=REFRIGERANT LEVEL OUT OF RANGE; 11=SEAL LUBRICATION IN PROCESS; 12=STANDBY LUBE - LOW OIL PRESSURE; 13=RESERVED 12; 14=TURBINE - HIGH CONDENSATE LEVEL; 15=TURBINE - OIL LOW PRESSURE; 16=TURBINE - AUXILIARY OIL LOW PRESSURE; 17=TURBINE - OIL HIGH TEMPERATURE; 18=RESERVED 17; 19=TURBINE - AUXILIARY OIL PUMP OVERRUN; 20=TURBINE - SPEED SENSOR DIFFERENTIAL; 21=TURBINE - GOVERNOR END BEARING HIGH TEMPERATURE; 22=TURBINE - SHAFT END BEARING HIGH TEMPERATURE; 23=TURBINE - GOVERNOR END VIBRATION; 24=TURBINE - SHAFT END VIBRATION; 25=TURBINE - INLET STEAM HIGH PRESSURE; 26=TURBINE - EXHAUST STEAM HIGH PRESSURE; 27=TURBINE - HOTWELL LOW LEVEL; 28=TURBINE - HOTWELL HIGH LEVEL; 29=TURBINE - HOTWELL LEAD PUMP; 30=TURBINE - VACUUM LEAD SEAL; 31=TURBINE - VACUUM LEAD PUMP; 32=TURBINE - VACUUM HIGH PRESSURE; 33=TURBINE - HIGH CONDENSATE DRAIN LEVEL; 34=MECHANICAL OVERSPEED TEST IN PROGRESS; 35=VACUUM PUMP OVERRRUN; 36=TURBINE - GOVERNOR END HORIZONTAL VIBRATION; 37=TURBINE - GOVERNOR END VERTICAL VIBRATION; 38=TURBINE - SHAFT END HORIZONTAL VIBRATION; 39=TURBINE - GOVERNOR END VERTICAL VIBRATION; 40=EVAPORATOR LOW PRESSURE OVERRIDE; 41=CONDENSER HIGH PRESSURE OVERRIDE; 42=TURBINE POWER LIMITER OVERRIDE; 43=AUTO CAPACITY CONTROL UNAVAILABLE; 44=CONDENSER OR VGD SENSOR FAILURE; 45=CONDITIONS OVERRIDE VGD
Hearnes-NAE171,NAE171/Field Bus1.FCU-201.Parameters.AHU-STATE,MV:3050033,AHU-STATE,AHU State,1=Satisfied; 2=Econ; 3=Econ+Mech; 4=HX Cool+Mech; 5=HX Heat; 6=HX Heat+Preheat; 7=HX Heat+Preheat+Reheat; 8=Cooling Idle; 9=Heating Idle; 10=Temperature Unreliable
Hearnes-NAE171,NAE171/Field Bus1.FCU-201.Parameters.CLG-OUTSTATE,MV:3050021,CLG-OUTSTATE,Cooling Output State,1=Off; 2=Max; 3=Limited Max; 4=Hold; 5=Water Flush; 6=T Control; 7=H Control; 8=Failsoft; 9=Low OA Temperature
Hearnes-NAE171,NAE171/Field Bus1.FCU-201.Parameters.DATSP-STATE,MV:3050014,DATSP-STATE,Discharge Air Temp Setpt Output State,1=Off; 2=Hold; 3=Heating DA-T Reset; 4=Cooling DA-T Reset
Hearnes-NAE171,NAE171/Field Bus1.FCU-201.Parameters.EFF-OCC,MV:3050031,EFF-OCC,Efffective Occupancy,1=Occupied; 2=UnOccupied; 3=Bypass; 4=Standby
Hearnes-NAE171,NAE171/Field Bus1.FCU-201.Parameters.MOAD-OUTSTATE,MV:3050023,MOAD-OUTSTATE,Min OA Damper Output State,1=Close; 2=Open; 3=Hold
Hearnes-NAE171,NAE171/Field Bus1.FCU-201.Parameters.OCC-SCHEDULE,MV:3050020,OCC-SCHEDULE,Occupancy Schedule,1=Occupied; 2=UnOccupied; 3=Standby; 4=Not Set
Hearnes-NAE171,NAE171/Field Bus1.FCU-201.Parameters.RH-OUTSTATE,MV:3050022,RH-OUTSTATE,Reheat Output State,1=Off; 2=Max; 3=Limited Max; 4=Hold; 5=Water Flush; 6=T Control; 7=LL-T Control; 8=Failsoft; 9=Low OA Temperature; 10=Remain In Control
Hearnes-NAE171,NAE171/Field Bus1.FCU-201.Parameters.UNITEN-MODE,MV:3050024,UNITEN-MODE,Unit Enable Mode,1=Shutdown; 2=Enable
Hearnes-NAE171,NAE171/Field Bus1.FCU-201.Parameters.ZNT-STATE,MV:3050032,ZNT-STATE,Zone Temp State,1=Heating; 2=Satisfied; 3=Cooling; 4=Temperature Unreliable
Hearnes-NAE171,NAE171/Field Bus1.FCU-202.Parameters.AHU-STATE,MV:3050167,AHU-STATE,AHU State,1=Satisfied; 2=Econ; 3=Econ+Mech; 4=HX Cool+Mech; 5=HX Heat; 6=HX Heat+Preheat; 7=HX Heat+Preheat+Reheat; 8=Cooling Idle; 9=Heating Idle; 10=Temperature Unreliable
Hearnes-NAE171,NAE171/Field Bus1.FCU-202.Parameters.CLG-OUTSTATE,MV:3050155,CLG-OUTSTATE,Cooling Output State,1=Off; 2=Max; 3=Limited Max; 4=Hold; 5=Water Flush; 6=T Control; 7=H Control; 8=Failsoft; 9=Low OA Temperature
Hearnes-NAE171,NAE171/Field Bus1.FCU-202.Parameters.DATSP-STATE,MV:3050148,DATSP-STATE,Discharge Air Temp Setpt Output State,1=Off; 2=Hold; 3=Heating DA-T Reset; 4=Cooling DA-T Reset
Hearnes-NAE171,NAE171/Field Bus1.FCU-202.Parameters.EFF-OCC,MV:3050165,EFF-OCC,Efffective Occupancy,1=Occupied; 2=UnOccupied; 3=Bypass; 4=Standby
Hearnes-NAE171,NAE171/Field Bus1.FCU-202.Parameters.MOAD-OUTSTATE,MV:3050157,MOAD-OUTSTATE,Min OA Damper Output State,1=Close; 2=Open; 3=Hold
Hearnes-NAE171,NAE171/Field Bus1.FCU-202.Parameters.OCC-SCHEDULE,MV:3050154,OCC-SCHEDULE,Occupancy Schedule,1=Occupied; 2=UnOccupied; 3=Standby; 4=Not Set
Hearnes-NAE171,NAE171/Field Bus1.FCU-202.Parameters.RH-OUTSTATE,MV:3050156,RH-OUTSTATE,Reheat Output State,1=Off; 2=Max; 3=Limited Max; 4=Hold; 5=Water Flush; 6=T Control; 7=LL-T Control; 8=Failsoft; 9=Low OA Temperature; 10=Remain In Control
Hearnes-NAE171,NAE171/Field Bus1.FCU-202.Parameters.UNITEN-MODE,MV:3050158,UNITEN-MODE,Unit Enable Mode,1=Shutdown; 2=Enable
Hearnes-NAE171,NAE171/Field Bus1.FCU-202.Parameters.ZNT-STATE,MV:3050166,ZNT-STATE,Zone Temp State,1=Heating; 2=Satisfied; 3=Cooling; 4=Temperature Unreliable
Hearnes-NAE171,NAE171/Field Bus1.FCU-203.Parameters.AHU-STATE,MV:3050203,AHU-STATE,AHU State,1=Satisfied; 2=Econ; 3=Econ+Mech; 4=HX Cool+Mech; 5=HX Heat; 6=HX Heat+Preheat; 7=HX Heat+Preheat+Reheat; 8=Cooling Idle; 9=Heating Idle; 10=Temperature Unreliable
Hearnes-NAE171,NAE171/Field Bus1.FCU-203.Parameters.CLG-OUTSTATE,MV:3050191,CLG-OUTSTATE,Cooling Output State,1=Off; 2=Max; 3=Limited Max; 4=Hold; 5=Water Flush; 6=T Control; 7=H Control; 8=Failsoft; 9=Low OA Temperature
Hearnes-NAE171,NAE171/Field Bus1.FCU-203.Parameters.DATSP-STATE,MV:3050184,DATSP-STATE,Discharge Air Temp Setpt Output State,1=Off; 2=Hold; 3=Heating DA-T Reset; 4=Cooling DA-T Reset
Hearnes-NAE171,NAE171/Field Bus1.FCU-203.Parameters.EFF-OCC,MV:3050201,EFF-OCC,Efffective Occupancy,1=Occupied; 2=UnOccupied; 3=Bypass; 4=Standby
Hearnes-NAE171,NAE171/Field Bus1.FCU-203.Parameters.MOAD-OUTSTATE,MV:3050193,MOAD-OUTSTATE,Min OA Damper Output State,1=Close; 2=Open; 3=Hold
Hearnes-NAE171,NAE171/Field Bus1.FCU-203.Parameters.OCC-SCHEDULE,MV:3050190,OCC-SCHEDULE,Occupancy Schedule,1=Occupied; 2=UnOccupied; 3=Standby; 4=Not Set
Hearnes-NAE171,NAE171/Field Bus1.FCU-203.Parameters.RH-OUTSTATE,MV:3050192,RH-OUTSTATE,Reheat Output State,1=Off; 2=Max; 3=Limited Max; 4=Hold; 5=Water Flush; 6=T Control; 7=LL-T Control; 8=Failsoft; 9=Low OA Temperature; 10=Remain In Control
Hearnes-NAE171,NAE171/Field Bus1.FCU-203.Parameters.UNITEN-MODE,MV:3050194,UNITEN-MODE,Unit Enable Mode,1=Shutdown; 2=Enable
Hearnes-NAE171,NAE171/Field Bus1.FCU-203.Parameters.ZNT-STATE,MV:3050202,ZNT-STATE,Zone Temp State,1=Heating; 2=Satisfied; 3=Cooling; 4=Temperature Unreliable
Hearnes-NAE171,NAE171/Field Bus1.FCU-204.Parameters.AHU-STATE,MV:3050239,AHU-STATE,AHU State,1=Satisfied; 2=Econ; 3=Econ+Mech; 4=HX Cool+Mech; 5=HX Heat; 6=HX Heat+Preheat; 7=HX Heat+Preheat+Reheat; 8=Cooling Idle; 9=Heating Idle; 10=Temperature Unreliable
Hearnes-NAE171,NAE171/Field Bus1.FCU-204.Parameters.CLG-OUTSTATE,MV:3050227,CLG-OUTSTATE,Cooling Output State,1=Off; 2=Max; 3=Limited Max; 4=Hold; 5=Water Flush; 6=T Control; 7=H Control; 8=Failsoft; 9=Low OA Temperature
Hearnes-NAE171,NAE171/Field Bus1.FCU-204.Parameters.DATSP-STATE,MV:3050220,DATSP-STATE,Discharge Air Temp Setpt Output State,1=Off; 2=Hold; 3=Heating DA-T Reset; 4=Cooling DA-T Reset
Hearnes-NAE171,NAE171/Field Bus1.FCU-204.Parameters.EFF-OCC,MV:3050237,EFF-OCC,Efffective Occupancy,1=Occupied; 2=UnOccupied; 3=Bypass; 4=Standby
Hearnes-NAE171,NAE171/Field Bus1.FCU-204.Parameters.MOAD-OUTSTATE,MV:3050229,MOAD-OUTSTATE,Min OA Damper Output State,1=Close; 2=Open; 3=Hold
Hearnes-NAE171,NAE171/Field Bus1.FCU-204.Parameters.OCC-SCHEDULE,MV:3050226,OCC-SCHEDULE,Occupancy Schedule,1=Occupied; 2=UnOccupied; 3=Standby; 4=Not Set
Hearnes-NAE171,NAE171/Field Bus1.FCU-204.Parameters.RH-OUTSTATE,MV:3050228,RH-OUTSTATE,Reheat Output State,1=Off; 2=Max; 3=Limited Max; 4=Hold; 5=Water Flush; 6=T Control; 7=LL-T Control; 8=Failsoft; 9=Low OA Temperature; 10=Remain In Control
Hearnes-NAE171,NAE171/Field Bus1.FCU-204.Parameters.UNITEN-MODE,MV:3050230,UNITEN-MODE,Unit Enable Mode,1=Shutdown; 2=Enable
Hearnes-NAE171,NAE171/Field Bus1.FCU-204.Parameters.ZNT-STATE,MV:3050238,ZNT-STATE,Zone Temp State,1=Heating; 2=Satisfied; 3=Cooling; 4=Temperature Unreliable
Hearnes-NAE171,NAE171/Field Bus1.FCU-205.Parameters.AHU-STATE,MV:3050275,AHU-STATE,AHU State,1=Satisfied; 2=Econ; 3=Econ+Mech; 4=HX Cool+Mech; 5=HX Heat; 6=HX Heat+Preheat; 7=HX Heat+Preheat+Reheat; 8=Cooling Idle; 9=Heating Idle; 10=Temperature Unreliable
Hearnes-NAE171,NAE171/Field Bus1.FCU-205.Parameters.CLG-OUTSTATE,MV:3050263,CLG-OUTSTATE,Cooling Output State,1=Off; 2=Max; 3=Limited Max; 4=Hold; 5=Water Flush; 6=T Control; 7=H Control; 8=Failsoft; 9=Low OA Temperature
Hearnes-NAE171,NAE171/Field Bus1.FCU-205.Parameters.DATSP-STATE,MV:3050256,DATSP-STATE,Discharge Air Temp Setpt Output State,1=Off; 2=Hold; 3=Heating DA-T Reset; 4=Cooling DA-T Reset
Hearnes-NAE171,NAE171/Field Bus1.FCU-205.Parameters.EFF-OCC,MV:3050273,EFF-OCC,Efffective Occupancy,1=Occupied; 2=UnOccupied; 3=Bypass; 4=Standby
Hearnes-NAE171,NAE171/Field Bus1.FCU-205.Parameters.MOAD-OUTSTATE,MV:3050265,MOAD-OUTSTATE,Min OA Damper Output State,1=Close; 2=Open; 3=Hold
Hearnes-NAE171,NAE171/Field Bus1.FCU-205.Parameters.OCC-SCHEDULE,MV:3050262,OCC-SCHEDULE,Occupancy Schedule,1=Occupied; 2=UnOccupied; 3=Standby; 4=Not Set
Hearnes-NAE171,NAE171/Field Bus1.FCU-205.Parameters.RH-OUTSTATE,MV:3050264,RH-OUTSTATE,Reheat Output State,1=Off; 2=Max; 3=Limited Max; 4=Hold; 5=Water Flush; 6=T Control; 7=LL-T Control; 8=Failsoft; 9=Low OA Temperature; 10=Remain In Control
Hearnes-NAE171,NAE171/Field Bus1.FCU-205.Parameters.UNITEN-MODE,MV:3050266,UNITEN-MODE,Unit Enable Mode,1=Shutdown; 2=Enable
Hearnes-NAE171,NAE171/Field Bus1.FCU-205.Parameters.ZNT-STATE,MV:3050274,ZNT-STATE,Zone Temp State,1=Heating; 2=Satisfied; 3=Cooling; 4=Temperature Unreliable
Hearnes-NAE171,NAE171/Field Bus1.FCU-206.Parameters.AHU-STATE,MV:3050311,AHU-STATE,AHU State,1=Satisfied; 2=Econ; 3=Econ+Mech; 4=HX Cool+Mech; 5=HX Heat; 6=HX Heat+Preheat; 7=HX Heat+Preheat+Reheat; 8=Cooling Idle; 9=Heating Idle; 10=Temperature Unreliable
Hearnes-NAE171,NAE171/Field Bus1.FCU-206.Parameters.CLG-OUTSTATE,MV:3050299,CLG-OUTSTATE,Cooling Output State,1=Off; 2=Max; 3=Limited Max; 4=Hold; 5=Water Flush; 6=T Control; 7=H Control; 8=Failsoft; 9=Low OA Temperature
Hearnes-NAE171,NAE171/Field Bus1.FCU-206.Parameters.DATSP-STATE,MV:3050292,DATSP-STATE,Discharge Air Temp Setpt Output State,1=Off; 2=Hold; 3=Heating DA-T Reset; 4=Cooling DA-T Reset
Hearnes-NAE171,NAE171/Field Bus1.FCU-206.Parameters.EFF-OCC,MV:3050309,EFF-OCC,Efffective Occupancy,1=Occupied; 2=UnOccupied; 3=Bypass; 4=Standby
Hearnes-NAE171,NAE171/Field Bus1.FCU-206.Parameters.MOAD-OUTSTATE,MV:3050301,MOAD-OUTSTATE,Min OA Damper Output State,1=Close; 2=Open; 3=Hold
Hearnes-NAE171,NAE171/Field Bus1.FCU-206.Parameters.OCC-SCHEDULE,MV:3050298,OCC-SCHEDULE,Occupancy Schedule,1=Occupied; 2=UnOccupied; 3=Standby; 4=Not Set
Hearnes-NAE171,NAE171/Field Bus1.FCU-206.Parameters.RH-OUTSTATE,MV:3050300,RH-OUTSTATE,Reheat Output State,1=Off; 2=Max; 3=Limited Max; 4=Hold; 5=Water Flush; 6=T Control; 7=LL-T Control; 8=Failsoft; 9=Low OA Temperature; 10=Remain In Control
Hearnes-NAE171,NAE171/Field Bus1.FCU-206.Parameters.UNITEN-MODE,MV:3050302,UNITEN-MODE,Unit Enable Mode,1=Shutdown; 2=Enable
Hearnes-NAE171,NAE171/Field Bus1.FCU-206.Parameters.ZNT-STATE,MV:3050310,ZNT-STATE,Zone Temp State,1=Heating; 2=Satisfied; 3=Cooling; 4=Temperature Unreliable
Hearnes-NAE171,NAE171/Field Bus1.FCU-207.Parameters.AHU-STATE,MV:3050347,AHU-STATE,AHU State,1=Satisfied; 2=Econ; 3=Econ+Mech; 4=HX Cool+Mech; 5=HX Heat; 6=HX Heat+Preheat; 7=HX Heat+Preheat+Reheat; 8=Cooling Idle; 9=Heating Idle; 10=Temperature Unreliable
Hearnes-NAE171,NAE171/Field Bus1.FCU-207.Parameters.CLG-OUTSTATE,MV:3050335,CLG-OUTSTATE,Cooling Output State,1=Off; 2=Max; 3=Limited Max; 4=Hold; 5=Water Flush; 6=T Control; 7=H Control; 8=Failsoft; 9=Low OA Temperature
Hearnes-NAE171,NAE171/Field Bus1.FCU-207.Parameters.DATSP-STATE,MV:3050328,DATSP-STATE,Discharge Air Temp Setpt Output State,1=Off; 2=Hold; 3=Heating DA-T Reset; 4=Cooling DA-T Reset
Hearnes-NAE171,NAE171/Field Bus1.FCU-207.Parameters.EFF-OCC,MV:3050345,EFF-OCC,Efffective Occupancy,1=Occupied; 2=UnOccupied; 3=Bypass; 4=Standby
Hearnes-NAE171,NAE171/Field Bus1.FCU-207.Parameters.MOAD-OUTSTATE,MV:3050337,MOAD-OUTSTATE,Min OA Damper Output State,1=Close; 2=Open; 3=Hold
Hearnes-NAE171,NAE171/Field Bus1.FCU-207.Parameters.OCC-SCHEDULE,MV:3050334,OCC-SCHEDULE,Occupancy Schedule,1=Occupied; 2=UnOccupied; 3=Standby; 4=Not Set
Hearnes-NAE171,NAE171/Field Bus1.FCU-207.Parameters.RH-OUTSTATE,MV:3050336,RH-OUTSTATE,Reheat Output State,1=Off; 2=Max; 3=Limited Max; 4=Hold; 5=Water Flush; 6=T Control; 7=LL-T Control; 8=Failsoft; 9=Low OA Temperature; 10=Remain In Control
Hearnes-NAE171,NAE171/Field Bus1.FCU-207.Parameters.UNITEN-MODE,MV:3050338,UNITEN-MODE,Unit Enable Mode,1=Shutdown; 2=Enable
Hearnes-NAE171,NAE171/Field Bus1.FCU-207.Parameters.ZNT-STATE,MV:3050346,ZNT-STATE,Zone Temp State,1=Heating; 2=Satisfied; 3=Cooling; 4=Temperature Unreliable
Hearnes-NAE171,NAE171/Field Bus1.FCU-208.Parameters.AHU-STATE,MV:3050383,AHU-STATE,AHU State,1=Satisfied; 2=Econ; 3=Econ+Mech; 4=HX Cool+Mech; 5=HX Heat; 6=HX Heat+Preheat; 7=HX Heat+Preheat+Reheat; 8=Cooling Idle; 9=Heating Idle; 10=Temperature Unreliable
Hearnes-NAE171,NAE171/Field Bus1.FCU-208.Parameters.CLG-OUTSTATE,MV:3050371,CLG-OUTSTATE,Cooling Output State,1=Off; 2=Max; 3=Limited Max; 4=Hold; 5=Water Flush; 6=T Control; 7=H Control; 8=Failsoft; 9=Low OA Temperature
Hearnes-NAE171,NAE171/Field Bus1.FCU-208.Parameters.DATSP-STATE,MV:3050364,DATSP-STATE,Discharge Air Temp Setpt Output State,1=Off; 2=Hold; 3=Heating DA-T Reset; 4=Cooling DA-T Reset
Hearnes-NAE171,NAE171/Field Bus1.FCU-208.Parameters.EFF-OCC,MV:3050381,EFF-OCC,Efffective Occupancy,1=Occupied; 2=UnOccupied; 3=Bypass; 4=Standby
Hearnes-NAE171,NAE171/Field Bus1.FCU-208.Parameters.MOAD-OUTSTATE,MV:3050373,MOAD-OUTSTATE,Min OA Damper Output State,1=Close; 2=Open; 3=Hold
Hearnes-NAE171,NAE171/Field Bus1.FCU-208.Parameters.OCC-SCHEDULE,MV:3050370,OCC-SCHEDULE,Occupancy Schedule,1=Occupied; 2=UnOccupied; 3=Standby; 4=Not Set
Hearnes-NAE171,NAE171/Field Bus1.FCU-208.Parameters.RH-OUTSTATE,MV:3050372,RH-OUTSTATE,Reheat Output State,1=Off; 2=Max; 3=Limited Max; 4=Hold; 5=Water Flush; 6=T Control; 7=LL-T Control; 8=Failsoft; 9=Low OA Temperature; 10=Remain In Control
Hearnes-NAE171,NAE171/Field Bus1.FCU-208.Parameters.UNITEN-MODE,MV:3050374,UNITEN-MODE,Unit Enable Mode,1=Shutdown; 2=Enable
Hearnes-NAE171,NAE171/Field Bus1.FCU-208.Parameters.ZNT-STATE,MV:3050382,ZNT-STATE,Zone Temp State,1=Heating; 2=Satisfied; 3=Cooling; 4=Temperature Unreliable
Hearnes-NAE171,NAE171/Field Bus1.FEC-AH18.Parameters.AHU-STATE,MV:3050432,AHU-STATE,AHU State,1=Satisfied; 2=HX Cool+Mech; 3=HX Heat; 4=HX Heat+Preheat; 5=HX Heat+Preheat+Reheat; 6=Heating Idle; 7=Temperature Unreliable
Hearnes-NAE171,NAE171/Field Bus1.FEC-AH18.Parameters.CLG-OUTSTATE,MV:3050428,CLG-OUTSTATE,Cooling Output State,1=Off; 2=Max; 3=Limited Max; 4=Hold; 5=Water Flush; 6=T Control; 7=H Control; 8=Failsoft; 9=Low OA Temperature
Hearnes-NAE171,NAE171/Field Bus1.FEC-AH18.Parameters.EF-OUTSTATE,MV:3050422,EF-OUTSTATE,Exhaust Fan Output State,1=Off; 2=Min; 3=BS-P Control; 4=Emergency On; 5=Failsoft; 6=Hold
Hearnes-NAE171,NAE171/Field Bus1.FEC-AH18.Parameters.OCC-SCHEDULE,MV:3050427,OCC-SCHEDULE,Occupancy Schedule,1=Occupied; 2=UnOccupied; 3=Standby; 4=Not Set
Hearnes-NAE171,NAE171/Field Bus1.FEC-AH18.Parameters.PH-OUTSTATE,MV:3050429,PH-OUTSTATE,Preheat Output State,1=Off; 2=Max; 3=Limited Max; 4=Hold; 5=Water Flush; 6=T Control; 7=LL-T Control; 8=Failsoft; 9=Low OA Temperature; 10=Remain In Control
Hearnes-NAE171,NAE171/Field Bus1.FEC-AH18.Parameters.PHP-IA,MV:3050463,PHP-IA,Preheat Pump Intelligent Alarm,1=Normal; 2=Alarm
Hearnes-NAE171,NAE171/Field Bus1.FEC-AH18.Parameters.SF-OUTSTATE,MV:3050430,SF-OUTSTATE,Supply Fan Output State,1=Off; 2=Min; 3=Emergency On; 4=Ramp; 5=S-P Control; 6=Hold
Hearnes-NAE171,NAE171/Field Bus1.FEC-AH18.Parameters.SYS-RESET,MV:3050464,SYS-RESET,System Reset (IA Reset-Toggle Reset/Off),1=Off; 2=Reset
Hearnes-NAE171,NAE171/Field Bus1.FEC-AH18.Parameters.UNITEN-MODE,MV:3050431,UNITEN-MODE,Unit Enable Mode,1=Shutdown; 2=Enable
Hearnes-NAE171,NAE171/Field Bus2.BNET-CH1.BACnet Encode Type,MV:3053298,BACnet Encode Type,BACnet Encode Type,1=ISO 10646 (UCS-2); 2=ANSI X3.4 (US-ASCII)
Hearnes-NAE171,NAE171/Field Bus2.BNET-CH1.EQ Port Locked Protocol,MV:3053302,EQ Port Locked Protocol,EQ Port Locked Protocol,1=No Protocol; 2=YorkTalk 3 Manager; 3=YorkTalk 2 Manager; 4=MSTP Manager; 5=Modbus Manager; 6=Modbus Subordinate; 7=N2 Manager; 8=N2 Subordinate; 9=Zigbee Coordinator; 10=Zigbee Router
Hearnes-NAE171,NAE171/Field Bus2.BNET-CH1.Model Number,MV:3053300,Model Number,Model Number,1=; 2=MS-IOM1710-0; 3=MS-IOM2710-0; 4=MS-IOM3710-0; 5=MS-IOM4710-0; 6=MS-FEC1610-0; 7=MS-FEC2610-0; 8=Unused 7; 9=MS-FEC3610-0; 10=MS-VMA1610-0; 11=MS-VMA1620-0; 12=Unused 11; 13=Unused 12; 14=MS-DIS1710-0; 15=MS-ZFR1810-0; 16=MS-ZFR1811-0; 17=MS-NCE25; 18=MS-FCP1610-0; 19=MS-FEC1611-0; 20=MS-FEC2611-0; 21=MS-IOM1711-0; 22=MS-IOM2711-0; 23=MS-IOM3711-0; 24=MS-IOM4711-0; 25=MS-IOM2721-0; 26=MS-IOM3721-0; 27=MS-IOM3731-0; 28=MS-IOM3741-0; 29=FX-PCX2721-0; 30=FX-PCX3721-0; 31=FX-PCX3731-0; 32=FX-PCX4741-0; 33=MS-VMA1615-0; 34=MS-VMA1630-0; 35=FX-PCV1615-0; 36=FX-PCV1630-0; 37=MS-FAC3611-0; 38=MS-FAC3711-0; 39=FX-PCA3611-0; 40=FX-PCA3711-0; 41=FX-PCG1611-0; 42=FX-PCG2611-0; 43=FX-PCV1610-0; 44=FX-PCV1620-0; 45=FX-PCX1711-0; 46=FX-PCX2711-0; 47=FX-PCX3711-0; 48=FX-PCX4711-0; 49=FX-DIS1710-0; 50=FX-ZFR1810-0; 51=FX-ZFR1811-0; 52=MS-FAC2612-0; 53=Unused 52; 54=MS-FAC2611-0; 55=MS-FCP1612-0; 56=; 57=; 58=; 59=; 60=; 61=; 62=; 63=; 64=MS-VRF-IB; 65=MS-VRF-OB; 66=FX-BTCVT-0; 67=MS-BTCVT-0; 68=MS-ZFR1611-0; 69=MS-ZFR1612-0; 70=LC-RTU10xx-0; 71=LC-BYP100-0; 72=LC-PEC100-0; 73=LC-IOM100-0; 74=LC-ZEC100-0; 75=LC-VRT10xx-0; 76=LC-ZEC200-0; 77=FX-PCA2611-0; 78=FX-PCA2612-0; 79=MS-FCU1611-0; 80=MS-FCU1612-0; 81=MS-VAV1611-0; 82=MS-VMA1815-0; 83=MS-VMA1817-0; 84=MS-VMA1830-0; 85=MS-VMA1832-0; 86=MS-VMA1617-0; 87=MS-VMA1632-0; 88=FX-PCV1815-0; 89=FX-PCV1830-0; 90=SE-SPU1001-0; 91=SE-SPU1002-0; 92=SE-SPU1004-0; 93=SE-ECO1001-0; 94=SE-FDD1001-0; 95=SE-OEM1001-0; 96=FX-PCV1832-0; 97=FX-PCV1617-0; 98=FX-PCV1632-0; 99=MS-ZFR1810-1; 100=MS-ZFR1811-1; 101=MS-ZFR1820-0; 102=MS-ZFR1821-0; 103=FX-ZFR1810-1; 104=FX-ZFR1811-1; 105=FX-ZFR1820-0; 106=FX-ZFR1821-0; 107=SE-SCG1001-0; 108=MS-IOM3732-0; 109=SE-TEC3000-0; 110=SE-SCC1001-0; 111=MS-VMA1626-0; 112=MS-VMA1628-0; 113=MS-VMA1629-0; 114=MS-VMA1826-0; 115=FX-PCV1626-0; 116=FX-PCV1628-0; 117=FX-PCV1629-0; 118=FX-PCV1826-0; 119=LC-BYP200-0; 120=LC-ZEC300-0; 121=LC-ZEC400-0; 122=OEM-ECO1000-0; 123=MS-FEC2511-0; 124=SE-HLR1001-0; 125=SE-HLR1002-0; 126=PK-OEM1800-0; 127=PK-OEM3200-0; 128=MS-VMA1656-0; 129=FX-PCV1656-0; 130=FX-PCG2511-0; 131=LC-VZC100-0; 132=LC-ZEC310-0; 133=LC-ZEC410-0; 134=PK-IOM5711-0; 135=PK-IOM5721-0; 136=PK-IOM5731-0; 137=PK-IOM1711-0; 138=PK-IOM2711-0; 139=PK-IOM2721-0; 140=PK-IOM3721-0; 141=PK-IOM3731-0; 142=PK-IOM3711-0; 143=PK-IOM4711-0; 144=MS-FAC3613-0; 145=MS-FAC4911-0; 146=MS-IOM2723-0; 147=MS-IOM3723-0; 148=MS-IOM3733-0; 149=FX-PCA3613-0; 150=FX-PCA4911-0; 151=FX-PCX2723-0; 152=FX-PCX3723-0; 153=FX-PCX3733-0; 154=FX-PCV1930-0; 155=MS-VMA1930-0; 156=LC-VEC100-0; 157=T8800-TB20-0; 158=T8800-TF20-0; 159=T8800-TB21-0; 160=SE-AHU1001-0; 161=SE-CND1001-0; 162=SE-CTB1001-0; 163=SE-OPT1001-0; 164=SE-DIS1001-0; 165=SE-CPO1001-0; 166=MS-FAC2513-0; 167=FX-PCA2513-0; 168=LC-IOM200-0; 169=MS-VMA1631-0; 170=LC-ZEC510-0; 171=SE-ZEC500-0; 172=MV-ECO1011-0; 173=LC-TUC0312-0; 174=TE-74-0; 175=LC-ZFR1825-0; 176=LC-ATC1100-0; 177=LC-ATC1500-0; 178=LC-VAC1000-0; 179=LC-VAC3000-0; 180=M4-CVM03050-0; 181=F4-CVM03050-0; 182=M4-CGM09090-0; 183=F4-CGM09090-0; 184=SE-TEC3000-1; 185=C4-CVM03050-0; 186=C4-CGM09090-0; 187=M4-CVE03050-0; 188=F4-CVE03050-0; 189=C4-CVE03050-0; 190=M4-CGE09090-0; 191=F4-CGE09090-0; 192=C4-CGE09090-0; 193=SE-RTU1001-0; 194=MR5XX-0; 195=A52X-0; 196=DR5XX-0; 197=HS-OEM1800-0; 198=HS-OEM3200-0; 199=M4-SNC25150-0; 200=LC-ATC1510-0; 201=SE-ZEC512-0; 202=M4-SNC16120-0; 203=M4-CGM04060-0; 204=F4-CGM04060-0; 205=C4-CGM04060-0; 206=M4-XPM04060-0; 207=F4-XPM04060-0; 208=C4-XPM04060-0; 209=M4-XPM09090-0; 210=F4-XPM09090-0; 211=C4-XPM09090-0; 212=M4-CGE04060-0; 213=F4-CGE04060-0; 214=C4-CGE04060-0; 215=F4-SNC25151-0; 216=F4-SNC16121-0; 217=JC-VAV1507-0; 218=M4-XPM18000-0; 219=F4-XPM18000-0; 220=C4-XPM18000-0; 221=M4-SNC25151-0; 222=M4-SNC16121-0; 223=JC-WRG1830-0; 224=M4-DLK0350-0; 225=F4-DLK0350-0; 226=SE-CUA1001-0; 227=M4-CCM09090-0; 228=F4-CCM09090-0; 229=MS-VMA1717-0; 230=MS-VMA1732-0; 231=JC-VAV1717-0; 232=JC-VAV1732-0; 233=JC-TMR2400-0; 234=SE-CEG1001-0; 235=M4-SNC25152-0; 236=M4-SNC16122-0; 237=F4-SNC25152-0; 238=F4-SNC16122-0; 239=SE-SPU2001-0; 240=SE-SPU2002-0; 241=; 242=; 243=; 244=; 245=; 246=; 247=; 248=; 249=; 250=; 251=; 252=; 253=; 254=; 255=; 256=MS_INVALID_PRODUCT_ID
Hearnes-NAE171,NAE171/Field Bus2.BNET-CH1.UNIT CONTROL SOURCE,MV:3053250,UNIT CONTROL SOURCE,Unit Control Source,1=Local; 2=ISN (BAS); 3=Analog; 4=Digital; 5=Modem; 6=Remote
Hearnes-NAE171,NAE171/Field Bus2.BNET-CH1.UNIT CYCLING FAULT CODE,MV:3053246,UNIT CYCLING FAULT CODE,Unit Cycling Fault Code,1=NO CYCLING FAULTS PRESENT; 2=MULTIUNIT CYCLING - CONTACTS OPEN; 3=SYSTEM CYCLING - CONTACTS OPEN; 4=SYSTEM - STARTUP FAILURE; 5=N/A; 6=CONTROL PANEL - POWER FAILURE; 7=LEAVING CHILLED LIQUID - LOW TEMPERATURE; 8=CHILLED LIQUID - FLOW SWITCH OPEN; 9=CONDENSER - FLOW SWITCH OPEN; 10=LEAVING CONDENSER LIQUID - HIGH TEMPERATURE; 11=AMBIENT DEW POINT - LOW TEMPERATURE; 12=REFRIGERANT TYPE NOT SET; 13=CONTROL PANEL - SCHEDULE; 14=N/A; 15=N/A; 16=N/A; 17=N/A; 18=VSD - INITIALIZATION FAILED; 19=VSD SHUTDOWN - REQUESTING FAULT DATA...; 20=VGD ACTUATOR - SERIAL COMMUNICATIONS; 21=UPS - LINE LOW BATTERY VOLTAGE; 22=UPS - NOT CHARGING; 23=RESERVED 22; 24=RESERVED 23; 25=RESERVED 24; 26=VSD - SINGLE PHASE INPUT POWER; 27=VSD - HIGH DC BUS VOLTAGE; 28=VSD - LOGIC BOARD POWER SUPPLY; 29=VSD - LOW DC BUS VOLTAGE; 30=VSD - 105% MOTOR CURRENT OVERLOAD; 31=VSD - HIGH INTERNAL AMBIENT TEMPERATURE; 32=VSD - DC BUS VOLTAGE IMBALANCE; 33=VSD - BASEPLATE TEMPERATURE IMBALANCE; 34=VSD - LOW CONVERTER HEATSINK TEMPERATURE; 35=VSD - PRECHARGE - DC BUS VOLTAGE IMBALANCE; 36=VSD - INVALID VSD MODEL; 37=N/A; 38=VSD - PRECHARGE - LOW DC BUS VOLTAGE 1; 39=N/A; 40=VSD - RUN SIGNAL; 41=VSD - SERIAL RECEIVE; 42=VSD - FAULT CONTACTS OPEN; 43=MBC - LOW DC BUS VOLTAGE; 44=MBC - BEARING CALIBRATION REQUIRED; 45=MBC - J RADIAL POSITION; 46=MBC - K RADIAL POSITION; 47=MBC - H AXIAL POSITION; 48=MBC - CALIBRATION FAULT; 49=MBC - LOW BEARING J TEMPERATURE; 50=MBC - LOW BEARING H1 TEMPERATURE; 51=MBC - LOW BEARING H2 TEMPERATURE; 52=MBC - LOW BEARING K TEMPERATURE; 53=MBC - LOW HEATSINK TEMPERATURE; 54=N/A; 55=N/A; 56=N/A; 57=N/A; 58=N/A; 59=N/A; 60=N/A; 61=HARMONIC FILTER - HIGH DC BUS VOLTAGE; 62=HARMONIC FILTER - HIGH PHASE C CURRENT; 63=HARMONIC FILTER - HIGH PHASE B CURRENT; 64=HARMONIC FILTER - HIGH PHASE A CURRENT; 65=HARMONIC FILTER - PHASE LOCKED LOOP; 66=HARMONIC FILTER - LOGIC BOARD POWER SUPPLY; 67=HARMONIC FILTER - PRECHARGE - LOW DC BUS VOLTAGE 2; 68=HARMONIC FILTER - PRECHARGE - LOW DC BUS VOLTAGE 1; 69=HARMONIC FILTER - LOW DC BUS VOLTAGE; 70=HARMONIC FILTER - DC BUS VOLTAGE IMBALANCE; 71=HARMONIC FILTER - INPUT CURRENT OVERLOAD; 72=HARMONIC FILTER - RUN SIGNAL; 73=HARMONIC FILTER - DC CURRENT TRANSFORMER 1; 74=HARMONIC FILTER - DC CURRENT TRANSFORMER 2; 75=N/A; 76=N/A; 77=N/A; 78=N/A; 79=N/A; 80=N/A; 81=N/A; 82=N/A; 83=N/A; 84=N/A; 85=N/A; 86=N/A; 87=N/A; 88=N/A; 89=N/A; 90=N/A; 91=N/A; 92=N/A; 93=N/A; 94=N/A; 95=N/A; 96=N/A; 97=N/A; 98=N/A; 99=N/A; 100=N/A; 101=VSD - SERIAL COMMUNICATIONS; 102=MBC - V13 POSITION; 103=MBC - W13 POSITION; 104=MBC - V24 POSITION; 105=MBC - W24 POSITION; 106=MBC - Z12 POSITION; 107=MBC - V13 LOW FREQUENCY DISPLACEMENT; 108=MBC - W13 LOW FREQUENCY DISPLACEMENT; 109=MBC - V24 LOW FREQUENCY DISPLACEMENT; 110=MBC - W24 LOW FREQUENCY DISPLACEMENT; 111=MBC - Z12 LOW FREQUENCY DISPLACEMENT; 112=MBC - VW13 VIBRATION; 113=MBC - VW24 VIBRATION; 114=MBC - Z12 VIBRATION; 115=MBC - HIGH AMPLIFIER TEMPERATURE; 116=MBC - HIGH DC/DC TEMPERATURE; 117=MBC - SERIAL COMMUNICATIONS; 118=MBC - SPEED SIGNAL FAULT; 119=MBC SHUTDOWN - REQUESTING FAULT DATA...; 120=MBC - FAULT CONTACTS OPEN; 121=MBC - STARTUP FAILURE; 122=MBC - UNKNOWN PARAMETER FILE; 123=MBC - LOW INPUT VOLTAGE; 124=N/A; 125=N/A; 126=N/A; 127=N/A; 128=EVAPORATOR - LOW PRESSURE - SMART FREEZE; 129=EVAPORATOR - LOW PRESSURE; 130=CONTROL PANEL - LOSS OF CONTROL VOLTAGE; 131=EXPANSION I/O - SERIAL COMMUNICATIONS; 132=N/A; 133=VSD - HIGH PHASE A INPUT CURRENT; 134=VSD - HIGH PHASE B INPUT CURRENT; 135=VSD - HIGH PHASE C INPUT CURRENT; 136=VSD - HIGH PHASE A MOTOR CURRENT; 137=VSD - HIGH PHASE B MOTOR CURRENT; 138=VSD - HIGH PHASE C MOTOR CURRENT; 139=VSD - PHASE A INPUT GATE DRIVER; 140=VSD - PHASE B INPUT GATE DRIVER; 141=VSD - PHASE C INPUT GATE DRIVER; 142=VSD - PHASE A MOTOR GATE DRIVER; 143=VSD - PHASE B MOTOR GATE DRIVER; 144=VSD - PHASE C MOTOR GATE DRIVER; 145=VSD - LOW PHASE A INPUT BASEPLATE TEMPERATURE; 146=VSD - LOW PHASE B INPUT BASEPLATE TEMPERATURE; 147=VSD - LOW PHASE C INPUT BASEPLATE TEMPERATURE; 148=VSD - LOW PHASE A MOTOR BASEPLATE TEMPERATURE; 149=VSD - LOW PHASE B MOTOR BASEPLATE TEMPERATURE; 150=VSD - LOW PHASE C MOTOR BASEPLATE TEMPERATURE; 151=VSD - LINE VOLTAGE PHASE ROTATION; 152=VSD - DC BUS PRE-REGULATION; 153=VSD - LOGIC BOARD PROCESSOR; 154=VSD - PHASE LOCKED LOOP; 155=VSD - NOT RUNNING; 156=VSD - PHASE A INPUT DCCT OFFSET; 157=VSD - PHASE B INPUT DCCT OFFSET; 158=VSD - PHASE C INPUT DCCT OFFSET; 159=VSD - PRECHARGE - LOW DC BUS VOLTAGE 2; 160=VSD - INVALID SETPOINTS; 161=CONDENSER - FREEZE THREAT - FLOW SWITCH OPEN; 162=ISOLATION VALVES - NOT CLOSED
Hearnes-NAE171,NAE171/Field Bus2.BNET-CH1.UNIT INTERNAL FAULT CODE,MV:3053256,UNIT INTERNAL FAULT CODE,Unit Internal Fault Code,1=NO INTERNAL FAULTS PRESENT; 2=INTERNAL ERROR - NO TIMER HANDLES AVAILABLE; 3=WATCHDOG - SOFTWARE REBOOT; 4=INTERNAL ERROR - CANNOT CREATE TASK; 5=INTERNAL ERROR - CANNOT REGISTER CONTROL; 6=INTERNAL ERROR - INVALID BRAM
Hearnes-NAE171,NAE171/Field Bus2.BNET-CH1.UNIT MODIFIED RUN CODE,MV:3053252,UNIT MODIFIED RUN CODE,Unit Modified Run Code,1=NO MODIFIED RUN CONDITIONS PRESENT; 2=VSD - DC BUS ACTIVE; 3=MOTOR - HIGH CURRENT LIMIT; 4=N/A; 5=VSD - INPUT PULLDOWN LIMIT; 6=VSD - HIGH INPUT CURRENT LIMIT
Hearnes-NAE171,NAE171/Field Bus2.BNET-CH1.UNIT OPERATION CODE,MV:3053242,UNIT OPERATION CODE,Unit Operation Code,1=UNIT STOPPED - READY TO START; 2=UNIT STOPPED - LOCAL SHUTDOWN; 3=UNIT STOPPED - REMOTE SHUTDOWN; 4=UNIT STOPPED - WARNING ACTIVE; 5=UNIT STOPPED - CYCLING SHUTDOWN; 6=UNIT STOPPED - SAFETY SHUTDOWN; 7=UNIT START INHIBIT; 8=UNIT STARTING; 9=UNIT RUNNING - NO ABNORMAL CONDITION; 10=UNIT RUNNING - WARNING ACTIVE; 11=UNIT RUNNING - SOFT SHUTDOWN; 12=UNIT COASTDOWN; 13=UNIT RUNNING - MODIFIED RUN; 14=UNIT STOPPED - INTERNAL SHUTDOWN; 15=RESERVED 14; 16=UNIT RUNNING - ACTIVE LOW LIFT - NO ABNORMAL CONDITION; 17=UNIT RUNNING - ACTIVE LOW LIFT - WARNING ACTIVE; 18=UNIT RUNNING - ACTIVE LOW LIFT - MODIFIED RUN; 19=UNIT RUNNING - PASSIVE LOW LIFT - NO ABNORMAL CONDITION; 20=UNIT RUNNING - PASSIVE LOW LIFT - WARNING ACTIVE; 21=UNIT RUNNING - PASSIVE LOW LIFT - MODIFIED RUN; 22=UNIT RUNNING - COOLING - NO ABNORMAL CONDITION; 23=UNIT RUNNING - COOLING - WARNING ACTIVE; 24=UNIT RUNNING - COOLING - MODIFIED RUN; 25=UNIT RUNNING - HEATING - NO ABNORMAL CONDITION; 26=UNIT RUNNING - HEATING - WARNING ACTIVE; 27=UNIT RUNNING - HEATING - MODIFIED RUN; 28=UNIT RUNNING - COOLING & HEATING - NO ABNORMAL CONDITION; 29=UNIT RUNNING - COOLING & HEATING - WARNING ACTIVE; 30=UNIT RUNNING - COOLING & HEATING - MODIFIED RUN
Hearnes-NAE171,NAE171/Field Bus2.BNET-CH1.UNIT SAFETY FAULT CODE,MV:3053244,UNIT SAFETY FAULT CODE,Unit Safety Fault Code,1=NO SAFETY FAULTS PRESENT; 2=EVAPORATOR - LOW PRESSURE; 3=EVAPORATOR - TRANSDUCER OR LEAVING LIQUID PROBE; 4=EVAPORATOR - TRANSDUCER OR TEMPERATURE SENSOR; 5=CONDENSER - HIGH PRESSURE SWITCH OPEN; 6=CONDENSER - HIGH PRESSURE; 7=CONDENSER - PRESSURE TRANSDUCER OUT OF RANGE; 8=AUXILIARY SAFETY - CONTACTS CLOSED; 9=DISCHARGE - LOW TEMPERATURE; 10=DISCHARGE - HIGH TEMPERATURE; 11=MBC - OVERSPEED FAULT; 12=MBC - WATCHDOG; 13=MBC - POWER SUPPLY FAULT; 14=MBC - HIGH HEATSINK TEMPERATURE; 15=MBC - HIGH DC BUS VOLTAGE; 16=MBC - AMPLIFIER FUSE; 17=MBC - SPEED SENSOR FAULT; 18=MBC - HIGH BEARING J TEMPERATURE; 19=MBC - HIGH BEARING H1 TEMPERATURE; 20=MBC - HIGH BEARING H2 TEMPERATURE; 21=MBC - HIGH BEARING K TEMPERATURE; 22=CONTROL PANEL - POWER FAILURE; 23=CONTROL PANEL - LOSS OF CONTROL VOLTAGE; 24=UPS - BATTERY NOT CONNECTED; 25=UPS - INVERTER LOW BATTERY VOLTAGE; 26=MBC - GROUND FAULT; 27=MBC - LOW GATE VOLTAGE; 28=MBC - HIGH GATE VOLTAGE; 29=MBC - POWER FAIL LANDING; 30=MBC - HIGH AMPLIFIER TEMPERATURE; 31=VSD - 105% MOTOR CURRENT OVERLOAD; 32=MBC - HIGH AMPLIFIER VOLTAGE; 33=MBC - FAULT CONTACTS OPEN; 34=MBC - NOT LEVITATED; 35=N/A; 36=VSD - PRECHARGE LOCKOUT; 37=VSD - HIGH MOTOR HARMONICS; 38=VSD - CAPACITOR FAULT; 39=VSD - ELECTRICAL SIGNATURE BOARD; 40=VSD - BASEPLATE TEMPERATURE IMBALANCE; 41=VSD - HIGH CONVERTER HEATSINK TEMPERATURE; 42=VSD - INVALID SOFTWARE; 43=HARMONIC FILTER - HIGH BASEPLATE TEMPERATURE; 44=HARMONIC FILTER - HIGH TOTAL DEMAND DISTORTION; 45=N/A; 46=N/A; 47=N/A; 48=N/A; 49=N/A; 50=N/A; 51=N/A; 52=EVAPORATOR - LOW PRESSURE; 53=EVAPORATOR - LOW PRESSURE - SMART FREEZE; 54=SURGE PROTECTION - EXCESS SURGE; 55=SYSTEM - STARTUP FAILURE; 56=N/A; 57=N/A; 58=N/A; 59=N/A; 60=N/A; 61=MOTOR - LOW WINDING TEMPERATURE; 62=MOTOR - HIGH WINDING TEMPERATURE; 63=MOTOR - HIGH ROTOR TEMPERATURE; 64=N/A; 65=N/A; 66=N/A; 67=VSD - MOTOR CURRENT IMBALANCE; 68=CONDENSER - HIGH PRESSURE - STOPPED; 69=MBC - DSP UNAUTHORIZED ROTATION; 70=MBC - SPV UNAUTHORIZED ROTATION; 71=MBC - AMP COMMUNICATION; 72=MBC - AMP WATCHDOG; 73=N/A; 74=MBC - LOW RADIAL OSCILLATOR VOLTAGE; 75=N/A; 76=MBC - LOW AXIAL OSCILLATOR VOLTAGE; 77=MBC - ROTOR CONTRACTION; 78=MBC - HIGH INPUT VOLTAGE; 79=N/A; 80=MBC - INTERNAL FAULT; 81=VGD ACTUATOR FAULT; 82=VGD POSITIONING FAULT; 83=MBC - POWER FAIL LANDING; 84=MBC - HIGH ROTOR ELONGATION RATE; 85=N/A; 86=N/A; 87=N/A; 88=N/A; 89=N/A; 90=N/A; 91=N/A; 92=N/A; 93=N/A; 94=N/A; 95=VSD - HIGH HX APPROACH TEMPERATURE; 96=VSD - LOGIC BOARD PLUG; 97=VSD - INPUT CURRENT OVERLOAD; 98=VSD - HIGH PHASE A INPUT BASEPLATE TEMPERATURE; 99=VSD - HIGH PHASE B INPUT BASEPLATE TEMPERATURE; 100=VSD - HIGH PHASE C INPUT BASEPLATE TEMPERATURE; 101=VSD - HIGH PHASE A MOTOR BASEPLATE TEMPERATURE; 102=VSD - HIGH PHASE B MOTOR BASEPLATE TEMPERATURE; 103=VSD - HIGH PHASE C MOTOR BASEPLATE TEMPERATURE; 104=VSD - DC BUS PRE-REGULATION LOCKOUT; 105=VSD - GROUND FAULT; 106=VSD - PHASE A MOTOR DCCT; 107=VSD - PHASE B MOTOR DCCT; 108=VSD - PHASE C MOTOR DCCT; 109=VSD - PHASE A INPUT DCCT; 110=VSD - PHASE B INPUT DCCT; 111=VSD - PHASE C INPUT DCCT; 112=VSD - HIGH TOTAL DEMAND DISTORTION; 113=VSD - HIGH INTERNAL AMBIENT TEMPERATURE; 114=VSD - DC BUS LOCKOUT - DO NOT CYCLE POWER; 115=VSD - INPUT DCCT OFFSET LOCKOUT; 116=VSD - OUTPUT PHASE ROTATION; 117=VSD - HIGH PHASE A INPUT CURRENT; 118=VSD - HIGH PHASE B INPUT CURRENT; 119=VSD - HIGH PHASE C INPUT CURRENT; 120=VSD - HIGH PHASE A MOTOR CURRENT; 121=VSD - HIGH PHASE B MOTOR CURRENT; 122=VSD - HIGH PHASE C MOTOR CURRENT; 123=VSD - MOTOR CURRENT THD FAULT; 124=VSD - HIGH INPUT CURRENT TDD; 125=VSD - RECTIFIER PROGRAM FAULT; 126=VSD - INVERTER PROGRAM FAULT; 127=MBC - DSP INITIALIZATION; 128=MBC - HIGH AMPLIFIER TEMPERATURE; 129=MBC - HIGH DC/DC TEMPERATURE; 130=MBC - DSP COMMUNICATION; 131=MBC - DSP INTEGRITY; 132=MBC - FLASH MEMORY CLEAR; 133=MBC - FLASH MEMORY WRITE; 134=MBC - EEPROM; 135=MBC - FLASH MEMORY FULL; 136=MBC - INTERNAL FAULT 11; 137=MBC - INTERNAL FAULT 12; 138=MBC - INTERNAL FAULT 13; 139=MBC - INTERNAL FAULT 14; 140=MBC - DSP WATCHDOG; 141=MBC - DATA ACQUISITION FAULT; 142=MBC - HIGH BEARING Z1 TEMPERATURE; 143=MBC - HIGH BEARING Z2 TEMPERATURE; 144=MBC - CABLE FAULT; 145=MBC - SPEED SIGNAL FAULT; 146=MBC - OVERSPEED FAULT; 147=MBC - ROTOR ELONGATION; 148=MBC - HIGH BEARING CURRENT; 149=MBC - OSCILLATOR FAULT; 150=MBC - POWER SUPPLY FAULT; 151=MBC - UNAUTHORIZED ROTATION; 152=MBC - FAULT CODE X; 153=MBC - NO LEVITATION; 154=MBC - STARTUP FAILURE; 155=MBC - EXCESSIVE SHUTDOWNS; 156=SAFETY STOP; 157=MBC - INITIALIZATION FAILURE; 158=MBC - CUSTOMER SERIAL LINK DISABLED; 159=MOTOR - HIGH HOUSING TEMPERATURE; 160=SALES ORDER - INVALID COMPRESSOR MODEL; 161=VSD - LINE VOLTAGE PHASE ROTATION; 162=VSD - PHASE LOCKED LOOP; 163=VSD - LOGIC BOARD HARDWARE; 164=ISOLATION VALVES - NOT OPENED
Hearnes-NAE171,NAE171/Field Bus2.BNET-CH1.UNIT START INHIBIT CODE,MV:3053254,UNIT START INHIBIT CODE,Unit Start Inhibit Code,1=NO INHIBIT FAULTS PRESENT; 2=ANTI-RECYCLE; 3=N/A; 4=VGD STROKE NOT CALIBRATED; 5=VGD FEEDBACK NOT CALIBRATED; 6=MBC - BEARING CALIBRATION IN PROGRESS; 7=MBC - BEARING CLEARANCE CHECK IN PROGRESS; 8=VSD - INITIALIZATION IN PROGRESS; 9=N/A; 10=N/A; 11=PRV NOT CALIBRATED; 12=N/A; 13=VGD NOT CALIBRATED; 14=LINE VOLTAGE NOT SET; 15=LINE FREQUENCY NOT SET; 16=MBC - INITIALIZATION IN PROGRESS
Hearnes-NAE171,NAE171/Field Bus2.BNET-CH1.UNIT WARNING CODE,MV:3053248,UNIT WARNING CODE,Unit Warning Code,1=NO WARNINGS PRESENT; 2=WARNING - REAL TIME CLOCK FAILURE; 3=WARNING - SETPOINT OVERRIDE; 4=WARNING - CONDENSER OR EVAPORATOR XDCR ERROR; 5=WARNING - EVAPORATOR - LOW PRESSURE LIMIT; 6=WARNING - CONDENSER - HIGH PRESSURE LIMIT; 7=WARNING - QUARTERLY SERVICE REQUIRED - CONTACT JCI; 8=WARNING - YEARLY SERVICE REQUIRED - CONTACT JCI; 9=WARNING - 3 YEAR SERVICE REQUIRED - CONTACT JCI; 10=WARNING - CONDENSER - HIGH SMALL TEMP DIFFERENCE; 11=WARNING - MBC - LOW AMPLIFIER RESISTANCE; 12=WARNING - MBC - HIGH AMPLIFIER RESISTANCE; 13=WARNING - MBC - LOW AMPLIFIER CURRENT; 14=WARNING - MBC - HIGH AMPLIFIER CURRENT; 15=WARNING - MBC - POSITION SENSOR ERROR; 16=WARNING - MBC - J BEARING SENSOR DISABLED; 17=WARNING - MBC - K BEARING SENSOR DISABLED; 18=WARNING - MBC - H BEARING SENSOR DISABLED; 19=N/A; 20=N/A; 21=WARNING - UPS - NOT CHARGING; 22=WARNING - UPS - LINE LOW BATTERY VOLTAGE; 23=WARNING - UPS - BATTERY NOT CONNECTED; 24=WARNING - UPS - CHECK BATTERY CONNECTION; 25=WARNING - UPS - BATTERY TEST FAILED; 26=WARNING - SALES ORDER - INVALID SERIAL NUMBER; 27=N/A; 28=N/A; 29=N/A; 30=WARNING - SURGE PROTECTION - EXCESS SURGE LIMIT; 31=WARNING - EXCESS SURGE DETECTED; 32=N/A; 33=N/A; 34=N/A; 35=WARNING - CONDENSER OR VGD SENSOR FAILURE; 36=WARNING - HARMONIC FILTER - INVALID MODEL; 37=WARNING - HARMONIC FILTER - OPERATION INHIBITED; 38=WARNING - HARMONIC FILTER - DATA LOSS; 39=WARNING - HARMONIC FILTER - INPUT FREQUENCY RANGE; 40=WARNING - HARMONIC FILTER - NOT RUNNING; 41=WARNING - MOTOR - HIGH WINDING TEMPERATURE; 42=WARNING - MOTOR - HIGH ROTOR TEMPERATURE; 43=N/A; 44=N/A; 45=WARNING - VSD - INPUT VOLTAGE IMBALANCE; 46=WARNING - VSD - HIGH HX APPROACH TEMPERATURE; 47=N/A; 48=N/A; 49=WARNING - MBC - LANDING COUNTER HIGH; 50=N/A; 51=N/A; 52=N/A; 53=N/A; 54=N/A; 55=N/A; 56=WARNING - MBC - CHECKSUM CENTERING; 57=WARNING - MBC - DSP WATCHDOG; 58=WARNING - MBC - AMP WATCHDOG; 59=WARNING - MBC - INTERNAL ALARM; 60=WARNING - MBC - HIGH RADIAL OSCILLATOR VOLTAGE; 61=WARNING - MBC - HIGH AXIAL OSCILLATOR VOLTAGE; 62=N/A; 63=N/A; 64=N/A; 65=N/A; 66=WARNING - MBC - ROTATION MODE OFF; 67=WARNING - MOTOR - HIGH CURRENT LIMIT; 68=WARNING - MOTOR - HIGH HOUSING TEMPERATURE; 69=WARNING - VSD - DC BUS ACTIVE; 70=WARNING - LIQUID LEVEL SETPOINT NOT ACHIEVED; 71=WARNING - LOSS OF SUBCOOLER LIQUID SEAL; 72=WARNING - CONDENSER - FREEZE THREAT FROM LOW PRESSURE
Hearnes-NAE171,NAE171/Field Bus2.BNET-CH1.Units,MV:3053299,Units,Units,1=IP; 2=SI
Hearnes-NAE171,NAE171/Field Bus2.BNET-CH2.Model Number,MV:3052872,Model Number,Model Number,1=; 2=MS-IOM1710-0; 3=MS-IOM2710-0; 4=MS-IOM3710-0; 5=MS-IOM4710-0; 6=MS-FEC1610-0; 7=MS-FEC2610-0; 8=Unused 7; 9=MS-FEC3610-0; 10=MS-VMA1610-0; 11=MS-VMA1620-0; 12=Unused 11; 13=Unused 12; 14=MS-DIS1710-0; 15=MS-ZFR1810-0; 16=MS-ZFR1811-0; 17=MS-NCE25; 18=MS-FCP1610-0; 19=MS-FEC1611-0; 20=MS-FEC2611-0; 21=MS-IOM1711-0; 22=MS-IOM2711-0; 23=MS-IOM3711-0; 24=MS-IOM4711-0; 25=MS-IOM2721-0; 26=MS-IOM3721-0; 27=MS-IOM3731-0; 28=MS-IOM3741-0; 29=FX-PCX2721-0; 30=FX-PCX3721-0; 31=FX-PCX3731-0; 32=FX-PCX4741-0; 33=MS-VMA1615-0; 34=MS-VMA1630-0; 35=FX-PCV1615-0; 36=FX-PCV1630-0; 37=MS-FAC3611-0; 38=MS-FAC3711-0; 39=FX-PCA3611-0; 40=FX-PCA3711-0; 41=FX-PCG1611-0; 42=FX-PCG2611-0; 43=FX-PCV1610-0; 44=FX-PCV1620-0; 45=FX-PCX1711-0; 46=FX-PCX2711-0; 47=FX-PCX3711-0; 48=FX-PCX4711-0; 49=FX-DIS1710-0; 50=FX-ZFR1810-0; 51=FX-ZFR1811-0; 52=MS-FAC2612-0; 53=Unused 52; 54=MS-FAC2611-0; 55=MS-FCP1612-0; 56=; 57=; 58=; 59=; 60=; 61=; 62=; 63=; 64=MS-VRF-IB; 65=MS-VRF-OB; 66=FX-BTCVT-0; 67=MS-BTCVT-0; 68=MS-ZFR1611-0; 69=MS-ZFR1612-0; 70=LC-RTU10xx-0; 71=LC-BYP100-0; 72=LC-PEC100-0; 73=LC-IOM100-0; 74=LC-ZEC100-0; 75=LC-VRT10xx-0; 76=LC-ZEC200-0; 77=FX-PCA2611-0; 78=FX-PCA2612-0; 79=MS-FCU1611-0; 80=MS-FCU1612-0; 81=MS-VAV1611-0; 82=MS-VMA1815-0; 83=MS-VMA1817-0; 84=MS-VMA1830-0; 85=MS-VMA1832-0; 86=MS-VMA1617-0; 87=MS-VMA1632-0; 88=FX-PCV1815-0; 89=FX-PCV1830-0; 90=SE-SPU1001-0; 91=SE-SPU1002-0; 92=SE-SPU1004-0; 93=SE-ECO1001-0; 94=SE-FDD1001-0; 95=SE-OEM1001-0; 96=FX-PCV1832-0; 97=FX-PCV1617-0; 98=FX-PCV1632-0; 99=MS-ZFR1810-1; 100=MS-ZFR1811-1; 101=MS-ZFR1820-0; 102=MS-ZFR1821-0; 103=FX-ZFR1810-1; 104=FX-ZFR1811-1; 105=FX-ZFR1820-0; 106=FX-ZFR1821-0; 107=SE-SCG1001-0; 108=MS-IOM3732-0; 109=SE-TEC3000-0; 110=SE-SCC1001-0; 111=MS-VMA1626-0; 112=MS-VMA1628-0; 113=MS-VMA1629-0; 114=MS-VMA1826-0; 115=FX-PCV1626-0; 116=FX-PCV1628-0; 117=FX-PCV1629-0; 118=FX-PCV1826-0; 119=LC-BYP200-0; 120=LC-ZEC300-0; 121=LC-ZEC400-0; 122=OEM-ECO1000-0; 123=MS-FEC2511-0; 124=SE-HLR1001-0; 125=SE-HLR1002-0; 126=PK-OEM1800-0; 127=PK-OEM3200-0; 128=MS-VMA1656-0; 129=FX-PCV1656-0; 130=FX-PCG2511-0; 131=LC-VZC100-0; 132=LC-ZEC310-0; 133=LC-ZEC410-0; 134=PK-IOM5711-0; 135=PK-IOM5721-0; 136=PK-IOM5731-0; 137=PK-IOM1711-0; 138=PK-IOM2711-0; 139=PK-IOM2721-0; 140=PK-IOM3721-0; 141=PK-IOM3731-0; 142=PK-IOM3711-0; 143=PK-IOM4711-0; 144=MS-FAC3613-0; 145=MS-FAC4911-0; 146=MS-IOM2723-0; 147=MS-IOM3723-0; 148=MS-IOM3733-0; 149=FX-PCA3613-0; 150=FX-PCA4911-0; 151=FX-PCX2723-0; 152=FX-PCX3723-0; 153=FX-PCX3733-0; 154=FX-PCV1930-0; 155=MS-VMA1930-0; 156=LC-VEC100-0; 157=T8800-TB20-0; 158=T8800-TF20-0; 159=T8800-TB21-0; 160=SE-AHU1001-0; 161=SE-CND1001-0; 162=SE-CTB1001-0; 163=SE-OPT1001-0; 164=SE-DIS1001-0; 165=SE-CPO1001-0; 166=MS-FAC2513-0; 167=FX-PCA2513-0; 168=LC-IOM200-0; 169=MS-VMA1631-0; 170=LC-ZEC510-0; 171=SE-ZEC500-0; 172=MV-ECO1011-0; 173=LC-TUC0312-0; 174=TE-74-0; 175=LC-ZFR1825-0; 176=LC-ATC1100-0; 177=LC-ATC1500-0; 178=LC-VAC1000-0; 179=LC-VAC3000-0; 180=M4-CVM03050-0; 181=F4-CVM03050-0; 182=M4-CGM09090-0; 183=F4-CGM09090-0; 184=SE-TEC3000-1; 185=C4-CVM03050-0; 186=C4-CGM09090-0; 187=M4-CVE03050-0; 188=F4-CVE03050-0; 189=C4-CVE03050-0; 190=M4-CGE09090-0; 191=F4-CGE09090-0; 192=C4-CGE09090-0; 193=SE-RTU1001-0; 194=MR5XX-0; 195=A52X-0; 196=DR5XX-0; 197=HS-OEM1800-0; 198=HS-OEM3200-0; 199=M4-SNC25150-0; 200=LC-ATC1510-0; 201=SE-ZEC512-0; 202=M4-SNC16120-0; 203=M4-CGM04060-0; 204=F4-CGM04060-0; 205=C4-CGM04060-0; 206=M4-XPM04060-0; 207=F4-XPM04060-0; 208=C4-XPM04060-0; 209=M4-XPM09090-0; 210=F4-XPM09090-0; 211=C4-XPM09090-0; 212=M4-CGE04060-0; 213=F4-CGE04060-0; 214=C4-CGE04060-0; 215=F4-SNC25151-0; 216=F4-SNC16121-0; 217=JC-VAV1507-0; 218=M4-XPM18000-0; 219=F4-XPM18000-0; 220=C4-XPM18000-0; 221=M4-SNC25151-0; 222=M4-SNC16121-0; 223=JC-WRG1830-0; 224=M4-DLK0350-0; 225=F4-DLK0350-0; 226=SE-CUA1001-0; 227=M4-CCM09090-0; 228=F4-CCM09090-0; 229=MS-VMA1717-0; 230=MS-VMA1732-0; 231=JC-VAV1717-0; 232=JC-VAV1732-0; 233=JC-TMR2400-0; 234=SE-CEG1001-0; 235=; 236=; 237=; 238=; 239=; 240=; 241=; 242=; 243=; 244=; 245=; 246=; 247=; 248=; 249=; 250=; 251=; 252=; 253=; 254=; 255=; 256=MS_INVALID_PRODUCT_ID
Hearnes-NAE171,NAE171/Field Bus2.BNET-CH2.UNIT CONTROL SOURCE,MV:3052840,UNIT CONTROL SOURCE,Unit Control Source,1=Local; 2=ISN (BAS); 3=Analog; 4=Digital; 5=Modem; 6=Remote
Hearnes-NAE171,NAE171/Field Bus2.BNET-CH2.UNIT CYCLING FAULT CODE,MV:3052836,UNIT CYCLING FAULT CODE,Unit Cycling Fault Code,1=NO CYCLING FAULTS PRESENT; 2=MULTIUNIT CYCLING - CONTACTS OPEN; 3=SYSTEM CYCLING - CONTACTS OPEN; 4=RESERVED 3; 5=RESERVED 4; 6=CONTROL PANEL - POWER FAILURE; 7=LEAVING CHILLED LIQUID - LOW TEMPERATURE; 8=CHILLED LIQUID - FLOW SWITCH OPEN; 9=CONDENSER - FLOW SWITCH OPEN; 10=LEAVING CONDENSER LIQUID - HIGH TEMPERATURE; 11=AMBIENT DEW POINT - LOW TEMPERATURE; 12=REFRIGERANT TYPE NOT SET; 13=CONTROL PANEL - SCHEDULE; 14=RESERVED 13; 15=RESERVED 14; 16=RESERVED 15; 17=RESERVED 16; 18=VSD - INITIALIZATION FAILED; 19=VSD SHUTDOWN - REQUESTING FAULT DATA...; 20=VGD ACTUATOR - SERIAL COMMUNICATIONS; 21=UPS - LINE LOW BATTERY VOLTAGE; 22=UPS - NOT CHARGING; 23=RESERVED 22; 24=RESERVED 23; 25=RESERVED 24; 26=VSD - SINGLE PHASE INPUT POWER; 27=VSD - HIGH DC BUS VOLTAGE; 28=VSD - LOGIC BOARD POWER SUPPLY; 29=VSD - LOW DC BUS VOLTAGE; 30=RESERVED 29; 31=VSD - HIGH INTERNAL AMBIENT TEMPERATURE; 32=RESERVED 31; 33=RESERVED 32; 34=RESERVED 33; 35=RESERVED 34; 36=RESERVED 35; 37=RESERVED 36; 38=VSD - PRECHARGE - LOW DC BUS VOLTAGE 1; 39=RESERVED 38; 40=VSD - RUN SIGNAL; 41=VSD - SERIAL RECEIVE; 42=VSD - FAULT CONTACTS OPEN; 43=RESERVED 42; 44=RESERVED 43; 45=RESERVED 44; 46=RESERVED 45; 47=RESERVED 46; 48=RESERVED 47; 49=RESERVED 48; 50=RESERVED 49; 51=RESERVED 50; 52=RESERVED 51; 53=RESERVED 52; 54=RESERVED 53; 55=RESERVED 54; 56=RESERVED 55; 57=RESERVED 56; 58=RESERVED 57; 59=RESERVED 58; 60=RESERVED 59; 61=RESERVED 60; 62=RESERVED 61; 63=RESERVED 62; 64=RESERVED 63; 65=RESERVED 64; 66=RESERVED 65; 67=RESERVED 66; 68=RESERVED 67; 69=RESERVED 68; 70=RESERVED 69; 71=RESERVED 70; 72=RESERVED 71; 73=RESERVED 72; 74=RESERVED 73; 75=RESERVED 74; 76=RESERVED 75; 77=RESERVED 76; 78=RESERVED 77; 79=RESERVED 78; 80=RESERVED 79; 81=RESERVED 80; 82=RESERVED 81; 83=RESERVED 82; 84=RESERVED 83; 85=RESERVED 84; 86=RESERVED 85; 87=RESERVED 86; 88=RESERVED 87; 89=RESERVED 88; 90=RESERVED 89; 91=RESERVED 90; 92=RESERVED 91; 93=RESERVED 92; 94=RESERVED 93; 95=RESERVED 94; 96=RESERVED 95; 97=RESERVED 96; 98=RESERVED 97; 99=RESERVED 98; 100=RESERVED 99; 101=VSD - SERIAL COMMUNICATIONS; 102=MBC - V13 POSITION; 103=MBC - W13 POSITION; 104=MBC - V24 POSITION; 105=MBC - W24 POSITION; 106=MBC - Z12 POSITION; 107=MBC - V13 LOW FREQUENCY DISPLACEMENT; 108=MBC - W13 LOW FREQUENCY DISPLACEMENT; 109=MBC - V24 LOW FREQUENCY DISPLACEMENT; 110=MBC - W24 LOW FREQUENCY DISPLACEMENT; 111=MBC - Z12 LOW FREQUENCY DISPLACEMENT; 112=MBC - VW13 VIBRATION; 113=MBC - VW24 VIBRATION; 114=MBC - Z12 VIBRATION; 115=MBC - HIGH AMPLIFIER TEMPERATURE; 116=MBC - HIGH DC/DC TEMPERATURE; 117=MBC - SERIAL COMMUNICATIONS; 118=MBC - SPEED SIGNAL FAULT; 119=MBC SHUTDOWN - REQUESTING FAULT DATA...; 120=MBC - FAULT CONTACTS OPEN; 121=MBC - STARTUP FAILURE; 122=MBC - UNKNOWN PARAMETER FILE; 123=MBC - LOW INPUT VOLTAGE; 124=RESERVED 123; 125=RESERVED 124; 126=RESERVED 125; 127=RESERVED 126; 128=EVAPORATOR - LOW PRESSURE - SMART FREEZE; 129=EVAPORATOR - LOW PRESSURE; 130=CONTROL PANEL - LOSS OF CONTROL VOLTAGE; 131=EXPANSION I/O - SERIAL COMMUNICATIONS; 132=RESERVED 131; 133=VSD - HIGH PHASE A INPUT CURRENT; 134=VSD - HIGH PHASE B INPUT CURRENT; 135=VSD - HIGH PHASE C INPUT CURRENT; 136=VSD - HIGH PHASE A MOTOR CURRENT; 137=VSD - HIGH PHASE B MOTOR CURRENT; 138=VSD - HIGH PHASE C MOTOR CURRENT; 139=VSD - PHASE A INPUT GATE DRIVER; 140=VSD - PHASE B INPUT GATE DRIVER; 141=VSD - PHASE C INPUT GATE DRIVER; 142=VSD - PHASE A MOTOR GATE DRIVER; 143=VSD - PHASE B MOTOR GATE DRIVER; 144=VSD - PHASE C MOTOR GATE DRIVER; 145=VSD - LOW PHASE A INPUT BASEPLATE TEMPERATURE; 146=VSD - LOW PHASE B INPUT BASEPLATE TEMPERATURE; 147=VSD - LOW PHASE C INPUT BASEPLATE TEMPERATURE; 148=VSD - LOW PHASE A MOTOR BASEPLATE TEMPERATURE; 149=VSD - LOW PHASE B MOTOR BASEPLATE TEMPERATURE; 150=VSD - LOW PHASE C MOTOR BASEPLATE TEMPERATURE; 151=VSD - LINE VOLTAGE PHASE ROTATION; 152=VSD - DC BUS PRE-REGULATION; 153=VSD - LOGIC BOARD PROCESSOR; 154=VSD - PHASE LOCKED LOOP; 155=VSD - NOT RUNNING; 156=VSD - PHASE A INPUT DCCT OFFSET; 157=VSD - PHASE B INPUT DCCT OFFSET; 158=VSD - PHASE C INPUT DCCT OFFSET; 159=VSD - PRECHARGE - LOW DC BUS VOLTAGE 2; 160=VSD - INVALID SETPOINTS; 161=CONDENSER - FREEZE THREAT - FLOW SWITCH OPEN; 162=ISOLATION VALVES - NOT CLOSED
Hearnes-NAE171,NAE171/Field Bus2.BNET-CH2.UNIT INTERNAL FAULT CODE,MV:3052846,UNIT INTERNAL FAULT CODE,Unit Internal Fault Code,1=NO INTERNAL FAULTS PRESENT; 2=INTERNAL ERROR - NO TIMER HANDLES AVAILABLE; 3=WATCHDOG - SOFTWARE REBOOT; 4=INTERNAL ERROR - CANNOT CREATE TASK; 5=INTERNAL ERROR - CANNOT REGISTER CONTROL; 6=INTERNAL ERROR - INVALID BRAM
Hearnes-NAE171,NAE171/Field Bus2.BNET-CH2.UNIT MOD RUN CODE,MV:3052842,UNIT MOD RUN CODE,Unit Modified Run Code,1=NO MODIFIED RUN CONDITIONS PRESENT; 2=RESERVED 1; 3=RESERVED 2; 4=RESERVED 3; 5=VSD - INPUT PULLDOWN LIMIT; 6=VSD - HIGH INPUT CURRENT LIMIT
Hearnes-NAE171,NAE171/Field Bus2.BNET-CH2.UNIT OPERATION CODE,MV:3052832,UNIT OPERATION CODE,Unit Operation Code,1=UNIT STOPPED - READY TO START; 2=UNIT STOPPED - LOCAL SHUTDOWN; 3=UNIT STOPPED - REMOTE SHUTDOWN; 4=UNIT STOPPED - WARNING ACTIVE; 5=UNIT STOPPED - CYCLING SHUTDOWN; 6=UNIT STOPPED - SAFETY SHUTDOWN; 7=UNIT START INHIBIT; 8=UNIT STARTING; 9=UNIT RUNNING - NO ABNORMAL CONDITION; 10=UNIT RUNNING - WARNING ACTIVE; 11=UNIT RUNNING - SOFT SHUTDOWN; 12=UNIT COASTDOWN; 13=UNIT RUNNING - MODIFIED RUN; 14=UNIT STOPPED - INTERNAL SHUTDOWN; 15=RESERVED 14; 16=UNIT RUNNING - ACTIVE LOW LIFT - NO ABNORMAL CONDITION; 17=UNIT RUNNING - ACTIVE LOW LIFT - WARNING ACTIVE; 18=UNIT RUNNING - ACTIVE LOW LIFT - MODIFIED RUN; 19=UNIT RUNNING - PASSIVE LOW LIFT - NO ABNORMAL CONDITION; 20=UNIT RUNNING - PASSIVE LOW LIFT - WARNING ACTIVE; 21=UNIT RUNNING - PASSIVE LOW LIFT - MODIFIED RUN; 22=UNIT RUNNING - COOLING - NO ABNORMAL CONDITION; 23=UNIT RUNNING - COOLING - WARNING ACTIVE; 24=UNIT RUNNING - COOLING - MODIFIED RUN; 25=UNIT RUNNING - HEATING - NO ABNORMAL CONDITION; 26=UNIT RUNNING - HEATING - WARNING ACTIVE; 27=UNIT RUNNING - HEATING - MODIFIED RUN; 28=UNIT RUNNING - COOLING & HEATING - NO ABNORMAL CONDITION; 29=UNIT RUNNING - COOLING & HEATING - WARNING ACTIVE; 30=UNIT RUNNING - COOLING & HEATING - MODIFIED RUN
Hearnes-NAE171,NAE171/Field Bus2.BNET-CH2.UNIT SAFETY FAULT CODE,MV:3052834,UNIT SAFETY FAULT CODE,Unit Safety Fault Code,1=NO SAFETY FAULTS PRESENT; 2=EVAPORATOR - LOW PRESSURE; 3=EVAPORATOR - TRANSDUCER OR LEAVING LIQUID PROBE; 4=EVAPORATOR - TRANSDUCER OR TEMPERATURE SENSOR; 5=CONDENSER - HIGH PRESSURE SWITCH OPEN; 6=CONDENSER - HIGH PRESSURE; 7=CONDENSER - PRESSURE TRANSDUCER OUT OF RANGE; 8=AUXILIARY SAFETY - CONTACTS CLOSED; 9=DISCHARGE - LOW TEMPERATURE; 10=DISCHARGE - HIGH TEMPERATURE; 11=RESERVED 10; 12=RESERVED 11; 13=RESERVED 12; 14=RESERVED 13; 15=RESERVED 14; 16=RESERVED 15; 17=RESERVED 16; 18=RESERVED 17; 19=RESERVED 18; 20=RESERVED 19; 21=RESERVED 20; 22=CONTROL PANEL - POWER FAILURE; 23=CONTROL PANEL - LOSS OF CONTROL VOLTAGE; 24=UPS - BATTERY NOT CONNECTED; 25=UPS - INVERTER LOW BATTERY VOLTAGE; 26=RESERVED 25; 27=RESERVED 26; 28=RESERVED 27; 29=RESERVED 28; 30=RESERVED 29; 31=VSD - 105% MOTOR CURRENT OVERLOAD; 32=RESERVED 31; 33=RESERVED 32; 34=RESERVED 33; 35=RESERVED 34; 36=VSD - PRECHARGE LOCKOUT; 37=RESERVED 36; 38=RESERVED 37; 39=RESERVED 38; 40=RESERVED 39; 41=RESERVED 40; 42=RESERVED 41; 43=RESERVED 42; 44=RESERVED 43; 45=RESERVED 44; 46=RESERVED 45; 47=RESERVED 46; 48=RESERVED 47; 49=RESERVED 48; 50=RESERVED 49; 51=RESERVED 50; 52=EVAPORATOR - LOW PRESSURE; 53=EVAPORATOR - LOW PRESSURE - SMART FREEZE; 54=SURGE PROTECTION - EXCESS SURGE; 55=RESERVED 54; 56=RESERVED 55; 57=RESERVED 56; 58=RESERVED 57; 59=RESERVED 58; 60=RESERVED 59; 61=MOTOR - LOW WINDING TEMPERATURE; 62=MOTOR - HIGH WINDING TEMPERATURE; 63=MOTOR - HIGH ROTOR TEMPERATURE; 64=RESERVED 63; 65=RESERVED 64; 66=RESERVED 65; 67=VSD - MOTOR CURRENT IMBALANCE; 68=CONDENSER - HIGH PRESSURE - STOPPED; 69=MBC - DSP UNAUTHORIZED ROTATION; 70=MBC - SPV UNAUTHORIZED ROTATION; 71=MBC - AMP COMMUNICATION; 72=MBC - AMP WATCHDOG; 73=RESERVED 72; 74=MBC - LOW RADIAL OSCILLATOR VOLTAGE; 75=RESERVED 74; 76=MBC - LOW AXIAL OSCILLATOR VOLTAGE; 77=MBC - ROTOR CONTRACTION; 78=MBC - HIGH INPUT VOLTAGE; 79=RESERVED 78; 80=MBC - INTERNAL FAULT; 81=VGD ACTUATOR FAULT; 82=VGD POSITIONING FAULT; 83=MBC - POWER FAIL LANDING; 84=RESERVED 83; 85=RESERVED 84; 86=RESERVED 85; 87=RESERVED 86; 88=RESERVED 87; 89=RESERVED 88; 90=RESERVED 89; 91=RESERVED 90; 92=RESERVED 91; 93=RESERVED 92; 94=RESERVED 93; 95=RESERVED 94; 96=VSD - LOGIC BOARD PLUG; 97=VSD - INPUT CURRENT OVERLOAD; 98=VSD - HIGH PHASE A INPUT BASEPLATE TEMPERATURE; 99=VSD - HIGH PHASE B INPUT BASEPLATE TEMPERATURE; 100=VSD - HIGH PHASE C INPUT BASEPLATE TEMPERATURE; 101=VSD - HIGH PHASE A MOTOR BASEPLATE TEMPERATURE; 102=VSD - HIGH PHASE B MOTOR BASEPLATE TEMPERATURE; 103=VSD - HIGH PHASE C MOTOR BASEPLATE TEMPERATURE; 104=VSD - DC BUS PRE-REGULATION LOCKOUT; 105=VSD - GROUND FAULT; 106=VSD - PHASE A MOTOR DCCT; 107=VSD - PHASE B MOTOR DCCT; 108=VSD - PHASE C MOTOR DCCT; 109=VSD - PHASE A INPUT DCCT; 110=VSD - PHASE B INPUT DCCT; 111=VSD - PHASE C INPUT DCCT; 112=VSD - HIGH TOTAL DEMAND DISTORTION; 113=VSD - HIGH INTERNAL AMBIENT TEMPERATURE; 114=VSD - DC BUS LOCKOUT - DO NOT CYCLE POWER; 115=VSD - INPUT DCCT OFFSET LOCKOUT; 116=RESERVED 115; 117=VSD - HIGH PHASE A INPUT CURRENT; 118=VSD - HIGH PHASE B INPUT CURRENT; 119=VSD - HIGH PHASE C INPUT CURRENT; 120=VSD - HIGH PHASE A MOTOR CURRENT; 121=VSD - HIGH PHASE B MOTOR CURRENT; 122=VSD - HIGH PHASE C MOTOR CURRENT; 123=VSD - MOTOR CURRENT THD FAULT; 124=RESERVED 123; 125=VSD - RECTIFIER PROGRAM FAULT; 126=VSD - INVERTER PROGRAM FAULT; 127=MBC - DSP INITIALIZATION; 128=MBC - HIGH AMPLIFIER TEMPERATURE; 129=MBC - HIGH DC/DC TEMPERATURE; 130=MBC - DSP COMMUNICATION; 131=MBC - DSP INTEGRITY; 132=MBC - FLASH MEMORY CLEAR; 133=MBC - FLASH MEMORY WRITE; 134=MBC - EEPROM; 135=MBC - FLASH MEMORY FULL; 136=MBC - INTERNAL FAULT 11; 137=MBC - INTERNAL FAULT 12; 138=MBC - INTERNAL FAULT 13; 139=MBC - INTERNAL FAULT 14; 140=MBC - DSP WATCHDOG; 141=MBC - DATA ACQUISITION FAULT; 142=MBC - HIGH BEARING Z1 TEMPERATURE; 143=MBC - HIGH BEARING Z2 TEMPERATURE; 144=MBC - CABLE FAULT; 145=MBC - SPEED SIGNAL FAULT; 146=MBC - OVERSPEED FAULT; 147=MBC - ROTOR ELONGATION; 148=MBC - HIGH BEARING CURRENT; 149=MBC - OSCILLATOR FAULT; 150=MBC - POWER SUPPLY FAULT; 151=MBC - UNAUTHORIZED ROTATION; 152=MBC - FAULT CODE X; 153=MBC - NO LEVITATION; 154=MBC - STARTUP FAILURE; 155=MBC - EXCESSIVE SHUTDOWNS; 156=SAFETY STOP; 157=MBC - INITIALIZATION FAILED; 158=MBC - CUSTOMER SERIAL LINK DISABLED; 159=MOTOR - HIGH HOUSING TEMPERATURE; 160=SALES ORDER - INVALID COMPRESSOR MODEL; 161=VSD - LINE VOLTAGE PHASE ROTATION; 162=VSD - PHASE LOCKED LOOP; 163=VSD - LOGIC BOARD HARDWARE; 164=ISOLATION VALVES - NOT OPENED
Hearnes-NAE171,NAE171/Field Bus2.BNET-CH2.UNIT START INHIBIT CODE,MV:3052844,UNIT START INHIBIT CODE,Unit Start Inhibit Code,1=NO INHIBIT FAULTS PRESENT; 2=ANTI-RECYCLE; 3=RESERVED 2; 4=VGD STROKE NOT CALIBRATED; 5=VGD FEEDBACK NOT CALIBRATED; 6=RESERVED 5; 7=RESERVED 6; 8=RESERVED 7; 9=RESERVED 8; 10=RESERVED 9; 11=PRV NOT CALIBRATED; 12=RESERVED 11; 13=VGD NOT CALIBRATED; 14=LINE VOLTAGE NOT SET; 15=LINE FREQUENCY NOT SET; 16=MBC - INITIALIZATION IN PROGRESS
Hearnes-NAE171,NAE171/Field Bus2.BNET-CH2.UNIT WARNING CODE,MV:3052838,UNIT WARNING CODE,Unit Warning Code,1=NO WARNINGS PRESENT; 2=WARNING - REAL TIME CLOCK FAILURE; 3=WARNING - SETPOINT OVERRIDE; 4=WARNING - CONDENSER OR EVAPORATOR XDCR ERROR; 5=WARNING - EVAPORATOR - LOW PRESSURE LIMIT; 6=WARNING - CONDENSER - HIGH PRESSURE LIMIT; 7=RESERVED 6; 8=RESERVED 7; 9=RESERVED 8; 10=RESERVED 9; 11=RESERVED 10; 12=RESERVED 11; 13=RESERVED 12; 14=RESERVED 13; 15=RESERVED 14; 16=RESERVED 15; 17=RESERVED 16; 18=RESERVED 17; 19=RESERVED 18; 20=RESERVED 19; 21=WARNING - UPS - NOT CHARGING; 22=WARNING - UPS - LINE LOW BATTERY VOLTAGE; 23=WARNING - UPS - BATTERY NOT CONNECTED; 24=WARNING - UPS - CHECK BATTERY CONNECTION; 25=WARNING - UPS - BATTERY TEST FAILED; 26=RESERVED 25; 27=RESERVED 26; 28=RESERVED 27; 29=RESERVED 28; 30=WARNING - SURGE PROTECTION - EXCESS SURGE LIMIT; 31=WARNING - EXCESS SURGE DETECTED; 32=RESERVED 31; 33=RESERVED 32; 34=RESERVED 33; 35=WARNING - CONDENSER OR VGD SENSOR FAILURE; 36=RESERVED 35; 37=RESERVED 36; 38=RESERVED 37; 39=RESERVED 38; 40=RESERVED 39; 41=WARNING - MOTOR - HIGH WINDING TEMPERATURE; 42=WARNING - MOTOR - HIGH ROTOR TEMPERATURE; 43=RESERVED 42; 44=RESERVED 43; 45=WARNING - VSD - INPUT VOLTAGE IMBALANCE; 46=RESERVED 45; 47=RESERVED 46; 48=RESERVED 47; 49=WARNING - MBC - LANDING COUNTER HIGH; 50=RESERVED 49; 51=RESERVED 50; 52=RESERVED 51; 53=RESERVED 52; 54=RESERVED 53; 55=RESERVED 54; 56=WARNING - MBC - CHECKSUM CENTERING; 57=WARNING - MBC - DSP WATCHDOG; 58=WARNING - MBC - AMP WATCHDOG; 59=WARNING - MBC - INTERNAL ALARM; 60=WARNING - MBC - HIGH RADIAL OSCILLATOR VOLTAGE; 61=WARNING - MBC - HIGH AXIAL OSCILLATOR VOLTAGE; 62=RESERVED 61; 63=RESERVED 62; 64=RESERVED 63; 65=RESERVED 64; 66=WARNING - MBC - ROTATION MODE OFF; 67=WARNING - MOTOR - HIGH CURRENT LIMIT; 68=WARNING - MOTOR - HIGH HOUSING TEMPERATURE; 69=WARNING - VSD - DC BUS ACTIVE; 70=WARNING - LIQUID LEVEL SETPOINT NOT ACHIEVED; 71=WARNING - LOSS OF SUBCOOLER LIQUID SEAL; 72=WARNING - CONDENSER - FREEZE THREAT FROM LOW PRESSURE
Hearnes-NAE171,NAE171/Field Bus2.BNET-CH3.BACnet Encode Type,MV:3051147,BACnet Encode Type,BACnet Encode Type,1=ISO 10646 (UCS-2); 2=ANSI X3.4 (US-ASCII)
Hearnes-NAE171,NAE171/Field Bus2.BNET-CH3.EQ Port Locked Protocol,MV:3051151,EQ Port Locked Protocol,EQ Port Locked Protocol,1=No Protocol; 2=YorkTalk 3 Master; 3=YorkTalk 2 Master; 4=MSTP Master; 5=Modbus Master; 6=Modbus Slave; 7=N2 Master; 8=N2 Slave; 9=Zigbee Coordinator; 10=Zigbee Router
Hearnes-NAE171,NAE171/Field Bus2.BNET-CH3.Model Number,MV:3051149,Model Number,Model Number,1=; 2=MS-IOM1710-0; 3=MS-IOM2710-0; 4=MS-IOM3710-0; 5=MS-IOM4710-0; 6=MS-FEC1610-0; 7=MS-FEC2610-0; 8=Unused 7; 9=MS-FEC3610-0; 10=MS-VMA1610-0; 11=MS-VMA1620-0; 12=Unused 11; 13=Unused 12; 14=MS-DIS1710-0; 15=MS-ZFR1810-0; 16=MS-ZFR1811-0; 17=MS-NCE25; 18=MS-FCP1610-0; 19=MS-FEC1611-0; 20=MS-FEC2611-0; 21=MS-IOM1711-0; 22=MS-IOM2711-0; 23=MS-IOM3711-0; 24=MS-IOM4711-0; 25=MS-IOM2721-0; 26=MS-IOM3721-0; 27=MS-IOM3731-0; 28=MS-IOM3741-0; 29=FX-PCX2721-0; 30=FX-PCX3721-0; 31=FX-PCX3731-0; 32=FX-PCX4741-0; 33=MS-VMA1615-0; 34=MS-VMA1630-0; 35=FX-PCV1615-0; 36=FX-PCV1630-0; 37=MS-FAC3611-0; 38=MS-FAC3711-0; 39=FX-PCA3611-0; 40=FX-PCA3711-0; 41=FX-PCG1611-0; 42=FX-PCG2611-0; 43=FX-PCV1610-0; 44=FX-PCV1620-0; 45=FX-PCX1711-0; 46=FX-PCX2711-0; 47=FX-PCX3711-0; 48=FX-PCX4711-0; 49=FX-DIS1710-0; 50=FX-ZFR1810-0; 51=FX-ZFR1811-0; 52=MS-FAC2612-0; 53=Unused 52; 54=MS-FAC2611-0; 55=MS-FCP1612-0; 56=; 57=; 58=; 59=; 60=; 61=; 62=; 63=; 64=MS-VRF-IB; 65=MS-VRF-OB; 66=FX-BTCVT-0; 67=MS-BTCVT-0; 68=MS-ZFR1611-0; 69=MS-ZFR1612-0; 70=LC-RTU10xx-0; 71=LC-BYP100-0; 72=LC-PEC100-0; 73=LC-IOM100-0; 74=LC-ZEC100-0; 75=LC-VRT10xx-0; 76=LC-ZEC200-0; 77=FX-PCA2611-0; 78=FX-PCA2612-0; 79=MS-FCU1611-0; 80=MS-FCU1612-0; 81=MS-VAV1611-0; 82=MS-VMA1815-0; 83=MS-VMA1817-0; 84=MS-VMA1830-0; 85=MS-VMA1832-0; 86=MS-VMA1617-0; 87=MS-VMA1632-0; 88=FX-PCV1815-0; 89=FX-PCV1830-0; 90=SE-SPU1001-0; 91=SE-SPU1002-0; 92=SE-SPU1004-0; 93=SE-ECO1001-0; 94=SE-FDD1001-0; 95=SE-OEM1001-0; 96=FX-PCV1832-0; 97=FX-PCV1617-0; 98=FX-PCV1632-0; 99=MS-ZFR1810-1; 100=MS-ZFR1811-1; 101=MS-ZFR1820-0; 102=MS-ZFR1821-0; 103=FX-ZFR1810-1; 104=FX-ZFR1811-1; 105=FX-ZFR1820-0; 106=FX-ZFR1821-0; 107=SE-SCG1001-0; 108=MS-IOM3732-0; 109=SE-TEC3000-0; 110=SE-SCC1001-0; 111=MS-VMA1626-0; 112=MS-VMA1628-0; 113=MS-VMA1629-0; 114=MS-VMA1826-0; 115=FX-PCV1626-0; 116=FX-PCV1628-0; 117=FX-PCV1629-0; 118=FX-PCV1826-0; 119=LC-BYP200-0; 120=LC-ZEC300-0; 121=LC-ZEC400-0; 122=OEM-ECO1000-0; 123=MS-FEC2511-0; 124=SE-HLR1001-0; 125=SE-HLR1002-0; 126=PK-OEM1800-0; 127=PK-OEM3200-0; 128=MS-VMA1656-0; 129=FX-PCV1656-0; 130=FX-PCG2511-0; 131=LC-VZC100-0; 132=LC-ZEC310-0; 133=LC-ZEC410-0; 134=PK-IOM5711-0; 135=PK-IOM5721-0; 136=PK-IOM5731-0; 137=PK-IOM1711-0; 138=PK-IOM2711-0; 139=PK-IOM2721-0; 140=PK-IOM3721-0; 141=PK-IOM3731-0; 142=PK-IOM3711-0; 143=PK-IOM4711-0; 144=MS-FAC3613-0; 145=MS-FAC4911-0; 146=MS-IOM2723-0; 147=MS-IOM3723-0; 148=MS-IOM3733-0; 149=FX-PCA3613-0; 150=FX-PCA4911-0; 151=FX-PCX2723-0; 152=FX-PCX3723-0; 153=FX-PCX3733-0; 154=FX-PCV1930-0; 155=MS-VMA1930-0; 156=LC-VEC100-0; 157=T8800-TB20-0; 158=T8800-TF20-0; 159=T8800-TB21-0; 160=SE-AHU1001-0; 161=SE-CND1001-0; 162=SE-CTB1001-0; 163=SE-OPT1001-0; 164=SE-DIS1001-0; 165=SE-CPO1001-0; 166=MS-FAC2513-0; 167=FX-PCA2513-0; 168=LC-IOM200-0; 169=MS-VMA1631-0; 170=LC-ZEC510-0; 171=SE-ZEC500-0; 172=MV-ECO1011-0; 173=LC-TUC0312-0; 174=TE-74-0; 175=LC-ZFR1825-0; 176=LC-ATC1100-0; 177=LC-ATC1500-0; 178=LC-VAC1000-0; 179=LC-VAC3000-0; 180=M4-CVM03050-0; 181=F4-CVM03050-0; 182=M4-CGM09090-0; 183=F4-CGM09090-0; 184=SE-TEC3000-1; 185=C4-CVM03050-0; 186=C4-CGM09090-0; 187=M4-CVE03050-0; 188=F4-CVE03050-0; 189=C4-CVE03050-0; 190=M4-CGE09090-0; 191=F4-CGE09090-0; 192=C4-CGE09090-0; 193=SE-RTU1001-0; 194=MR5XX-0; 195=A52X-0; 196=DR5XX-0; 197=HS-OEM1800-0; 198=HS-OEM3200-0; 199=M4-SNC25150-0; 200=; 201=; 202=; 203=; 204=; 205=; 206=; 207=; 208=; 209=; 210=; 211=; 212=; 213=; 214=; 215=; 216=; 217=; 218=; 219=; 220=; 221=; 222=; 223=; 224=; 225=; 226=; 227=; 228=; 229=; 230=; 231=; 232=; 233=; 234=; 235=; 236=; 237=; 238=; 239=; 240=; 241=; 242=; 243=; 244=; 245=; 246=; 247=; 248=; 249=; 250=; 251=; 252=; 253=; 254=; 255=; 256=MS_INVALID_PRODUCT_ID
Hearnes-NAE171,NAE171/Field Bus2.BNET-CH3.UNIT CONTROL SOURCE,MV:3051099,UNIT CONTROL SOURCE,Unit Control Source,1=Local; 2=ISN (BAS); 3=Analog; 4=Digital; 5=Modem; 6=Remote
Hearnes-NAE171,NAE171/Field Bus2.BNET-CH3.UNIT CYCLING FAULT CODE,MV:3051095,UNIT CYCLING FAULT CODE,Unit Cycling Fault Code,1=NO CYCLING FAULTS PRESENT; 2=MULTIUNIT CYCLING - CONTACTS OPEN; 3=SYSTEM CYCLING - CONTACTS OPEN; 4=RESERVED 3; 5=RESERVED 4; 6=CONTROL PANEL - POWER FAILURE; 7=LEAVING CHILLED LIQUID - LOW TEMPERATURE; 8=CHILLED LIQUID - FLOW SWITCH OPEN; 9=CONDENSER - FLOW SWITCH OPEN; 10=LEAVING CONDENSER LIQUID - HIGH TEMPERATURE; 11=AMBIENT DEW POINT - LOW TEMPERATURE; 12=REFRIGERANT TYPE NOT SET; 13=CONTROL PANEL - SCHEDULE; 14=RESERVED 13; 15=RESERVED 14; 16=RESERVED 15; 17=RESERVED 16; 18=VSD - INITIALIZATION FAILED; 19=VSD SHUTDOWN - REQUESTING FAULT DATA...; 20=VGD ACTUATOR - SERIAL COMMUNICATIONS; 21=UPS - LINE LOW BATTERY VOLTAGE; 22=RESERVED 21; 23=RESERVED 22; 24=RESERVED 23; 25=RESERVED 24; 26=VSD - SINGLE PHASE INPUT POWER; 27=VSD - HIGH DC BUS VOLTAGE; 28=VSD - LOGIC BOARD POWER SUPPLY; 29=VSD - LOW DC BUS VOLTAGE; 30=RESERVED 29; 31=VSD - HIGH INTERNAL AMBIENT TEMPERATURE; 32=RESERVED 31; 33=RESERVED 32; 34=RESERVED 33; 35=RESERVED 34; 36=RESERVED 35; 37=RESERVED 36; 38=VSD - PRECHARGE - LOW DC BUS VOLTAGE 1; 39=RESERVED 38; 40=VSD - RUN SIGNAL; 41=VSD - SERIAL RECEIVE; 42=VSD - FAULT CONTACTS OPEN; 43=RESERVED 42; 44=RESERVED 43; 45=RESERVED 44; 46=RESERVED 45; 47=RESERVED 46; 48=RESERVED 47; 49=RESERVED 48; 50=RESERVED 49; 51=RESERVED 50; 52=RESERVED 51; 53=RESERVED 52; 54=RESERVED 53; 55=RESERVED 54; 56=RESERVED 55; 57=RESERVED 56; 58=RESERVED 57; 59=RESERVED 58; 60=RESERVED 59; 61=RESERVED 60; 62=RESERVED 61; 63=RESERVED 62; 64=RESERVED 63; 65=RESERVED 64; 66=RESERVED 65; 67=RESERVED 66; 68=RESERVED 67; 69=RESERVED 68; 70=RESERVED 69; 71=RESERVED 70; 72=RESERVED 71; 73=RESERVED 72; 74=RESERVED 73; 75=RESERVED 74; 76=RESERVED 75; 77=RESERVED 76; 78=RESERVED 77; 79=RESERVED 78; 80=RESERVED 79; 81=RESERVED 80; 82=RESERVED 81; 83=RESERVED 82; 84=RESERVED 83; 85=RESERVED 84; 86=RESERVED 85; 87=RESERVED 86; 88=RESERVED 87; 89=RESERVED 88; 90=RESERVED 89; 91=RESERVED 90; 92=RESERVED 91; 93=RESERVED 92; 94=RESERVED 93; 95=RESERVED 94; 96=RESERVED 95; 97=RESERVED 96; 98=RESERVED 97; 99=RESERVED 98; 100=RESERVED 99; 101=VSD - SERIAL COMMUNICATIONS; 102=MBC - V13 POSITION; 103=MBC - W13 POSITION; 104=MBC - V24 POSITION; 105=MBC - W24 POSITION; 106=MBC - Z12 POSITION; 107=MBC - V13 LOW FREQUENCY DISPLACEMENT; 108=MBC - W13 LOW FREQUENCY DISPLACEMENT; 109=MBC - V24 LOW FREQUENCY DISPLACEMENT; 110=MBC - W24 LOW FREQUENCY DISPLACEMENT; 111=MBC - Z12 LOW FREQUENCY DISPLACEMENT; 112=MBC - VW13 VIBRATION; 113=MBC - VW24 VIBRATION; 114=MBC - Z12 VIBRATION; 115=MBC - HIGH AMPLIFIER TEMPERATURE; 116=MBC - HIGH DC/DC TEMPERATURE; 117=MBC - SERIAL COMMUNICATIONS; 118=MBC - SPEED SIGNAL FAULT; 119=MBC SHUTDOWN - REQUESTING FAULT DATA...; 120=MBC - FAULT CONTACTS OPEN; 121=MBC - STARTUP FAILURE; 122=MBC - UNKNOWN PARAMETER FILE; 123=MBC - LOW INPUT VOLTAGE; 124=RESERVED 123; 125=RESERVED 124; 126=RESERVED 125; 127=RESERVED 126; 128=EVAPORATOR - LOW PRESSURE - SMART FREEZE; 129=EVAPORATOR - LOW PRESSURE; 130=CONTROL PANEL - LOSS OF CONTROL VOLTAGE; 131=EXPANSION I/O - SERIAL COMMUNICATIONS; 132=RESERVED 131; 133=VSD - HIGH PHASE A INPUT CURRENT; 134=VSD - HIGH PHASE B INPUT CURRENT; 135=VSD - HIGH PHASE C INPUT CURRENT; 136=VSD - HIGH PHASE A MOTOR CURRENT; 137=VSD - HIGH PHASE B MOTOR CURRENT; 138=VSD - HIGH PHASE C MOTOR CURRENT; 139=VSD - PHASE A INPUT GATE DRIVER; 140=VSD - PHASE B INPUT GATE DRIVER; 141=VSD - PHASE C INPUT GATE DRIVER; 142=VSD - PHASE A MOTOR GATE DRIVER; 143=VSD - PHASE B MOTOR GATE DRIVER; 144=VSD - PHASE C MOTOR GATE DRIVER; 145=VSD - LOW PHASE A INPUT BASEPLATE TEMPERATURE; 146=VSD - LOW PHASE B INPUT BASEPLATE TEMPERATURE; 147=VSD - LOW PHASE C INPUT BASEPLATE TEMPERATURE; 148=VSD - LOW PHASE A MOTOR BASEPLATE TEMPERATURE; 149=VSD - LOW PHASE B MOTOR BASEPLATE TEMPERATURE; 150=VSD - LOW PHASE C MOTOR BASEPLATE TEMPERATURE; 151=VSD - LINE VOLTAGE PHASE ROTATION; 152=VSD - DC BUS PRE-REGULATION; 153=VSD - LOGIC BOARD PROCESSOR; 154=VSD - PHASE LOCKED LOOP; 155=VSD - NOT RUNNING; 156=VSD - PHASE A INPUT DCCT OFFSET; 157=VSD - PHASE B INPUT DCCT OFFSET; 158=VSD - PHASE C INPUT DCCT OFFSET; 159=VSD - PRECHARGE - LOW DC BUS VOLTAGE 2; 160=VSD - INVALID SETPOINTS; 161=CONDENSER - FREEZE THREAT - FLOW SWITCH OPEN; 162=ISOLATION VALVES - NOT CLOSED
Hearnes-NAE171,NAE171/Field Bus2.BNET-CH3.UNIT INTERNAL FAULT CODE,MV:3051105,UNIT INTERNAL FAULT CODE,Unit Internal Fault Code,1=NO INTERNAL FAULTS PRESENT; 2=INTERNAL ERROR - NO TIMER HANDLES AVAILABLE; 3=WATCHDOG - SOFTWARE REBOOT; 4=INTERNAL ERROR - CANNOT CREATE TASK; 5=INTERNAL ERROR - CANNOT REGISTER CONTROL; 6=INTERNAL ERROR - INVALID BRAM
Hearnes-NAE171,NAE171/Field Bus2.BNET-CH3.UNIT MODIFIED RUN CODE,MV:3051101,UNIT MODIFIED RUN CODE,Unit Modified Run Code,1=NO MODIFIED RUN CONDITIONS PRESENT; 2=RESERVED 1; 3=RESERVED 2; 4=RESERVED 3; 5=VSD - INPUT PULLDOWN LIMIT; 6=VSD - HIGH INPUT CURRENT LIMIT
Hearnes-NAE171,NAE171/Field Bus2.BNET-CH3.UNIT OPERATION CODE,MV:3051091,UNIT OPERATION CODE,Unit Operation Code,1=UNIT STOPPED - READY TO START; 2=UNIT STOPPED - LOCAL SHUTDOWN; 3=UNIT STOPPED - REMOTE SHUTDOWN; 4=UNIT STOPPED - WARNING ACTIVE; 5=UNIT STOPPED - CYCLING SHUTDOWN; 6=UNIT STOPPED - SAFETY SHUTDOWN; 7=UNIT START INHIBIT; 8=UNIT STARTING; 9=UNIT RUNNING - NO ABNORMAL CONDITION; 10=UNIT RUNNING - WARNING ACTIVE; 11=UNIT RUNNING - SOFT SHUTDOWN; 12=UNIT COASTDOWN; 13=UNIT RUNNING - MODIFIED RUN; 14=UNIT STOPPED - INTERNAL SHUTDOWN; 15=RESERVED 14; 16=UNIT RUNNING - ACTIVE LOW LIFT - NO ABNORMAL CONDITION; 17=UNIT RUNNING - ACTIVE LOW LIFT - WARNING ACTIVE; 18=UNIT RUNNING - ACTIVE LOW LIFT - MODIFIED RUN; 19=UNIT RUNNING - PASSIVE LOW LIFT - NO ABNORMAL CONDITION; 20=UNIT RUNNING - PASSIVE LOW LIFT - WARNING ACTIVE; 21=UNIT RUNNING - PASSIVE LOW LIFT - MODIFIED RUN; 22=UNIT RUNNING - COOLING - NO ABNORMAL CONDITION; 23=UNIT RUNNING - COOLING - WARNING ACTIVE; 24=UNIT RUNNING - COOLING - MODIFIED RUN; 25=UNIT RUNNING - HEATING - NO ABNORMAL CONDITION; 26=UNIT RUNNING - HEATING - WARNING ACTIVE; 27=UNIT RUNNING - HEATING - MODIFIED RUN; 28=UNIT RUNNING - COOLING & HEATING - NO ABNORMAL CONDITION; 29=UNIT RUNNING - COOLING & HEATING - WARNING ACTIVE; 30=UNIT RUNNING - COOLING & HEATING - MODIFIED RUN
Hearnes-NAE171,NAE171/Field Bus2.BNET-CH3.UNIT SAFETY FAULT CODE,MV:3051093,UNIT SAFETY FAULT CODE,Unit Safety Fault Code,1=NO SAFETY FAULTS PRESENT; 2=EVAPORATOR - LOW PRESSURE; 3=EVAPORATOR - TRANSDUCER OR LEAVING LIQUID PROBE; 4=EVAPORATOR - TRANSDUCER OR TEMPERATURE SENSOR; 5=CONDENSER - HIGH PRESSURE SWITCH OPEN; 6=CONDENSER - HIGH PRESSURE; 7=CONDENSER - PRESSURE TRANSDUCER OUT OF RANGE; 8=AUXILIARY SAFETY - CONTACTS CLOSED; 9=DISCHARGE - LOW TEMPERATURE; 10=DISCHARGE - HIGH TEMPERATURE; 11=RESERVED 10; 12=RESERVED 11; 13=RESERVED 12; 14=RESERVED 13; 15=RESERVED 14; 16=RESERVED 15; 17=RESERVED 16; 18=RESERVED 17; 19=RESERVED 18; 20=RESERVED 19; 21=RESERVED 20; 22=CONTROL PANEL - POWER FAILURE; 23=CONTROL PANEL - LOSS OF CONTROL VOLTAGE; 24=UPS - BATTERY NOT CONNECTED; 25=UPS - INVERTER LOW BATTERY VOLTAGE; 26=RESERVED 25; 27=RESERVED 26; 28=RESERVED 27; 29=RESERVED 28; 30=RESERVED 29; 31=VSD - 105% MOTOR CURRENT OVERLOAD; 32=RESERVED 31; 33=RESERVED 32; 34=RESERVED 33; 35=RESERVED 34; 36=VSD - PRECHARGE LOCKOUT; 37=RESERVED 36; 38=RESERVED 37; 39=RESERVED 38; 40=RESERVED 39; 41=RESERVED 40; 42=RESERVED 41; 43=RESERVED 42; 44=RESERVED 43; 45=RESERVED 44; 46=RESERVED 45; 47=RESERVED 46; 48=RESERVED 47; 49=RESERVED 48; 50=RESERVED 49; 51=RESERVED 50; 52=EVAPORATOR - LOW PRESSURE; 53=EVAPORATOR - LOW PRESSURE - SMART FREEZE; 54=SURGE PROTECTION - EXCESS SURGE; 55=RESERVED 54; 56=RESERVED 55; 57=RESERVED 56; 58=RESERVED 57; 59=RESERVED 58; 60=RESERVED 59; 61=MOTOR - LOW WINDING TEMPERATURE; 62=MOTOR - HIGH WINDING TEMPERATURE; 63=MOTOR - HIGH ROTOR TEMPERATURE; 64=RESERVED 63; 65=RESERVED 64; 66=RESERVED 65; 67=VSD - MOTOR CURRENT IMBALANCE; 68=CONDENSER - HIGH PRESSURE - STOPPED; 69=MBC - DSP UNAUTHORIZED ROTATION; 70=MBC - SPV UNAUTHORIZED ROTATION; 71=MBC - AMP COMMUNICATION; 72=MBC - AMP WATCHDOG; 73=RESERVED 72; 74=MBC - LOW RADIAL OSCILLATOR VOLTAGE; 75=RESERVED 74; 76=MBC - LOW AXIAL OSCILLATOR VOLTAGE; 77=MBC - ROTOR CONTRACTION; 78=MBC - HIGH INPUT VOLTAGE; 79=RESERVED 78; 80=MBC - INTERNAL FAULT; 81=VGD ACTUATOR FAULT; 82=VGD POSITIONING FAULT; 83=MBC - POWER FAIL LANDING; 84=RESERVED 83; 85=RESERVED 84; 86=RESERVED 85; 87=RESERVED 86; 88=RESERVED 87; 89=RESERVED 88; 90=RESERVED 89; 91=RESERVED 90; 92=RESERVED 91; 93=RESERVED 92; 94=RESERVED 93; 95=RESERVED 94; 96=VSD - LOGIC BOARD PLUG; 97=VSD - INPUT CURRENT OVERLOAD; 98=VSD - HIGH PHASE A INPUT BASEPLATE TEMPERATURE; 99=VSD - HIGH PHASE B INPUT BASEPLATE TEMPERATURE; 100=VSD - HIGH PHASE C INPUT BASEPLATE TEMPERATURE; 101=VSD - HIGH PHASE A MOTOR BASEPLATE TEMPERATURE; 102=VSD - HIGH PHASE B MOTOR BASEPLATE TEMPERATURE; 103=VSD - HIGH PHASE C MOTOR BASEPLATE TEMPERATURE; 104=VSD - DC BUS PRE-REGULATION LOCKOUT; 105=VSD - GROUND FAULT; 106=VSD - PHASE A MOTOR DCCT; 107=VSD - PHASE B MOTOR DCCT; 108=VSD - PHASE C MOTOR DCCT; 109=VSD - PHASE A INPUT DCCT; 110=VSD - PHASE B INPUT DCCT; 111=VSD - PHASE C INPUT DCCT; 112=VSD - HIGH TOTAL DEMAND DISTORTION; 113=VSD - HIGH INTERNAL AMBIENT TEMPERATURE; 114=VSD - DC BUS LOCKOUT - DO NOT CYCLE POWER; 115=VSD - INPUT DCCT OFFSET LOCKOUT; 116=RESERVED 115; 117=VSD - HIGH PHASE A INPUT CURRENT; 118=VSD - HIGH PHASE B INPUT CURRENT; 119=VSD - HIGH PHASE C INPUT CURRENT; 120=VSD - HIGH PHASE A MOTOR CURRENT; 121=VSD - HIGH PHASE B MOTOR CURRENT; 122=VSD - HIGH PHASE C MOTOR CURRENT; 123=VSD - MOTOR CURRENT THD FAULT; 124=RESERVED 123; 125=VSD - RECTIFIER PROGRAM FAULT; 126=VSD - INVERTER PROGRAM FAULT; 127=MBC - DSP INITIALIZATION; 128=MBC - HIGH AMPLIFIER TEMPERATURE; 129=MBC - HIGH DC/DC TEMPERATURE; 130=MBC - DSP COMMUNICATION; 131=MBC - DSP INTEGRITY; 132=MBC - FLASH MEMORY CLEAR; 133=MBC - FLASH MEMORY WRITE; 134=MBC - EEPROM; 135=MBC - FLASH MEMORY FULL; 136=MBC - INTERNAL FAULT 11; 137=MBC - INTERNAL FAULT 12; 138=MBC - INTERNAL FAULT 13; 139=MBC - INTERNAL FAULT 14; 140=MBC - DSP WATCHDOG; 141=MBC - DATA ACQUISITION FAULT; 142=MBC - HIGH BEARING Z1 TEMPERATURE; 143=MBC - HIGH BEARING Z2 TEMPERATURE; 144=MBC - CABLE FAULT; 145=MBC - SPEED SIGNAL FAULT; 146=MBC - OVERSPEED FAULT; 147=MBC - ROTOR ELONGATION; 148=MBC - HIGH BEARING CURRENT; 149=MBC - OSCILLATOR FAULT; 150=MBC - POWER SUPPLY FAULT; 151=MBC - UNAUTHORIZED ROTATION; 152=MBC - FAULT CODE X; 153=MBC - NO LEVITATION; 154=MBC - STARTUP FAILURE; 155=MBC - EXCESSIVE SHUTDOWNS; 156=SAFETY STOP; 157=MBC - INITIALIZATION FAILED; 158=MBC - CUSTOMER SERIAL LINK DISABLED; 159=MOTOR - HIGH HOUSING TEMPERATURE; 160=SALES ORDER - INVALID COMPRESSOR MODEL; 161=VSD - LINE VOLTAGE PHASE ROTATION; 162=VSD - PHASE LOCKED LOOP; 163=VSD - LOGIC BOARD HARDWARE; 164=ISOLATION VALVES - NOT OPENED
Hearnes-NAE171,NAE171/Field Bus2.BNET-CH3.UNIT START INHIBIT CODE,MV:3051103,UNIT START INHIBIT CODE,Unit Start Inhibit Code,1=NO INHIBIT FAULTS PRESENT; 2=ANTI-RECYCLE; 3=RESERVED 2; 4=VGD STROKE NOT CALIBRATED; 5=VGD FEEDBACK NOT CALIBRATED; 6=RESERVED 5; 7=RESERVED 6; 8=RESERVED 7; 9=RESERVED 8; 10=RESERVED 9; 11=PRV NOT CALIBRATED; 12=RESERVED 11; 13=VGD NOT CALIBRATED; 14=LINE VOLTAGE NOT SET; 15=LINE FREQUENCY NOT SET; 16=MBC - INITIALIZATION IN PROGRESS
Hearnes-NAE171,NAE171/Field Bus2.BNET-CH3.UNIT WARNING CODE,MV:3051097,UNIT WARNING CODE,Unit Warning Code,1=NO WARNINGS PRESENT; 2=WARNING - REAL TIME CLOCK FAILURE; 3=WARNING - SETPOINT OVERRIDE; 4=WARNING - CONDENSER OR EVAPORATOR XDCR ERROR; 5=WARNING - EVAPORATOR - LOW PRESSURE LIMIT; 6=WARNING - CONDENSER - HIGH PRESSURE LIMIT; 7=RESERVED 6; 8=RESERVED 7; 9=RESERVED 8; 10=RESERVED 9; 11=RESERVED 10; 12=RESERVED 11; 13=RESERVED 12; 14=RESERVED 13; 15=RESERVED 14; 16=RESERVED 15; 17=RESERVED 16; 18=RESERVED 17; 19=RESERVED 18; 20=RESERVED 19; 21=WARNING - UPS - NOT CHARGING; 22=WARNING - UPS - LINE LOW BATTERY VOLTAGE; 23=WARNING - UPS - BATTERY NOT CONNECTED; 24=WARNING - UPS - CHECK BATTERY CONNECTION; 25=WARNING - UPS - BATTERY TEST FAILED; 26=RESERVED 25; 27=RESERVED 26; 28=RESERVED 27; 29=RESERVED 28; 30=WARNING - SURGE PROTECTION - EXCESS SURGE LIMIT; 31=WARNING - EXCESS SURGE DETECTED; 32=RESERVED 31; 33=RESERVED 32; 34=RESERVED 33; 35=WARNING - CONDENSER OR VGD SENSOR FAILURE; 36=RESERVED 35; 37=RESERVED 36; 38=RESERVED 37; 39=RESERVED 38; 40=RESERVED 39; 41=WARNING - MOTOR - HIGH WINDING TEMPERATURE; 42=WARNING - MOTOR - HIGH ROTOR TEMPERATURE; 43=RESERVED 42; 44=RESERVED 43; 45=WARNING - VSD - INPUT VOLTAGE IMBALANCE; 46=RESERVED 45; 47=RESERVED 46; 48=RESERVED 47; 49=WARNING - MBC - LANDING COUNTER HIGH; 50=RESERVED 49; 51=RESERVED 50; 52=RESERVED 51; 53=RESERVED 52; 54=RESERVED 53; 55=RESERVED 54; 56=WARNING - MBC - CHECKSUM CENTERING; 57=WARNING - MBC - DSP WATCHDOG; 58=WARNING - MBC - AMP WATCHDOG; 59=WARNING - MBC - INTERNAL ALARM; 60=WARNING - MBC - HIGH RADIAL OSCILLATOR VOLTAGE; 61=WARNING - MBC - HIGH AXIAL OSCILLATOR VOLTAGE; 62=RESERVED 61; 63=RESERVED 62; 64=RESERVED 63; 65=RESERVED 64; 66=WARNING - MBC - ROTATION MODE OFF; 67=WARNING - MOTOR - HIGH CURRENT LIMIT; 68=WARNING - MOTOR - HIGH HOUSING TEMPERATURE; 69=WARNING - VSD - DC BUS ACTIVE; 70=WARNING - LIQUID LEVEL SETPOINT NOT ACHIEVED; 71=WARNING - LOSS OF SUBCOOLER LIQUID SEAL; 72=WARNING - CONDENSER - FREEZE THREAT FROM LOW PRESSURE
Hearnes-NAE171,NAE171/Field Bus2.BNET-CH3.Units,MV:3051148,Units,Units,1=IP; 2=SI
Hearnes-NAE171,NAE171/Field Bus2.FAC-TOWER.Parameters.CH1-TP-START,MV:3050865,CH1-TP-START,CS Input (Enum),1=Stop; 2=Start
Hearnes-NAE171,NAE171/Field Bus2.FAC-TOWER.Parameters.CH2-TP-START,MV:3050864,CH2-TP-START,CS Input (Enum),1=Stop; 2=Start
Hearnes-NAE171,NAE171/Field Bus2.FAC-TOWER.Parameters.CH3-TP-START,MV:3050862,CH3-TP-START,CS Input (Enum),1=Stop; 2=Start
Hearnes-NAE171,NAE171/Field Bus2.FAC-TOWER.Parameters.TF-SC SL-OUTSTATE,MV:3050907,TF-SC SL-OUTSTATE,State,1=Off; 2=Max; 3=Control; 4=Hold
Hearnes-NAE171,NAE171/Field Bus2.FAC-TOWER.Parameters.TP1-SS-HWO,MV:3050866,TP1-SS-HWO,CS Input (Enum),1=Stop; 2=Start
Hearnes-NAE171,NAE171/Field Bus2.FAC-TOWER.Parameters.TP2-SS-HWO,MV:3050863,TP2-SS-HWO,CS Input (Enum),1=Stop; 2=Start
Hearnes-NAE171,NAE171/Field Bus2.FAC-TOWER.Parameters.TP-SC SL-OUTSTATE,MV:3050904,TP-SC SL-OUTSTATE,State,1=Off; 2=Max; 3=Control; 4=Hold
Hearnes-NAE171,NAE171/Field Bus2.FAC-TOWER.Parameters.TWBYP-V SL-OUTSTATE,MV:3050913,TWBYP-V SL-OUTSTATE,State,1=Off; 2=Max; 3=Control; 4=Hold
Hearnes-NAE171,NAE171/Field Bus2.FEC-CH1.Parameters.Alarm Reset,MV:3051582,Alarm Reset,CS Input (Enum),1=Off; 2=Reset
Hearnes-NAE171,NAE171/Field Bus2.FEC-CH1.Parameters.CH1-SMRT-ALARM,MV:3051584,HRN.CH1-SMRT-ALARM,CS Output (Enum),1=Normal; 2=Alarm
Hearnes-NAE171,NAE171/Field Bus2.FEC-CH1.Parameters.CHLR-ENB,MV:3051587,CHLR-ENB,Output (Enum),1=Disable; 2=Enable
Hearnes-NAE171,NAE171/Field Bus2.FEC-CH1.Parameters.CHLR-ON,MV:3051574,CHLR-ON,CS Output (Enum),1=Off; 2=On
Hearnes-NAE171,NAE171/Field Bus2.FEC-CH1.Parameters.CHLR-STR,MV:3051589,CHLR-STR,Output (Enum),1=Off; 2=On
Hearnes-NAE171,NAE171/Field Bus2.FEC-CH1.Parameters.CSYSENB,MV:3051588,CSYSENB,Output (Enum),1=Disable; 2=Enable
Hearnes-NAE171,NAE171/Field Bus2.FEC-CH2.Parameters.Alarm Reset,MV:3051608,Alarm Reset,CS Input (Enum),1=Off; 2=Reset
Hearnes-NAE171,NAE171/Field Bus2.FEC-CH2.Parameters.CH2-SMRT-ALARM,MV:3051610,HRN.CH2-SMRT-ALARM,CS Output (Enum),1=Normal; 2=Alarm
Hearnes-NAE171,NAE171/Field Bus2.FEC-CH2.Parameters.CHLR-ENB,MV:3051613,CHLR-ENB,Output (Enum),1=Disable; 2=Enable
Hearnes-NAE171,NAE171/Field Bus2.FEC-CH2.Parameters.CHLR-ON,MV:3051600,CHLR-ON,CS Output (Enum),1=Off; 2=On
Hearnes-NAE171,NAE171/Field Bus2.FEC-CH2.Parameters.CHLR-STR,MV:3051615,CHLR-STR,Output (Enum),1=Off; 2=On
Hearnes-NAE171,NAE171/Field Bus2.FEC-CH2.Parameters.CSYSENB,MV:3051614,CSYSENB,Output (Enum),1=Disable; 2=Enable
Hearnes-NAE171,NAE171/Field Bus2.FEC-CH3.Parameters.Alarm Reset,MV:3050713,Alarm Reset,CS Input (Enum),1=Off; 2=Reset
Hearnes-NAE171,NAE171/Field Bus2.FEC-CH3.Parameters.CH3-SMRT-ALARM,MV:3050715,HRN.CH3-SMRT-ALARM,CS Output (Enum),1=Normal; 2=Alarm
Hearnes-NAE171,NAE171/Field Bus2.FEC-CH3.Parameters.CHLR-ENB,MV:3050718,CHLR-ENB,Output (Enum),1=Disable; 2=Enable
Hearnes-NAE171,NAE171/Field Bus2.FEC-CH3.Parameters.CHLR-ON,MV:3050705,CHLR-ON,CS Output (Enum),1=Off; 2=On
Hearnes-NAE171,NAE171/Field Bus2.FEC-CH3.Parameters.CHLR-STR,MV:3050720,CHLR-STR,Output (Enum),1=Off; 2=On
Hearnes-NAE171,NAE171/Field Bus2.FEC-CH3.Parameters.CSYSENB,MV:3050719,CSYSENB,Output (Enum),1=Disable; 2=Enable
Hearnes-NAE171,NAE171/Field Bus2.FEC-LP.BP Parameters.BCW-V Control SL-OUTSTATE,MV:3050546,BCW-V Control SL-OUTSTATE,State,1=Off; 2=Max; 3=Control; 4=Hold
Hearnes-NAE171,NAE171/Field Bus2.FEC-LP.BP Parameters.BP-START,MV:3050641,BP-START,Output (Enum),1=Stop; 2=Start
Hearnes-NAE171,NAE171/Field Bus2.FEC-LP.BP Parameters.BPSC PID SL-OUTSTATE,MV:3050552,BPSC PID SL-OUTSTATE,State,1=Off; 2=Max; 3=Control; 4=Hold
Hearnes-NAE171,NAE171/Field Bus2.FEC-LP.LP Parameters.LP1-SS-HWO,MV:3050578,LP1-SS-HWO,CS Input (Enum),1=Stop; 2=Start
Hearnes-NAE171,NAE171/Field Bus2.FEC-LP.LP Parameters.LP1-STR,MV:3050588,LP1-STR,Output (Enum),1=Stop; 2=Start
Hearnes-NAE171,NAE171/Field Bus2.FEC-LP.LP Parameters.LP2-SS-HWO,MV:3050579,LP2-SS-HWO,CS Input (Enum),1=Stop; 2=Start
Hearnes-NAE171,NAE171/Field Bus2.FEC-LP.LP Parameters.LP2-STR,MV:3050587,LP2-STR,Output (Enum),1=Stop; 2=Start
Hearnes-NAE171,NAE171/Field Bus2.FEC-LP.LP Parameters.LP3-SS-HWO,MV:3050574,LP3-SS-HWO,CS Input (Enum),1=Stop; 2=Start
Hearnes-NAE171,NAE171/Field Bus2.FEC-LP.LP Parameters.LP3-STR,MV:3050586,LP3-STR,Output (Enum),1=Stop; 2=Start
Hearnes-NAE171,NAE171/Field Bus2.FEC-LP.LP Parameters.LP-SC SL-OUTSTATE,MV:3053164,LP-SC SL-OUTSTATE,State,1=Off; 2=Max; 3=Control; 4=Hold
Hearnes-NAE171,NAE171/Field Bus2.FEC-TRT.Parameters.LP-S,MV:3059471,LP-S,CS Input (Enum),1=Off; 2=On
Hearnes-NAE171,NAE171/Field Bus2.FEC-TRT.Parameters.TOWER-CIRC,MV:3051472,TOWER-CIRC,CS Input (Enum),1=Off; 2=On
Hearnes-NAE171,NAE171/Field Bus2.FEC-TRT.Parameters.TP-S,MV:3051473,TP-S,CS Input (Enum),1=Off; 2=On
Hearnes-NAE171,NAE171/Field Bus2.FEC-TRT.Parameters.TW-OX-FEED,MV:3051417,TW-OX-FEED,CS Input (Enum),1=Off; 2=On
Hearnes-NAE171,NAE171/Field Bus2.FEC-TRT.Parameters.TW-OX-LOCK,MV:3051420,HRN.TW-OX-LOCK,CS Output (Enum),1=Unlock; 2=Lock
Hearnes-NAE171,NAE171/Field Bus2.FEC-TRT.Parameters.TW-OX-RESET,MV:3051418,TW-OX-RESET,CS Input (Enum),1=Off; 2=Reset
Hearnes-NAE171,NAE171/Field Bus2.FEC-TRT.Parameters.TW-OX-SS-OUT,MV:3051419,TW-OX-SS-OUT,CS Input (Enum),1=Stop; 2=Start
LSCP-NAE167,NAE167/Field Bus1.AH9.Parameters.AH9 CLG-VLV SL-OUTSTATE,MV:3001399,AH9.CLG-VLV SL-OUTSTATE,State,1=Off; 2=Max; 3=Control; 4=Hold
LSCP-NAE167,NAE167/Field Bus1.AH9.Parameters.AH9 HTG-VLV SL-OUTSTATE,MV:3001401,AH9.HTG-VLV SL-OUTSTATE,State,1=Off; 2=Max; 3=Control; 4=Hold
LSCP-NAE167,NAE167/Field Bus1.AH9.Parameters.AH9 SFSC SL-OUTSTATE,MV:3001393,AH9.SFSC SL-OUTSTATE,State,1=Off; 2=Max; 3=Control; 4=Hold
LSCP-NAE167,NAE167/Field Bus1.AH9.Parameters.REF-ALARM-MODE,MV:3001361,REF-ALARM-MODE,Output (Enum),1=Normal; 2=Alarm
LSCP-NAE167,NAE167/Field Bus1.CH1.Parameters.Alarm Reset,MV:3005969,Alarm Reset,CS Input (Enum),1=Off; 2=Reset
LSCP-NAE167,NAE167/Field Bus1.CH1.Parameters.CH1-CHLR-ON,MV:3005951,CH1-CHLR-ON,CS Output (Enum),1=Off; 2=On
LSCP-NAE167,NAE167/Field Bus1.CH1.Parameters.CH1-LP-START,MV:3005952,CH1-LP-START,CS Output (Enum),1=Off; 2=On
LSCP-NAE167,NAE167/Field Bus1.CH1.Parameters.CH1-SMRT-ALARM,MV:3005972,LSC1.CH1-SMRT-ALARM,CS Output (Enum),1=Normal; 2=Alarm
LSCP-NAE167,NAE167/Field Bus1.CH1.Parameters.CHLR-ENB,MV:3005973,CHLR-ENB,Output (Enum),1=Disable; 2=Enable
LSCP-NAE167,NAE167/Field Bus1.CH1.Parameters.CHLR-STR,MV:3005975,CHLR-STR,Output (Enum),1=Off; 2=On
LSCP-NAE167,NAE167/Field Bus1.CH1.Parameters.CMP1-S,MV:3024909,CMP1-S,CS Input (Enum),1=Off; 2=On
LSCP-NAE167,NAE167/Field Bus1.CH1.Parameters.CMP2-S,MV:3024910,CMP2-S,CS Input (Enum),1=Off; 2=On
LSCP-NAE167,NAE167/Field Bus1.CH1.Parameters.CP1SC SL-OUTSTATE,MV:3027339,CP1SC SL-OUTSTATE,State,1=Off; 2=Max; 3=Control; 4=Hold
LSCP-NAE167,NAE167/Field Bus1.CH1.Parameters.CSYSENB,MV:3005974,CSYSENB,Output (Enum),1=Disable; 2=Enable
LSCP-NAE167,NAE167/Field Bus1.CH1.Parameters.NDX-SS,MV:3005976,NDX-SS,Output (Enum),1=Off; 2=On
LSCP-NAE167,NAE167/Field Bus1.CH1.Parameters.TF-SC SL-OUTSTATE,MV:3005981,TF-SC SL-OUTSTATE,State,1=Off; 2=Max; 3=Control; 4=Hold
LSCP-NAE167,NAE167/Field Bus1.CH1.Parameters.Tower-Circ,MV:3005979,Tower-Circ,CS Input (Enum),1=Off; 2=On
LSCP-NAE167,NAE167/Field Bus1.CH1.Parameters.TP1-SC SL-OUTSTATE,MV:3027341,TP1-SC SL-OUTSTATE,State,1=Off; 2=Max; 3=Control; 4=Hold
LSCP-NAE167,NAE167/Field Bus1.CH1.Parameters.TWMU SL-OUTSTATE,MV:3005984,TWMU SL-OUTSTATE,State,1=Off; 2=Max; 3=Control; 4=Hold
LSCP-NAE167,NAE167/Field Bus1.CH1.Parameters.TWMU-USER-ENB,MV:3005950,TWMU-USER-ENB,CS Input (Enum),1=Off; 2=On
LSCP-NAE167,NAE167/Field Bus1.CH2.Parameters.Alarm Reset,MV:3005923,Alarm Reset,CS Input (Enum),1=Off; 2=Reset
LSCP-NAE167,NAE167/Field Bus1.CH2.Parameters.CH2-LP-START,MV:3005889,CH2-LP-START,CS Output (Enum),1=Off; 2=On
LSCP-NAE167,NAE167/Field Bus1.CH2.Parameters.CH2-SMRT-ALARM,MV:3005928,LSC2 CH2-SMRT-ALARM,CS Output (Enum),1=Normal; 2=Alarm
LSCP-NAE167,NAE167/Field Bus1.CH2.Parameters.CHLR-ENB,MV:3005929,CHLR-ENB,Output (Enum),1=Disable; 2=Enable
LSCP-NAE167,NAE167/Field Bus1.CH2.Parameters.CHLR-ON,MV:3005887,CHLR-ON,CS Output (Enum),1=Off; 2=On
LSCP-NAE167,NAE167/Field Bus1.CH2.Parameters.CHLR-STR,MV:3005931,CHLR-STR,Output (Enum),1=Off; 2=On
LSCP-NAE167,NAE167/Field Bus1.CH2.Parameters.CSYSENB,MV:3005930,CSYSENB,Output (Enum),1=Disable; 2=Enable
LSCP-NAE167,NAE167/Field Bus1.CH2.Parameters.FX-AVAIL,MV:3005890,FX-AVAIL,CS Input (Enum),1=No; 2=Yes
LSCP-NAE167,NAE167/Field Bus1.CH2.Parameters.FX-ENB,MV:3008039,FX-ENB,CS Output (Enum),1=Off; 2=On
LSCP-NAE167,NAE167/Field Bus1.CH2.Parameters.FX-LP-START,MV:3005888,FX-LP-START,CS Output (Enum),1=Off; 2=On
LSCP-NAE167,NAE167/Field Bus1.CH2.Parameters.FX-OASTART,MV:3008034,FX-OASTART,Output (Enum),1=Off; 2=On
LSCP-NAE167,NAE167/Field Bus1.CH2.Parameters.FX-TF-StartUp,MV:3005936,FX-TF-StartUp,Output (Enum),1=Off; 2=On
LSCP-NAE167,NAE167/Field Bus1.CH2.Parameters.NDX-SS,MV:3005932,NDX-SS,Output (Enum),1=Off; 2=On
LSCP-NAE167,NAE167/Field Bus1.CH2.Parameters.TF-SC SL-OUTSTATE,MV:3005941,TF-SC SL-OUTSTATE,State,1=Off; 2=Max; 3=Control; 4=Hold
LSCP-NAE167,NAE167/Field Bus1.CH2.Parameters.Tower-Circ,MV:3005935,Tower-Circ,CS Input (Enum),1=Off; 2=On
LSCP-NAE167,NAE167/Field Bus1.CH2.Parameters.TP2-RESET,MV:3021501,TP2-RESET,Input (Enum),1=Off; 2=Reset
LSCP-NAE167,NAE167/Field Bus1.CH2.Parameters.TP-SC SL-OUTSTATE,MV:3005938,TP-SC SL-OUTSTATE,State,1=Off; 2=Max; 3=Control; 4=Hold
LSCP-NAE167,NAE167/Field Bus1.CH2.Parameters.TWBYP-V SL-OUTSTATE,MV:3005949,TWBYP-V SL-OUTSTATE,State,1=Off; 2=Max; 3=Control; 4=Hold
LSCP-NAE167,NAE167/Field Bus1.CH2.Parameters.TWMU SL-OUTSTATE,MV:3005944,TWMU SL-OUTSTATE,State,1=Off; 2=Max; 3=Control; 4=Hold
LSCP-NAE167,NAE167/Field Bus1.CH2.Parameters.TWMU-USER-ENB,MV:3005879,TWMU-USER-ENB,CS Input (Enum),1=Off; 2=On
LSCP-NAE167,NAE167/Field Bus1.CH3.Parameters.Alarm Reset,MV:3001265,Alarm Reset,CS Input (Enum),1=Off; 2=Reset
LSCP-NAE167,NAE167/Field Bus1.CH3.Parameters.CH3-SMRT-ALARM,MV:3001270,LSC3.CH3-SMRT-ALARM,CS Output (Enum),1=Normal; 2=Alarm
LSCP-NAE167,NAE167/Field Bus1.CH3.Parameters.CHLR-STR,MV:3001272,CHLR-STR,Output (Enum),1=Off; 2=On
LSCP-NAE167,NAE167/Field Bus1.CH3.Parameters.CSYSENB,MV:3001271,CSYSENB,Output (Enum),1=Disable; 2=Enable
LSCP-NAE167,NAE167/Field Bus1.CH3.Parameters.LP-SC SL-OUTSTATE,MV:3001280,LP-SC SL-OUTSTATE,State,1=Off; 2=Max; 3=Control; 4=Hold
LSCP-NAE167,NAE167/Field Bus1.CH3.Parameters.NDX-SS,MV:3001273,NDX-SS,Output (Enum),1=Off; 2=On
LSCP-NAE167,NAE167/Field Bus1.CH3.Parameters.TF-SC SL-OUTSTATE,MV:3001288,TF-SC SL-OUTSTATE,State,1=Off; 2=Max; 3=Control; 4=Hold
LSCP-NAE167,NAE167/Field Bus1.CH3.Parameters.Tower-Circ,MV:3001276,Tower-Circ,CS Input (Enum),1=Off; 2=On
LSCP-NAE167,NAE167/Field Bus1.CH3.Parameters.TP-SC SL-OUTSTATE,MV:3001285,TP-SC SL-OUTSTATE,State,1=Off; 2=Max; 3=Control; 4=Hold
LSCP-NAE167,NAE167/Field Bus1.CH3.Parameters.TWBYP-V SL-OUTSTATE,MV:3002024,TWBYP-V SL-OUTSTATE,State,1=Off; 2=Max; 3=Control; 4=Hold
LSCP-NAE167,NAE167/Field Bus1.CH3.Parameters.TWMU SL-OUTSTATE,MV:3001291,TWMU SL-OUTSTATE,State,1=Off; 2=Max; 3=Control; 4=Hold
LSCP-NAE167,NAE167/Field Bus1.LP12.Parameters.ANYLP-ON,MV:3005782,ANYLP-ON,Output (Enum),1=Off; 2=Max; 3=Control; 4=Hold
LSCP-NAE167,NAE167/Field Bus1.LP12.Parameters.CH1-LP-START,MV:3005783,CH1-LP-START,CS Input (Enum),1=Off; 2=On
LSCP-NAE167,NAE167/Field Bus1.LP12.Parameters.CH2-LP-START,MV:3005784,CH2-LP-START,CS Input (Enum),1=Off; 2=On
LSCP-NAE167,NAE167/Field Bus1.LP12.Parameters.CH3-LP3-S,MV:3028089,CH3-LP3-S,CS Input (Enum),1=Off; 2=On
LSCP-NAE167,NAE167/Field Bus1.LP12.Parameters.FX-ENB,MV:3005765,FX-ENB,CS Input (Enum),1=Off; 2=On
LSCP-NAE167,NAE167/Field Bus1.LP12.Parameters.FX-LP-START,MV:3005763,FX-LP-START,CS Input (Enum),1=Off; 2=On
LSCP-NAE167,NAE167/Field Bus1.LP12.Parameters.LP1-SS-HWO,MV:3005768,LP1-SS-HWO,CS Input (Enum),1=Stop; 2=Start
LSCP-NAE167,NAE167/Field Bus1.LP12.Parameters.LP1-STR,MV:3005785,LP1-STR,Output (Enum),1=Stop; 2=Start
LSCP-NAE167,NAE167/Field Bus1.LP12.Parameters.LP2-SS-HWO,MV:3005769,LP2-SS-HWO,CS Input (Enum),1=Stop; 2=Start
LSCP-NAE167,NAE167/Field Bus1.LP12.Parameters.LP2-STR,MV:3005786,LP2-STR,Output (Enum),1=Stop; 2=Start
LSCP-NAE167,NAE167/Field Bus1.LP12.Parameters.SideLoop SL-OUTSTATE,MV:3005789,LPSC-PID SL-OUTSTATE,State,1=Off; 2=Max; 3=Control; 4=Hold
LSCP-NAE167,NAE167/Field Bus1.TRT-CH3.Parameters.CH3-S,MV:3039105,CH3-S,CS Input (Enum),1=Off; 2=On
LSCP-NAE167,NAE167/Field Bus1.TRT-CH3.Parameters.LSC3-ACID-LOCK,MV:3038016,LSC3-ACID-LOCK,Output (Enum),1=Normal; 2=Lockout
LSCP-NAE167,NAE167/Field Bus1.TRT-CH3.Parameters.LSC3-OX-LOCK,MV:3038015,LSC3-OX-LOCK,Output (Enum),1=Normal; 2=Lockout
LSCP-NAE167,NAE167/Field Bus1.TRT-CH3.Parameters.TP3-S,MV:3038019,TP3-S,CS Input (Enum),1=Off; 2=On
LSCP-NAE167,NAE167/Field Bus1.TRT-CH3.Parameters.TW3-ACID-RESET,MV:3037991,TW3-ACID-RESET,CS Input (Enum),1=Off; 2=Reset
LSCP-NAE167,NAE167/Field Bus1.TRT-CH3.Parameters.TW3-GLUT-FEED,MV:3038018,TW3-GLUT-FEED,CS Input (Enum),1=Off; 2=On
LSCP-NAE167,NAE167/Field Bus1.TRT-CH3.Parameters.TW3-OX-RESET,MV:3038003,TW3-OX-RESET,CS Input (Enum),1=Off; 2=Reset
LSCP-NAE167,NAE167/Field Bus1.TRT-CH12.Parameters.LP-S,MV:3026674,LP-S,CS Input (Enum),1=Off; 2=On
LSCP-NAE167,NAE167/Field Bus1.TRT-CH12.Parameters.TW1-OX-LOCK,MV:3040479,LSC1.TW1-OX-LOCK,CS Output (Enum),1=Unlock; 2=Lock
LSCP-NAE167,NAE167/Field Bus1.TRT-CH12.Parameters.TW1-OX-RESET,MV:3040482,TW1-OX-RESET,CS Input (Enum),1=Off; 2=Reset
LSCP-NAE167,NAE167/Field Bus1.TRT-CH12.Parameters.TW1-TP1-S,MV:3032282,TW1-TP1-S,CS Input (Enum),1=Off; 2=On
LSCP-NAE167,NAE167/Field Bus1.TRT-CH12.Parameters.TW2-OX-LOCK,MV:3018217,LSC2.TW2-OX-LOCK,CS Output (Enum),1=Unlock; 2=Lock
LSCP-NAE167,NAE167/Field Bus1.TRT-CH12.Parameters.TW2-OX-RESET,MV:3018215,TW2-OX-RESET,CS Input (Enum),1=Off; 2=Reset
LSCP-NAE167,NAE167/Field Bus1.TRT-CH12.Parameters.TW2-TP2-S,MV:3038394,TW2-TP2-S,CS Input (Enum),1=Off; 2=On
SRC-NAE5,NAE5/Field Bus2.SRC-BLCW.CHP1-S,MV:3028216,CHP1-S,Chiller Pump 1 Status,1=Off; 2=On
SRC-NAE5,NAE5/Field Bus2.SRC-BLCW.CHP2-S,MV:3028215,CHP2-S,Chiller Pump 2 Status,1=Off; 2=On
SRC-NAE5,NAE5/Field Bus2.SRC-BLCW.Parameters.BP-LDLG,MV:3028236,BP-LDLG,Bldg Pump Lead/Lag Switch,1=Lag; 2=Lead
SRC-NAE5,NAE5/Field Bus2.SRC-BLCW.Parameters.BP-OUTSTATE,MV:3028250,BP-OUTSTATE,Building Pump Output State,1=Off; 2=Max; 3=Control; 4=Hold
SRC-NAE5,NAE5/Field Bus2.SRC-BLCW.Parameters.BV-OUTSTATE,MV:3028252,BV-OUTSTATE,Building Valve Output State,1=Off; 2=Max; 3=Control; 4=Hold
SRC-NAE5,NAE5/Field Bus2.SRC-BLCW.Parameters.CW-PEAK-RESET,MV:3028223,CW-PEAK-RESET,CW Peak Reset,1=Off; 2=Reset
SRC-NAE5,NAE5/Field Bus2.SRC-BLCW.Parameters.CWDP-SPstatus,MV:3028225,CWDP-SPstatus,Setpoint T&R Status,1=Hold Capacity; 2=Increment Capacity; 3=Decrement Capacity; 4=Cooling Off
SRC-NAE5,NAE5/Field Bus2.SRC-BLCW.Parameters.LP-OUTSTATE,MV:3028254,LP-OUTSTATE,Loop Pump Output State,1=Off; 2=Max; 3=Control; 4=Hold
SRC-NAE5,NAE5/Field Bus2.SRC-HWS.Parameters.HEX-OUTSTATE,MV:3029062,HEX-OUTSTATE,Heat Exchanger Output State,1=Off; 2=Max; 3=Control; 4=Hold
SRC-NAE5,NAE5/Field Bus2.SRC-HWS.Parameters.HWDP-SPstatus,MV:3029036,HWDP-SPstatus,Setpoint T&R Status,1=Hold Capacity; 2=Increment Capacity; 3=Decrement Capacity; 4=Cooling Off
SRC-NAE5,NAE5/Field Bus2.SRC-HWS.Parameters.HWP-LDLG,MV:3029056,HWP-LDLG,HW Pump Lead/Lag Switch,1=Lag; 2=Lead
SRC-NAE5,NAE5/Field Bus2.SRC-HWS.Parameters.HWP-OUTSTATE,MV:3029058,HWP-OUTSTATE,HW Pump Output State,1=Off; 2=Max; 3=Control; 4=Hold
SRC-NAE5,NAE5/Field Bus2.SRC-OFC.Parameters.HTG OUTSTATE,MV:3027205,HTG OUTSTATE,Heating Output State,1=Off; 2=Max; 3=Control
SRC-NAE5,NAE5/Field Bus2.SRC-OFC.Parameters.HVLS SL-OUTSTATE,MV:3027209,HVLS SL-OUTSTATE,HVLS Output Range State,1=Off; 2=Max; 3=Control
SRC-NAE5,NAE5/Field Bus2.SRC-OFC.Parameters.OCC-SCHEDULE,MV:3027222,OCC-SCHEDULE,Occupancy Schedule,1=Occupied; 2=UnOccupied; 3=Standby; 4=Not Set
SRC-NAE5,NAE5/Field Bus2.SRC-PAU1.Parameters.AHU-STATE,MV:3030097,AHU-STATE,Air Handling Unit State,1=Satisfied; 2=Econ; 3=Econ+Mech; 4=HX Cool+Mech; 5=HX Heat; 6=HX Heat+Preheat; 7=HX Heat+Preheat+Reheat; 8=Cooling Idle; 9=Heating Idle; 10=Temperature Unreliable
SRC-NAE5,NAE5/Field Bus2.SRC-PAU1.Parameters.CLG-OUTSTATE,MV:3030081,CLG-OUTSTATE,Cooling Output State,1=Off; 2=Max; 3=Limited Max; 4=Hold; 5=Water Flush; 6=T Control; 7=H Control; 8=Failsoft; 9=Low OA Temperature
SRC-NAE5,NAE5/Field Bus2.SRC-PAU1.Parameters.DADP-SPstatus,MV:3030051,DADP-SPstatus,Setpoint T&R Status,1=Hold Capacity; 2=Increment Capacity; 3=Decrement Capacity; 4=Cooling Off
SRC-NAE5,NAE5/Field Bus2.SRC-PAU1.Parameters.DATSP-STATE,MV:3030066,DATSP-STATE,Discahrge Air Setpt State,1=Off; 2=Hold; 3=Heating DA-T Reset; 4=Cooling DA-T Reset
SRC-NAE5,NAE5/Field Bus2.SRC-PAU1.Parameters.EF-LDLG,MV:3030060,EF-LDLG,"Exh Fan Lead/Lag Switch (Ld=EF36, Lg=EF37",1=Lag; 2=Lead
SRC-NAE5,NAE5/Field Bus2.SRC-PAU1.Parameters.HR-OUTSTATE,MV:3030072,HR-OUTSTATE,Heat Recovery Output State,1=Off; 2=Max; 3=Hold; 4=T Control; 5=LL-T Control
SRC-NAE5,NAE5/Field Bus2.SRC-PAU1.Parameters.HRLL-STATE,MV:3030095,HRLL-STATE,Heat Recovery Low Limit State,1=T Control; 2=LL-T Control; 3=LL-T Wait
SRC-NAE5,NAE5/Field Bus2.SRC-PAU1.Parameters.HRP-IA,MV:3030074,HRP-IA,Heat Recovery Pump Intelligent Alarm,1=Normal; 2=Alarm
SRC-NAE5,NAE5/Field Bus2.SRC-PAU1.Parameters.MAD-OUTSTATE,MV:3030080,MAD-OUTSTATE,Mixed Air Damper Output State,1=FSCS Control; 2=Pressurize; 3=Depressurize; 4=Close; 5=Purge; 6=Min OA; 7=Hold; 8=Ramp Min OA; 9=Ramp Open; 10=T Control
SRC-NAE5,NAE5/Field Bus2.SRC-PAU1.Parameters.PHT-OUTSTATE,MV:3030049,PHT-OUTSTATE,Preheat Output State,1=Off; 2=Max; 3=Limited Max; 4=Hold; 5=Water Flush; 6=T Control; 7=LL-T Control; 8=Failsoft; 9=Low OA Temperature; 10=Remain In Control
SRC-NAE5,NAE5/Field Bus2.SRC-PAU1.Parameters.RH-OUTSTATE,MV:3030082,RH-OUTSTATE,Reheat Output State,1=Off; 2=Max; 3=Limited Max; 4=Hold; 5=Water Flush; 6=T Control; 7=LL-T Control; 8=Failsoft; 9=Low OA Temperature; 10=Remain In Control
SRC-NAE5,NAE5/Field Bus2.SRC-PAU1.Parameters.RLF-OUTSTATE,MV:3030083,RLF-OUTSTATE,Relief Fan Output State,1=Off; 2=Min; 3=BS-P Control; 4=Emergency On; 5=Hold
SRC-NAE5,NAE5/Field Bus2.SRC-PAU1.Parameters.SF-OUTSTATE,MV:3030085,SF-OUTSTATE,Supply Fan Output State,1=Off; 2=Min; 3=Emergency On; 4=Ramp; 5=S-P Control; 6=Hold
SRC-NAE5,NAE5/Field Bus2.SRC-PAU1.Parameters.STARTSTOP-STATE,MV:3030092,STARTSTOP-STATE,Start/Stop State,1=Off; 2=SF Starts First; 3=RF Starts First; 4=Ramp SF; 5=Stabilize System; 6=Ramp Min OA; 7=On; 8=Close Dampers; 9=RF Stops First; 10=SF Stops First; 11=Fans Off; 12=Fan Fault
SRC-NAE5,NAE5/Field Bus2.SRC-PAU1.Parameters.SYS-RESET,MV:3030086,SYS-RESET,System Reset,1=Off; 2=Reset
SRC-NAE5,NAE5/Field Bus2.SRC-PAU1.Parameters.UNITEN-MODE,MV:3030087,UNITEN-MODE,Unit Enable Mode,1=Shutdown; 2=Enable
SRC-NAE5,NAE5/Field Bus2.SRC-PAU1.Parameters.UNITEN-STATE,MV:3030093,UNITEN-STATE,Unit Enable State,1=Shutdown; 2=Enable
SRC-NAE5,NAE5/Field Bus2.SRC-PAU1.Parameters.ZNT-STATE,MV:3030096,ZNT-STATE,Zone Temp State,1=Heating; 2=Satisfied; 3=Cooling; 4=Temperature Unreliable
SRC-NAE5,NAE5/Field Bus2.SRC-PAU2.Parameters.AHU-STATE,MV:3030195,AHU-STATE,Air Handling Unit State,1=Satisfied; 2=Econ; 3=Econ+Mech; 4=HX Cool+Mech; 5=HX Heat; 6=HX Heat+Preheat; 7=HX Heat+Preheat+Reheat; 8=Cooling Idle; 9=Heating Idle; 10=Temperature Unreliable
SRC-NAE5,NAE5/Field Bus2.SRC-PAU2.Parameters.CLG-OUTSTATE,MV:3030182,CLG-OUTSTATE,Cooling Output State,1=Off; 2=Max; 3=Limited Max; 4=Hold; 5=Water Flush; 6=T Control; 7=H Control; 8=Failsoft; 9=Low OA Temperature
SRC-NAE5,NAE5/Field Bus2.SRC-PAU2.Parameters.DADP-SPstatus,MV:3030153,DADP-SPstatus,Setpoint T&R Status,1=Hold Capacity; 2=Increment Capacity; 3=Decrement Capacity; 4=Cooling Off
SRC-NAE5,NAE5/Field Bus2.SRC-PAU2.Parameters.DATSP-STATE,MV:3030167,DATSP-STATE,Discharge Air Setpoint State,1=Off; 2=Hold; 3=Heating DA-T Reset; 4=Cooling DA-T Reset
SRC-NAE5,NAE5/Field Bus2.SRC-PAU2.Parameters.EF1-IA,MV:3030146,SRC.PAU2.EF38-IA,Exh Fan 38 Intelligent Alarm,1=Normal; 2=Alarm
SRC-NAE5,NAE5/Field Bus2.SRC-PAU2.Parameters.EF2-IA,MV:3030145,SRC.PAU2.EF39-IA,Exh Fan 39 Intelligent Alarm,1=Normal; 2=Alarm
SRC-NAE5,NAE5/Field Bus2.SRC-PAU2.Parameters.EF-LDLG,MV:3030162,EF-LDLG,"Exh Fan Lead/Lag Switch (Ld=EF38, Lg=EF39",1=Lag; 2=Lead
SRC-NAE5,NAE5/Field Bus2.SRC-PAU2.Parameters.HR-OUTSTATE,MV:3030173,HR-OUTSTATE,Heat Recovery Output State,1=Off; 2=Max; 3=Hold; 4=T Control; 5=LL-T Control
SRC-NAE5,NAE5/Field Bus2.SRC-PAU2.Parameters.HRP-IA,MV:3030175,SRC.PAU2.HRP-IA,Heat Recovery Pump Intelligent Alarm,1=Normal; 2=Alarm
SRC-NAE5,NAE5/Field Bus2.SRC-PAU2.Parameters.MAD-OUTSTATE,MV:3031095,MAD-OUTSTATE,State,1=FSCS Control; 2=Pressurize; 3=Depressurize; 4=Close; 5=Purge; 6=Min OA; 7=Hold; 8=Ramp Min OA; 9=Ramp Open; 10=T Control
SRC-NAE5,NAE5/Field Bus2.SRC-PAU2.Parameters.PHT-OUTSTATE,MV:3030151,PHT-OUTSTATE,Preheat Output State,1=Off; 2=Max; 3=Limited Max; 4=Hold; 5=Water Flush; 6=T Control; 7=LL-T Control; 8=Failsoft; 9=Low OA Temperature; 10=Remain In Control
SRC-NAE5,NAE5/Field Bus2.SRC-PAU2.Parameters.RH-OUTSTATE,MV:3030183,RH-OUTSTATE,Reheat Output State,1=Off; 2=Max; 3=Limited Max; 4=Hold; 5=Water Flush; 6=T Control; 7=LL-T Control; 8=Failsoft; 9=Low OA Temperature; 10=Remain In Control
SRC-NAE5,NAE5/Field Bus2.SRC-PAU2.Parameters.SF-OUTSTATE,MV:3030185,SF-OUTSTATE,Supply Fan Output State,1=Off; 2=Min; 3=Emergency On; 4=Ramp; 5=S-P Control; 6=Hold
SRC-NAE5,NAE5/Field Bus2.SRC-PAU2.Parameters.STARTSTOP-STATE,MV:3030192,STARTSTOP-STATE,Start/Stop State,1=Off; 2=SF Starts First; 3=RF Starts First; 4=Ramp SF; 5=Stabilize System; 6=Ramp Min OA; 7=On; 8=Close Dampers; 9=RF Stops First; 10=SF Stops First; 11=Fans Off; 12=Fan Fault
SRC-NAE5,NAE5/Field Bus2.SRC-PAU2.Parameters.SYS-RESET,MV:3030186,SYS-RESET,System Reset,1=Off; 2=Reset
SRC-NAE5,NAE5/Field Bus2.SRC-PAU2.Parameters.UNITEN-MODE,MV:3030187,UNITEN-MODE,Unit Enable Mode,1=Shutdown; 2=Enable
SRC-NAE5,NAE5/Field Bus2.SRC-PAU2.Parameters.ZNSQ-OUT,MV:3031109,ZNSQ-OUT,Zone Sequence Output from PAU-4,1=Heating; 2=Satisfied; 3=Cooling; 4=Temperature Unreliable
SRC-NAE5,NAE5/Field Bus2.SRC-PAU2.Parameters.ZNT-STATE,MV:3030194,ZNT-STATE,Zone Temp State (Not Used),1=Heating; 2=Satisfied; 3=Cooling; 4=Temperature Unreliable
SRC-NAE5,NAE5/Field Bus2.SRC-PAU3.Parameters.AHU-STATE,MV:3031030,AHU-STATE,Air Handling Unit State,1=Satisfied; 2=Econ; 3=Econ+Mech; 4=HX Cool+Mech; 5=HX Heat; 6=HX Heat+Preheat; 7=HX Heat+Preheat+Reheat; 8=Cooling Idle; 9=Heating Idle; 10=Temperature Unreliable
SRC-NAE5,NAE5/Field Bus2.SRC-PAU3.Parameters.CLG-OUTSTATE,MV:3031019,CLG-OUTSTATE,Cooling Output State,1=Off; 2=Max; 3=Limited Max; 4=Hold; 5=Water Flush; 6=T Control; 7=H Control; 8=Failsoft; 9=Low OA Temperature
SRC-NAE5,NAE5/Field Bus2.SRC-PAU3.Parameters.DADP-SPstatus,MV:3030993,DADP-SPstatus,Setpoint T&R Status,1=Hold Capacity; 2=Increment Capacity; 3=Decrement Capacity; 4=Cooling Off
SRC-NAE5,NAE5/Field Bus2.SRC-PAU3.Parameters.DATSP-STATE,MV:3031094,DATSP-STATE,State,1=Off; 2=Hold; 3=Heating DA-T Reset; 4=Cooling DA-T Reset
SRC-NAE5,NAE5/Field Bus2.SRC-PAU3.Parameters.MAD-OUTSTATE,MV:3031096,MAD-OUTSTATE,State,1=FSCS Control; 2=Pressurize; 3=Depressurize; 4=Close; 5=Purge; 6=Min OA; 7=Hold; 8=Ramp Min OA; 9=Ramp Open; 10=T Control
SRC-NAE5,NAE5/Field Bus2.SRC-PAU3.Parameters.PHT-OUTSTATE,MV:3030991,PHT-OUTSTATE,Preheat Output State,1=Off; 2=Max; 3=Limited Max; 4=Hold; 5=Water Flush; 6=T Control; 7=LL-T Control; 8=Failsoft; 9=Low OA Temperature; 10=Remain In Control
SRC-NAE5,NAE5/Field Bus2.SRC-PAU3.Parameters.RH-OUTSTATE,MV:3031020,RH-OUTSTATE,Reheat Output State,1=Off; 2=Max; 3=Limited Max; 4=Hold; 5=Water Flush; 6=T Control; 7=LL-T Control; 8=Failsoft; 9=Low OA Temperature; 10=Remain In Control
SRC-NAE5,NAE5/Field Bus2.SRC-PAU3.Parameters.SF-OUTSTATE,MV:3031022,SF-OUTSTATE,Supply Fan Output State,1=Off; 2=Min; 3=Emergency On; 4=Ramp; 5=S-P Control; 6=Hold
SRC-NAE5,NAE5/Field Bus2.SRC-PAU3.Parameters.STARTSTOP-STATE,MV:3031028,STARTSTOP-STATE,Start/Stop State,1=Off; 2=SF Starts First; 3=RF Starts First; 4=Ramp SF; 5=Stabilize System; 6=Ramp Min OA; 7=On; 8=Close Dampers; 9=RF Stops First; 10=SF Stops First; 11=Fans Off; 12=Fan Fault
SRC-NAE5,NAE5/Field Bus2.SRC-PAU3.Parameters.UNITEN-MODE,MV:3031023,UNITEN-MODE,Unit Enable Mode,1=Shutdown; 2=Enable
SRC-NAE5,NAE5/Field Bus2.SRC-PAU3.Parameters.ZNSQ-OUT,MV:3031112,ZNSQ-OUT,Zone Sequence Output from PAU-4,1=Heating; 2=Satisfied; 3=Cooling; 4=Temperature Unreliable
SRC-NAE5,NAE5/Field Bus2.SRC-PAU3.Parameters.ZNT-STATE,MV:3031029,ZNT-STATE,Zone Temp State (Not Used),1=Heating; 2=Satisfied; 3=Cooling; 4=Temperature Unreliable
SRC-NAE5,NAE5/Field Bus2.SRC-PAU4.Parameters.AHU-STATE,MV:3028967,AHU-STATE,Air Handler State,1=Satisfied; 2=Econ; 3=Econ+Mech; 4=HX Cool+Mech; 5=HX Heat; 6=HX Heat+Preheat; 7=HX Heat+Preheat+Reheat; 8=Cooling Idle; 9=Heating Idle; 10=Temperature Unreliable
SRC-NAE5,NAE5/Field Bus2.SRC-PAU4.Parameters.CLG-OUTSTATE,MV:3028953,CLG-OUTSTATE,Cooling Output State,1=Off; 2=Max; 3=Limited Max; 4=Hold; 5=Water Flush; 6=T Control; 7=H Control; 8=Failsoft; 9=Low OA Temperature
SRC-NAE5,NAE5/Field Bus2.SRC-PAU4.Parameters.DADP-SPstatus,MV:3028921,DADP-SPstatus,Discharge Air Dewpoint Setpt Status,1=Hold Capacity; 2=Increment Capacity; 3=Decrement Capacity; 4=Cooling Off
SRC-NAE5,NAE5/Field Bus2.SRC-PAU4.Parameters.DATSP-STATE,MV:3028939,DATSP-STATE,Discharge Air Temp Setpt State,1=Off; 2=Hold; 3=Heating DA-T Reset; 4=Cooling DA-T Reset
SRC-NAE5,NAE5/Field Bus2.SRC-PAU4.Parameters.EF32-IA,MV:3029268,EF32-IA,EF32 Intelligent Alarm,1=Normal; 2=Alarm
SRC-NAE5,NAE5/Field Bus2.SRC-PAU4.Parameters.EF34-IA,MV:3029267,EF34-IA,EF34 Intelligent Alarm,1=Normal; 2=Alarm
SRC-NAE5,NAE5/Field Bus2.SRC-PAU4.Parameters.EF-LDLG,MV:3028933,EF-LDLG,"Exh Fan Lead/Lag Switch (Ld=EF32, Lg=EF34)",1=Lag; 2=Lead
SRC-NAE5,NAE5/Field Bus2.SRC-PAU4.Parameters.HR-OUTSTATE,MV:3028944,HR-OUTSTATE,Heat Recovery Output State,1=Off; 2=Max; 3=Hold; 4=T Control; 5=LL-T Control
SRC-NAE5,NAE5/Field Bus2.SRC-PAU4.Parameters.HRP-IA,MV:3028946,HRP-IA,Heat Recovery Pump Intelligent Alarm,1=Normal; 2=Alarm
SRC-NAE5,NAE5/Field Bus2.SRC-PAU4.Parameters.MAD-OUTSTATE,MV:3028952,MAD-OUTSTATE,Mixed Air Damper Output State,1=FSCS Control; 2=Pressurize; 3=Depressurize; 4=Close; 5=Purge; 6=Min OA; 7=Hold; 8=Ramp Min OA; 9=Ramp Open; 10=T Control
SRC-NAE5,NAE5/Field Bus2.SRC-PAU4.Parameters.PAU-S,MV:3029269,PAU-S,PAU 2-5 Supply Fan Status,1=Off; 2=On
SRC-NAE5,NAE5/Field Bus2.SRC-PAU4.Parameters.RH-OUTSTATE,MV:3028954,RH-OUTSTATE,Reheat Output State,1=Off; 2=Max; 3=Limited Max; 4=Hold; 5=Water Flush; 6=T Control; 7=LL-T Control; 8=Failsoft; 9=Low OA Temperature; 10=Remain In Control
SRC-NAE5,NAE5/Field Bus2.SRC-PAU4.Parameters.RLF-OUTSTATE,MV:3028955,RLF-OUTSTATE,Relief Fan Output State,1=Off; 2=Min; 3=BS-P Control; 4=Emergency On; 5=Hold
SRC-NAE5,NAE5/Field Bus2.SRC-PAU4.Parameters.SF-OUTSTATE,MV:3028957,SF-OUTSTATE,Supply Fan Output State,1=Off; 2=Min; 3=Emergency On; 4=Ramp; 5=S-P Control; 6=Hold
SRC-NAE5,NAE5/Field Bus2.SRC-PAU4.Parameters.STARTSTOP-STATE,MV:3028964,STARTSTOP-STATE,Start/Stop State,1=Off; 2=SF Starts First; 3=RF Starts First; 4=Ramp SF; 5=Stabilize System; 6=Ramp Min OA; 7=On; 8=Close Dampers; 9=RF Stops First; 10=SF Stops First; 11=Fans Off; 12=Fan Fault
SRC-NAE5,NAE5/Field Bus2.SRC-PAU4.Parameters.SYS-RESET,MV:3028958,SYS-RESET,System Reset,1=Off; 2=Reset
SRC-NAE5,NAE5/Field Bus2.SRC-PAU4.Parameters.UNITEN-MODE,MV:3028959,UNITEN-MODE,Unit Enable Mode,1=Shutdown; 2=Enable
SRC-NAE5,NAE5/Field Bus2.SRC-PAU4.Parameters.ZNSQ-OUT,MV:3031105,ZNSQ-OUT,Zone Sequencing Output,1=Heating; 2=Satisfied; 3=Cooling; 4=Temperature Unreliable
SRC-NAE5,NAE5/Field Bus2.SRC-PAU4.Parameters.ZNT-STATE,MV:3028966,ZNT-STATE,Zone Temp State,1=Heating; 2=Satisfied; 3=Cooling; 4=Temperature Unreliable
SRC-NAE5,NAE5/Field Bus2.SRC-PAU5.Parameters.AHU-STATE,MV:3029193,AHU-STATE,Air Handler State,1=Satisfied; 2=Econ; 3=Econ+Mech; 4=HX Cool+Mech; 5=HX Heat; 6=HX Heat+Preheat; 7=HX Heat+Preheat+Reheat; 8=Cooling Idle; 9=Heating Idle; 10=Temperature Unreliable
SRC-NAE5,NAE5/Field Bus2.SRC-PAU5.Parameters.CLG-OUTSTATE,MV:3029179,CLG-OUTSTATE,Cooling Output State,1=Off; 2=Max; 3=Limited Max; 4=Hold; 5=Water Flush; 6=T Control; 7=H Control; 8=Failsoft; 9=Low OA Temperature
SRC-NAE5,NAE5/Field Bus2.SRC-PAU5.Parameters.DADP-SPstatus,MV:3029147,DADP-SPstatus,Setpoint T&R Status,1=Hold Capacity; 2=Increment Capacity; 3=Decrement Capacity; 4=Cooling Off
SRC-NAE5,NAE5/Field Bus2.SRC-PAU5.Parameters.DATSP-STATE,MV:3029165,DATSP-STATE,DAT Setpt State,1=Off; 2=Hold; 3=Heating DA-T Reset; 4=Cooling DA-T Reset
SRC-NAE5,NAE5/Field Bus2.SRC-PAU5.Parameters.EF33-IA,MV:3029274,EF33-IA,EF33 Intelligent Alarm,1=Normal; 2=Alarm
SRC-NAE5,NAE5/Field Bus2.SRC-PAU5.Parameters.EF35-IA,MV:3029275,EF35-IA,EF35 Intelligent Alarm,1=Normal; 2=Alarm
SRC-NAE5,NAE5/Field Bus2.SRC-PAU5.Parameters.EF-LDLG,MV:3029159,EF-LDLG,"Exh Fan Lead/Lag Switch (Ld=EF33, Lg=EF35)",1=Lag; 2=Lead
SRC-NAE5,NAE5/Field Bus2.SRC-PAU5.Parameters.HR-OUTSTATE,MV:3029170,HR-OUTSTATE,Heat Recovery Output State,1=Off; 2=Max; 3=Hold; 4=T Control; 5=LL-T Control
SRC-NAE5,NAE5/Field Bus2.SRC-PAU5.Parameters.HRP-IA,MV:3029172,HRP-IA,Heat Recovery Pump Intelligent Alarm,1=Normal; 2=Alarm
SRC-NAE5,NAE5/Field Bus2.SRC-PAU5.Parameters.MAD-OUTSTATE,MV:3029178,MAD-OUTSTATE,Mixed Air Damper Output State,1=FSCS Control; 2=Pressurize; 3=Depressurize; 4=Close; 5=Purge; 6=Min OA; 7=Hold; 8=Ramp Min OA; 9=Ramp Open; 10=T Control
SRC-NAE5,NAE5/Field Bus2.SRC-PAU5.Parameters.RH-OUTSTATE,MV:3029180,RH-OUTSTATE,Reheat Output State,1=Off; 2=Max; 3=Limited Max; 4=Hold; 5=Water Flush; 6=T Control; 7=LL-T Control; 8=Failsoft; 9=Low OA Temperature; 10=Remain In Control
SRC-NAE5,NAE5/Field Bus2.SRC-PAU5.Parameters.SF-OUTSTATE,MV:3029183,SF-OUTSTATE,Supply Fan Output State,1=Off; 2=Min; 3=Emergency On; 4=Ramp; 5=S-P Control; 6=Hold
SRC-NAE5,NAE5/Field Bus2.SRC-PAU5.Parameters.STARTSTOP-STATE,MV:3029190,STARTSTOP-STATE,Start Stop State,1=Off; 2=SF Starts First; 3=RF Starts First; 4=Ramp SF; 5=Stabilize System; 6=Ramp Min OA; 7=On; 8=Close Dampers; 9=RF Stops First; 10=SF Stops First; 11=Fans Off; 12=Fan Fault
SRC-NAE5,NAE5/Field Bus2.SRC-PAU5.Parameters.SYS-RESET,MV:3029184,SYS-RESET,System Reset,1=Off; 2=Reset
SRC-NAE5,NAE5/Field Bus2.SRC-PAU5.Parameters.UNITEN-MODE,MV:3029185,UNITEN-MODE,Unit Enable Mode (JA Coil Replacement) 5-26-26,1=Shutdown; 2=Enable
SRC-NAE5,NAE5/Field Bus2.SRC-PAU5.Parameters.ZNSQ-OUT,MV:3031117,ZNSQ-OUT,Shared Zone Sequencing from PAU-4,1=Heating; 2=Satisfied; 3=Cooling; 4=Temperature Unreliable
SRC-NAE5,NAE5/Field Bus2.SRC-PAU5.Parameters.ZNT-STATE,MV:3029192,ZNT-STATE,Zone Temp State (Not Used),1=Heating; 2=Satisfied; 3=Cooling; 4=Temperature Unreliable
SRC-NAE5,NAE5/Programming.Data Points.SRC-OFC Heater Sched,MV:3027233,SRC-OFC Heater Sched,,1=Occupied; 2=UnOccupied; 3=Standby; 4=Not Set
