Controller,Object Name,Object Identifier
ECCP-NAE6,NAE6/Field Bus1.CGM-CH9.CH9-ALM-BI,BI:3095987
ECCP-NAE6,NAE6/Field Bus1.CGM-CH9.CH9-AUTO,BI:3096000
ECCP-NAE6,NAE6/Field Bus1.CGM-CH9.CH9-ENABLE,BO:3095996
ECCP-NAE6,NAE6/Field Bus1.CGM-CH9.CH9-F,AI:3095989
ECCP-NAE6,NAE6/Field Bus1.CGM-CH9.CH9-HAND,BI:3095988
ECCP-NAE6,NAE6/Field Bus1.CGM-CH9.CH9-HXP1-S,BI:3095986
ECCP-NAE6,NAE6/Field Bus1.CGM-CH9.CH9-HXP1-SC,AO:3095997
ECCP-NAE6,NAE6/Field Bus1.CGM-CH9.CH9-HXP1-SS,BO:3095999
ECCP-NAE6,NAE6/Field Bus1.CGM-CH9.CH9-S,BI:3095995
ECCP-NAE6,NAE6/Field Bus1.CGM-CH9.CH9R-T,AI:3095991
ECCP-NAE6,NAE6/Field Bus1.CGM-CH9.CH9S-T,AI:3095993
ECCP-NAE6,NAE6/Field Bus1.CGM-CH9.CH9TW-F,AI:3095994
ECCP-NAE6,NAE6/Field Bus1.CGM-CH9.CH9TW-V,AO:3095998
ECCP-NAE6,NAE6/Field Bus1.CGM-CH9.CH9TWR-T,AI:3095992
ECCP-NAE6,NAE6/Field Bus1.CGM-CH9.CH9TWS-T,AI:3095990
ECCP-NAE6,NAE6/Field Bus1.CGM-CH9.Parameters.Alarm Reset,MV:3096017
ECCP-NAE6,NAE6/Field Bus1.CGM-CH9.Parameters.CH4 In Alarm,BV:3096002
ECCP-NAE6,NAE6/Field Bus1.CGM-CH9.Parameters.CH4 NDX-SS,BV:3096003
ECCP-NAE6,NAE6/Field Bus1.CGM-CH9.Parameters.CH9-%LOAD,AV:3096013
ECCP-NAE6,NAE6/Field Bus1.CGM-CH9.Parameters.CH9-ALARM,MV:3096016
ECCP-NAE6,NAE6/Field Bus1.CGM-CH9.Parameters.CH9-eRATE,AV:3096012
ECCP-NAE6,NAE6/Field Bus1.CGM-CH9.Parameters.CH9-KWin,AV:3096022
ECCP-NAE6,NAE6/Field Bus1.CGM-CH9.Parameters.CH9-LOAD,AV:3096014
ECCP-NAE6,NAE6/Field Bus1.CGM-CH9.Parameters.CH9-LP-START,BV:3096007
ECCP-NAE6,NAE6/Field Bus1.CGM-CH9.Parameters.CH9-TP-START,BV:3096006
ECCP-NAE6,NAE6/Field Bus1.CGM-CH9.Parameters.CH9-TW-LOAD,AV:3096004
ECCP-NAE6,NAE6/Field Bus1.CGM-CH9.Parameters.CH9TW-V-CIRC-ONDLY,AV:3104340
ECCP-NAE6,NAE6/Field Bus1.CGM-CH9.Parameters.CH9TW-VLV-SP,AV:3096008
ECCP-NAE6,NAE6/Field Bus1.CGM-CH9.Parameters.CH-SEQ,AV:3096023
ECCP-NAE6,NAE6/Field Bus1.CGM-CH9.Parameters.CHLR-ON,MV:3096011
ECCP-NAE6,NAE6/Field Bus1.CGM-CH9.Parameters.CHLR-STR,MV:3096019
ECCP-NAE6,NAE6/Field Bus1.CGM-CH9.Parameters.CHLRS ON,AV:3096010
ECCP-NAE6,NAE6/Field Bus1.CGM-CH9.Parameters.CHTWV-OU,AV:3096015
ECCP-NAE6,NAE6/Field Bus1.CGM-CH9.Parameters.CP9SC-SP,AV:3096009
ECCP-NAE6,NAE6/Field Bus1.CGM-CH9.Parameters.CSYSENB,MV:3096020
ECCP-NAE6,NAE6/Field Bus1.CGM-CH9.Parameters.ECP9-NDX,AV:3096018
ECCP-NAE6,NAE6/Field Bus1.CGM-CH9.Parameters.NDX-SS,BV:3096024
ECCP-NAE6,NAE6/Field Bus1.CGM-CH9.Parameters.TOWER-CIRC,BV:3096005
ECCP-NAE6,NAE6/Field Bus1.CH1-BACnet.AV-1,AV:3053083
ECCP-NAE6,NAE6/Field Bus1.CH1-BACnet.AV-2,AV:3053082
ECCP-NAE6,NAE6/Field Bus1.CH1-BACnet.AV-5,AV:3053081
ECCP-NAE6,NAE6/Field Bus1.CH1-BACnet.AV-6,AV:3053080
ECCP-NAE6,NAE6/Field Bus1.CH1-BACnet.AV-7,AV:3053079
ECCP-NAE6,NAE6/Field Bus1.CH1-BACnet.AV-8,AV:3053078
ECCP-NAE6,NAE6/Field Bus1.CH1-BACnet.AV-9,AV:3053077
ECCP-NAE6,NAE6/Field Bus1.CH1-BACnet.AV-10,AV:3053076
ECCP-NAE6,NAE6/Field Bus1.CH1-BACnet.AV-11,AV:3053075
ECCP-NAE6,NAE6/Field Bus1.CH1-BACnet.AV-12,AV:3053074
ECCP-NAE6,NAE6/Field Bus1.CH1-BACnet.AV-13,AV:3053073
ECCP-NAE6,NAE6/Field Bus1.CH1-BACnet.AV-14,AV:3053072
ECCP-NAE6,NAE6/Field Bus1.CH1-BACnet.AV-15,AV:3053071
ECCP-NAE6,NAE6/Field Bus1.CH1-BACnet.AV-19,AV:3053096
ECCP-NAE6,NAE6/Field Bus1.CH1-BACnet.AV-20,AV:3053095
ECCP-NAE6,NAE6/Field Bus1.CH1-BACnet.AV-21,AV:3053094
ECCP-NAE6,NAE6/Field Bus1.CH1-BACnet.AV-22,AV:3053093
ECCP-NAE6,NAE6/Field Bus1.CH1-BACnet.AV-23,AV:3053092
ECCP-NAE6,NAE6/Field Bus1.CH1-BACnet.AV-24,AV:3053091
ECCP-NAE6,NAE6/Field Bus1.CH1-BACnet.AV-25,AV:3053090
ECCP-NAE6,NAE6/Field Bus1.CH1-BACnet.AV-26,AV:3053089
ECCP-NAE6,NAE6/Field Bus1.CH1-BACnet.AV-27,AV:3053088
ECCP-NAE6,NAE6/Field Bus1.CH1-BACnet.AV-28,AV:3053087
ECCP-NAE6,NAE6/Field Bus1.CH1-BACnet.AV-29,AV:3053086
ECCP-NAE6,NAE6/Field Bus1.CH1-BACnet.AV-30,AV:3053085
ECCP-NAE6,NAE6/Field Bus1.CH1-BACnet.AV-31,AV:3053084
ECCP-NAE6,NAE6/Field Bus1.CH1-BACnet.AV-32,AV:3053108
ECCP-NAE6,NAE6/Field Bus1.CH1-BACnet.AV-33,AV:3053107
ECCP-NAE6,NAE6/Field Bus1.CH1-BACnet.AV-34,AV:3053106
ECCP-NAE6,NAE6/Field Bus1.CH1-BACnet.AV-35,AV:3053105
ECCP-NAE6,NAE6/Field Bus1.CH1-BACnet.AV-36,AV:3053104
ECCP-NAE6,NAE6/Field Bus1.CH1-BACnet.AV-37,AV:3053103
ECCP-NAE6,NAE6/Field Bus1.CH1-BACnet.AV-38,AV:3053102
ECCP-NAE6,NAE6/Field Bus1.CH1-BACnet.AV-39,AV:3053101
ECCP-NAE6,NAE6/Field Bus1.CH1-BACnet.AV-40,AV:3053100
ECCP-NAE6,NAE6/Field Bus1.CH1-BACnet.AV-41,AV:3053099
ECCP-NAE6,NAE6/Field Bus1.CH1-BACnet.AV-42,AV:3053098
ECCP-NAE6,NAE6/Field Bus1.CH1-BACnet.AV-43,AV:3053097
ECCP-NAE6,NAE6/Field Bus1.CH1-BACnet.AV-105,AV:3053115
ECCP-NAE6,NAE6/Field Bus1.CH1-BACnet.AV-106,AV:3053114
ECCP-NAE6,NAE6/Field Bus1.CH1-BACnet.AV-107,AV:3053113
ECCP-NAE6,NAE6/Field Bus1.CH1-BACnet.AV-108,AV:3053112
ECCP-NAE6,NAE6/Field Bus1.CH1-BACnet.AV-109,AV:3053111
ECCP-NAE6,NAE6/Field Bus1.CH1-BACnet.AV-110,AV:3053110
ECCP-NAE6,NAE6/Field Bus1.CH1-BACnet.AV-111,AV:3053109
ECCP-NAE6,NAE6/Field Bus1.CH1-BACnet.AV-112,AV:3053119
ECCP-NAE6,NAE6/Field Bus1.CH1-BACnet.AV-113,AV:3053118
ECCP-NAE6,NAE6/Field Bus1.CH1-BACnet.AV-114,AV:3053117
ECCP-NAE6,NAE6/Field Bus1.CH1-BACnet.AV-115,AV:3053116
ECCP-NAE6,NAE6/Field Bus1.CH1-BACnet.BO-1,BO:3053070
ECCP-NAE6,NAE6/Field Bus1.CH1-BACnet.BV-1,BV:3053064
ECCP-NAE6,NAE6/Field Bus1.CH1-BACnet.BV-3,BV:3053063
ECCP-NAE6,NAE6/Field Bus1.CH1-BACnet.BV-5,BV:3053062
ECCP-NAE6,NAE6/Field Bus1.CH1-BACnet.BV-6,BV:3053061
ECCP-NAE6,NAE6/Field Bus1.CH1-BACnet.BV-7,BV:3053060
ECCP-NAE6,NAE6/Field Bus1.CH1-BACnet.BV-8,BV:3053059
ECCP-NAE6,NAE6/Field Bus1.CH1-BACnet.BV-9,BV:3053058
ECCP-NAE6,NAE6/Field Bus1.CH1-BACnet.BV-17,BV:3053069
ECCP-NAE6,NAE6/Field Bus1.CH1-BACnet.BV-18,BV:3053068
ECCP-NAE6,NAE6/Field Bus1.CH1-BACnet.BV-19,BV:3053067
ECCP-NAE6,NAE6/Field Bus1.CH1-BACnet.BV-20,BV:3053066
ECCP-NAE6,NAE6/Field Bus1.CH1-BACnet.BV-21,BV:3053065
ECCP-NAE6,NAE6/Field Bus1.CH1-BACnet.CH1 CONTROL SOURCE CODE,AV:3054339
ECCP-NAE6,NAE6/Field Bus1.CH1-BACnet.CH1 CYCLE CODE,AV:3054337
ECCP-NAE6,NAE6/Field Bus1.CH1-BACnet.CH1 OP CODE,AV:3054335
ECCP-NAE6,NAE6/Field Bus1.CH1-BACnet.CH1 SAFETY CODE,AV:3054336
ECCP-NAE6,NAE6/Field Bus1.CH1-BACnet.CH1 WARNING CODE,AV:3054338
ECCP-NAE6,NAE6/Field Bus1.CH1-KW.AI-1,AI:3053029
ECCP-NAE6,NAE6/Field Bus1.CH1-KW.AI-2,AI:3053028
ECCP-NAE6,NAE6/Field Bus1.CH1-KW.AI-3,AI:3053027
ECCP-NAE6,NAE6/Field Bus1.CH1-KW.AI-4,AI:3053026
ECCP-NAE6,NAE6/Field Bus1.CH1-KW.AI-5,AI:3053025
ECCP-NAE6,NAE6/Field Bus1.CH1-KW.AI-6,AI:3053024
ECCP-NAE6,NAE6/Field Bus1.CH1-KW.AI-7,AI:3053023
ECCP-NAE6,NAE6/Field Bus1.CH1-KW.AI-8,AI:3053022
ECCP-NAE6,NAE6/Field Bus1.CH1-KW.AI-9,AI:3053021
ECCP-NAE6,NAE6/Field Bus1.CH1-KW.AI-10,AI:3053020
ECCP-NAE6,NAE6/Field Bus1.CH1-KW.AI-11,AI:3053019
ECCP-NAE6,NAE6/Field Bus1.CH1-KW.AI-12,AI:3053018
ECCP-NAE6,NAE6/Field Bus1.CH1-KW.AI-13,AI:3053017
ECCP-NAE6,NAE6/Field Bus1.CH1-KW.AI-14,AI:3053016
ECCP-NAE6,NAE6/Field Bus1.CH1-KW.AI-15,AI:3053015
ECCP-NAE6,NAE6/Field Bus1.CH1-KW.AI-16,AI:3053045
ECCP-NAE6,NAE6/Field Bus1.CH1-KW.AI-17,AI:3053044
ECCP-NAE6,NAE6/Field Bus1.CH1-KW.AI-18,AI:3053043
ECCP-NAE6,NAE6/Field Bus1.CH1-KW.AI-19,AI:3053042
ECCP-NAE6,NAE6/Field Bus1.CH1-KW.AI-20,AI:3053041
ECCP-NAE6,NAE6/Field Bus1.CH1-KW.AI-21,AI:3053040
ECCP-NAE6,NAE6/Field Bus1.CH1-KW.AI-22,AI:3053039
ECCP-NAE6,NAE6/Field Bus1.CH1-KW.AI-23,AI:3053038
ECCP-NAE6,NAE6/Field Bus1.CH1-KW.AI-24,AI:3053037
ECCP-NAE6,NAE6/Field Bus1.CH1-KW.AI-25,AI:3053036
ECCP-NAE6,NAE6/Field Bus1.CH1-KW.AI-26,AI:3053035
ECCP-NAE6,NAE6/Field Bus1.CH1-KW.AI-27,AI:3053034
ECCP-NAE6,NAE6/Field Bus1.CH1-KW.AI-28,AI:3053033
ECCP-NAE6,NAE6/Field Bus1.CH1-KW.AI-29,AI:3053032
ECCP-NAE6,NAE6/Field Bus1.CH1-KW.AI-30,AI:3053031
ECCP-NAE6,NAE6/Field Bus1.CH1-KW.AI-31,AI:3053030
ECCP-NAE6,NAE6/Field Bus1.CH1-KW.AI-32,AI:3053057
ECCP-NAE6,NAE6/Field Bus1.CH1-KW.AI-33,AI:3053056
ECCP-NAE6,NAE6/Field Bus1.CH1-KW.AI-34,AI:3053055
ECCP-NAE6,NAE6/Field Bus1.CH1-KW.AI-35,AI:3053054
ECCP-NAE6,NAE6/Field Bus1.CH1-KW.AI-36,AI:3053053
ECCP-NAE6,NAE6/Field Bus1.CH1-KW.AI-37,AI:3053052
ECCP-NAE6,NAE6/Field Bus1.CH1-KW.AI-38,AI:3053051
ECCP-NAE6,NAE6/Field Bus1.CH1-KW.AI-39,AI:3053050
ECCP-NAE6,NAE6/Field Bus1.CH1-KW.AI-40,AI:3053049
ECCP-NAE6,NAE6/Field Bus1.CH1-KW.AI-41,AI:3053048
ECCP-NAE6,NAE6/Field Bus1.CH1-KW.AI-42,AI:3053047
ECCP-NAE6,NAE6/Field Bus1.CH1-KW.AI-43,AI:3053046
ECCP-NAE6,NAE6/Field Bus1.CH2-BACnet.AV-1,AV:3054044
ECCP-NAE6,NAE6/Field Bus1.CH2-BACnet.AV-2,AV:3054043
ECCP-NAE6,NAE6/Field Bus1.CH2-BACnet.AV-3,AV:3054042
ECCP-NAE6,NAE6/Field Bus1.CH2-BACnet.AV-5,AV:3054041
ECCP-NAE6,NAE6/Field Bus1.CH2-BACnet.AV-6,AV:3054040
ECCP-NAE6,NAE6/Field Bus1.CH2-BACnet.AV-7,AV:3054039
ECCP-NAE6,NAE6/Field Bus1.CH2-BACnet.AV-8,AV:3054038
ECCP-NAE6,NAE6/Field Bus1.CH2-BACnet.AV-9,AV:3054037
ECCP-NAE6,NAE6/Field Bus1.CH2-BACnet.AV-10,AV:3054036
ECCP-NAE6,NAE6/Field Bus1.CH2-BACnet.AV-11,AV:3054035
ECCP-NAE6,NAE6/Field Bus1.CH2-BACnet.AV-12,AV:3054034
ECCP-NAE6,NAE6/Field Bus1.CH2-BACnet.AV-13,AV:3054033
ECCP-NAE6,NAE6/Field Bus1.CH2-BACnet.AV-14,AV:3054032
ECCP-NAE6,NAE6/Field Bus1.CH2-BACnet.AV-15,AV:3054031
ECCP-NAE6,NAE6/Field Bus1.CH2-BACnet.AV-19,AV:3054055
ECCP-NAE6,NAE6/Field Bus1.CH2-BACnet.AV-20,AV:3054054
ECCP-NAE6,NAE6/Field Bus1.CH2-BACnet.AV-21,AV:3054030
ECCP-NAE6,NAE6/Field Bus1.CH2-BACnet.AV-22,AV:3054029
ECCP-NAE6,NAE6/Field Bus1.CH2-BACnet.AV-23,AV:3054053
ECCP-NAE6,NAE6/Field Bus1.CH2-BACnet.AV-24,AV:3054052
ECCP-NAE6,NAE6/Field Bus1.CH2-BACnet.AV-25,AV:3054051
ECCP-NAE6,NAE6/Field Bus1.CH2-BACnet.AV-26,AV:3054050
ECCP-NAE6,NAE6/Field Bus1.CH2-BACnet.AV-27,AV:3054049
ECCP-NAE6,NAE6/Field Bus1.CH2-BACnet.AV-28,AV:3054048
ECCP-NAE6,NAE6/Field Bus1.CH2-BACnet.AV-29,AV:3054047
ECCP-NAE6,NAE6/Field Bus1.CH2-BACnet.AV-30,AV:3054046
ECCP-NAE6,NAE6/Field Bus1.CH2-BACnet.AV-31,AV:3054045
ECCP-NAE6,NAE6/Field Bus1.CH2-BACnet.AV-32,AV:3054067
ECCP-NAE6,NAE6/Field Bus1.CH2-BACnet.AV-33,AV:3054066
ECCP-NAE6,NAE6/Field Bus1.CH2-BACnet.AV-34,AV:3054065
ECCP-NAE6,NAE6/Field Bus1.CH2-BACnet.AV-35,AV:3054064
ECCP-NAE6,NAE6/Field Bus1.CH2-BACnet.AV-36,AV:3054063
ECCP-NAE6,NAE6/Field Bus1.CH2-BACnet.AV-37,AV:3054062
ECCP-NAE6,NAE6/Field Bus1.CH2-BACnet.AV-38,AV:3054061
ECCP-NAE6,NAE6/Field Bus1.CH2-BACnet.AV-39,AV:3054060
ECCP-NAE6,NAE6/Field Bus1.CH2-BACnet.AV-40,AV:3054059
ECCP-NAE6,NAE6/Field Bus1.CH2-BACnet.AV-41,AV:3054058
ECCP-NAE6,NAE6/Field Bus1.CH2-BACnet.AV-42,AV:3054057
ECCP-NAE6,NAE6/Field Bus1.CH2-BACnet.AV-43,AV:3054056
ECCP-NAE6,NAE6/Field Bus1.CH2-BACnet.AV-105,AV:3054074
ECCP-NAE6,NAE6/Field Bus1.CH2-BACnet.AV-106,AV:3054073
ECCP-NAE6,NAE6/Field Bus1.CH2-BACnet.AV-107,AV:3054072
ECCP-NAE6,NAE6/Field Bus1.CH2-BACnet.AV-108,AV:3054071
ECCP-NAE6,NAE6/Field Bus1.CH2-BACnet.AV-109,AV:3054070
ECCP-NAE6,NAE6/Field Bus1.CH2-BACnet.AV-110,AV:3054069
ECCP-NAE6,NAE6/Field Bus1.CH2-BACnet.AV-111,AV:3054068
ECCP-NAE6,NAE6/Field Bus1.CH2-BACnet.AV-112,AV:3054078
ECCP-NAE6,NAE6/Field Bus1.CH2-BACnet.AV-113,AV:3054077
ECCP-NAE6,NAE6/Field Bus1.CH2-BACnet.AV-114,AV:3054076
ECCP-NAE6,NAE6/Field Bus1.CH2-BACnet.AV-115,AV:3054075
ECCP-NAE6,NAE6/Field Bus1.CH2-BACnet.BO-1,BO:3054079
ECCP-NAE6,NAE6/Field Bus1.CH2-BACnet.BV-1,BV:3054086
ECCP-NAE6,NAE6/Field Bus1.CH2-BACnet.BV-3,BV:3054085
ECCP-NAE6,NAE6/Field Bus1.CH2-BACnet.BV-5,BV:3054084
ECCP-NAE6,NAE6/Field Bus1.CH2-BACnet.BV-6,BV:3054083
ECCP-NAE6,NAE6/Field Bus1.CH2-BACnet.BV-7,BV:3054082
ECCP-NAE6,NAE6/Field Bus1.CH2-BACnet.BV-8,BV:3054081
ECCP-NAE6,NAE6/Field Bus1.CH2-BACnet.BV-9,BV:3054080
ECCP-NAE6,NAE6/Field Bus1.CH2-BACnet.BV-17,BV:3054091
ECCP-NAE6,NAE6/Field Bus1.CH2-BACnet.BV-18,BV:3054090
ECCP-NAE6,NAE6/Field Bus1.CH2-BACnet.BV-19,BV:3054089
ECCP-NAE6,NAE6/Field Bus1.CH2-BACnet.BV-20,BV:3054088
ECCP-NAE6,NAE6/Field Bus1.CH2-BACnet.BV-21,BV:3054087
ECCP-NAE6,NAE6/Field Bus1.CH2-BACnet.CH2 CONTROL SOURCE,AV:3054344
ECCP-NAE6,NAE6/Field Bus1.CH2-BACnet.CH2 CYCLE CODE,AV:3054342
ECCP-NAE6,NAE6/Field Bus1.CH2-BACnet.CH2 OP CODE,AV:3054340
ECCP-NAE6,NAE6/Field Bus1.CH2-BACnet.CH2 SAFETY CODE,AV:3054341
ECCP-NAE6,NAE6/Field Bus1.CH2-BACnet.CH2 WARNING CODE,AV:3054343
ECCP-NAE6,NAE6/Field Bus1.CH2-KW.AI-1,AI:3053134
ECCP-NAE6,NAE6/Field Bus1.CH2-KW.AI-2,AI:3053133
ECCP-NAE6,NAE6/Field Bus1.CH2-KW.AI-3,AI:3053132
ECCP-NAE6,NAE6/Field Bus1.CH2-KW.AI-4,AI:3053131
ECCP-NAE6,NAE6/Field Bus1.CH2-KW.AI-5,AI:3053130
ECCP-NAE6,NAE6/Field Bus1.CH2-KW.AI-6,AI:3053129
ECCP-NAE6,NAE6/Field Bus1.CH2-KW.AI-7,AI:3053128
ECCP-NAE6,NAE6/Field Bus1.CH2-KW.AI-8,AI:3053127
ECCP-NAE6,NAE6/Field Bus1.CH2-KW.AI-9,AI:3053126
ECCP-NAE6,NAE6/Field Bus1.CH2-KW.AI-10,AI:3053125
ECCP-NAE6,NAE6/Field Bus1.CH2-KW.AI-11,AI:3053124
ECCP-NAE6,NAE6/Field Bus1.CH2-KW.AI-12,AI:3053123
ECCP-NAE6,NAE6/Field Bus1.CH2-KW.AI-13,AI:3053122
ECCP-NAE6,NAE6/Field Bus1.CH2-KW.AI-14,AI:3053121
ECCP-NAE6,NAE6/Field Bus1.CH2-KW.AI-15,AI:3053120
ECCP-NAE6,NAE6/Field Bus1.CH2-KW.AI-16,AI:3053150
ECCP-NAE6,NAE6/Field Bus1.CH2-KW.AI-17,AI:3053149
ECCP-NAE6,NAE6/Field Bus1.CH2-KW.AI-18,AI:3053148
ECCP-NAE6,NAE6/Field Bus1.CH2-KW.AI-19,AI:3053147
ECCP-NAE6,NAE6/Field Bus1.CH2-KW.AI-20,AI:3053146
ECCP-NAE6,NAE6/Field Bus1.CH2-KW.AI-21,AI:3053145
ECCP-NAE6,NAE6/Field Bus1.CH2-KW.AI-22,AI:3053144
ECCP-NAE6,NAE6/Field Bus1.CH2-KW.AI-23,AI:3053143
ECCP-NAE6,NAE6/Field Bus1.CH2-KW.AI-24,AI:3053142
ECCP-NAE6,NAE6/Field Bus1.CH2-KW.AI-25,AI:3053141
ECCP-NAE6,NAE6/Field Bus1.CH2-KW.AI-26,AI:3053140
ECCP-NAE6,NAE6/Field Bus1.CH2-KW.AI-27,AI:3053139
ECCP-NAE6,NAE6/Field Bus1.CH2-KW.AI-28,AI:3053138
ECCP-NAE6,NAE6/Field Bus1.CH2-KW.AI-29,AI:3053137
ECCP-NAE6,NAE6/Field Bus1.CH2-KW.AI-30,AI:3053136
ECCP-NAE6,NAE6/Field Bus1.CH2-KW.AI-31,AI:3053135
ECCP-NAE6,NAE6/Field Bus1.CH2-KW.AI-32,AI:3053162
ECCP-NAE6,NAE6/Field Bus1.CH2-KW.AI-33,AI:3053161
ECCP-NAE6,NAE6/Field Bus1.CH2-KW.AI-34,AI:3053160
ECCP-NAE6,NAE6/Field Bus1.CH2-KW.AI-35,AI:3053159
ECCP-NAE6,NAE6/Field Bus1.CH2-KW.AI-36,AI:3053158
ECCP-NAE6,NAE6/Field Bus1.CH2-KW.AI-37,AI:3053157
ECCP-NAE6,NAE6/Field Bus1.CH2-KW.AI-38,AI:3053156
ECCP-NAE6,NAE6/Field Bus1.CH2-KW.AI-39,AI:3053155
ECCP-NAE6,NAE6/Field Bus1.CH2-KW.AI-40,AI:3053154
ECCP-NAE6,NAE6/Field Bus1.CH2-KW.AI-41,AI:3053153
ECCP-NAE6,NAE6/Field Bus1.CH2-KW.AI-42,AI:3053152
ECCP-NAE6,NAE6/Field Bus1.CH2-KW.AI-43,AI:3053151
ECCP-NAE6,NAE6/Field Bus1.CH3-BACnet.AV-1,AV:3054107
ECCP-NAE6,NAE6/Field Bus1.CH3-BACnet.AV-2,AV:3054106
ECCP-NAE6,NAE6/Field Bus1.CH3-BACnet.AV-3,AV:3054105
ECCP-NAE6,NAE6/Field Bus1.CH3-BACnet.AV-5,AV:3054104
ECCP-NAE6,NAE6/Field Bus1.CH3-BACnet.AV-6,AV:3054103
ECCP-NAE6,NAE6/Field Bus1.CH3-BACnet.AV-7,AV:3054102
ECCP-NAE6,NAE6/Field Bus1.CH3-BACnet.AV-8,AV:3054101
ECCP-NAE6,NAE6/Field Bus1.CH3-BACnet.AV-9,AV:3054100
ECCP-NAE6,NAE6/Field Bus1.CH3-BACnet.AV-10,AV:3054099
ECCP-NAE6,NAE6/Field Bus1.CH3-BACnet.AV-11,AV:3054098
ECCP-NAE6,NAE6/Field Bus1.CH3-BACnet.AV-12,AV:3054097
ECCP-NAE6,NAE6/Field Bus1.CH3-BACnet.AV-13,AV:3054096
ECCP-NAE6,NAE6/Field Bus1.CH3-BACnet.AV-14,AV:3054095
ECCP-NAE6,NAE6/Field Bus1.CH3-BACnet.AV-15,AV:3054094
ECCP-NAE6,NAE6/Field Bus1.CH3-BACnet.AV-19,AV:3054118
ECCP-NAE6,NAE6/Field Bus1.CH3-BACnet.AV-20,AV:3054117
ECCP-NAE6,NAE6/Field Bus1.CH3-BACnet.AV-21,AV:3054093
ECCP-NAE6,NAE6/Field Bus1.CH3-BACnet.AV-22,AV:3054092
ECCP-NAE6,NAE6/Field Bus1.CH3-BACnet.AV-23,AV:3054116
ECCP-NAE6,NAE6/Field Bus1.CH3-BACnet.AV-24,AV:3054115
ECCP-NAE6,NAE6/Field Bus1.CH3-BACnet.AV-25,AV:3054114
ECCP-NAE6,NAE6/Field Bus1.CH3-BACnet.AV-26,AV:3054113
ECCP-NAE6,NAE6/Field Bus1.CH3-BACnet.AV-27,AV:3054112
ECCP-NAE6,NAE6/Field Bus1.CH3-BACnet.AV-28,AV:3054111
ECCP-NAE6,NAE6/Field Bus1.CH3-BACnet.AV-29,AV:3054110
ECCP-NAE6,NAE6/Field Bus1.CH3-BACnet.AV-30,AV:3054109
ECCP-NAE6,NAE6/Field Bus1.CH3-BACnet.AV-31,AV:3054108
ECCP-NAE6,NAE6/Field Bus1.CH3-BACnet.AV-32,AV:3054130
ECCP-NAE6,NAE6/Field Bus1.CH3-BACnet.AV-33,AV:3054129
ECCP-NAE6,NAE6/Field Bus1.CH3-BACnet.AV-34,AV:3054128
ECCP-NAE6,NAE6/Field Bus1.CH3-BACnet.AV-35,AV:3054127
ECCP-NAE6,NAE6/Field Bus1.CH3-BACnet.AV-36,AV:3054126
ECCP-NAE6,NAE6/Field Bus1.CH3-BACnet.AV-37,AV:3054125
ECCP-NAE6,NAE6/Field Bus1.CH3-BACnet.AV-38,AV:3054124
ECCP-NAE6,NAE6/Field Bus1.CH3-BACnet.AV-39,AV:3054123
ECCP-NAE6,NAE6/Field Bus1.CH3-BACnet.AV-40,AV:3054122
ECCP-NAE6,NAE6/Field Bus1.CH3-BACnet.AV-41,AV:3054121
ECCP-NAE6,NAE6/Field Bus1.CH3-BACnet.AV-42,AV:3054120
ECCP-NAE6,NAE6/Field Bus1.CH3-BACnet.AV-43,AV:3054119
ECCP-NAE6,NAE6/Field Bus1.CH3-BACnet.AV-105,AV:3054137
ECCP-NAE6,NAE6/Field Bus1.CH3-BACnet.AV-106,AV:3054136
ECCP-NAE6,NAE6/Field Bus1.CH3-BACnet.AV-107,AV:3054135
ECCP-NAE6,NAE6/Field Bus1.CH3-BACnet.AV-108,AV:3054134
ECCP-NAE6,NAE6/Field Bus1.CH3-BACnet.AV-109,AV:3054133
ECCP-NAE6,NAE6/Field Bus1.CH3-BACnet.AV-110,AV:3054132
ECCP-NAE6,NAE6/Field Bus1.CH3-BACnet.AV-111,AV:3054131
ECCP-NAE6,NAE6/Field Bus1.CH3-BACnet.AV-112,AV:3054141
ECCP-NAE6,NAE6/Field Bus1.CH3-BACnet.AV-113,AV:3054140
ECCP-NAE6,NAE6/Field Bus1.CH3-BACnet.AV-114,AV:3054139
ECCP-NAE6,NAE6/Field Bus1.CH3-BACnet.AV-115,AV:3054138
ECCP-NAE6,NAE6/Field Bus1.CH3-BACnet.BO-1,BO:3054142
ECCP-NAE6,NAE6/Field Bus1.CH3-BACnet.BV-1,BV:3054149
ECCP-NAE6,NAE6/Field Bus1.CH3-BACnet.BV-3,BV:3054148
ECCP-NAE6,NAE6/Field Bus1.CH3-BACnet.BV-5,BV:3054147
ECCP-NAE6,NAE6/Field Bus1.CH3-BACnet.BV-6,BV:3054146
ECCP-NAE6,NAE6/Field Bus1.CH3-BACnet.BV-7,BV:3054145
ECCP-NAE6,NAE6/Field Bus1.CH3-BACnet.BV-8,BV:3054144
ECCP-NAE6,NAE6/Field Bus1.CH3-BACnet.BV-9,BV:3054143
ECCP-NAE6,NAE6/Field Bus1.CH3-BACnet.BV-17,BV:3054154
ECCP-NAE6,NAE6/Field Bus1.CH3-BACnet.BV-18,BV:3054153
ECCP-NAE6,NAE6/Field Bus1.CH3-BACnet.BV-19,BV:3054152
ECCP-NAE6,NAE6/Field Bus1.CH3-BACnet.BV-20,BV:3054151
ECCP-NAE6,NAE6/Field Bus1.CH3-BACnet.BV-21,BV:3054150
ECCP-NAE6,NAE6/Field Bus1.CH3-BACnet.CH3 CYCLE CODE,AV:3054347
ECCP-NAE6,NAE6/Field Bus1.CH3-BACnet.CH3 OP CODE,AV:3054345
ECCP-NAE6,NAE6/Field Bus1.CH3-BACnet.CH3 SAFETY CODE,AV:3054346
ECCP-NAE6,NAE6/Field Bus1.CH3-BACnet.CH3 WARNING CODE,AV:3054348
ECCP-NAE6,NAE6/Field Bus1.CH3-KW.AI-1,AI:3053177
ECCP-NAE6,NAE6/Field Bus1.CH3-KW.AI-2,AI:3053176
ECCP-NAE6,NAE6/Field Bus1.CH3-KW.AI-3,AI:3053175
ECCP-NAE6,NAE6/Field Bus1.CH3-KW.AI-4,AI:3053174
ECCP-NAE6,NAE6/Field Bus1.CH3-KW.AI-5,AI:3053173
ECCP-NAE6,NAE6/Field Bus1.CH3-KW.AI-6,AI:3053172
ECCP-NAE6,NAE6/Field Bus1.CH3-KW.AI-7,AI:3053171
ECCP-NAE6,NAE6/Field Bus1.CH3-KW.AI-8,AI:3053170
ECCP-NAE6,NAE6/Field Bus1.CH3-KW.AI-9,AI:3053169
ECCP-NAE6,NAE6/Field Bus1.CH3-KW.AI-10,AI:3053168
ECCP-NAE6,NAE6/Field Bus1.CH3-KW.AI-11,AI:3053167
ECCP-NAE6,NAE6/Field Bus1.CH3-KW.AI-12,AI:3053166
ECCP-NAE6,NAE6/Field Bus1.CH3-KW.AI-13,AI:3053165
ECCP-NAE6,NAE6/Field Bus1.CH3-KW.AI-14,AI:3053164
ECCP-NAE6,NAE6/Field Bus1.CH3-KW.AI-15,AI:3053163
ECCP-NAE6,NAE6/Field Bus1.CH3-KW.AI-16,AI:3053193
ECCP-NAE6,NAE6/Field Bus1.CH3-KW.AI-17,AI:3053192
ECCP-NAE6,NAE6/Field Bus1.CH3-KW.AI-18,AI:3053191
ECCP-NAE6,NAE6/Field Bus1.CH3-KW.AI-19,AI:3053190
ECCP-NAE6,NAE6/Field Bus1.CH3-KW.AI-20,AI:3053189
ECCP-NAE6,NAE6/Field Bus1.CH3-KW.AI-21,AI:3053188
ECCP-NAE6,NAE6/Field Bus1.CH3-KW.AI-22,AI:3053187
ECCP-NAE6,NAE6/Field Bus1.CH3-KW.AI-23,AI:3053186
ECCP-NAE6,NAE6/Field Bus1.CH3-KW.AI-24,AI:3053185
ECCP-NAE6,NAE6/Field Bus1.CH3-KW.AI-25,AI:3053184
ECCP-NAE6,NAE6/Field Bus1.CH3-KW.AI-26,AI:3053183
ECCP-NAE6,NAE6/Field Bus1.CH3-KW.AI-27,AI:3053182
ECCP-NAE6,NAE6/Field Bus1.CH3-KW.AI-28,AI:3053181
ECCP-NAE6,NAE6/Field Bus1.CH3-KW.AI-29,AI:3053180
ECCP-NAE6,NAE6/Field Bus1.CH3-KW.AI-30,AI:3053179
ECCP-NAE6,NAE6/Field Bus1.CH3-KW.AI-31,AI:3053178
ECCP-NAE6,NAE6/Field Bus1.CH3-KW.AI-32,AI:3053205
ECCP-NAE6,NAE6/Field Bus1.CH3-KW.AI-33,AI:3053204
ECCP-NAE6,NAE6/Field Bus1.CH3-KW.AI-34,AI:3053203
ECCP-NAE6,NAE6/Field Bus1.CH3-KW.AI-35,AI:3053202
ECCP-NAE6,NAE6/Field Bus1.CH3-KW.AI-36,AI:3053201
ECCP-NAE6,NAE6/Field Bus1.CH3-KW.AI-37,AI:3053200
ECCP-NAE6,NAE6/Field Bus1.CH3-KW.AI-38,AI:3053199
ECCP-NAE6,NAE6/Field Bus1.CH3-KW.AI-39,AI:3053198
ECCP-NAE6,NAE6/Field Bus1.CH3-KW.AI-40,AI:3053197
ECCP-NAE6,NAE6/Field Bus1.CH3-KW.AI-41,AI:3053196
ECCP-NAE6,NAE6/Field Bus1.CH3-KW.AI-42,AI:3053195
ECCP-NAE6,NAE6/Field Bus1.CH3-KW.AI-43,AI:3053194
ECCP-NAE6,NAE6/Field Bus1.CH4-BACnet.AV-1,AV:3054157
ECCP-NAE6,NAE6/Field Bus1.CH4-BACnet.AV-2,AV:3054158
ECCP-NAE6,NAE6/Field Bus1.CH4-BACnet.AV-3,AV:3054159
ECCP-NAE6,NAE6/Field Bus1.CH4-BACnet.AV-5,AV:3054160
ECCP-NAE6,NAE6/Field Bus1.CH4-BACnet.AV-6,AV:3054161
ECCP-NAE6,NAE6/Field Bus1.CH4-BACnet.AV-7,AV:3054162
ECCP-NAE6,NAE6/Field Bus1.CH4-BACnet.AV-8,AV:3054163
ECCP-NAE6,NAE6/Field Bus1.CH4-BACnet.AV-9,AV:3054164
ECCP-NAE6,NAE6/Field Bus1.CH4-BACnet.AV-10,AV:3054165
ECCP-NAE6,NAE6/Field Bus1.CH4-BACnet.AV-11,AV:3054166
ECCP-NAE6,NAE6/Field Bus1.CH4-BACnet.AV-12,AV:3054167
ECCP-NAE6,NAE6/Field Bus1.CH4-BACnet.AV-13,AV:3054168
ECCP-NAE6,NAE6/Field Bus1.CH4-BACnet.AV-14,AV:3054169
ECCP-NAE6,NAE6/Field Bus1.CH4-BACnet.AV-15,AV:3054170
ECCP-NAE6,NAE6/Field Bus1.CH4-BACnet.AV-19,AV:3054171
ECCP-NAE6,NAE6/Field Bus1.CH4-BACnet.AV-20,AV:3054172
ECCP-NAE6,NAE6/Field Bus1.CH4-BACnet.AV-21,AV:3054155
ECCP-NAE6,NAE6/Field Bus1.CH4-BACnet.AV-22,AV:3054156
ECCP-NAE6,NAE6/Field Bus1.CH4-BACnet.AV-23,AV:3054173
ECCP-NAE6,NAE6/Field Bus1.CH4-BACnet.AV-24,AV:3054174
ECCP-NAE6,NAE6/Field Bus1.CH4-BACnet.AV-25,AV:3054175
ECCP-NAE6,NAE6/Field Bus1.CH4-BACnet.AV-26,AV:3054176
ECCP-NAE6,NAE6/Field Bus1.CH4-BACnet.AV-27,AV:3054177
ECCP-NAE6,NAE6/Field Bus1.CH4-BACnet.AV-28,AV:3054178
ECCP-NAE6,NAE6/Field Bus1.CH4-BACnet.AV-29,AV:3054179
ECCP-NAE6,NAE6/Field Bus1.CH4-BACnet.AV-30,AV:3054180
ECCP-NAE6,NAE6/Field Bus1.CH4-BACnet.AV-31,AV:3054181
ECCP-NAE6,NAE6/Field Bus1.CH4-BACnet.AV-32,AV:3054182
ECCP-NAE6,NAE6/Field Bus1.CH4-BACnet.AV-33,AV:3054183
ECCP-NAE6,NAE6/Field Bus1.CH4-BACnet.AV-34,AV:3054184
ECCP-NAE6,NAE6/Field Bus1.CH4-BACnet.AV-35,AV:3054185
ECCP-NAE6,NAE6/Field Bus1.CH4-BACnet.AV-36,AV:3054186
ECCP-NAE6,NAE6/Field Bus1.CH4-BACnet.AV-37,AV:3054187
ECCP-NAE6,NAE6/Field Bus1.CH4-BACnet.AV-38,AV:3054188
ECCP-NAE6,NAE6/Field Bus1.CH4-BACnet.AV-39,AV:3054189
ECCP-NAE6,NAE6/Field Bus1.CH4-BACnet.AV-40,AV:3054190
ECCP-NAE6,NAE6/Field Bus1.CH4-BACnet.AV-41,AV:3054191
ECCP-NAE6,NAE6/Field Bus1.CH4-BACnet.AV-42,AV:3054192
ECCP-NAE6,NAE6/Field Bus1.CH4-BACnet.AV-43,AV:3054193
ECCP-NAE6,NAE6/Field Bus1.CH4-BACnet.AV-105,AV:3054194
ECCP-NAE6,NAE6/Field Bus1.CH4-BACnet.AV-106,AV:3054195
ECCP-NAE6,NAE6/Field Bus1.CH4-BACnet.AV-107,AV:3054196
ECCP-NAE6,NAE6/Field Bus1.CH4-BACnet.AV-108,AV:3054197
ECCP-NAE6,NAE6/Field Bus1.CH4-BACnet.AV-109,AV:3054198
ECCP-NAE6,NAE6/Field Bus1.CH4-BACnet.AV-110,AV:3054199
ECCP-NAE6,NAE6/Field Bus1.CH4-BACnet.AV-111,AV:3054200
ECCP-NAE6,NAE6/Field Bus1.CH4-BACnet.AV-112,AV:3054201
ECCP-NAE6,NAE6/Field Bus1.CH4-BACnet.AV-113,AV:3054202
ECCP-NAE6,NAE6/Field Bus1.CH4-BACnet.AV-114,AV:3054203
ECCP-NAE6,NAE6/Field Bus1.CH4-BACnet.AV-115,AV:3054204
ECCP-NAE6,NAE6/Field Bus1.CH4-BACnet.BO-1,BO:3054205
ECCP-NAE6,NAE6/Field Bus1.CH4-BACnet.BV-1,BV:3054206
ECCP-NAE6,NAE6/Field Bus1.CH4-BACnet.BV-3,BV:3054207
ECCP-NAE6,NAE6/Field Bus1.CH4-BACnet.BV-5,BV:3054208
ECCP-NAE6,NAE6/Field Bus1.CH4-BACnet.BV-6,BV:3054209
ECCP-NAE6,NAE6/Field Bus1.CH4-BACnet.BV-7,BV:3054210
ECCP-NAE6,NAE6/Field Bus1.CH4-BACnet.BV-8,BV:3054211
ECCP-NAE6,NAE6/Field Bus1.CH4-BACnet.BV-9,BV:3054212
ECCP-NAE6,NAE6/Field Bus1.CH4-BACnet.BV-17,BV:3054213
ECCP-NAE6,NAE6/Field Bus1.CH4-BACnet.BV-18,BV:3054214
ECCP-NAE6,NAE6/Field Bus1.CH4-BACnet.BV-19,BV:3054215
ECCP-NAE6,NAE6/Field Bus1.CH4-BACnet.BV-20,BV:3054216
ECCP-NAE6,NAE6/Field Bus1.CH4-BACnet.BV-21,BV:3054217
ECCP-NAE6,NAE6/Field Bus1.CH4-BACnet.CH4 CONTROL SOURCE CODE,AV:3054353
ECCP-NAE6,NAE6/Field Bus1.CH4-BACnet.CH4 CYCLE CODE,AV:3054351
ECCP-NAE6,NAE6/Field Bus1.CH4-BACnet.CH4 OP CODE,AV:3054349
ECCP-NAE6,NAE6/Field Bus1.CH4-BACnet.CH4 SAFETY CODE,AV:3054350
ECCP-NAE6,NAE6/Field Bus1.CH4-BACnet.CH4 WARNING CODE,AV:3054352
ECCP-NAE6,NAE6/Field Bus1.CH4-KW.AI-1,AI:3053220
ECCP-NAE6,NAE6/Field Bus1.CH4-KW.AI-2,AI:3053219
ECCP-NAE6,NAE6/Field Bus1.CH4-KW.AI-3,AI:3053218
ECCP-NAE6,NAE6/Field Bus1.CH4-KW.AI-4,AI:3053217
ECCP-NAE6,NAE6/Field Bus1.CH4-KW.AI-5,AI:3053216
ECCP-NAE6,NAE6/Field Bus1.CH4-KW.AI-6,AI:3053215
ECCP-NAE6,NAE6/Field Bus1.CH4-KW.AI-7,AI:3053214
ECCP-NAE6,NAE6/Field Bus1.CH4-KW.AI-8,AI:3053213
ECCP-NAE6,NAE6/Field Bus1.CH4-KW.AI-9,AI:3053212
ECCP-NAE6,NAE6/Field Bus1.CH4-KW.AI-10,AI:3053211
ECCP-NAE6,NAE6/Field Bus1.CH4-KW.AI-11,AI:3053210
ECCP-NAE6,NAE6/Field Bus1.CH4-KW.AI-12,AI:3053209
ECCP-NAE6,NAE6/Field Bus1.CH4-KW.AI-13,AI:3053208
ECCP-NAE6,NAE6/Field Bus1.CH4-KW.AI-14,AI:3053207
ECCP-NAE6,NAE6/Field Bus1.CH4-KW.AI-15,AI:3053206
ECCP-NAE6,NAE6/Field Bus1.CH4-KW.AI-16,AI:3053236
ECCP-NAE6,NAE6/Field Bus1.CH4-KW.AI-17,AI:3053235
ECCP-NAE6,NAE6/Field Bus1.CH4-KW.AI-18,AI:3053234
ECCP-NAE6,NAE6/Field Bus1.CH4-KW.AI-19,AI:3053233
ECCP-NAE6,NAE6/Field Bus1.CH4-KW.AI-20,AI:3053232
ECCP-NAE6,NAE6/Field Bus1.CH4-KW.AI-21,AI:3053231
ECCP-NAE6,NAE6/Field Bus1.CH4-KW.AI-22,AI:3053230
ECCP-NAE6,NAE6/Field Bus1.CH4-KW.AI-23,AI:3053229
ECCP-NAE6,NAE6/Field Bus1.CH4-KW.AI-24,AI:3053228
ECCP-NAE6,NAE6/Field Bus1.CH4-KW.AI-25,AI:3053227
ECCP-NAE6,NAE6/Field Bus1.CH4-KW.AI-26,AI:3053226
ECCP-NAE6,NAE6/Field Bus1.CH4-KW.AI-27,AI:3053225
ECCP-NAE6,NAE6/Field Bus1.CH4-KW.AI-28,AI:3053224
ECCP-NAE6,NAE6/Field Bus1.CH4-KW.AI-29,AI:3053223
ECCP-NAE6,NAE6/Field Bus1.CH4-KW.AI-30,AI:3053222
ECCP-NAE6,NAE6/Field Bus1.CH4-KW.AI-31,AI:3053221
ECCP-NAE6,NAE6/Field Bus1.CH4-KW.AI-32,AI:3053248
ECCP-NAE6,NAE6/Field Bus1.CH4-KW.AI-33,AI:3053247
ECCP-NAE6,NAE6/Field Bus1.CH4-KW.AI-34,AI:3053246
ECCP-NAE6,NAE6/Field Bus1.CH4-KW.AI-35,AI:3053245
ECCP-NAE6,NAE6/Field Bus1.CH4-KW.AI-36,AI:3053244
ECCP-NAE6,NAE6/Field Bus1.CH4-KW.AI-37,AI:3053243
ECCP-NAE6,NAE6/Field Bus1.CH4-KW.AI-38,AI:3053242
ECCP-NAE6,NAE6/Field Bus1.CH4-KW.AI-39,AI:3053241
ECCP-NAE6,NAE6/Field Bus1.CH4-KW.AI-40,AI:3053240
ECCP-NAE6,NAE6/Field Bus1.CH4-KW.AI-41,AI:3053239
ECCP-NAE6,NAE6/Field Bus1.CH4-KW.AI-42,AI:3053238
ECCP-NAE6,NAE6/Field Bus1.CH4-KW.AI-43,AI:3053237
ECCP-NAE6,NAE6/Field Bus1.CH9-BACnet.ACTIVE ANTI SURGE MIN FREQ,AV:3098439
ECCP-NAE6,NAE6/Field Bus1.CH9-BACnet.CH LIQ FLOW SWITCH STAT,BV:3098419
ECCP-NAE6,NAE6/Field Bus1.CH9-BACnet.CH LIQ PUMP STAT,BV:3098416
ECCP-NAE6,NAE6/Field Bus1.CH9-BACnet.CND FLOW SWITCH STAT,BV:3098420
ECCP-NAE6,NAE6/Field Bus1.CH9-BACnet.CND LIQ PUMP STAT,BV:3098422
ECCP-NAE6,NAE6/Field Bus1.CH9-BACnet.COMPR MOTOR STATUS,BV:3098415
ECCP-NAE6,NAE6/Field Bus1.CH9-BACnet.COND LVL CTRL VLV CMD,AV:3098449
ECCP-NAE6,NAE6/Field Bus1.CH9-BACnet.COND REF LEVEL CNTRL MODE,BV:3098421
ECCP-NAE6,NAE6/Field Bus1.CH9-BACnet.COND REFRIGERANT LEVEL,AV:3098411
ECCP-NAE6,NAE6/Field Bus1.CH9-BACnet.COND REFRIGERANT LEVEL SP,AV:3098457
ECCP-NAE6,NAE6/Field Bus1.CH9-BACnet.COND SATURATION TEMP,AV:3098409
ECCP-NAE6,NAE6/Field Bus1.CH9-BACnet.COND SMALL TEMP DIFF,AV:3098478
ECCP-NAE6,NAE6/Field Bus1.CH9-BACnet.CONDENSER PRESSURE,AV:3098398
ECCP-NAE6,NAE6/Field Bus1.CH9-BACnet.COOL SETP CTRL SOURCE AV,AV:3098487
ECCP-NAE6,NAE6/Field Bus1.CH9-BACnet.COOLING SETP CTRL SRC,MV:3098486
ECCP-NAE6,NAE6/Field Bus1.CH9-BACnet.CURR LIM CTRL SOURCE AV,AV:3098491
ECCP-NAE6,NAE6/Field Bus1.CH9-BACnet.CURRENT LIMIT CTRL SRC,MV:3098490
ECCP-NAE6,NAE6/Field Bus1.CH9-BACnet.DELTA P DIV P,AV:3098482
ECCP-NAE6,NAE6/Field Bus1.CH9-BACnet.DISCHARGE SUPERHEAT,AV:3098479
ECCP-NAE6,NAE6/Field Bus1.CH9-BACnet.DISCHARGE TEMP,AV:3098399
ECCP-NAE6,NAE6/Field Bus1.CH9-BACnet.DROP LEG REFRIG TEMP,AV:3098458
ECCP-NAE6,NAE6/Field Bus1.CH9-BACnet.ENTERING CH LIQ TEMP,AV:3098394
ECCP-NAE6,NAE6/Field Bus1.CH9-BACnet.ENTERING COND WATER TEMP,AV:3098396
ECCP-NAE6,NAE6/Field Bus1.CH9-BACnet.EVAP SATURATION TEMP,AV:3098408
ECCP-NAE6,NAE6/Field Bus1.CH9-BACnet.EVAP SMALL TEMP DIFF,AV:3098477
ECCP-NAE6,NAE6/Field Bus1.CH9-BACnet.EVAPORATOR PRESSURE,AV:3098397
ECCP-NAE6,NAE6/Field Bus1.CH9-BACnet.HEAD PRESSURE,AV:3098483
ECCP-NAE6,NAE6/Field Bus1.CH9-BACnet.HEAT SETP CTRL SOURCE AV,AV:3098489
ECCP-NAE6,NAE6/Field Bus1.CH9-BACnet.HEATING SETP CTRL SRC,MV:3098488
ECCP-NAE6,NAE6/Field Bus1.CH9-BACnet.INPUT CURRENT LMT ACTIVE,AV:3098407
ECCP-NAE6,NAE6/Field Bus1.CH9-BACnet.INPUT CURRENT PCT FLA,AV:3098410
ECCP-NAE6,NAE6/Field Bus1.CH9-BACnet.INPUT KWH LO,AV:3098465
ECCP-NAE6,NAE6/Field Bus1.CH9-BACnet.INPUT KWH OFFSET,AV:3098466
ECCP-NAE6,NAE6/Field Bus1.CH9-BACnet.LEAVING CH LIQ TEMP,AV:3098393
ECCP-NAE6,NAE6/Field Bus1.CH9-BACnet.LEAVING CH LIQ TEMP ACT SP,AV:3098406
ECCP-NAE6,NAE6/Field Bus1.CH9-BACnet.LEAVING COND WATER TEMP,AV:3098395
ECCP-NAE6,NAE6/Field Bus1.CH9-BACnet.MBC LEVITATION MODE,BV:3098450
ECCP-NAE6,NAE6/Field Bus1.CH9-BACnet.MBC MOTOR SPEED,AV:3098469
ECCP-NAE6,NAE6/Field Bus1.CH9-BACnet.MBC ROTATION MODE,BV:3098451
ECCP-NAE6,NAE6/Field Bus1.CH9-BACnet.MOTOR COOLING VALVE CMD,AV:3098492
ECCP-NAE6,NAE6/Field Bus1.CH9-BACnet.MOTOR CURRENT PCT FLA,AV:3098414
ECCP-NAE6,NAE6/Field Bus1.CH9-BACnet.MOTOR HOUSING TEMP,AV:3098452
ECCP-NAE6,NAE6/Field Bus1.CH9-BACnet.MTR WINDING AVG TEMP,AV:3098454
ECCP-NAE6,NAE6/Field Bus1.CH9-BACnet.NUMBER OF STARTS,AV:3098413
ECCP-NAE6,NAE6/Field Bus1.CH9-BACnet.OPERATING HOURS,AV:3098412
ECCP-NAE6,NAE6/Field Bus1.CH9-BACnet.OPERATING HOURS LO,AV:3098467
ECCP-NAE6,NAE6/Field Bus1.CH9-BACnet.OPERATING HOURS OFFSET,AV:3098468
ECCP-NAE6,NAE6/Field Bus1.CH9-BACnet.REM HEATING SP,AV:3098391
ECCP-NAE6,NAE6/Field Bus1.CH9-BACnet.REM LEAVING CHL TEMP SP,AV:3098389
ECCP-NAE6,NAE6/Field Bus1.CH9-BACnet.REM RUN STOP CMD,BV:3098392
ECCP-NAE6,NAE6/Field Bus1.CH9-BACnet.REMOTE INPUT CURRENT SP,AV:3098390
ECCP-NAE6,NAE6/Field Bus1.CH9-BACnet.RUN PERMISSIVE,BV:3098418
ECCP-NAE6,NAE6/Field Bus1.CH9-BACnet.RUN STOP CTRL SOURCE AV,AV:3098485
ECCP-NAE6,NAE6/Field Bus1.CH9-BACnet.RUN STOP CTRL SRC,MV:3098484
ECCP-NAE6,NAE6/Field Bus1.CH9-BACnet.SUBCOOLING TEMP,AV:3098481
ECCP-NAE6,NAE6/Field Bus1.CH9-BACnet.SUBCOOLLER EFFECTIVENESS,AV:3098480
ECCP-NAE6,NAE6/Field Bus1.CH9-BACnet.SURGE COUNT,AV:3098445
ECCP-NAE6,NAE6/Field Bus1.CH9-BACnet.UNIT CONTROL SOURCE,MV:3098431
ECCP-NAE6,NAE6/Field Bus1.CH9-BACnet.UNIT CONTROL SOURCE AV,AV:3098432
ECCP-NAE6,NAE6/Field Bus1.CH9-BACnet.UNIT CYCLING FAULT CODE,MV:3098427
ECCP-NAE6,NAE6/Field Bus1.CH9-BACnet.UNIT CYCLING FAULT CODE AV,AV:3098428
ECCP-NAE6,NAE6/Field Bus1.CH9-BACnet.UNIT INTERNAL FAULT CODE,MV:3098437
ECCP-NAE6,NAE6/Field Bus1.CH9-BACnet.UNIT INTERNAL FAULT CODE AV,AV:3098438
ECCP-NAE6,NAE6/Field Bus1.CH9-BACnet.UNIT MODIFIED RUN CODE,MV:3098433
ECCP-NAE6,NAE6/Field Bus1.CH9-BACnet.UNIT MODIFIED RUN CODE AV,AV:3098434
ECCP-NAE6,NAE6/Field Bus1.CH9-BACnet.UNIT OPERATION CODE,MV:3098423
ECCP-NAE6,NAE6/Field Bus1.CH9-BACnet.UNIT OPERATION CODE AV,AV:3098424
ECCP-NAE6,NAE6/Field Bus1.CH9-BACnet.UNIT SAFETY FAULT CODE,MV:3098425
ECCP-NAE6,NAE6/Field Bus1.CH9-BACnet.UNIT SAFETY FAULT CODE AV,AV:3098426
ECCP-NAE6,NAE6/Field Bus1.CH9-BACnet.UNIT START INHIBIT CODE,MV:3098435
ECCP-NAE6,NAE6/Field Bus1.CH9-BACnet.UNIT START INHIBIT CODE AV,AV:3098436
ECCP-NAE6,NAE6/Field Bus1.CH9-BACnet.UNIT WARNING CODE,MV:3098429
ECCP-NAE6,NAE6/Field Bus1.CH9-BACnet.UNIT WARNING CODE AV,AV:3098430
ECCP-NAE6,NAE6/Field Bus1.CH9-BACnet.UPS BATTERY VOLTAGE,AV:3098470
ECCP-NAE6,NAE6/Field Bus1.CH9-BACnet.VGD POSITION,AV:3098456
ECCP-NAE6,NAE6/Field Bus1.CH9-BACnet.VSD COOLING SYS STAT,BV:3098417
ECCP-NAE6,NAE6/Field Bus1.CH9-BACnet.VSD DC BUS VOLTAGE,AV:3098443
ECCP-NAE6,NAE6/Field Bus1.CH9-BACnet.VSD INPUT KWH,AV:3098442
ECCP-NAE6,NAE6/Field Bus1.CH9-BACnet.VSD INPUT POWER,AV:3098441
ECCP-NAE6,NAE6/Field Bus1.CH9-BACnet.VSD INPUT VOLTAGE L1,AV:3098444
ECCP-NAE6,NAE6/Field Bus1.CH9-BACnet.VSD INPUT VOLTAGE L2,AV:3098447
ECCP-NAE6,NAE6/Field Bus1.CH9-BACnet.VSD INPUT VOLTAGE L3,AV:3098448
ECCP-NAE6,NAE6/Field Bus1.CH9-BACnet.VSD INTERNAL AMBIENT TEMP 1,AV:3098455
ECCP-NAE6,NAE6/Field Bus1.CH9-BACnet.VSD INTERNAL AMBIENT TEMP 2,AV:3098453
ECCP-NAE6,NAE6/Field Bus1.CH9-BACnet.VSD L1 INPUT CURRENT TDD,AV:3098462
ECCP-NAE6,NAE6/Field Bus1.CH9-BACnet.VSD L1 VOLTAGE THD,AV:3098459
ECCP-NAE6,NAE6/Field Bus1.CH9-BACnet.VSD L2 INPUT CURRENT TDD,AV:3098463
ECCP-NAE6,NAE6/Field Bus1.CH9-BACnet.VSD L2 VOLTAGE THD,AV:3098460
ECCP-NAE6,NAE6/Field Bus1.CH9-BACnet.VSD L3 INPUT CURRENT TDD,AV:3098464
ECCP-NAE6,NAE6/Field Bus1.CH9-BACnet.VSD L3 VOLTAGE THD,AV:3098461
ECCP-NAE6,NAE6/Field Bus1.CH9-BACnet.VSD OUTPUT FREQUENCY,AV:3098446
ECCP-NAE6,NAE6/Field Bus1.CH9-BACnet.VSD OUTPUT VOLTAGE,AV:3098440
ECCP-NAE6,NAE6/Field Bus1.CH9-BACnet.VSD PH A INV BASEPLATE TEMP,AV:3098474
ECCP-NAE6,NAE6/Field Bus1.CH9-BACnet.VSD PH A REC BASEPLATE TEMP,AV:3098471
ECCP-NAE6,NAE6/Field Bus1.CH9-BACnet.VSD PH B INV BASEPLATE TEMP,AV:3098475
ECCP-NAE6,NAE6/Field Bus1.CH9-BACnet.VSD PH B REC BASEPLATE TEMP,AV:3098472
ECCP-NAE6,NAE6/Field Bus1.CH9-BACnet.VSD PH C INV BASEPLATE TEMP,AV:3098476
ECCP-NAE6,NAE6/Field Bus1.CH9-BACnet.VSD PH C REC BASEPLATE TEMP,AV:3098473
ECCP-NAE6,NAE6/Field Bus1.CH9-BACnet.VSD PHASE A OUTPUT CURRENT,AV:3098400
ECCP-NAE6,NAE6/Field Bus1.CH9-BACnet.VSD PHASE B OUTPUT CURRENT,AV:3098401
ECCP-NAE6,NAE6/Field Bus1.CH9-BACnet.VSD PHASE C OUTPUT CURRENT,AV:3098402
ECCP-NAE6,NAE6/Field Bus1.CH9-BACnet.VSD RMS INPUT CURRENT L1,AV:3098403
ECCP-NAE6,NAE6/Field Bus1.CH9-BACnet.VSD RMS INPUT CURRENT L2,AV:3098404
ECCP-NAE6,NAE6/Field Bus1.CH9-BACnet.VSD RMS INPUT CURRENT L3,AV:3098405
ECCP-NAE6,NAE6/Field Bus1.CP1-KW.AI-1,AI:3053263
ECCP-NAE6,NAE6/Field Bus1.CP1-KW.AI-2,AI:3053262
ECCP-NAE6,NAE6/Field Bus1.CP1-KW.AI-3,AI:3053261
ECCP-NAE6,NAE6/Field Bus1.CP1-KW.AI-4,AI:3053260
ECCP-NAE6,NAE6/Field Bus1.CP1-KW.AI-5,AI:3053259
ECCP-NAE6,NAE6/Field Bus1.CP1-KW.AI-6,AI:3053258
ECCP-NAE6,NAE6/Field Bus1.CP1-KW.AI-7,AI:3053257
ECCP-NAE6,NAE6/Field Bus1.CP1-KW.AI-8,AI:3053256
ECCP-NAE6,NAE6/Field Bus1.CP1-KW.AI-9,AI:3053255
ECCP-NAE6,NAE6/Field Bus1.CP1-KW.AI-10,AI:3053254
ECCP-NAE6,NAE6/Field Bus1.CP1-KW.AI-11,AI:3053253
ECCP-NAE6,NAE6/Field Bus1.CP1-KW.AI-12,AI:3053252
ECCP-NAE6,NAE6/Field Bus1.CP1-KW.AI-13,AI:3053251
ECCP-NAE6,NAE6/Field Bus1.CP1-KW.AI-14,AI:3053250
ECCP-NAE6,NAE6/Field Bus1.CP1-KW.AI-15,AI:3053249
ECCP-NAE6,NAE6/Field Bus1.CP1-KW.AI-16,AI:3053279
ECCP-NAE6,NAE6/Field Bus1.CP1-KW.AI-17,AI:3053278
ECCP-NAE6,NAE6/Field Bus1.CP1-KW.AI-18,AI:3053277
ECCP-NAE6,NAE6/Field Bus1.CP1-KW.AI-19,AI:3053276
ECCP-NAE6,NAE6/Field Bus1.CP1-KW.AI-20,AI:3053275
ECCP-NAE6,NAE6/Field Bus1.CP1-KW.AI-21,AI:3053274
ECCP-NAE6,NAE6/Field Bus1.CP1-KW.AI-22,AI:3053273
ECCP-NAE6,NAE6/Field Bus1.CP1-KW.AI-23,AI:3053272
ECCP-NAE6,NAE6/Field Bus1.CP1-KW.AI-24,AI:3053271
ECCP-NAE6,NAE6/Field Bus1.CP1-KW.AI-25,AI:3053270
ECCP-NAE6,NAE6/Field Bus1.CP1-KW.AI-26,AI:3053269
ECCP-NAE6,NAE6/Field Bus1.CP1-KW.AI-27,AI:3053268
ECCP-NAE6,NAE6/Field Bus1.CP1-KW.AI-28,AI:3053267
ECCP-NAE6,NAE6/Field Bus1.CP1-KW.AI-29,AI:3053266
ECCP-NAE6,NAE6/Field Bus1.CP1-KW.AI-30,AI:3053265
ECCP-NAE6,NAE6/Field Bus1.CP1-KW.AI-31,AI:3053264
ECCP-NAE6,NAE6/Field Bus1.CP1-KW.AI-32,AI:3053291
ECCP-NAE6,NAE6/Field Bus1.CP1-KW.AI-33,AI:3053290
ECCP-NAE6,NAE6/Field Bus1.CP1-KW.AI-34,AI:3053289
ECCP-NAE6,NAE6/Field Bus1.CP1-KW.AI-35,AI:3053288
ECCP-NAE6,NAE6/Field Bus1.CP1-KW.AI-36,AI:3053287
ECCP-NAE6,NAE6/Field Bus1.CP1-KW.AI-37,AI:3053286
ECCP-NAE6,NAE6/Field Bus1.CP1-KW.AI-38,AI:3053285
ECCP-NAE6,NAE6/Field Bus1.CP1-KW.AI-39,AI:3053284
ECCP-NAE6,NAE6/Field Bus1.CP1-KW.AI-40,AI:3053283
ECCP-NAE6,NAE6/Field Bus1.CP1-KW.AI-41,AI:3053282
ECCP-NAE6,NAE6/Field Bus1.CP1-KW.AI-42,AI:3053281
ECCP-NAE6,NAE6/Field Bus1.CP1-KW.AI-43,AI:3053280
ECCP-NAE6,NAE6/Field Bus1.CP2-KW.AI-1,AI:3053306
ECCP-NAE6,NAE6/Field Bus1.CP2-KW.AI-2,AI:3053305
ECCP-NAE6,NAE6/Field Bus1.CP2-KW.AI-3,AI:3053304
ECCP-NAE6,NAE6/Field Bus1.CP2-KW.AI-4,AI:3053303
ECCP-NAE6,NAE6/Field Bus1.CP2-KW.AI-5,AI:3053302
ECCP-NAE6,NAE6/Field Bus1.CP2-KW.AI-6,AI:3053301
ECCP-NAE6,NAE6/Field Bus1.CP2-KW.AI-7,AI:3053300
ECCP-NAE6,NAE6/Field Bus1.CP2-KW.AI-8,AI:3053299
ECCP-NAE6,NAE6/Field Bus1.CP2-KW.AI-9,AI:3053298
ECCP-NAE6,NAE6/Field Bus1.CP2-KW.AI-10,AI:3053297
ECCP-NAE6,NAE6/Field Bus1.CP2-KW.AI-11,AI:3053296
ECCP-NAE6,NAE6/Field Bus1.CP2-KW.AI-12,AI:3053295
ECCP-NAE6,NAE6/Field Bus1.CP2-KW.AI-13,AI:3053294
ECCP-NAE6,NAE6/Field Bus1.CP2-KW.AI-14,AI:3053293
ECCP-NAE6,NAE6/Field Bus1.CP2-KW.AI-15,AI:3053292
ECCP-NAE6,NAE6/Field Bus1.CP2-KW.AI-16,AI:3053322
ECCP-NAE6,NAE6/Field Bus1.CP2-KW.AI-17,AI:3053321
ECCP-NAE6,NAE6/Field Bus1.CP2-KW.AI-18,AI:3053320
ECCP-NAE6,NAE6/Field Bus1.CP2-KW.AI-19,AI:3053319
ECCP-NAE6,NAE6/Field Bus1.CP2-KW.AI-20,AI:3053318
ECCP-NAE6,NAE6/Field Bus1.CP2-KW.AI-21,AI:3053317
ECCP-NAE6,NAE6/Field Bus1.CP2-KW.AI-22,AI:3053316
ECCP-NAE6,NAE6/Field Bus1.CP2-KW.AI-23,AI:3053315
ECCP-NAE6,NAE6/Field Bus1.CP2-KW.AI-24,AI:3053314
ECCP-NAE6,NAE6/Field Bus1.CP2-KW.AI-25,AI:3053313
ECCP-NAE6,NAE6/Field Bus1.CP2-KW.AI-26,AI:3053312
ECCP-NAE6,NAE6/Field Bus1.CP2-KW.AI-27,AI:3053311
ECCP-NAE6,NAE6/Field Bus1.CP2-KW.AI-28,AI:3053310
ECCP-NAE6,NAE6/Field Bus1.CP2-KW.AI-29,AI:3053309
ECCP-NAE6,NAE6/Field Bus1.CP2-KW.AI-30,AI:3053308
ECCP-NAE6,NAE6/Field Bus1.CP2-KW.AI-31,AI:3053307
ECCP-NAE6,NAE6/Field Bus1.CP2-KW.AI-32,AI:3053334
ECCP-NAE6,NAE6/Field Bus1.CP2-KW.AI-33,AI:3053333
ECCP-NAE6,NAE6/Field Bus1.CP2-KW.AI-34,AI:3053332
ECCP-NAE6,NAE6/Field Bus1.CP2-KW.AI-35,AI:3053331
ECCP-NAE6,NAE6/Field Bus1.CP2-KW.AI-36,AI:3053330
ECCP-NAE6,NAE6/Field Bus1.CP2-KW.AI-37,AI:3053329
ECCP-NAE6,NAE6/Field Bus1.CP2-KW.AI-38,AI:3053328
ECCP-NAE6,NAE6/Field Bus1.CP2-KW.AI-39,AI:3053327
ECCP-NAE6,NAE6/Field Bus1.CP2-KW.AI-40,AI:3053326
ECCP-NAE6,NAE6/Field Bus1.CP2-KW.AI-41,AI:3053325
ECCP-NAE6,NAE6/Field Bus1.CP2-KW.AI-42,AI:3053324
ECCP-NAE6,NAE6/Field Bus1.CP2-KW.AI-43,AI:3053323
ECCP-NAE6,NAE6/Field Bus1.CP3-KW.AI-1,AI:3053349
ECCP-NAE6,NAE6/Field Bus1.CP3-KW.AI-2,AI:3053348
ECCP-NAE6,NAE6/Field Bus1.CP3-KW.AI-3,AI:3053347
ECCP-NAE6,NAE6/Field Bus1.CP3-KW.AI-4,AI:3053346
ECCP-NAE6,NAE6/Field Bus1.CP3-KW.AI-5,AI:3053345
ECCP-NAE6,NAE6/Field Bus1.CP3-KW.AI-6,AI:3053344
ECCP-NAE6,NAE6/Field Bus1.CP3-KW.AI-7,AI:3053343
ECCP-NAE6,NAE6/Field Bus1.CP3-KW.AI-8,AI:3053342
ECCP-NAE6,NAE6/Field Bus1.CP3-KW.AI-9,AI:3053341
ECCP-NAE6,NAE6/Field Bus1.CP3-KW.AI-10,AI:3053340
ECCP-NAE6,NAE6/Field Bus1.CP3-KW.AI-11,AI:3053339
ECCP-NAE6,NAE6/Field Bus1.CP3-KW.AI-12,AI:3053338
ECCP-NAE6,NAE6/Field Bus1.CP3-KW.AI-13,AI:3053337
ECCP-NAE6,NAE6/Field Bus1.CP3-KW.AI-14,AI:3053336
ECCP-NAE6,NAE6/Field Bus1.CP3-KW.AI-15,AI:3053335
ECCP-NAE6,NAE6/Field Bus1.CP3-KW.AI-16,AI:3053365
ECCP-NAE6,NAE6/Field Bus1.CP3-KW.AI-17,AI:3053364
ECCP-NAE6,NAE6/Field Bus1.CP3-KW.AI-18,AI:3053363
ECCP-NAE6,NAE6/Field Bus1.CP3-KW.AI-19,AI:3053362
ECCP-NAE6,NAE6/Field Bus1.CP3-KW.AI-20,AI:3053361
ECCP-NAE6,NAE6/Field Bus1.CP3-KW.AI-21,AI:3053360
ECCP-NAE6,NAE6/Field Bus1.CP3-KW.AI-22,AI:3053359
ECCP-NAE6,NAE6/Field Bus1.CP3-KW.AI-23,AI:3053358
ECCP-NAE6,NAE6/Field Bus1.CP3-KW.AI-24,AI:3053357
ECCP-NAE6,NAE6/Field Bus1.CP3-KW.AI-25,AI:3053356
ECCP-NAE6,NAE6/Field Bus1.CP3-KW.AI-26,AI:3053355
ECCP-NAE6,NAE6/Field Bus1.CP3-KW.AI-27,AI:3053354
ECCP-NAE6,NAE6/Field Bus1.CP3-KW.AI-28,AI:3053353
ECCP-NAE6,NAE6/Field Bus1.CP3-KW.AI-29,AI:3053352
ECCP-NAE6,NAE6/Field Bus1.CP3-KW.AI-30,AI:3053351
ECCP-NAE6,NAE6/Field Bus1.CP3-KW.AI-31,AI:3053350
ECCP-NAE6,NAE6/Field Bus1.CP3-KW.AI-32,AI:3053377
ECCP-NAE6,NAE6/Field Bus1.CP3-KW.AI-33,AI:3053376
ECCP-NAE6,NAE6/Field Bus1.CP3-KW.AI-34,AI:3053375
ECCP-NAE6,NAE6/Field Bus1.CP3-KW.AI-35,AI:3053374
ECCP-NAE6,NAE6/Field Bus1.CP3-KW.AI-36,AI:3053373
ECCP-NAE6,NAE6/Field Bus1.CP3-KW.AI-37,AI:3053372
ECCP-NAE6,NAE6/Field Bus1.CP3-KW.AI-38,AI:3053371
ECCP-NAE6,NAE6/Field Bus1.CP3-KW.AI-39,AI:3053370
ECCP-NAE6,NAE6/Field Bus1.CP3-KW.AI-40,AI:3053369
ECCP-NAE6,NAE6/Field Bus1.CP3-KW.AI-41,AI:3053368
ECCP-NAE6,NAE6/Field Bus1.CP3-KW.AI-42,AI:3053367
ECCP-NAE6,NAE6/Field Bus1.CP3-KW.AI-43,AI:3053366
ECCP-NAE6,NAE6/Field Bus1.CP4-KW.AI-1,AI:3053392
ECCP-NAE6,NAE6/Field Bus1.CP4-KW.AI-2,AI:3053391
ECCP-NAE6,NAE6/Field Bus1.CP4-KW.AI-3,AI:3053390
ECCP-NAE6,NAE6/Field Bus1.CP4-KW.AI-4,AI:3053389
ECCP-NAE6,NAE6/Field Bus1.CP4-KW.AI-5,AI:3053388
ECCP-NAE6,NAE6/Field Bus1.CP4-KW.AI-6,AI:3053387
ECCP-NAE6,NAE6/Field Bus1.CP4-KW.AI-7,AI:3053386
ECCP-NAE6,NAE6/Field Bus1.CP4-KW.AI-8,AI:3053385
ECCP-NAE6,NAE6/Field Bus1.CP4-KW.AI-9,AI:3053384
ECCP-NAE6,NAE6/Field Bus1.CP4-KW.AI-10,AI:3053383
ECCP-NAE6,NAE6/Field Bus1.CP4-KW.AI-11,AI:3053382
ECCP-NAE6,NAE6/Field Bus1.CP4-KW.AI-12,AI:3053381
ECCP-NAE6,NAE6/Field Bus1.CP4-KW.AI-13,AI:3053380
ECCP-NAE6,NAE6/Field Bus1.CP4-KW.AI-14,AI:3053379
ECCP-NAE6,NAE6/Field Bus1.CP4-KW.AI-15,AI:3053378
ECCP-NAE6,NAE6/Field Bus1.CP4-KW.AI-16,AI:3053408
ECCP-NAE6,NAE6/Field Bus1.CP4-KW.AI-17,AI:3053407
ECCP-NAE6,NAE6/Field Bus1.CP4-KW.AI-18,AI:3053406
ECCP-NAE6,NAE6/Field Bus1.CP4-KW.AI-19,AI:3053405
ECCP-NAE6,NAE6/Field Bus1.CP4-KW.AI-20,AI:3053404
ECCP-NAE6,NAE6/Field Bus1.CP4-KW.AI-21,AI:3053403
ECCP-NAE6,NAE6/Field Bus1.CP4-KW.AI-22,AI:3053402
ECCP-NAE6,NAE6/Field Bus1.CP4-KW.AI-23,AI:3053401
ECCP-NAE6,NAE6/Field Bus1.CP4-KW.AI-24,AI:3053400
ECCP-NAE6,NAE6/Field Bus1.CP4-KW.AI-25,AI:3053399
ECCP-NAE6,NAE6/Field Bus1.CP4-KW.AI-26,AI:3053398
ECCP-NAE6,NAE6/Field Bus1.CP4-KW.AI-27,AI:3053397
ECCP-NAE6,NAE6/Field Bus1.CP4-KW.AI-28,AI:3053396
ECCP-NAE6,NAE6/Field Bus1.CP4-KW.AI-29,AI:3053395
ECCP-NAE6,NAE6/Field Bus1.CP4-KW.AI-30,AI:3053394
ECCP-NAE6,NAE6/Field Bus1.CP4-KW.AI-31,AI:3053393
ECCP-NAE6,NAE6/Field Bus1.CP4-KW.AI-32,AI:3053420
ECCP-NAE6,NAE6/Field Bus1.CP4-KW.AI-33,AI:3053419
ECCP-NAE6,NAE6/Field Bus1.CP4-KW.AI-34,AI:3053418
ECCP-NAE6,NAE6/Field Bus1.CP4-KW.AI-35,AI:3053417
ECCP-NAE6,NAE6/Field Bus1.CP4-KW.AI-36,AI:3053416
ECCP-NAE6,NAE6/Field Bus1.CP4-KW.AI-37,AI:3053415
ECCP-NAE6,NAE6/Field Bus1.CP4-KW.AI-38,AI:3053414
ECCP-NAE6,NAE6/Field Bus1.CP4-KW.AI-39,AI:3053413
ECCP-NAE6,NAE6/Field Bus1.CP4-KW.AI-40,AI:3053412
ECCP-NAE6,NAE6/Field Bus1.CP4-KW.AI-41,AI:3053411
ECCP-NAE6,NAE6/Field Bus1.CP4-KW.AI-42,AI:3053410
ECCP-NAE6,NAE6/Field Bus1.CP4-KW.AI-43,AI:3053409
ECCP-NAE6,NAE6/Field Bus1.FEC-AH1.ADS-BLW,BO:3052864
ECCP-NAE6,NAE6/Field Bus1.FEC-AH1.BCW-F1,AI:3052841
ECCP-NAE6,NAE6/Field Bus1.FEC-AH1.BCWR-T1,AI:3052842
ECCP-NAE6,NAE6/Field Bus1.FEC-AH1.BCWS-T1,AI:3052840
ECCP-NAE6,NAE6/Field Bus1.FEC-AH1.BP1-S,BI:3052854
ECCP-NAE6,NAE6/Field Bus1.FEC-AH1.BP1-SC,AO:3052859
ECCP-NAE6,NAE6/Field Bus1.FEC-AH1.BP1-SS,BO:3052855
ECCP-NAE6,NAE6/Field Bus1.FEC-AH1.CLG-VLV,AO:3052866
ECCP-NAE6,NAE6/Field Bus1.FEC-AH1.CLO2-ALARM,BI:3078128
ECCP-NAE6,NAE6/Field Bus1.FEC-AH1.CWMU1-F,AI:3052832
ECCP-NAE6,NAE6/Field Bus1.FEC-AH1.CWMU2-F,AI:3052833
ECCP-NAE6,NAE6/Field Bus1.FEC-AH1.CWMU-V1,AO:3086299
ECCP-NAE6,NAE6/Field Bus1.FEC-AH1.CWMU-V2,AO:3086300
ECCP-NAE6,NAE6/Field Bus1.FEC-AH1.EF1-S,BI:3052848
ECCP-NAE6,NAE6/Field Bus1.FEC-AH1.EF3-S,BI:3052849
ECCP-NAE6,NAE6/Field Bus1.FEC-AH1.EF3-SS,BO:3052834
ECCP-NAE6,NAE6/Field Bus1.FEC-AH1.EF4-S,BI:3052850
ECCP-NAE6,NAE6/Field Bus1.FEC-AH1.EF4-SS,BO:3052835
ECCP-NAE6,NAE6/Field Bus1.FEC-AH1.EF5-S,BI:3052851
ECCP-NAE6,NAE6/Field Bus1.FEC-AH1.EF5-SS,BO:3052836
ECCP-NAE6,NAE6/Field Bus1.FEC-AH1.EF6-S,BI:3052843
ECCP-NAE6,NAE6/Field Bus1.FEC-AH1.EF6-SS,BO:3052837
ECCP-NAE6,NAE6/Field Bus1.FEC-AH1.EF7-S,BI:3052844
ECCP-NAE6,NAE6/Field Bus1.FEC-AH1.EF7-SS,BO:3078127
ECCP-NAE6,NAE6/Field Bus1.FEC-AH1.ELCRM1-T,AI:3052860
ECCP-NAE6,NAE6/Field Bus1.FEC-AH1.FA-ALM,BI:3054027
ECCP-NAE6,NAE6/Field Bus1.FEC-AH1.FA-TRBL,BI:3054028
ECCP-NAE6,NAE6/Field Bus1.FEC-AH1.LT-A,BI:3052831
ECCP-NAE6,NAE6/Field Bus1.FEC-AH1.MA-D,AO:3052867
ECCP-NAE6,NAE6/Field Bus1.FEC-AH1.MA-T,AI:3052858
ECCP-NAE6,NAE6/Field Bus1.FEC-AH1.OA-RH,AI:3052861
ECCP-NAE6,NAE6/Field Bus1.FEC-AH1.OA-RH2,AI:3054356
ECCP-NAE6,NAE6/Field Bus1.FEC-AH1.OADB-T,AI:3052862
ECCP-NAE6,NAE6/Field Bus1.FEC-AH1.OADB-T2,AI:3054355
ECCP-NAE6,NAE6/Field Bus1.FEC-AH1.Parameters.BCW-LOAD1,AV:3054490
ECCP-NAE6,NAE6/Field Bus1.FEC-AH1.Parameters.BP1-STRT-DF,AV:3054499
ECCP-NAE6,NAE6/Field Bus1.FEC-AH1.Parameters.BP1-STRT-SP,AV:3054500
ECCP-NAE6,NAE6/Field Bus1.FEC-AH1.Parameters.CLGOA-SP,AV:3054501
ECCP-NAE6,NAE6/Field Bus1.FEC-AH1.Parameters.CLGVLV ABSEFFORT,AV:3054514
ECCP-NAE6,NAE6/Field Bus1.FEC-AH1.Parameters.CLGVLV ABSERROR,AV:3054513
ECCP-NAE6,NAE6/Field Bus1.FEC-AH1.Parameters.CLGVLV ERROR,AV:3054515
ECCP-NAE6,NAE6/Field Bus1.FEC-AH1.Parameters.CLGVLV EWMA,AV:3054516
ECCP-NAE6,NAE6/Field Bus1.FEC-AH1.Parameters.CLGVLV SL-OUTSTATE,MV:3054512
ECCP-NAE6,NAE6/Field Bus1.FEC-AH1.Parameters.CLGVLV TUNING-RESET,BV:3054511
ECCP-NAE6,NAE6/Field Bus1.FEC-AH1.Parameters.Cntrl Rm OCC,MV:3054495
ECCP-NAE6,"NAE6/Field Bus1.FEC-AH1.Parameters.CWMU-4""-PRS1",AV:3088854
ECCP-NAE6,"NAE6/Field Bus1.FEC-AH1.Parameters.CWMU-4""-PRS2",AV:3086291
ECCP-NAE6,"NAE6/Field Bus1.FEC-AH1.Parameters.CWMU-4""-SP1",AV:3086293
ECCP-NAE6,"NAE6/Field Bus1.FEC-AH1.Parameters.CWMU-4""-SP2",AV:3086292
ECCP-NAE6,NAE6/Field Bus1.FEC-AH1.Parameters.CWMU-P Present Value,AV:3096036
ECCP-NAE6,NAE6/Field Bus1.FEC-AH1.Parameters.CWMU-P Rate Limit,AV:3096033
ECCP-NAE6,NAE6/Field Bus1.FEC-AH1.Parameters.CWMU-P Rate Limit Active,BV:3096035
ECCP-NAE6,NAE6/Field Bus1.FEC-AH1.Parameters.CWMU-PRS1,AV:3081074
ECCP-NAE6,NAE6/Field Bus1.FEC-AH1.Parameters.CWMU-PRS2,AV:3081084
ECCP-NAE6,NAE6/Field Bus1.FEC-AH1.Parameters.CWMU-PRS3,AV:3081075
ECCP-NAE6,NAE6/Field Bus1.FEC-AH1.Parameters.CWMU-PRS4,AV:3081076
ECCP-NAE6,NAE6/Field Bus1.FEC-AH1.Parameters.CWMU-PRS5,AV:3096027
ECCP-NAE6,NAE6/Field Bus1.FEC-AH1.Parameters.CWMU-SP1,AV:3081079
ECCP-NAE6,NAE6/Field Bus1.FEC-AH1.Parameters.CWMU-SP2,AV:3081077
ECCP-NAE6,NAE6/Field Bus1.FEC-AH1.Parameters.CWMU-SP3,AV:3081080
ECCP-NAE6,NAE6/Field Bus1.FEC-AH1.Parameters.CWMU-SP4,AV:3081085
ECCP-NAE6,NAE6/Field Bus1.FEC-AH1.Parameters.CWMU-SP5,AV:3096026
ECCP-NAE6,NAE6/Field Bus1.FEC-AH1.Parameters.CWMU-V1 PID Output,AV:3096037
ECCP-NAE6,NAE6/Field Bus1.FEC-AH1.Parameters.CWMU-V1 SL-OUTSTATE,MV:3086297
ECCP-NAE6,NAE6/Field Bus1.FEC-AH1.Parameters.CWMU-V1 TUNING-RESET,BV:3086296
ECCP-NAE6,NAE6/Field Bus1.FEC-AH1.Parameters.CWMU-V1-LOL,AV:3096034
ECCP-NAE6,NAE6/Field Bus1.FEC-AH1.Parameters.CWMU-V1-PB,AV:3096032
ECCP-NAE6,NAE6/Field Bus1.FEC-AH1.Parameters.CWMU-V1-SP,AV:3086295
ECCP-NAE6,NAE6/Field Bus1.FEC-AH1.Parameters.CWMU-V1-SP Rate Limit,AV:3096031
ECCP-NAE6,NAE6/Field Bus1.FEC-AH1.Parameters.CWMU-V1-SP Rate Limit Active,BV:3096030
ECCP-NAE6,NAE6/Field Bus1.FEC-AH1.Parameters.CWMU-V2 Enable,BV:3081081
ECCP-NAE6,NAE6/Field Bus1.FEC-AH1.Parameters.ECONLK-SP,AV:3054503
ECCP-NAE6,NAE6/Field Bus1.FEC-AH1.Parameters.EFZN-DF,AV:3054922
ECCP-NAE6,NAE6/Field Bus1.FEC-AH1.Parameters.EFZN-SP,AV:3054921
ECCP-NAE6,NAE6/Field Bus1.FEC-AH1.Parameters.ELCRM1-DF,AV:3054498
ECCP-NAE6,NAE6/Field Bus1.FEC-AH1.Parameters.ELCRM1-SP,AV:3054497
ECCP-NAE6,NAE6/Field Bus1.FEC-AH1.Parameters.LCW-P,AV:3086290
ECCP-NAE6,NAE6/Field Bus1.FEC-AH1.Parameters.MA-D ABSEFFORT,AV:3054520
ECCP-NAE6,NAE6/Field Bus1.FEC-AH1.Parameters.MA-D ABSERROR,AV:3054519
ECCP-NAE6,NAE6/Field Bus1.FEC-AH1.Parameters.MA-D ERROR,AV:3054521
ECCP-NAE6,NAE6/Field Bus1.FEC-AH1.Parameters.MA-D EWMA,AV:3054522
ECCP-NAE6,NAE6/Field Bus1.FEC-AH1.Parameters.MA-D SL-OUTSTATE,MV:3054518
ECCP-NAE6,NAE6/Field Bus1.FEC-AH1.Parameters.MA-D TUNING-RESET,BV:3054517
ECCP-NAE6,NAE6/Field Bus1.FEC-AH1.Parameters.MAD-Mode,MV:3054502
ECCP-NAE6,NAE6/Field Bus1.FEC-AH1.Parameters.OA-EN,AV:3054489
ECCP-NAE6,NAE6/Field Bus1.FEC-AH1.Parameters.OA-EN2,AV:3055110
ECCP-NAE6,NAE6/Field Bus1.FEC-AH1.Parameters.OA-WB,AV:3054488
ECCP-NAE6,NAE6/Field Bus1.FEC-AH1.Parameters.OA-WB2,AV:3055111
ECCP-NAE6,NAE6/Field Bus1.FEC-AH1.Parameters.SF1 Sys Enb,MV:3054496
ECCP-NAE6,NAE6/Field Bus1.FEC-AH1.Parameters.SFSC ABSEFFORT,AV:3054508
ECCP-NAE6,NAE6/Field Bus1.FEC-AH1.Parameters.SFSC ABSERROR,AV:3054507
ECCP-NAE6,NAE6/Field Bus1.FEC-AH1.Parameters.SFSC ERROR,AV:3054509
ECCP-NAE6,NAE6/Field Bus1.FEC-AH1.Parameters.SFSC EWMA,AV:3054510
ECCP-NAE6,NAE6/Field Bus1.FEC-AH1.Parameters.SFSC SL-OUTSTATE,MV:3054505
ECCP-NAE6,NAE6/Field Bus1.FEC-AH1.Parameters.SFSC TUNING-RESET,BV:3054504
ECCP-NAE6,NAE6/Field Bus1.FEC-AH1.Parameters.SFSC-SP,AV:3054506
ECCP-NAE6,NAE6/Field Bus1.FEC-AH1.Parameters.UHOA-SP,AV:3054493
ECCP-NAE6,NAE6/Field Bus1.FEC-AH1.Parameters.UHZNT-OCC-SP,AV:3054491
ECCP-NAE6,NAE6/Field Bus1.FEC-AH1.Parameters.UHZNT-UNOC-SP,AV:3054492
ECCP-NAE6,NAE6/Field Bus1.FEC-AH1.Parameters.UNIT-HTR-OCC,MV:3054494
ECCP-NAE6,NAE6/Field Bus1.FEC-AH1.PLANT-T1,AI:3052845
ECCP-NAE6,NAE6/Field Bus1.FEC-AH1.PLANT-T2,AI:3052846
ECCP-NAE6,NAE6/Field Bus1.FEC-AH1.PLANT-T3,AI:3052847
ECCP-NAE6,NAE6/Field Bus1.FEC-AH1.RA-T,AI:3052857
ECCP-NAE6,NAE6/Field Bus1.FEC-AH1.SA-T,AI:3052852
ECCP-NAE6,NAE6/Field Bus1.FEC-AH1.SAT-SP,AV:3054270
ECCP-NAE6,NAE6/Field Bus1.FEC-AH1.SF-S,BI:3052856
ECCP-NAE6,NAE6/Field Bus1.FEC-AH1.SF-SC,AO:3052865
ECCP-NAE6,NAE6/Field Bus1.FEC-AH1.SF-SS,BO:3052853
ECCP-NAE6,NAE6/Field Bus1.FEC-AH1.UH-SS1,BO:3052838
ECCP-NAE6,NAE6/Field Bus1.FEC-AH1.UH-SS2,BO:3052839
ECCP-NAE6,NAE6/Field Bus1.FEC-CH1.CH1-ALM-BI,BI:3052826
ECCP-NAE6,NAE6/Field Bus1.FEC-CH1.CH1-AUTO,BI:3052817
ECCP-NAE6,NAE6/Field Bus1.FEC-CH1.CH1-ENABLE,BO:3052827
ECCP-NAE6,NAE6/Field Bus1.FEC-CH1.CH1-F,AI:3052819
ECCP-NAE6,NAE6/Field Bus1.FEC-CH1.CH1-HAND,BI:3052816
ECCP-NAE6,NAE6/Field Bus1.FEC-CH1.CH1-S,BI:3052825
ECCP-NAE6,NAE6/Field Bus1.FEC-CH1.CH1R-T,AI:3052821
ECCP-NAE6,NAE6/Field Bus1.FEC-CH1.CH1S-T,AI:3052823
ECCP-NAE6,NAE6/Field Bus1.FEC-CH1.CH1TW-F,AI:3052824
ECCP-NAE6,NAE6/Field Bus1.FEC-CH1.CH1TW-V,AO:3052829
ECCP-NAE6,NAE6/Field Bus1.FEC-CH1.CH1TWR-T,AI:3052822
ECCP-NAE6,NAE6/Field Bus1.FEC-CH1.CH1TWS-T,AI:3052820
ECCP-NAE6,NAE6/Field Bus1.FEC-CH1.CP1-S,BI:3052815
ECCP-NAE6,NAE6/Field Bus1.FEC-CH1.CP1-SC,AO:3052828
ECCP-NAE6,NAE6/Field Bus1.FEC-CH1.CP1-SS,BO:3054325
ECCP-NAE6,NAE6/Field Bus1.FEC-CH1.Parameters.Alarm Reset,MV:3054476
ECCP-NAE6,NAE6/Field Bus1.FEC-CH1.Parameters.CH1-%LOAD,AV:3054469
ECCP-NAE6,NAE6/Field Bus1.FEC-CH1.Parameters.CH1-ALARM,MV:3054475
ECCP-NAE6,NAE6/Field Bus1.FEC-CH1.Parameters.CH1-eRATE,AV:3054468
ECCP-NAE6,NAE6/Field Bus1.FEC-CH1.Parameters.CH1-KWin,AV:3054481
ECCP-NAE6,NAE6/Field Bus1.FEC-CH1.Parameters.CH1-LOAD,AV:3054470
ECCP-NAE6,NAE6/Field Bus1.FEC-CH1.Parameters.CH1-LP-START,BV:3091552
ECCP-NAE6,NAE6/Field Bus1.FEC-CH1.Parameters.CH1-TP-START,BV:3091548
ECCP-NAE6,NAE6/Field Bus1.FEC-CH1.Parameters.CH1-TW-LOAD,AV:3091547
ECCP-NAE6,NAE6/Field Bus1.FEC-CH1.Parameters.CH1-TWVLV-SP,AV:3091562
ECCP-NAE6,NAE6/Field Bus1.FEC-CH1.Parameters.CH1TW-V-CIRC-ONDLY,AV:3104345
ECCP-NAE6,NAE6/Field Bus1.FEC-CH1.Parameters.CH9 In Alarm,BV:3091551
ECCP-NAE6,NAE6/Field Bus1.FEC-CH1.Parameters.CH9 NDX-SS,BV:3091549
ECCP-NAE6,NAE6/Field Bus1.FEC-CH1.Parameters.CH-SEQ,AV:3054482
ECCP-NAE6,NAE6/Field Bus1.FEC-CH1.Parameters.CHLR-ON,MV:3054466
ECCP-NAE6,NAE6/Field Bus1.FEC-CH1.Parameters.CHLR-STR,MV:3054478
ECCP-NAE6,NAE6/Field Bus1.FEC-CH1.Parameters.CHLRS ON,AV:3054465
ECCP-NAE6,NAE6/Field Bus1.FEC-CH1.Parameters.CHTWV-OU,AV:3054472
ECCP-NAE6,NAE6/Field Bus1.FEC-CH1.Parameters.CP1SC-SP,AV:3055245
ECCP-NAE6,NAE6/Field Bus1.FEC-CH1.Parameters.CSYSENB,MV:3054479
ECCP-NAE6,NAE6/Field Bus1.FEC-CH1.Parameters.ECP1-NDX,AV:3054477
ECCP-NAE6,NAE6/Field Bus1.FEC-CH1.Parameters.NDX-SS,BV:3091553
ECCP-NAE6,NAE6/Field Bus1.FEC-CH1.Parameters.TOWER-CIRC,BV:3091550
ECCP-NAE6,NAE6/Field Bus1.FEC-CH1.REF-ALM1,BI:3052818
ECCP-NAE6,NAE6/Field Bus1.FEC-CH2.CH2-ALM-BI,BI:3052932
ECCP-NAE6,NAE6/Field Bus1.FEC-CH2.CH2-AUTO,BI:3052924
ECCP-NAE6,NAE6/Field Bus1.FEC-CH2.CH2-ENABLE,BO:3052933
ECCP-NAE6,NAE6/Field Bus1.FEC-CH2.CH2-F,AI:3052925
ECCP-NAE6,NAE6/Field Bus1.FEC-CH2.CH2-HAND,BI:3052923
ECCP-NAE6,NAE6/Field Bus1.FEC-CH2.CH2-S,BI:3052931
ECCP-NAE6,NAE6/Field Bus1.FEC-CH2.CH2R-T,AI:3052927
ECCP-NAE6,NAE6/Field Bus1.FEC-CH2.CH2S-T,AI:3052929
ECCP-NAE6,NAE6/Field Bus1.FEC-CH2.CH2TW-F,AI:3052930
ECCP-NAE6,NAE6/Field Bus1.FEC-CH2.CH2TW-V,AO:3052935
ECCP-NAE6,NAE6/Field Bus1.FEC-CH2.CH2TWR-T,AI:3052928
ECCP-NAE6,NAE6/Field Bus1.FEC-CH2.CH2TWS-T,AI:3052926
ECCP-NAE6,NAE6/Field Bus1.FEC-CH2.CP2-S,BI:3052922
ECCP-NAE6,NAE6/Field Bus1.FEC-CH2.CP2-SC,AO:3052934
ECCP-NAE6,NAE6/Field Bus1.FEC-CH2.CP2-SS,BO:3054326
ECCP-NAE6,NAE6/Field Bus1.FEC-CH2.Parameters.Alarm Reset,MV:3054641
ECCP-NAE6,NAE6/Field Bus1.FEC-CH2.Parameters.CH1 In Alarm,BV:3091566
ECCP-NAE6,NAE6/Field Bus1.FEC-CH2.Parameters.CH1 NDX-SS,BV:3091568
ECCP-NAE6,NAE6/Field Bus1.FEC-CH2.Parameters.CH2-%LOAD,AV:3054634
ECCP-NAE6,NAE6/Field Bus1.FEC-CH2.Parameters.CH2-ALARM,MV:3054640
ECCP-NAE6,NAE6/Field Bus1.FEC-CH2.Parameters.CH2-eRATE,AV:3054633
ECCP-NAE6,NAE6/Field Bus1.FEC-CH2.Parameters.CH2-KWin,AV:3054646
ECCP-NAE6,NAE6/Field Bus1.FEC-CH2.Parameters.CH2-LOAD,AV:3054635
ECCP-NAE6,NAE6/Field Bus1.FEC-CH2.Parameters.CH2-LP-START,BV:3091563
ECCP-NAE6,NAE6/Field Bus1.FEC-CH2.Parameters.CH2-TP-START,BV:3091564
ECCP-NAE6,NAE6/Field Bus1.FEC-CH2.Parameters.CH2-TW-LOAD,AV:3091567
ECCP-NAE6,NAE6/Field Bus1.FEC-CH2.Parameters.CH2-TWVLV-SP,AV:3091570
ECCP-NAE6,NAE6/Field Bus1.FEC-CH2.Parameters.CH2TW-V-CIRC-ONDLY,AV:3104342
ECCP-NAE6,NAE6/Field Bus1.FEC-CH2.Parameters.CH-SEQ,AV:3054647
ECCP-NAE6,NAE6/Field Bus1.FEC-CH2.Parameters.CHLR-ON,MV:3054631
ECCP-NAE6,NAE6/Field Bus1.FEC-CH2.Parameters.CHLR-STR,MV:3054643
ECCP-NAE6,NAE6/Field Bus1.FEC-CH2.Parameters.CHLRS ON,AV:3054630
ECCP-NAE6,NAE6/Field Bus1.FEC-CH2.Parameters.CHTWV-OU,AV:3054637
ECCP-NAE6,NAE6/Field Bus1.FEC-CH2.Parameters.CP2SC-SP,AV:3055248
ECCP-NAE6,NAE6/Field Bus1.FEC-CH2.Parameters.CSYSENB,MV:3054644
ECCP-NAE6,NAE6/Field Bus1.FEC-CH2.Parameters.ECP2-NDX,AV:3054642
ECCP-NAE6,NAE6/Field Bus1.FEC-CH2.Parameters.NDX-SS,BV:3091569
ECCP-NAE6,NAE6/Field Bus1.FEC-CH2.Parameters.TOWER-CIRC,BV:3091565
ECCP-NAE6,NAE6/Field Bus1.FEC-CH3.CH3-ALM-BI,BI:3052947
ECCP-NAE6,NAE6/Field Bus1.FEC-CH3.CH3-AUTO,BI:3052939
ECCP-NAE6,NAE6/Field Bus1.FEC-CH3.CH3-ENABLE,BO:3052948
ECCP-NAE6,NAE6/Field Bus1.FEC-CH3.CH3-F,AI:3052940
ECCP-NAE6,NAE6/Field Bus1.FEC-CH3.CH3-HAND,BI:3052938
ECCP-NAE6,NAE6/Field Bus1.FEC-CH3.CH3-S,BI:3052946
ECCP-NAE6,NAE6/Field Bus1.FEC-CH3.CH3R-T,AI:3052942
ECCP-NAE6,NAE6/Field Bus1.FEC-CH3.CH3S-T,AI:3052944
ECCP-NAE6,NAE6/Field Bus1.FEC-CH3.CH3TW-F,AI:3052945
ECCP-NAE6,NAE6/Field Bus1.FEC-CH3.CH3TW-V,AO:3052950
ECCP-NAE6,NAE6/Field Bus1.FEC-CH3.CH3TWR-T,AI:3052943
ECCP-NAE6,NAE6/Field Bus1.FEC-CH3.CH3TWS-T,AI:3052941
ECCP-NAE6,NAE6/Field Bus1.FEC-CH3.CP3-S,BI:3052937
ECCP-NAE6,NAE6/Field Bus1.FEC-CH3.CP3-SC,AO:3052949
ECCP-NAE6,NAE6/Field Bus1.FEC-CH3.CP3-SS,BO:3054327
ECCP-NAE6,NAE6/Field Bus1.FEC-CH3.Parameters.Alarm Reset,MV:3054674
ECCP-NAE6,NAE6/Field Bus1.FEC-CH3.Parameters.CH2 In Alarm,BV:3091581
ECCP-NAE6,NAE6/Field Bus1.FEC-CH3.Parameters.CH2 NDX-SS,BV:3091577
ECCP-NAE6,NAE6/Field Bus1.FEC-CH3.Parameters.CH3-%LOAD,AV:3054668
ECCP-NAE6,NAE6/Field Bus1.FEC-CH3.Parameters.CH3-ALARM,MV:3054673
ECCP-NAE6,NAE6/Field Bus1.FEC-CH3.Parameters.CH3-eRATE,AV:3054667
ECCP-NAE6,NAE6/Field Bus1.FEC-CH3.Parameters.CH3-KWin,AV:3054679
ECCP-NAE6,NAE6/Field Bus1.FEC-CH3.Parameters.CH3-LOAD,AV:3054669
ECCP-NAE6,NAE6/Field Bus1.FEC-CH3.Parameters.CH3-LP-START,BV:3091580
ECCP-NAE6,NAE6/Field Bus1.FEC-CH3.Parameters.CH3-TP-START,BV:3091578
ECCP-NAE6,NAE6/Field Bus1.FEC-CH3.Parameters.CH3-TW-LOAD,AV:3091576
ECCP-NAE6,NAE6/Field Bus1.FEC-CH3.Parameters.CH3TW-V-CIRC-ONDLY,AV:3104337
ECCP-NAE6,NAE6/Field Bus1.FEC-CH3.Parameters.CH3TWVLV-SP,AV:3066909
ECCP-NAE6,NAE6/Field Bus1.FEC-CH3.Parameters.CH-SEQ,AV:3054680
ECCP-NAE6,NAE6/Field Bus1.FEC-CH3.Parameters.CHLR-ON,MV:3054665
ECCP-NAE6,NAE6/Field Bus1.FEC-CH3.Parameters.CHLR-STR,MV:3054676
ECCP-NAE6,NAE6/Field Bus1.FEC-CH3.Parameters.CHLRS ON,AV:3054664
ECCP-NAE6,NAE6/Field Bus1.FEC-CH3.Parameters.CHTWV-OU,AV:3054671
ECCP-NAE6,NAE6/Field Bus1.FEC-CH3.Parameters.CP3SC-SP,AV:3055250
ECCP-NAE6,NAE6/Field Bus1.FEC-CH3.Parameters.CSYSENB,MV:3054677
ECCP-NAE6,NAE6/Field Bus1.FEC-CH3.Parameters.ECP3-NDX,AV:3054675
ECCP-NAE6,NAE6/Field Bus1.FEC-CH3.Parameters.NDX-SS,BV:3091582
ECCP-NAE6,NAE6/Field Bus1.FEC-CH3.Parameters.TOWER-CIRC,BV:3091579
ECCP-NAE6,NAE6/Field Bus1.FEC-CH4.CH4-ALM-BI,BI:3052962
ECCP-NAE6,NAE6/Field Bus1.FEC-CH4.CH4-AUTO,BI:3052954
ECCP-NAE6,NAE6/Field Bus1.FEC-CH4.CH4-ENABLE,BO:3052963
ECCP-NAE6,NAE6/Field Bus1.FEC-CH4.CH4-F,AI:3052955
ECCP-NAE6,NAE6/Field Bus1.FEC-CH4.CH4-HAND,BI:3052953
ECCP-NAE6,NAE6/Field Bus1.FEC-CH4.CH4-S,BI:3052961
ECCP-NAE6,NAE6/Field Bus1.FEC-CH4.CH4R-T,AI:3052957
ECCP-NAE6,NAE6/Field Bus1.FEC-CH4.CH4S-T,AI:3052959
ECCP-NAE6,NAE6/Field Bus1.FEC-CH4.CH4TW-F,AI:3052960
ECCP-NAE6,NAE6/Field Bus1.FEC-CH4.CH4TW-V,AO:3052965
ECCP-NAE6,NAE6/Field Bus1.FEC-CH4.CH4TWR-T,AI:3052958
ECCP-NAE6,NAE6/Field Bus1.FEC-CH4.CH4TWS-T,AI:3052956
ECCP-NAE6,NAE6/Field Bus1.FEC-CH4.CP4-S,BI:3052952
ECCP-NAE6,NAE6/Field Bus1.FEC-CH4.CP4-SC,AO:3052964
ECCP-NAE6,NAE6/Field Bus1.FEC-CH4.CP4-SS,BO:3054328
ECCP-NAE6,NAE6/Field Bus1.FEC-CH4.Parameters.Alarm Reset,MV:3054709
ECCP-NAE6,NAE6/Field Bus1.FEC-CH4.Parameters.CH3 In Alarm,BV:3091584
ECCP-NAE6,NAE6/Field Bus1.FEC-CH4.Parameters.CH3 NDX-SS,BV:3091586
ECCP-NAE6,NAE6/Field Bus1.FEC-CH4.Parameters.CH4-%LOAD,AV:3054702
ECCP-NAE6,NAE6/Field Bus1.FEC-CH4.Parameters.CH4-ALARM,MV:3054708
ECCP-NAE6,NAE6/Field Bus1.FEC-CH4.Parameters.CH4-eRATE,AV:3054701
ECCP-NAE6,NAE6/Field Bus1.FEC-CH4.Parameters.CH4-KWin,AV:3054714
ECCP-NAE6,NAE6/Field Bus1.FEC-CH4.Parameters.CH4-LOAD,AV:3054703
ECCP-NAE6,NAE6/Field Bus1.FEC-CH4.Parameters.CH4-LP-START,BV:3091588
ECCP-NAE6,NAE6/Field Bus1.FEC-CH4.Parameters.CH4-TP-START,BV:3091583
ECCP-NAE6,NAE6/Field Bus1.FEC-CH4.Parameters.CH4-TW-LOAD,AV:3091585
ECCP-NAE6,NAE6/Field Bus1.FEC-CH4.Parameters.CH4TW-V-CIRC-ONDLY,AV:3104339
ECCP-NAE6,NAE6/Field Bus1.FEC-CH4.Parameters.CH4TWVLV-SP,AV:3066910
ECCP-NAE6,NAE6/Field Bus1.FEC-CH4.Parameters.CH-SEQ,AV:3054715
ECCP-NAE6,NAE6/Field Bus1.FEC-CH4.Parameters.CHLR-ON,MV:3054699
ECCP-NAE6,NAE6/Field Bus1.FEC-CH4.Parameters.CHLR-STR,MV:3054711
ECCP-NAE6,NAE6/Field Bus1.FEC-CH4.Parameters.CHLRS ON,AV:3054698
ECCP-NAE6,NAE6/Field Bus1.FEC-CH4.Parameters.CHTWV-OU,AV:3054705
ECCP-NAE6,NAE6/Field Bus1.FEC-CH4.Parameters.CP4SC-SP,AV:3055252
ECCP-NAE6,NAE6/Field Bus1.FEC-CH4.Parameters.CSYSENB,MV:3054712
ECCP-NAE6,NAE6/Field Bus1.FEC-CH4.Parameters.ECP4-NDX,AV:3054710
ECCP-NAE6,NAE6/Field Bus1.FEC-CH4.Parameters.NDX-SS,BV:3091589
ECCP-NAE6,NAE6/Field Bus1.FEC-CH4.Parameters.TOWER-CIRC,BV:3091587
ECCP-NAE6,NAE6/Field Bus1.FEC-LP.DCPLR-V,AO:3052994
ECCP-NAE6,NAE6/Field Bus1.FEC-LP.DCPLR-V2,AO:3054441
ECCP-NAE6,NAE6/Field Bus1.FEC-LP.FXCP-S,BI:3052971
ECCP-NAE6,NAE6/Field Bus1.FEC-LP.FXCP-SC,AO:3052993
ECCP-NAE6,NAE6/Field Bus1.FEC-LP.FXCP-SS,BO:3052973
ECCP-NAE6,NAE6/Field Bus1.FEC-LP.FXCW-F,AI:3052980
ECCP-NAE6,NAE6/Field Bus1.FEC-LP.FXCWR-T,AI:3052984
ECCP-NAE6,NAE6/Field Bus1.FEC-LP.FXCWS-T,AI:3052983
ECCP-NAE6,NAE6/Field Bus1.FEC-LP.FXTW-F,AI:3052967
ECCP-NAE6,NAE6/Field Bus1.FEC-LP.FXTW-V,AO:3052978
ECCP-NAE6,NAE6/Field Bus1.FEC-LP.FXTWR-T,AI:3052968
ECCP-NAE6,NAE6/Field Bus1.FEC-LP.LCW-DP,AV:3079301
ECCP-NAE6,NAE6/Field Bus1.FEC-LP.LCWR-P,AI:3081121
ECCP-NAE6,NAE6/Field Bus1.FEC-LP.LCWS-P,AI:3081120
ECCP-NAE6,NAE6/Field Bus1.FEC-LP.LP1-S,BI:3076381
ECCP-NAE6,NAE6/Field Bus1.FEC-LP.LP1-SC,AO:3052995
ECCP-NAE6,NAE6/Field Bus1.FEC-LP.LP1-SS,BO:3076380
ECCP-NAE6,NAE6/Field Bus1.FEC-LP.LP1-VLV,BO:3052974
ECCP-NAE6,NAE6/Field Bus1.FEC-LP.LP2-S,BI:3052986
ECCP-NAE6,NAE6/Field Bus1.FEC-LP.LP2-SC,AO:3052990
ECCP-NAE6,NAE6/Field Bus1.FEC-LP.LP2-SS,BO:3052988
ECCP-NAE6,NAE6/Field Bus1.FEC-LP.LP2-VLV,BO:3052975
ECCP-NAE6,NAE6/Field Bus1.FEC-LP.LP3-S,BI:3052969
ECCP-NAE6,NAE6/Field Bus1.FEC-LP.LP3-SC,AO:3052991
ECCP-NAE6,NAE6/Field Bus1.FEC-LP.LP3-SS,BO:3052989
ECCP-NAE6,NAE6/Field Bus1.FEC-LP.LP3-VLV,BO:3052976
ECCP-NAE6,NAE6/Field Bus1.FEC-LP.LP4-S,BI:3052970
ECCP-NAE6,NAE6/Field Bus1.FEC-LP.LP4-SC,AO:3052992
ECCP-NAE6,NAE6/Field Bus1.FEC-LP.LP4-SS,BO:3052972
ECCP-NAE6,NAE6/Field Bus1.FEC-LP.LP4-VLV,BO:3052977
ECCP-NAE6,NAE6/Field Bus1.FEC-LP.LP5-S,BI:3054394
ECCP-NAE6,NAE6/Field Bus1.FEC-LP.LP5-SC,AO:3054400
ECCP-NAE6,NAE6/Field Bus1.FEC-LP.LP5-SS,BO:3054390
ECCP-NAE6,NAE6/Field Bus1.FEC-LP.LP5-VLV,BO:3054403
ECCP-NAE6,NAE6/Field Bus1.FEC-LP.LP6-S,BI:3054396
ECCP-NAE6,NAE6/Field Bus1.FEC-LP.LP6-SC,AO:3054398
ECCP-NAE6,NAE6/Field Bus1.FEC-LP.LP6-SS,BO:3054391
ECCP-NAE6,NAE6/Field Bus1.FEC-LP.LP6-VLV,BO:3054405
ECCP-NAE6,NAE6/Field Bus1.FEC-LP.LP7-S,BI:3054395
ECCP-NAE6,NAE6/Field Bus1.FEC-LP.LP7-SC,AO:3054401
ECCP-NAE6,NAE6/Field Bus1.FEC-LP.LP7-SS,BO:3054392
ECCP-NAE6,NAE6/Field Bus1.FEC-LP.LP7-VLV,BO:3054404
ECCP-NAE6,NAE6/Field Bus1.FEC-LP.LP8-S,BI:3054397
ECCP-NAE6,NAE6/Field Bus1.FEC-LP.LP8-SC,AO:3054399
ECCP-NAE6,NAE6/Field Bus1.FEC-LP.LP8-SS,BO:3054393
ECCP-NAE6,NAE6/Field Bus1.FEC-LP.LP8-VLV,BO:3054402
ECCP-NAE6,NAE6/Field Bus1.FEC-LP.Parameters.ANYLP-ON,MV:3054763
ECCP-NAE6,NAE6/Field Bus1.FEC-LP.Parameters.AV-11714,AV:3054779
ECCP-NAE6,NAE6/Field Bus1.FEC-LP.Parameters.AV-11730,AV:3054778
ECCP-NAE6,NAE6/Field Bus1.FEC-LP.Parameters.CH1-LP-START,BV:3091725
ECCP-NAE6,NAE6/Field Bus1.FEC-LP.Parameters.CH1-PFWSP,AV:3091744
ECCP-NAE6,NAE6/Field Bus1.FEC-LP.Parameters.CH2-LP-START,BV:3091727
ECCP-NAE6,NAE6/Field Bus1.FEC-LP.Parameters.CH2-PFWSP,AV:3091745
ECCP-NAE6,NAE6/Field Bus1.FEC-LP.Parameters.CH3-LP-START,BV:3091726
ECCP-NAE6,NAE6/Field Bus1.FEC-LP.Parameters.CH3-PFWSP,AV:3091742
ECCP-NAE6,NAE6/Field Bus1.FEC-LP.Parameters.CH4-LP-START,BV:3091730
ECCP-NAE6,NAE6/Field Bus1.FEC-LP.Parameters.CH4-PFWSP,AV:3091740
ECCP-NAE6,NAE6/Field Bus1.FEC-LP.Parameters.CH5-LP-START,BV:3091729
ECCP-NAE6,NAE6/Field Bus1.FEC-LP.Parameters.CH5-PFWSP,AV:3091741
ECCP-NAE6,NAE6/Field Bus1.FEC-LP.Parameters.CH6-LP-START,BV:3091731
ECCP-NAE6,NAE6/Field Bus1.FEC-LP.Parameters.CH6-PFWSP,AV:3091743
ECCP-NAE6,NAE6/Field Bus1.FEC-LP.Parameters.CH7-LP-START,BV:3091732
ECCP-NAE6,NAE6/Field Bus1.FEC-LP.Parameters.CH7-PFWSP,AV:3091738
ECCP-NAE6,NAE6/Field Bus1.FEC-LP.Parameters.CH8-LP-START,BV:3091728
ECCP-NAE6,NAE6/Field Bus1.FEC-LP.Parameters.CH8-PFWSP,AV:3091739
ECCP-NAE6,NAE6/Field Bus1.FEC-LP.Parameters.CH9 LP-DP Hi In,AV:3091714
ECCP-NAE6,NAE6/Field Bus1.FEC-LP.Parameters.CH9 LP-DP Hi Reset,AV:3091708
ECCP-NAE6,NAE6/Field Bus1.FEC-LP.Parameters.CH9 LP-DP Lo In,AV:3091712
ECCP-NAE6,NAE6/Field Bus1.FEC-LP.Parameters.CH9 LP-DP Lo Reset,AV:3091722
ECCP-NAE6,NAE6/Field Bus1.FEC-LP.Parameters.CH9 LP-MINLP-DP-RS,AV:3091719
ECCP-NAE6,NAE6/Field Bus1.FEC-LP.Parameters.CH9-LP-START,BV:3091724
ECCP-NAE6,NAE6/Field Bus1.FEC-LP.Parameters.CH9-PCWF-Calc,AV:3091717
ECCP-NAE6,NAE6/Field Bus1.FEC-LP.Parameters.CH9-PFWSP,AV:3091737
ECCP-NAE6,NAE6/Field Bus1.FEC-LP.Parameters.CH16 LP-DP Hi In,AV:3091721
ECCP-NAE6,NAE6/Field Bus1.FEC-LP.Parameters.CH16 LP-DP Hi Reset,AV:3091713
ECCP-NAE6,NAE6/Field Bus1.FEC-LP.Parameters.CH16 LP-DP Lo in,AV:3091707
ECCP-NAE6,NAE6/Field Bus1.FEC-LP.Parameters.CH16 LP-DP Lo Reset,AV:3091711
ECCP-NAE6,NAE6/Field Bus1.FEC-LP.Parameters.CH16 LP-MINLP-DP-RS,AV:3091720
ECCP-NAE6,NAE6/Field Bus1.FEC-LP.Parameters.CH16-PCWF-Calc,AV:3091718
ECCP-NAE6,NAE6/Field Bus1.FEC-LP.Parameters.CH78 LP-DP Hi In,AV:3091706
ECCP-NAE6,NAE6/Field Bus1.FEC-LP.Parameters.CH78 LP-DP Hi Reset,AV:3091709
ECCP-NAE6,NAE6/Field Bus1.FEC-LP.Parameters.CH78 LP-DP Lo In,AV:3091710
ECCP-NAE6,NAE6/Field Bus1.FEC-LP.Parameters.CH78 LP-DP Lo Reset,AV:3091715
ECCP-NAE6,NAE6/Field Bus1.FEC-LP.Parameters.CH78 LP-MINLP-DP-RS,AV:3091723
ECCP-NAE6,NAE6/Field Bus1.FEC-LP.Parameters.CH78-PCWF-Calc,AV:3091716
ECCP-NAE6,NAE6/Field Bus1.FEC-LP.Parameters.DCPLR-V1-SP,AV:3055266
ECCP-NAE6,NAE6/Field Bus1.FEC-LP.Parameters.DCPLR-V2-SP,AV:3055265
ECCP-NAE6,NAE6/Field Bus1.FEC-LP.Parameters.FCHX-%LOAD,AV:3054755
ECCP-NAE6,NAE6/Field Bus1.FEC-LP.Parameters.FCHX-eRATE,AV:3054753
ECCP-NAE6,NAE6/Field Bus1.FEC-LP.Parameters.FCHX-KW,AV:3054752
ECCP-NAE6,NAE6/Field Bus1.FEC-LP.Parameters.FCHX-LOAD,AV:3054754
ECCP-NAE6,NAE6/Field Bus1.FEC-LP.Parameters.LP1-SS-HWO,MV:3055253
ECCP-NAE6,NAE6/Field Bus1.FEC-LP.Parameters.LP1-STR,MV:3054772
ECCP-NAE6,NAE6/Field Bus1.FEC-LP.Parameters.LP2-SS-HWO,MV:3055254
ECCP-NAE6,NAE6/Field Bus1.FEC-LP.Parameters.LP2-STR,MV:3054775
ECCP-NAE6,NAE6/Field Bus1.FEC-LP.Parameters.LP3-SS-HWO,MV:3055255
ECCP-NAE6,NAE6/Field Bus1.FEC-LP.Parameters.LP3-STR,MV:3054773
ECCP-NAE6,NAE6/Field Bus1.FEC-LP.Parameters.LP4-SS-HWO,MV:3055256
ECCP-NAE6,NAE6/Field Bus1.FEC-LP.Parameters.LP4-STR,MV:3054774
ECCP-NAE6,NAE6/Field Bus1.FEC-LP.Parameters.LP5-SS-HWO,MV:3055257
ECCP-NAE6,NAE6/Field Bus1.FEC-LP.Parameters.LP5-STR,MV:3055262
ECCP-NAE6,NAE6/Field Bus1.FEC-LP.Parameters.LP6-SS-HWO,MV:3055258
ECCP-NAE6,NAE6/Field Bus1.FEC-LP.Parameters.LP6-STR,MV:3055261
ECCP-NAE6,NAE6/Field Bus1.FEC-LP.Parameters.LP7-SS-HWO,MV:3055259
ECCP-NAE6,NAE6/Field Bus1.FEC-LP.Parameters.LP7-STR,MV:3055263
ECCP-NAE6,NAE6/Field Bus1.FEC-LP.Parameters.LP8-SS-HWO,MV:3055260
ECCP-NAE6,NAE6/Field Bus1.FEC-LP.Parameters.LP8-STR,MV:3055264
ECCP-NAE6,NAE6/Field Bus1.FEC-LP.Parameters.LPSC 63% Time Constant,AV:3054890
ECCP-NAE6,NAE6/Field Bus1.FEC-LP.Parameters.LPSC Interval,AV:3054891
ECCP-NAE6,NAE6/Field Bus1.FEC-LP.Parameters.LPSC Pre PID IT,AV:3091735
ECCP-NAE6,NAE6/Field Bus1.FEC-LP.Parameters.LPSC Pre PID PB,AV:3091736
ECCP-NAE6,NAE6/Field Bus1.FEC-LP.Parameters.LPSC Pre PID Process Range,AV:3091733
ECCP-NAE6,NAE6/Field Bus1.FEC-LP.Parameters.LPSC Pre PID Sat Time,AV:3091734
ECCP-NAE6,NAE6/Field Bus1.FEC-LP.Parameters.LPSC TUNING-RESET,BV:3054776
ECCP-NAE6,NAE6/Field Bus1.FEC-LP.Parameters.LPSC-IT,AV:3054781
ECCP-NAE6,NAE6/Field Bus1.FEC-LP.Parameters.LPSC-PB,AV:3054780
ECCP-NAE6,NAE6/Field Bus1.FEC-LP.Parameters.MINLP-DP,AV:3054782
ECCP-NAE6,NAE6/Field Bus1.FEC-LP.Parameters.PCWF-SP Limit Active,BV:3055049
ECCP-NAE6,NAE6/Field Bus1.FEC-LP.Parameters.PCWF-SP Rate Limit,AV:3055048
ECCP-NAE6,NAE6/Field Bus1.FEC-LP.Parameters.PCWF-WSP,AV:3054751
ECCP-NAE6,NAE6/Field Bus1.FEC-LP.Parameters.SideLoop SL-OUTSTATE,MV:3054777
ECCP-NAE6,NAE6/Field Bus1.FEC-LP.PCW-F,AI:3052979
ECCP-NAE6,NAE6/Field Bus1.FEC-LP.PCWR-T,AI:3052982
ECCP-NAE6,NAE6/Field Bus1.FEC-LP.PCWS-T,AI:3052981
ECCP-NAE6,NAE6/Field Bus1.FEC-TF.Parameters.C1TP-SS,BV:3091688
ECCP-NAE6,NAE6/Field Bus1.FEC-TF.Parameters.C2TP-SS,BV:3091695
ECCP-NAE6,NAE6/Field Bus1.FEC-TF.Parameters.C3TP-SS,BV:3091694
ECCP-NAE6,NAE6/Field Bus1.FEC-TF.Parameters.C4TP-SS,BV:3091684
ECCP-NAE6,NAE6/Field Bus1.FEC-TF.Parameters.C5TP-SS,BV:3095098
ECCP-NAE6,NAE6/Field Bus1.FEC-TF.Parameters.C6TP-SS,BV:3095100
ECCP-NAE6,NAE6/Field Bus1.FEC-TF.Parameters.C7TP-SS,BV:3095099
ECCP-NAE6,NAE6/Field Bus1.FEC-TF.Parameters.C8TP-SS,BV:3095101
ECCP-NAE6,NAE6/Field Bus1.FEC-TF.Parameters.C9TP-SS,BV:3091682
ECCP-NAE6,NAE6/Field Bus1.FEC-TF.Parameters.OAWB-T,AV:3054561
ECCP-NAE6,NAE6/Field Bus1.FEC-TF.Parameters.TBV-TWST-SP,AV:3054557
ECCP-NAE6,NAE6/Field Bus1.FEC-TF.Parameters.TF1-STR,MV:3071854
ECCP-NAE6,NAE6/Field Bus1.FEC-TF.Parameters.TF2-BD-REVSS,MV:3055123
ECCP-NAE6,NAE6/Field Bus1.FEC-TF.Parameters.TF2-REV-ENB,MV:3055120
ECCP-NAE6,NAE6/Field Bus1.FEC-TF.Parameters.TF2-REV-OUT,MV:3055122
ECCP-NAE6,NAE6/Field Bus1.FEC-TF.Parameters.TF2-REV-SEQ,MV:3055121
ECCP-NAE6,NAE6/Field Bus1.FEC-TF.Parameters.TF2-STR,MV:3054568
ECCP-NAE6,NAE6/Field Bus1.FEC-TF.Parameters.TF3-STR,MV:3054566
ECCP-NAE6,NAE6/Field Bus1.FEC-TF.Parameters.TF4-STR,MV:3054567
ECCP-NAE6,NAE6/Field Bus1.FEC-TF.Parameters.TF5-STR,MV:3055320
ECCP-NAE6,NAE6/Field Bus1.FEC-TF.Parameters.TF6-STR,MV:3055319
ECCP-NAE6,NAE6/Field Bus1.FEC-TF.Parameters.TF7-STR,MV:3055318
ECCP-NAE6,NAE6/Field Bus1.FEC-TF.Parameters.TF8-STR,MV:3055317
ECCP-NAE6,NAE6/Field Bus1.FEC-TF.Parameters.TF Reverse Time,AV:3055119
ECCP-NAE6,NAE6/Field Bus1.FEC-TF.Parameters.TOWER-CIRC,BV:3091683
ECCP-NAE6,NAE6/Field Bus1.FEC-TF.Parameters.TP1-S,MV:3073311
ECCP-NAE6,NAE6/Field Bus1.FEC-TF.Parameters.TP2-S,MV:3073314
ECCP-NAE6,NAE6/Field Bus1.FEC-TF.Parameters.TP3-S,MV:3073315
ECCP-NAE6,NAE6/Field Bus1.FEC-TF.Parameters.TP4-S,MV:3073312
ECCP-NAE6,NAE6/Field Bus1.FEC-TF.Parameters.TW1 TF Cold Stop,BV:3091687
ECCP-NAE6,NAE6/Field Bus1.FEC-TF.Parameters.TW1 TF-SC SL-OUTSTATE,MV:3055322
ECCP-NAE6,NAE6/Field Bus1.FEC-TF.Parameters.TW1 TF-SC TUNING-RESET,BV:3055321
ECCP-NAE6,NAE6/Field Bus1.FEC-TF.Parameters.TW1 TFSC OVR,BV:3055315
ECCP-NAE6,NAE6/Field Bus1.FEC-TF.Parameters.TW1-AVG-TWRT,AV:3055297
ECCP-NAE6,NAE6/Field Bus1.FEC-TF.Parameters.TW1-AVG-TWST,AV:3055313
ECCP-NAE6,NAE6/Field Bus1.FEC-TF.Parameters.TW1-TWST-SP,AV:3091704
ECCP-NAE6,NAE6/Field Bus1.FEC-TF.Parameters.TW2 TF Cold Stop,BV:3091686
ECCP-NAE6,NAE6/Field Bus1.FEC-TF.Parameters.TW2 TF-SC SL-OUTSTATE,MV:3055328
ECCP-NAE6,NAE6/Field Bus1.FEC-TF.Parameters.TW2 TF-SC TUNING-RESET,BV:3055327
ECCP-NAE6,NAE6/Field Bus1.FEC-TF.Parameters.TW2 TFSC OVR,BV:3055316
ECCP-NAE6,NAE6/Field Bus1.FEC-TF.Parameters.TW2-AVG-TWRT,AV:3055298
ECCP-NAE6,NAE6/Field Bus1.FEC-TF.Parameters.TW2-AVG-TWST,AV:3055312
ECCP-NAE6,NAE6/Field Bus1.FEC-TF.Parameters.TW2-TWST-DF,AV:3091700
ECCP-NAE6,NAE6/Field Bus1.FEC-TF.Parameters.TW2-TWST-SP,AV:3091698
ECCP-NAE6,NAE6/Field Bus1.FEC-TF.Parameters.TW-CELL1-ENB,BV:3091697
ECCP-NAE6,NAE6/Field Bus1.FEC-TF.Parameters.TW-CELL2-ENB,BV:3091691
ECCP-NAE6,NAE6/Field Bus1.FEC-TF.Parameters.TW-CELL3-ENB,BV:3091690
ECCP-NAE6,NAE6/Field Bus1.FEC-TF.Parameters.TW-CELL4-ENB,BV:3091693
ECCP-NAE6,NAE6/Field Bus1.FEC-TF.Parameters.TW-CELL5-ENB,BV:3091689
ECCP-NAE6,NAE6/Field Bus1.FEC-TF.Parameters.TW-CELL6-ENB,BV:3091685
ECCP-NAE6,NAE6/Field Bus1.FEC-TF.Parameters.TW-CELL7-ENB,BV:3091692
ECCP-NAE6,NAE6/Field Bus1.FEC-TF.Parameters.TW-CELL8-ENB,BV:3091696
ECCP-NAE6,NAE6/Field Bus1.FEC-TF.Parameters.TWBYP OVR,BV:3055314
ECCP-NAE6,NAE6/Field Bus1.FEC-TF.Parameters.TWBYP Valve SL-OUTSTATE,MV:3055333
ECCP-NAE6,NAE6/Field Bus1.FEC-TF.Parameters.TWBYP Valve TUNING-RESET,BV:3054569
ECCP-NAE6,NAE6/Field Bus1.FEC-TF.Parameters.TWBYP-DIF,AV:3055311
ECCP-NAE6,NAE6/Field Bus1.FEC-TF.Parameters.TWOA-EN,AV:3054552
ECCP-NAE6,NAE6/Field Bus1.FEC-TF.Parameters.TWOA-EN2,AV:3055302
ECCP-NAE6,NAE6/Field Bus1.FEC-TF.Parameters.TWOA-WB,AV:3054554
ECCP-NAE6,NAE6/Field Bus1.FEC-TF.Parameters.TWOA-WB2,AV:3055301
ECCP-NAE6,NAE6/Field Bus1.FEC-TF.Parameters.TWST-CH9-SP1,AV:3091703
ECCP-NAE6,NAE6/Field Bus1.FEC-TF.Parameters.TWST-CH9-SP2,AV:3091699
ECCP-NAE6,NAE6/Field Bus1.FEC-TF.Parameters.TWST-CH9-WB1,AV:3091702
ECCP-NAE6,NAE6/Field Bus1.FEC-TF.Parameters.TWST-CH9-WB2,AV:3091701
ECCP-NAE6,NAE6/Field Bus1.FEC-TF.Parameters.TWST-SP1,AV:3055305
ECCP-NAE6,NAE6/Field Bus1.FEC-TF.Parameters.TWST-SP2,AV:3055307
ECCP-NAE6,NAE6/Field Bus1.FEC-TF.Parameters.TWST-SP3,AV:3055306
ECCP-NAE6,NAE6/Field Bus1.FEC-TF.Parameters.TWST-SP4,AV:3055304
ECCP-NAE6,NAE6/Field Bus1.FEC-TF.Parameters.TWST-WB1,AV:3055308
ECCP-NAE6,NAE6/Field Bus1.FEC-TF.Parameters.TWST-WB2,AV:3055310
ECCP-NAE6,NAE6/Field Bus1.FEC-TF.Parameters.TWST-WB3,AV:3055309
ECCP-NAE6,NAE6/Field Bus1.FEC-TF.Parameters.TWST-WB4,AV:3055303
ECCP-NAE6,NAE6/Field Bus1.FEC-TF.TF1-S,BI:3052881
ECCP-NAE6,NAE6/Field Bus1.FEC-TF.TF1-SC,AO:3052890
ECCP-NAE6,NAE6/Field Bus1.FEC-TF.TF1-SS,BO:3052883
ECCP-NAE6,NAE6/Field Bus1.FEC-TF.TF2-REV,BO:3054361
ECCP-NAE6,NAE6/Field Bus1.FEC-TF.TF2-S,BI:3052882
ECCP-NAE6,NAE6/Field Bus1.FEC-TF.TF2-SC,AO:3052887
ECCP-NAE6,NAE6/Field Bus1.FEC-TF.TF2-SS,BO:3052884
ECCP-NAE6,NAE6/Field Bus1.FEC-TF.TF3-S,BI:3052869
ECCP-NAE6,NAE6/Field Bus1.FEC-TF.TF3-SC,AO:3052888
ECCP-NAE6,NAE6/Field Bus1.FEC-TF.TF3-SS,BO:3052885
ECCP-NAE6,NAE6/Field Bus1.FEC-TF.TF4-S,BI:3052870
ECCP-NAE6,NAE6/Field Bus1.FEC-TF.TF4-SC,AO:3052889
ECCP-NAE6,NAE6/Field Bus1.FEC-TF.TF4-SS,BO:3052886
ECCP-NAE6,NAE6/Field Bus1.FEC-TF.TF5-S,BI:3054413
ECCP-NAE6,NAE6/Field Bus1.FEC-TF.TF5-SC,AO:3054424
ECCP-NAE6,NAE6/Field Bus1.FEC-TF.TF5-SS,BO:3054407
ECCP-NAE6,NAE6/Field Bus1.FEC-TF.TF6-S,BI:3054414
ECCP-NAE6,NAE6/Field Bus1.FEC-TF.TF6-SC,AO:3054425
ECCP-NAE6,NAE6/Field Bus1.FEC-TF.TF6-SS,BO:3054408
ECCP-NAE6,NAE6/Field Bus1.FEC-TF.TF7-S,BI:3054411
ECCP-NAE6,NAE6/Field Bus1.FEC-TF.TF7-SC,AO:3054426
ECCP-NAE6,NAE6/Field Bus1.FEC-TF.TF7-SS,BO:3054409
ECCP-NAE6,NAE6/Field Bus1.FEC-TF.TF8-S,BI:3054412
ECCP-NAE6,NAE6/Field Bus1.FEC-TF.TF8-SC,AO:3054427
ECCP-NAE6,NAE6/Field Bus1.FEC-TF.TF8-SS,BO:3054410
ECCP-NAE6,NAE6/Field Bus1.FEC-TF.TW1-OIL,BI:3052877
ECCP-NAE6,NAE6/Field Bus1.FEC-TF.TW1-VIB,BI:3052873
ECCP-NAE6,NAE6/Field Bus1.FEC-TF.TW1R-T,AI:3054357
ECCP-NAE6,NAE6/Field Bus1.FEC-TF.TW1S-T,AI:3052894
ECCP-NAE6,NAE6/Field Bus1.FEC-TF.TW2-OIL,BI:3052878
ECCP-NAE6,NAE6/Field Bus1.FEC-TF.TW2-VIB,BI:3052874
ECCP-NAE6,NAE6/Field Bus1.FEC-TF.TW2R-T,AI:3054358
ECCP-NAE6,NAE6/Field Bus1.FEC-TF.TW2S-T,AI:3052895
ECCP-NAE6,NAE6/Field Bus1.FEC-TF.TW3-OIL,BI:3052879
ECCP-NAE6,NAE6/Field Bus1.FEC-TF.TW3-VIB,BI:3052875
ECCP-NAE6,NAE6/Field Bus1.FEC-TF.TW3R-T,AI:3054359
ECCP-NAE6,NAE6/Field Bus1.FEC-TF.TW3S-T,AI:3052871
ECCP-NAE6,NAE6/Field Bus1.FEC-TF.TW4-OIL,BI:3052880
ECCP-NAE6,NAE6/Field Bus1.FEC-TF.TW4-VIB,BI:3052876
ECCP-NAE6,NAE6/Field Bus1.FEC-TF.TW4R-T,AI:3054360
ECCP-NAE6,NAE6/Field Bus1.FEC-TF.TW4S-T,AI:3052872
ECCP-NAE6,NAE6/Field Bus1.FEC-TF.TW5-OIL,BI:3054431
ECCP-NAE6,NAE6/Field Bus1.FEC-TF.TW5-VIB,BI:3054430
ECCP-NAE6,NAE6/Field Bus1.FEC-TF.TW5R-T,AI:3054422
ECCP-NAE6,NAE6/Field Bus1.FEC-TF.TW5S-T,AI:3054421
ECCP-NAE6,NAE6/Field Bus1.FEC-TF.TW6-OIL,BI:3054429
ECCP-NAE6,NAE6/Field Bus1.FEC-TF.TW6-VIB,BI:3054434
ECCP-NAE6,NAE6/Field Bus1.FEC-TF.TW6R-T,AI:3054418
ECCP-NAE6,NAE6/Field Bus1.FEC-TF.TW6S-T,AI:3054415
ECCP-NAE6,NAE6/Field Bus1.FEC-TF.TW7-OIL,BI:3054435
ECCP-NAE6,NAE6/Field Bus1.FEC-TF.TW7-VIB,BI:3054433
ECCP-NAE6,NAE6/Field Bus1.FEC-TF.TW7R-T,AI:3054419
ECCP-NAE6,NAE6/Field Bus1.FEC-TF.TW7S-T,AI:3054416
ECCP-NAE6,NAE6/Field Bus1.FEC-TF.TW8-OIL,BI:3054432
ECCP-NAE6,NAE6/Field Bus1.FEC-TF.TW8-VIB,BI:3054428
ECCP-NAE6,NAE6/Field Bus1.FEC-TF.TW8R-T,AI:3054420
ECCP-NAE6,NAE6/Field Bus1.FEC-TF.TW8S-T,AI:3054417
ECCP-NAE6,NAE6/Field Bus1.FEC-TF.TWBYP-V,AO:3052891
ECCP-NAE6,NAE6/Field Bus1.FEC-TF.TWOA-DB,AI:3052896
ECCP-NAE6,NAE6/Field Bus1.FEC-TF.TWOA-DB2,AI:3054437
ECCP-NAE6,NAE6/Field Bus1.FEC-TF.TWOA-RH,AI:3052897
ECCP-NAE6,NAE6/Field Bus1.FEC-TF.TWOA-RH2,AI:3054436
ECCP-NAE6,NAE6/Field Bus1.FEC-TF.TWR-T1,AI:3052893
ECCP-NAE6,NAE6/Field Bus1.FEC-TF.TWR-T2,AI:3054423
ECCP-NAE6,NAE6/Field Bus1.FEC-TF.TWS-T1,AI:3052892
ECCP-NAE6,NAE6/Field Bus1.FEC-TF.TWS-T2,AI:3054406
ECCP-NAE6,NAE6/Field Bus1.FEC-TP.Parameters.CH1-TP-START,BV:3091493
ECCP-NAE6,NAE6/Field Bus1.FEC-TP.Parameters.CH1-TW-CIRC,BV:3091474
ECCP-NAE6,NAE6/Field Bus1.FEC-TP.Parameters.CH2-TP-START,BV:3091494
ECCP-NAE6,NAE6/Field Bus1.FEC-TP.Parameters.CH2-TW-CIRC,BV:3091476
ECCP-NAE6,NAE6/Field Bus1.FEC-TP.Parameters.CH3-TP-START,BV:3091491
ECCP-NAE6,NAE6/Field Bus1.FEC-TP.Parameters.CH3-TW-CIRC,BV:3091479
ECCP-NAE6,NAE6/Field Bus1.FEC-TP.Parameters.CH4-TP-START,BV:3091504
ECCP-NAE6,NAE6/Field Bus1.FEC-TP.Parameters.CH4-TW-CIRC,BV:3091470
ECCP-NAE6,NAE6/Field Bus1.FEC-TP.Parameters.CH5-TP-START,BV:3091497
ECCP-NAE6,NAE6/Field Bus1.FEC-TP.Parameters.CH5-TW-CIRC,BV:3091477
ECCP-NAE6,NAE6/Field Bus1.FEC-TP.Parameters.CH6-TP-START,BV:3091498
ECCP-NAE6,NAE6/Field Bus1.FEC-TP.Parameters.CH6-TW-CIRC,BV:3091475
ECCP-NAE6,NAE6/Field Bus1.FEC-TP.Parameters.CH7-TP-START,BV:3091502
ECCP-NAE6,NAE6/Field Bus1.FEC-TP.Parameters.CH7-TW-CIRC,BV:3091472
ECCP-NAE6,NAE6/Field Bus1.FEC-TP.Parameters.CH8-TP-START,BV:3091489
ECCP-NAE6,NAE6/Field Bus1.FEC-TP.Parameters.CH8-TW-CIRC,BV:3091478
ECCP-NAE6,NAE6/Field Bus1.FEC-TP.Parameters.CH9-TP-START,BV:3091492
ECCP-NAE6,NAE6/Field Bus1.FEC-TP.Parameters.CH9-TW-CIRC,BV:3091473
ECCP-NAE6,NAE6/Field Bus1.FEC-TP.Parameters.OADB-T,AV:3054915
ECCP-NAE6,NAE6/Field Bus1.FEC-TP.Parameters.OAWB-T,AV:3054600
ECCP-NAE6,NAE6/Field Bus1.FEC-TP.Parameters.TP1-SS-HWO,MV:3055153
ECCP-NAE6,NAE6/Field Bus1.FEC-TP.Parameters.TP1-STR,MV:3054606
ECCP-NAE6,NAE6/Field Bus1.FEC-TP.Parameters.TP2-SS-HWO,MV:3055150
ECCP-NAE6,NAE6/Field Bus1.FEC-TP.Parameters.TP2-STR,MV:3054609
ECCP-NAE6,NAE6/Field Bus1.FEC-TP.Parameters.TP3-SS-HWO,MV:3055152
ECCP-NAE6,NAE6/Field Bus1.FEC-TP.Parameters.TP3-STR,MV:3054607
ECCP-NAE6,NAE6/Field Bus1.FEC-TP.Parameters.TP4-SS-HWO,MV:3055151
ECCP-NAE6,NAE6/Field Bus1.FEC-TP.Parameters.TP4-STR,MV:3054608
ECCP-NAE6,NAE6/Field Bus1.FEC-TP.Parameters.TP5-SS-HWO,MV:3055154
ECCP-NAE6,NAE6/Field Bus1.FEC-TP.Parameters.TP5-STR,MV:3055192
ECCP-NAE6,NAE6/Field Bus1.FEC-TP.Parameters.TP6-SS-HWO,MV:3055155
ECCP-NAE6,NAE6/Field Bus1.FEC-TP.Parameters.TP6-STR,MV:3055193
ECCP-NAE6,NAE6/Field Bus1.FEC-TP.Parameters.TP7-SS-HWO,MV:3055156
ECCP-NAE6,NAE6/Field Bus1.FEC-TP.Parameters.TP7-STR,MV:3055195
ECCP-NAE6,NAE6/Field Bus1.FEC-TP.Parameters.TP8-SS-HWO,MV:3055157
ECCP-NAE6,NAE6/Field Bus1.FEC-TP.Parameters.TP8-STR,MV:3055194
ECCP-NAE6,NAE6/Field Bus1.FEC-TP.Parameters.TP9-SS-HWO,MV:3091490
ECCP-NAE6,NAE6/Field Bus1.FEC-TP.Parameters.TP9-STR,MV:3091513
ECCP-NAE6,NAE6/Field Bus1.FEC-TP.Parameters.TP-Ph1-DLOFF-Time,AV:3104335
ECCP-NAE6,NAE6/Field Bus1.FEC-TP.Parameters.TW1 FLOW PATH,MV:3091646
ECCP-NAE6,NAE6/Field Bus1.FEC-TP.Parameters.TW1 MU PI SL-OUTSTATE,MV:3091658
ECCP-NAE6,NAE6/Field Bus1.FEC-TP.Parameters.TW1 MU PI TUNING-RESET,BV:3091675
ECCP-NAE6,NAE6/Field Bus1.FEC-TP.Parameters.TW1 MU-HIL,AV:3091677
ECCP-NAE6,NAE6/Field Bus1.FEC-TP.Parameters.TW1 MU-LOL,AV:3091676
ECCP-NAE6,NAE6/Field Bus1.FEC-TP.Parameters.TW1 MU-USER-ENB,MV:3091673
ECCP-NAE6,NAE6/Field Bus1.FEC-TP.Parameters.TW1 TPSC SL-OUTSTATE,MV:3091650
ECCP-NAE6,NAE6/Field Bus1.FEC-TP.Parameters.TW1 TPSC TUNING-RESET,BV:3091649
ECCP-NAE6,NAE6/Field Bus1.FEC-TP.Parameters.TW1 TPSC-HIL,AV:3091652
ECCP-NAE6,NAE6/Field Bus1.FEC-TP.Parameters.TW1 TPSC-LOL,AV:3091651
ECCP-NAE6,NAE6/Field Bus1.FEC-TP.Parameters.TW1 TPSS-LVL-DF,AV:3091667
ECCP-NAE6,NAE6/Field Bus1.FEC-TP.Parameters.TW1 TPSS-LVL-SP,AV:3091665
ECCP-NAE6,NAE6/Field Bus1.FEC-TP.Parameters.TW1 YK CHLRS ON,AV:3091637
ECCP-NAE6,NAE6/Field Bus1.FEC-TP.Parameters.TW1-AVG-TWRT,AV:3091484
ECCP-NAE6,NAE6/Field Bus1.FEC-TP.Parameters.TW1-BLWDWN-GPM,AV:3055166
ECCP-NAE6,NAE6/Field Bus1.FEC-TP.Parameters.TW1-CELL1-NDX,AV:3091628
ECCP-NAE6,NAE6/Field Bus1.FEC-TP.Parameters.TW1-CELL2-NDX,AV:3091627
ECCP-NAE6,NAE6/Field Bus1.FEC-TP.Parameters.TW1-CELL3-NDX,AV:3091630
ECCP-NAE6,NAE6/Field Bus1.FEC-TP.Parameters.TW1-CELL4-NDX,AV:3091629
ECCP-NAE6,NAE6/Field Bus1.FEC-TP.Parameters.TW1-CELL-SEQ,AV:3101089
ECCP-NAE6,NAE6/Field Bus1.FEC-TP.Parameters.TW1-Evaporation,AV:3091486
ECCP-NAE6,NAE6/Field Bus1.FEC-TP.Parameters.TW1-FLOW,AV:3091632
ECCP-NAE6,NAE6/Field Bus1.FEC-TP.Parameters.TW1-LEVEL-SP,AV:3091674
ECCP-NAE6,NAE6/Field Bus1.FEC-TP.Parameters.TW1-LOLVL-ENB,BV:3091471
ECCP-NAE6,NAE6/Field Bus1.FEC-TP.Parameters.TW1-MU-Flow,AV:3091631
ECCP-NAE6,NAE6/Field Bus1.FEC-TP.Parameters.TW1-MU-GPM-WSP,AV:3055214
ECCP-NAE6,NAE6/Field Bus1.FEC-TP.Parameters.TW1-TWST,AV:3091482
ECCP-NAE6,NAE6/Field Bus1.FEC-TP.Parameters.TW2 FLOW PATH,MV:3091634
ECCP-NAE6,NAE6/Field Bus1.FEC-TP.Parameters.TW2 MU PI SL-OUTSTATE,MV:3091662
ECCP-NAE6,NAE6/Field Bus1.FEC-TP.Parameters.TW2 MU PI TUNING-RESET,BV:3091678
ECCP-NAE6,NAE6/Field Bus1.FEC-TP.Parameters.TW2 MU-HIL,AV:3091680
ECCP-NAE6,NAE6/Field Bus1.FEC-TP.Parameters.TW2 MU-LOL,AV:3091679
ECCP-NAE6,NAE6/Field Bus1.FEC-TP.Parameters.TW2 MU-USER-ENB,MV:3091672
ECCP-NAE6,NAE6/Field Bus1.FEC-TP.Parameters.TW2 TPSC SL-OUTSTATE,MV:3091654
ECCP-NAE6,NAE6/Field Bus1.FEC-TP.Parameters.TW2 TPSC TUNING-RESET,BV:3091653
ECCP-NAE6,NAE6/Field Bus1.FEC-TP.Parameters.TW2 TPSC-HIL,AV:3091656
ECCP-NAE6,NAE6/Field Bus1.FEC-TP.Parameters.TW2 TPSC-LOL,AV:3091655
ECCP-NAE6,NAE6/Field Bus1.FEC-TP.Parameters.TW2 TPSS-LVL-DF,AV:3091668
ECCP-NAE6,NAE6/Field Bus1.FEC-TP.Parameters.TW2 TPSS-LVL-SP,AV:3091666
ECCP-NAE6,NAE6/Field Bus1.FEC-TP.Parameters.TW2 YK CHLRS ON,AV:3091635
ECCP-NAE6,NAE6/Field Bus1.FEC-TP.Parameters.TW2 YST CHLRS ON,AV:3091636
ECCP-NAE6,NAE6/Field Bus1.FEC-TP.Parameters.TW2-AVG-TWRT,AV:3091488
ECCP-NAE6,NAE6/Field Bus1.FEC-TP.Parameters.TW2-BLWDWN-GPM,AV:3055167
ECCP-NAE6,NAE6/Field Bus1.FEC-TP.Parameters.TW2-CELL5-NDX,AV:3101087
ECCP-NAE6,NAE6/Field Bus1.FEC-TP.Parameters.TW2-CELL6-NDX,AV:3101085
ECCP-NAE6,NAE6/Field Bus1.FEC-TP.Parameters.TW2-CELL7-NDX,AV:3101084
ECCP-NAE6,NAE6/Field Bus1.FEC-TP.Parameters.TW2-CELL8-NDX,AV:3101086
ECCP-NAE6,NAE6/Field Bus1.FEC-TP.Parameters.TW2-CELL-SEQ,AV:3101088
ECCP-NAE6,NAE6/Field Bus1.FEC-TP.Parameters.TW2-Evaporation,AV:3091485
ECCP-NAE6,NAE6/Field Bus1.FEC-TP.Parameters.TW2-FLOW,AV:3091633
ECCP-NAE6,NAE6/Field Bus1.FEC-TP.Parameters.TW2-LEVEL-SP,AV:3091669
ECCP-NAE6,NAE6/Field Bus1.FEC-TP.Parameters.TW2-LOLVL-ENB,BV:3091469
ECCP-NAE6,NAE6/Field Bus1.FEC-TP.Parameters.TW2-MU-GPM-WSP,AV:3055215
ECCP-NAE6,NAE6/Field Bus1.FEC-TP.Parameters.TW2-TWST,AV:3091487
ECCP-NAE6,NAE6/Field Bus1.FEC-TP.Parameters.TW-CELL1-ENB,MV:3055159
ECCP-NAE6,NAE6/Field Bus1.FEC-TP.Parameters.TW-CELL2-ENB,MV:3055158
ECCP-NAE6,NAE6/Field Bus1.FEC-TP.Parameters.TW-CELL3-ENB,MV:3055161
ECCP-NAE6,NAE6/Field Bus1.FEC-TP.Parameters.TW-CELL4-ENB,MV:3055160
ECCP-NAE6,NAE6/Field Bus1.FEC-TP.Parameters.TW-CELL5-ENB,MV:3055162
ECCP-NAE6,NAE6/Field Bus1.FEC-TP.Parameters.TW-CELL6-ENB,MV:3055163
ECCP-NAE6,NAE6/Field Bus1.FEC-TP.Parameters.TW-CELL7-ENB,MV:3055164
ECCP-NAE6,NAE6/Field Bus1.FEC-TP.Parameters.TW-CELL8-ENB,MV:3055165
ECCP-NAE6,NAE6/Field Bus1.FEC-TP.Parameters.TW-FLOW,AV:3092179
ECCP-NAE6,NAE6/Field Bus1.FEC-TP.Parameters.TW-V1-HWO,MV:3091644
ECCP-NAE6,NAE6/Field Bus1.FEC-TP.Parameters.TW-V2-HWO,MV:3091642
ECCP-NAE6,NAE6/Field Bus1.FEC-TP.Parameters.TW-V3-HWO,MV:3091645
ECCP-NAE6,NAE6/Field Bus1.FEC-TP.Parameters.TW-V4-HWO,MV:3091643
ECCP-NAE6,NAE6/Field Bus1.FEC-TP.Parameters.TW-V5-HWO,MV:3091641
ECCP-NAE6,NAE6/Field Bus1.FEC-TP.Parameters.TW-V6-HWO,MV:3091640
ECCP-NAE6,NAE6/Field Bus1.FEC-TP.Parameters.TW-V7-HWO,MV:3091639
ECCP-NAE6,NAE6/Field Bus1.FEC-TP.Parameters.TW-V8-HWO,MV:3091638
ECCP-NAE6,NAE6/Field Bus1.FEC-TP.Parameters.TWDRN-OASP,AV:3054916
ECCP-NAE6,NAE6/Field Bus1.FEC-TP.Parameters.TWFlow-CH9-GPM1,AV:3091501
ECCP-NAE6,NAE6/Field Bus1.FEC-TP.Parameters.TWFlow-CH9-GPM2,AV:3091503
ECCP-NAE6,NAE6/Field Bus1.FEC-TP.Parameters.TWFlow-CH9-GPM3,AV:3091496
ECCP-NAE6,NAE6/Field Bus1.FEC-TP.Parameters.TWFlow-CH9-GPMSP,AV:3091523
ECCP-NAE6,NAE6/Field Bus1.FEC-TP.Parameters.TWFlow-CH9-WB1,AV:3091506
ECCP-NAE6,NAE6/Field Bus1.FEC-TP.Parameters.TWFlow-CH9-WB2,AV:3091509
ECCP-NAE6,NAE6/Field Bus1.FEC-TP.Parameters.TWFlow-CH9-WB3,AV:3091508
ECCP-NAE6,NAE6/Field Bus1.FEC-TP.Parameters.TWFlow-TW1-CIRC-SP,AV:3091671
ECCP-NAE6,NAE6/Field Bus1.FEC-TP.Parameters.TWFlow-TW1-WSP,AV:3091648
ECCP-NAE6,NAE6/Field Bus1.FEC-TP.Parameters.TWFlow-TW2-CIRC-SP,AV:3091670
ECCP-NAE6,NAE6/Field Bus1.FEC-TP.Parameters.TWFlow-TW2-WSP,AV:3091647
ECCP-NAE6,NAE6/Field Bus1.FEC-TP.Parameters.TWFlow-YK-GPM1,AV:3091533
ECCP-NAE6,NAE6/Field Bus1.FEC-TP.Parameters.TWFlow-YK-GPM2,AV:3091532
ECCP-NAE6,NAE6/Field Bus1.FEC-TP.Parameters.TWFlow-YK-GPM3,AV:3091521
ECCP-NAE6,NAE6/Field Bus1.FEC-TP.Parameters.TWFlow-YK-GPMSP,AV:3091526
ECCP-NAE6,NAE6/Field Bus1.FEC-TP.Parameters.TWFlow-YK-WB1,AV:3091528
ECCP-NAE6,NAE6/Field Bus1.FEC-TP.Parameters.TWFlow-YK-WB2,AV:3091529
ECCP-NAE6,NAE6/Field Bus1.FEC-TP.Parameters.TWFlow-YK-WB3,AV:3091525
ECCP-NAE6,NAE6/Field Bus1.FEC-TP.Parameters.TWFlow-YST-GPM1,AV:3091531
ECCP-NAE6,NAE6/Field Bus1.FEC-TP.Parameters.TWFlow-YST-GPM2,AV:3091522
ECCP-NAE6,NAE6/Field Bus1.FEC-TP.Parameters.TWFlow-YST-GPMSP,AV:3091524
ECCP-NAE6,NAE6/Field Bus1.FEC-TP.Parameters.TWFlow-YST-WB1,AV:3091530
ECCP-NAE6,NAE6/Field Bus1.FEC-TP.Parameters.TWFlow-YST-WB2,AV:3091527
ECCP-NAE6,NAE6/Field Bus1.FEC-TP.TP1-S,BI:3052907
ECCP-NAE6,NAE6/Field Bus1.FEC-TP.TP1-SC,AO:3052918
ECCP-NAE6,NAE6/Field Bus1.FEC-TP.TP1-SS,BO:3052911
ECCP-NAE6,NAE6/Field Bus1.FEC-TP.TP2-S,BI:3052908
ECCP-NAE6,NAE6/Field Bus1.FEC-TP.TP2-SC,AO:3052914
ECCP-NAE6,NAE6/Field Bus1.FEC-TP.TP2-SS,BO:3052912
ECCP-NAE6,NAE6/Field Bus1.FEC-TP.TP3-S,BI:3052909
ECCP-NAE6,NAE6/Field Bus1.FEC-TP.TP3-SC,AO:3052915
ECCP-NAE6,NAE6/Field Bus1.FEC-TP.TP3-SS,BO:3052913
ECCP-NAE6,NAE6/Field Bus1.FEC-TP.TP4-S,BI:3052910
ECCP-NAE6,NAE6/Field Bus1.FEC-TP.TP4-SC,AO:3052916
ECCP-NAE6,NAE6/Field Bus1.FEC-TP.TP4-SS,BO:3052899
ECCP-NAE6,NAE6/Field Bus1.FEC-TP.TP5-S,BI:3054368
ECCP-NAE6,NAE6/Field Bus1.FEC-TP.TP5-SC,AO:3054388
ECCP-NAE6,NAE6/Field Bus1.FEC-TP.TP5-SS,BO:3054376
ECCP-NAE6,NAE6/Field Bus1.FEC-TP.TP6-S,BI:3054369
ECCP-NAE6,NAE6/Field Bus1.FEC-TP.TP6-SC,AO:3067721
ECCP-NAE6,NAE6/Field Bus1.FEC-TP.TP6-SS,BO:3054377
ECCP-NAE6,NAE6/Field Bus1.FEC-TP.TP7-S,BI:3054370
ECCP-NAE6,NAE6/Field Bus1.FEC-TP.TP7-SC,AO:3054386
ECCP-NAE6,NAE6/Field Bus1.FEC-TP.TP7-SS,BO:3054378
ECCP-NAE6,NAE6/Field Bus1.FEC-TP.TP8-S,BI:3054371
ECCP-NAE6,NAE6/Field Bus1.FEC-TP.TP8-SC,AO:3054387
ECCP-NAE6,NAE6/Field Bus1.FEC-TP.TP8-SS,BO:3054379
ECCP-NAE6,NAE6/Field Bus1.FEC-TP.TP9-S,BI:3096949
ECCP-NAE6,NAE6/Field Bus1.FEC-TP.TP9-S-BO,BO:3099186
ECCP-NAE6,NAE6/Field Bus1.FEC-TP.TP9-SC,AO:3096947
ECCP-NAE6,NAE6/Field Bus1.FEC-TP.TP9-SS,BO:3096948
ECCP-NAE6,NAE6/Field Bus1.FEC-TP.TW-DRN1,BO:3052900
ECCP-NAE6,NAE6/Field Bus1.FEC-TP.TW-DRN2,BO:3052901
ECCP-NAE6,NAE6/Field Bus1.FEC-TP.TW-DRN3,BO:3052902
ECCP-NAE6,NAE6/Field Bus1.FEC-TP.TW-DRN4,BO:3052903
ECCP-NAE6,NAE6/Field Bus1.FEC-TP.TW-DRN5,BO:3054382
ECCP-NAE6,NAE6/Field Bus1.FEC-TP.TW-DRN6,BO:3054383
ECCP-NAE6,NAE6/Field Bus1.FEC-TP.TW-DRN7,BO:3054381
ECCP-NAE6,NAE6/Field Bus1.FEC-TP.TW-DRN8,BO:3054384
ECCP-NAE6,NAE6/Field Bus1.FEC-TP.TW-LOLVL,BI:3052919
ECCP-NAE6,NAE6/Field Bus1.FEC-TP.TW-LOLVL2,BI:3054380
ECCP-NAE6,NAE6/Field Bus1.FEC-TP.TW-LVL1,AI:3052904
ECCP-NAE6,NAE6/Field Bus1.FEC-TP.TW-LVL2,AI:3054367
ECCP-NAE6,NAE6/Field Bus1.FEC-TP.TW-V1,BO:3091830
ECCP-NAE6,NAE6/Field Bus1.FEC-TP.TW-V2,BO:3091828
ECCP-NAE6,NAE6/Field Bus1.FEC-TP.TW-V3,BO:3091827
ECCP-NAE6,NAE6/Field Bus1.FEC-TP.TW-V4,BO:3091829
ECCP-NAE6,NAE6/Field Bus1.FEC-TP.TW-V5,BO:3091826
ECCP-NAE6,NAE6/Field Bus1.FEC-TP.TW-V6,BO:3091824
ECCP-NAE6,NAE6/Field Bus1.FEC-TP.TW-V7,BO:3091825
ECCP-NAE6,NAE6/Field Bus1.FEC-TP.TW-V8,BO:3091823
ECCP-NAE6,NAE6/Field Bus1.FEC-TP.TWMU1-F,AI:3052906
ECCP-NAE6,NAE6/Field Bus1.FEC-TP.TWMU1-V,AO:3052920
ECCP-NAE6,NAE6/Field Bus1.FEC-TP.TWMU2-F,AI:3052905
ECCP-NAE6,NAE6/Field Bus1.FEC-TP.TWMU2-V,AO:3052917
ECCP-NAE6,NAE6/Field Bus1.FEC-TP.TWMU3-F,AI:3054389
ECCP-NAE6,NAE6/Field Bus1.FEC-TP.TWMU3-V,AO:3054366
ECCP-NAE6,NAE6/Field Bus1.FEC-TP.TWR-HEADER-V,AO:3054440
ECCP-NAE6,NAE6/Field Bus1.FEC-TP.TWS-HEADER-V1,AO:3054438
ECCP-NAE6,NAE6/Field Bus1.FEC-TP.TWS-HEADER-V2,AO:3054439
ECCP-NAE6,NAE6/Field Bus1.FEC-TRT.ACID1-SC,AO:3062094
ECCP-NAE6,NAE6/Field Bus1.FEC-TRT.ACID1-SS,BO:3062095
ECCP-NAE6,NAE6/Field Bus1.FEC-TRT.ACID-S,BI:3053008
ECCP-NAE6,NAE6/Field Bus1.FEC-TRT.BIOCIDE-S,BI:3053010
ECCP-NAE6,NAE6/Field Bus1.FEC-TRT.BLWDWN-S,BI:3053003
ECCP-NAE6,NAE6/Field Bus1.FEC-TRT.BROMINE-S,BI:3053009
ECCP-NAE6,NAE6/Field Bus1.FEC-TRT.CHEM-DP,AI:3052997
ECCP-NAE6,NAE6/Field Bus1.FEC-TRT.CL17-FCL-OUT,AO:3073770
ECCP-NAE6,NAE6/Field Bus1.FEC-TRT.CLO2-S,BI:3054354
ECCP-NAE6,NAE6/Field Bus1.FEC-TRT.CW-CLO2GEN-ENB,BO:3102461
ECCP-NAE6,NAE6/Field Bus1.FEC-TRT.CW-COND,AI:3054331
ECCP-NAE6,NAE6/Field Bus1.FEC-TRT.CW-FCLO2,AI:3090721
ECCP-NAE6,NAE6/Field Bus1.FEC-TRT.CW-ORP,AI:3054332
ECCP-NAE6,NAE6/Field Bus1.FEC-TRT.CW-PH,AI:3054330
ECCP-NAE6,NAE6/Field Bus1.FEC-TRT.CW-SANDFILT-BW,BI:3082114
ECCP-NAE6,NAE6/Field Bus1.FEC-TRT.CW-SANDFILT-ENB,BO:3084365
ECCP-NAE6,NAE6/Field Bus1.FEC-TRT.CW-SANDFILT-PUMP,BI:3084374
ECCP-NAE6,NAE6/Field Bus1.FEC-TRT.HX2-F,AI:3052998
ECCP-NAE6,NAE6/Field Bus1.FEC-TRT.INHIB1-S,BI:3053007
ECCP-NAE6,NAE6/Field Bus1.FEC-TRT.Parameters.ANYLP-ON,MV:3054807
ECCP-NAE6,NAE6/Field Bus1.FEC-TRT.Parameters.ANYTP-ON,BV:3098940
ECCP-NAE6,NAE6/Field Bus1.FEC-TRT.Parameters.CLO2-ALARM,MV:3078135
ECCP-NAE6,NAE6/Field Bus1.FEC-TRT.Parameters.CLO2-GEN-OUTLET-Reset,MV:3078323
ECCP-NAE6,NAE6/Field Bus1.FEC-TRT.Parameters.CW-CLO2-RDY-TO-RUN,MV:3102465
ECCP-NAE6,NAE6/Field Bus1.FEC-TRT.Parameters.CW-ECC-CLO2FCL-HOLD-TIME,AV:3102464
ECCP-NAE6,NAE6/Field Bus1.FEC-TRT.Parameters.CW-HRN-CLO2-RELIABLE,BV:3102463
ECCP-NAE6,NAE6/Field Bus1.FEC-TRT.Parameters.CW-HRN-CLO2FCL,AV:3102466
ECCP-NAE6,NAE6/Field Bus1.FEC-TRT.Parameters.CW-HRN-CLO2FCL-HOLD-TIME,AV:3102467
ECCP-NAE6,NAE6/Field Bus1.FEC-TRT.Parameters.OADB-T,AV:3054805
ECCP-NAE6,NAE6/Field Bus1.FEC-TRT.Parameters.OAWB-T,AV:3100802
ECCP-NAE6,NAE6/Field Bus1.FEC-TRT.Parameters.THWP High Speed,AV:3054803
ECCP-NAE6,NAE6/Field Bus1.FEC-TRT.Parameters.THWP SYS AVAIL,MV:3054802
ECCP-NAE6,NAE6/Field Bus1.FEC-TRT.Parameters.Tower Blow Down TUNING-RESET,BV:3108708
ECCP-NAE6,NAE6/Field Bus1.FEC-TRT.Parameters.TW1 Evaporation,AV:3108713
ECCP-NAE6,NAE6/Field Bus1.FEC-TRT.Parameters.TW1-ACID-ENB,MV:3063333
ECCP-NAE6,NAE6/Field Bus1.FEC-TRT.Parameters.TW1-ACID-RESET,MV:3063332
ECCP-NAE6,NAE6/Field Bus1.FEC-TRT.Parameters.TW1-ACID-TIME,AV:3063334
ECCP-NAE6,NAE6/Field Bus1.FEC-TRT.Parameters.TW1-BLWDWN SL-OUTSTATE,MV:3108709
ECCP-NAE6,NAE6/Field Bus1.FEC-TRT.Parameters.TW1-BLWDWN-COND-DF,AV:3098939
ECCP-NAE6,NAE6/Field Bus1.FEC-TRT.Parameters.TW1-BLWDWN-COND-ENB-SP,AV:3108706
ECCP-NAE6,NAE6/Field Bus1.FEC-TRT.Parameters.TW1-BLWDWN-COND-SP,AV:3098938
ECCP-NAE6,NAE6/Field Bus1.FEC-TRT.Parameters.TW1-BLWDWN-ENABLE,BV:3108705
ECCP-NAE6,NAE6/Field Bus1.FEC-TRT.Parameters.TW1-BLWDWN-HIL,AV:3108711
ECCP-NAE6,NAE6/Field Bus1.FEC-TRT.Parameters.TW1-BLWDWN-LOCKOUT,BV:3098937
ECCP-NAE6,NAE6/Field Bus1.FEC-TRT.Parameters.TW1-BLWDWN-LOL,AV:3108710
ECCP-NAE6,NAE6/Field Bus1.FEC-TRT.Parameters.TW1-BLWDWN-PB,AV:3108712
ECCP-NAE6,NAE6/Field Bus1.FEC-TRT.Parameters.TW1-BLWDWN-PREBLEED,BV:3098936
ECCP-NAE6,NAE6/Field Bus1.FEC-TRT.Parameters.TW1-BLWDWN-SP-Calc,AV:3108701
ECCP-NAE6,NAE6/Field Bus1.FEC-TRT.Parameters.TW1-BLWDWN-SP-HIL,AV:3108700
ECCP-NAE6,NAE6/Field Bus1.FEC-TRT.Parameters.TW1-BLWDWN-SP-LOL,AV:3108702
ECCP-NAE6,NAE6/Field Bus1.FEC-TRT.Parameters.TW1-BLWDWN-WSP,AV:3108703
ECCP-NAE6,NAE6/Field Bus1.FEC-TRT.Parameters.TW1-CoC,AV:3108704
ECCP-NAE6,NAE6/Field Bus1.FEC-TRT.Parameters.TW1-CoC-SP,AV:3108707
ECCP-NAE6,NAE6/Field Bus1.FEC-TRT.Parameters.TW1-OX-FEED,BV:3100453
ECCP-NAE6,NAE6/Field Bus1.FEC-TRT.Parameters.TW1-OX-LOCK,MV:3100451
ECCP-NAE6,NAE6/Field Bus1.FEC-TRT.Parameters.TW1-OX-RESET,MV:3100452
ECCP-NAE6,NAE6/Field Bus1.FEC-TRT.Parameters.TW1-OX-RUNTIME,AV:3100454
ECCP-NAE6,NAE6/Field Bus1.FEC-TRT.Parameters.TW HX Steam Valve ABSEFFORT,AV:3054812
ECCP-NAE6,NAE6/Field Bus1.FEC-TRT.Parameters.TW HX Steam Valve ABSERROR,AV:3054811
ECCP-NAE6,NAE6/Field Bus1.FEC-TRT.Parameters.TW HX Steam Valve ERROR,AV:3054813
ECCP-NAE6,NAE6/Field Bus1.FEC-TRT.Parameters.TW HX Steam Valve EWMA,AV:3054814
ECCP-NAE6,NAE6/Field Bus1.FEC-TRT.Parameters.TW HX Steam Valve SL-OUTSTATE,MV:3054809
ECCP-NAE6,NAE6/Field Bus1.FEC-TRT.Parameters.TW HX Steam Valve TUNING-RESET,BV:3054808
ECCP-NAE6,NAE6/Field Bus1.FEC-TRT.Parameters.TW-LOLVL1,MV:3055031
ECCP-NAE6,NAE6/Field Bus1.FEC-TRT.Parameters.TW-LVL1,AV:3054801
ECCP-NAE6,NAE6/Field Bus1.FEC-TRT.Parameters.TWHWS-SP1,AV:3100803
ECCP-NAE6,NAE6/Field Bus1.FEC-TRT.Parameters.TWHWS-SP2,AV:3100805
ECCP-NAE6,NAE6/Field Bus1.FEC-TRT.Parameters.TWHWS-WSP,AV:3100807
ECCP-NAE6,NAE6/Field Bus1.FEC-TRT.Parameters.TWHX-OA-SP,AV:3100804
ECCP-NAE6,NAE6/Field Bus1.FEC-TRT.Parameters.Well Water Cond,AV:3108699
ECCP-NAE6,NAE6/Field Bus1.FEC-TRT.THWP-S,BI:3053001
ECCP-NAE6,NAE6/Field Bus1.FEC-TRT.THWP-SC,AO:3053011
ECCP-NAE6,NAE6/Field Bus1.FEC-TRT.THWP-SS,BO:3053002
ECCP-NAE6,NAE6/Field Bus1.FEC-TRT.TW1-BLOWDOWN,BO:3108722
ECCP-NAE6,NAE6/Field Bus1.FEC-TRT.TW1-BLWDWN-V,AO:3108715
ECCP-NAE6,NAE6/Field Bus1.FEC-TRT.TW1-OX-SS,BO:3086816
ECCP-NAE6,NAE6/Field Bus1.FEC-TRT.TW-BLW-F,AI:3053000
ECCP-NAE6,NAE6/Field Bus1.FEC-TRT.TW-COND,AI:3053005
ECCP-NAE6,NAE6/Field Bus1.FEC-TRT.TW-FCL,AI:3054334
ECCP-NAE6,NAE6/Field Bus1.FEC-TRT.TW-ORP,AI:3053006
ECCP-NAE6,NAE6/Field Bus1.FEC-TRT.TW-PH,AI:3053004
ECCP-NAE6,NAE6/Field Bus1.FEC-TRT.TWHWS-T,AI:3052999
ECCP-NAE6,NAE6/Field Bus1.FEC-TRT.TWHXSTM-V,AO:3053013
ECCP-NAE6,NAE6/Field Bus1.FXCP-KW.AI-1,AI:3053520
ECCP-NAE6,NAE6/Field Bus1.FXCP-KW.AI-2,AI:3053519
ECCP-NAE6,NAE6/Field Bus1.FXCP-KW.AI-3,AI:3053518
ECCP-NAE6,NAE6/Field Bus1.FXCP-KW.AI-4,AI:3053517
ECCP-NAE6,NAE6/Field Bus1.FXCP-KW.AI-5,AI:3053516
ECCP-NAE6,NAE6/Field Bus1.FXCP-KW.AI-6,AI:3053515
ECCP-NAE6,NAE6/Field Bus1.FXCP-KW.AI-7,AI:3053514
ECCP-NAE6,NAE6/Field Bus1.FXCP-KW.AI-8,AI:3053513
ECCP-NAE6,NAE6/Field Bus1.FXCP-KW.AI-9,AI:3053512
ECCP-NAE6,NAE6/Field Bus1.FXCP-KW.AI-10,AI:3053511
ECCP-NAE6,NAE6/Field Bus1.FXCP-KW.AI-11,AI:3053510
ECCP-NAE6,NAE6/Field Bus1.FXCP-KW.AI-12,AI:3053509
ECCP-NAE6,NAE6/Field Bus1.FXCP-KW.AI-13,AI:3053508
ECCP-NAE6,NAE6/Field Bus1.FXCP-KW.AI-14,AI:3053507
ECCP-NAE6,NAE6/Field Bus1.FXCP-KW.AI-15,AI:3053549
ECCP-NAE6,NAE6/Field Bus1.FXCP-KW.AI-16,AI:3053536
ECCP-NAE6,NAE6/Field Bus1.FXCP-KW.AI-17,AI:3053535
ECCP-NAE6,NAE6/Field Bus1.FXCP-KW.AI-18,AI:3053534
ECCP-NAE6,NAE6/Field Bus1.FXCP-KW.AI-19,AI:3053533
ECCP-NAE6,NAE6/Field Bus1.FXCP-KW.AI-20,AI:3053532
ECCP-NAE6,NAE6/Field Bus1.FXCP-KW.AI-21,AI:3053531
ECCP-NAE6,NAE6/Field Bus1.FXCP-KW.AI-22,AI:3053530
ECCP-NAE6,NAE6/Field Bus1.FXCP-KW.AI-23,AI:3053529
ECCP-NAE6,NAE6/Field Bus1.FXCP-KW.AI-24,AI:3053528
ECCP-NAE6,NAE6/Field Bus1.FXCP-KW.AI-25,AI:3053527
ECCP-NAE6,NAE6/Field Bus1.FXCP-KW.AI-26,AI:3053526
ECCP-NAE6,NAE6/Field Bus1.FXCP-KW.AI-27,AI:3053525
ECCP-NAE6,NAE6/Field Bus1.FXCP-KW.AI-28,AI:3053524
ECCP-NAE6,NAE6/Field Bus1.FXCP-KW.AI-29,AI:3053523
ECCP-NAE6,NAE6/Field Bus1.FXCP-KW.AI-30,AI:3053522
ECCP-NAE6,NAE6/Field Bus1.FXCP-KW.AI-31,AI:3053521
ECCP-NAE6,NAE6/Field Bus1.FXCP-KW.AI-32,AI:3053548
ECCP-NAE6,NAE6/Field Bus1.FXCP-KW.AI-33,AI:3053547
ECCP-NAE6,NAE6/Field Bus1.FXCP-KW.AI-34,AI:3053546
ECCP-NAE6,NAE6/Field Bus1.FXCP-KW.AI-35,AI:3053545
ECCP-NAE6,NAE6/Field Bus1.FXCP-KW.AI-36,AI:3053544
ECCP-NAE6,NAE6/Field Bus1.FXCP-KW.AI-37,AI:3053543
ECCP-NAE6,NAE6/Field Bus1.FXCP-KW.AI-38,AI:3053542
ECCP-NAE6,NAE6/Field Bus1.FXCP-KW.AI-39,AI:3053541
ECCP-NAE6,NAE6/Field Bus1.FXCP-KW.AI-40,AI:3053540
ECCP-NAE6,NAE6/Field Bus1.FXCP-KW.AI-41,AI:3053539
ECCP-NAE6,NAE6/Field Bus1.FXCP-KW.AI-42,AI:3053538
ECCP-NAE6,NAE6/Field Bus1.FXCP-KW.AI-43,AI:3053537
ECCP-NAE6,NAE6/Field Bus1.LP1-KW.AI-1,AI:3053435
ECCP-NAE6,NAE6/Field Bus1.LP1-KW.AI-2,AI:3053434
ECCP-NAE6,NAE6/Field Bus1.LP1-KW.AI-3,AI:3053433
ECCP-NAE6,NAE6/Field Bus1.LP1-KW.AI-4,AI:3053432
ECCP-NAE6,NAE6/Field Bus1.LP1-KW.AI-5,AI:3053431
ECCP-NAE6,NAE6/Field Bus1.LP1-KW.AI-6,AI:3053430
ECCP-NAE6,NAE6/Field Bus1.LP1-KW.AI-7,AI:3053429
ECCP-NAE6,NAE6/Field Bus1.LP1-KW.AI-8,AI:3053428
ECCP-NAE6,NAE6/Field Bus1.LP1-KW.AI-9,AI:3053427
ECCP-NAE6,NAE6/Field Bus1.LP1-KW.AI-10,AI:3053426
ECCP-NAE6,NAE6/Field Bus1.LP1-KW.AI-11,AI:3053425
ECCP-NAE6,NAE6/Field Bus1.LP1-KW.AI-12,AI:3053424
ECCP-NAE6,NAE6/Field Bus1.LP1-KW.AI-13,AI:3053423
ECCP-NAE6,NAE6/Field Bus1.LP1-KW.AI-14,AI:3053422
ECCP-NAE6,NAE6/Field Bus1.LP1-KW.AI-15,AI:3053421
ECCP-NAE6,NAE6/Field Bus1.LP1-KW.AI-16,AI:3053451
ECCP-NAE6,NAE6/Field Bus1.LP1-KW.AI-17,AI:3053450
ECCP-NAE6,NAE6/Field Bus1.LP1-KW.AI-18,AI:3053449
ECCP-NAE6,NAE6/Field Bus1.LP1-KW.AI-19,AI:3053448
ECCP-NAE6,NAE6/Field Bus1.LP1-KW.AI-20,AI:3053447
ECCP-NAE6,NAE6/Field Bus1.LP1-KW.AI-21,AI:3053446
ECCP-NAE6,NAE6/Field Bus1.LP1-KW.AI-22,AI:3053445
ECCP-NAE6,NAE6/Field Bus1.LP1-KW.AI-23,AI:3053444
ECCP-NAE6,NAE6/Field Bus1.LP1-KW.AI-24,AI:3053443
ECCP-NAE6,NAE6/Field Bus1.LP1-KW.AI-25,AI:3053442
ECCP-NAE6,NAE6/Field Bus1.LP1-KW.AI-26,AI:3053441
ECCP-NAE6,NAE6/Field Bus1.LP1-KW.AI-27,AI:3053440
ECCP-NAE6,NAE6/Field Bus1.LP1-KW.AI-28,AI:3053439
ECCP-NAE6,NAE6/Field Bus1.LP1-KW.AI-29,AI:3053438
ECCP-NAE6,NAE6/Field Bus1.LP1-KW.AI-30,AI:3053437
ECCP-NAE6,NAE6/Field Bus1.LP1-KW.AI-31,AI:3053436
ECCP-NAE6,NAE6/Field Bus1.LP1-KW.AI-32,AI:3053463
ECCP-NAE6,NAE6/Field Bus1.LP1-KW.AI-33,AI:3053462
ECCP-NAE6,NAE6/Field Bus1.LP1-KW.AI-34,AI:3053461
ECCP-NAE6,NAE6/Field Bus1.LP1-KW.AI-35,AI:3053460
ECCP-NAE6,NAE6/Field Bus1.LP1-KW.AI-36,AI:3053459
ECCP-NAE6,NAE6/Field Bus1.LP1-KW.AI-37,AI:3053458
ECCP-NAE6,NAE6/Field Bus1.LP1-KW.AI-38,AI:3053457
ECCP-NAE6,NAE6/Field Bus1.LP1-KW.AI-39,AI:3053456
ECCP-NAE6,NAE6/Field Bus1.LP1-KW.AI-40,AI:3053455
ECCP-NAE6,NAE6/Field Bus1.LP1-KW.AI-41,AI:3053454
ECCP-NAE6,NAE6/Field Bus1.LP1-KW.AI-42,AI:3053453
ECCP-NAE6,NAE6/Field Bus1.LP1-KW.AI-43,AI:3053452
ECCP-NAE6,NAE6/Field Bus1.LP2-KW.AI-1,AI:3053478
ECCP-NAE6,NAE6/Field Bus1.LP2-KW.AI-2,AI:3053477
ECCP-NAE6,NAE6/Field Bus1.LP2-KW.AI-3,AI:3053476
ECCP-NAE6,NAE6/Field Bus1.LP2-KW.AI-4,AI:3053475
ECCP-NAE6,NAE6/Field Bus1.LP2-KW.AI-5,AI:3053474
ECCP-NAE6,NAE6/Field Bus1.LP2-KW.AI-6,AI:3053473
ECCP-NAE6,NAE6/Field Bus1.LP2-KW.AI-7,AI:3053472
ECCP-NAE6,NAE6/Field Bus1.LP2-KW.AI-8,AI:3053471
ECCP-NAE6,NAE6/Field Bus1.LP2-KW.AI-9,AI:3053470
ECCP-NAE6,NAE6/Field Bus1.LP2-KW.AI-10,AI:3053469
ECCP-NAE6,NAE6/Field Bus1.LP2-KW.AI-11,AI:3053468
ECCP-NAE6,NAE6/Field Bus1.LP2-KW.AI-12,AI:3053467
ECCP-NAE6,NAE6/Field Bus1.LP2-KW.AI-13,AI:3053466
ECCP-NAE6,NAE6/Field Bus1.LP2-KW.AI-14,AI:3053465
ECCP-NAE6,NAE6/Field Bus1.LP2-KW.AI-15,AI:3053464
ECCP-NAE6,NAE6/Field Bus1.LP2-KW.AI-16,AI:3053494
ECCP-NAE6,NAE6/Field Bus1.LP2-KW.AI-17,AI:3053493
ECCP-NAE6,NAE6/Field Bus1.LP2-KW.AI-18,AI:3053492
ECCP-NAE6,NAE6/Field Bus1.LP2-KW.AI-19,AI:3053491
ECCP-NAE6,NAE6/Field Bus1.LP2-KW.AI-20,AI:3053490
ECCP-NAE6,NAE6/Field Bus1.LP2-KW.AI-21,AI:3053489
ECCP-NAE6,NAE6/Field Bus1.LP2-KW.AI-22,AI:3053488
ECCP-NAE6,NAE6/Field Bus1.LP2-KW.AI-23,AI:3053487
ECCP-NAE6,NAE6/Field Bus1.LP2-KW.AI-24,AI:3053486
ECCP-NAE6,NAE6/Field Bus1.LP2-KW.AI-25,AI:3053485
ECCP-NAE6,NAE6/Field Bus1.LP2-KW.AI-26,AI:3053484
ECCP-NAE6,NAE6/Field Bus1.LP2-KW.AI-27,AI:3053483
ECCP-NAE6,NAE6/Field Bus1.LP2-KW.AI-28,AI:3053482
ECCP-NAE6,NAE6/Field Bus1.LP2-KW.AI-29,AI:3053481
ECCP-NAE6,NAE6/Field Bus1.LP2-KW.AI-30,AI:3053480
ECCP-NAE6,NAE6/Field Bus1.LP2-KW.AI-31,AI:3053479
ECCP-NAE6,NAE6/Field Bus1.LP2-KW.AI-32,AI:3053506
ECCP-NAE6,NAE6/Field Bus1.LP2-KW.AI-33,AI:3053505
ECCP-NAE6,NAE6/Field Bus1.LP2-KW.AI-34,AI:3053504
ECCP-NAE6,NAE6/Field Bus1.LP2-KW.AI-35,AI:3053503
ECCP-NAE6,NAE6/Field Bus1.LP2-KW.AI-36,AI:3053502
ECCP-NAE6,NAE6/Field Bus1.LP2-KW.AI-37,AI:3053501
ECCP-NAE6,NAE6/Field Bus1.LP2-KW.AI-38,AI:3053500
ECCP-NAE6,NAE6/Field Bus1.LP2-KW.AI-39,AI:3053499
ECCP-NAE6,NAE6/Field Bus1.LP2-KW.AI-40,AI:3053498
ECCP-NAE6,NAE6/Field Bus1.LP2-KW.AI-41,AI:3053497
ECCP-NAE6,NAE6/Field Bus1.LP2-KW.AI-42,AI:3053496
ECCP-NAE6,NAE6/Field Bus1.LP2-KW.AI-43,AI:3053495
ECCP-NAE6,NAE6/Field Bus1.LP3-KW.AI-1,AI:3053611
ECCP-NAE6,NAE6/Field Bus1.LP3-KW.AI-2,AI:3053610
ECCP-NAE6,NAE6/Field Bus1.LP3-KW.AI-3,AI:3053609
ECCP-NAE6,NAE6/Field Bus1.LP3-KW.AI-4,AI:3053608
ECCP-NAE6,NAE6/Field Bus1.LP3-KW.AI-5,AI:3053607
ECCP-NAE6,NAE6/Field Bus1.LP3-KW.AI-6,AI:3053606
ECCP-NAE6,NAE6/Field Bus1.LP3-KW.AI-7,AI:3053605
ECCP-NAE6,NAE6/Field Bus1.LP3-KW.AI-8,AI:3053604
ECCP-NAE6,NAE6/Field Bus1.LP3-KW.AI-9,AI:3053603
ECCP-NAE6,NAE6/Field Bus1.LP3-KW.AI-10,AI:3053602
ECCP-NAE6,NAE6/Field Bus1.LP3-KW.AI-11,AI:3053601
ECCP-NAE6,NAE6/Field Bus1.LP3-KW.AI-12,AI:3053600
ECCP-NAE6,NAE6/Field Bus1.LP3-KW.AI-13,AI:3053599
ECCP-NAE6,NAE6/Field Bus1.LP3-KW.AI-14,AI:3053598
ECCP-NAE6,NAE6/Field Bus1.LP3-KW.AI-15,AI:3053597
ECCP-NAE6,NAE6/Field Bus1.LP3-KW.AI-16,AI:3053627
ECCP-NAE6,NAE6/Field Bus1.LP3-KW.AI-17,AI:3053626
ECCP-NAE6,NAE6/Field Bus1.LP3-KW.AI-18,AI:3053625
ECCP-NAE6,NAE6/Field Bus1.LP3-KW.AI-19,AI:3053624
ECCP-NAE6,NAE6/Field Bus1.LP3-KW.AI-20,AI:3053623
ECCP-NAE6,NAE6/Field Bus1.LP3-KW.AI-21,AI:3053622
ECCP-NAE6,NAE6/Field Bus1.LP3-KW.AI-22,AI:3053621
ECCP-NAE6,NAE6/Field Bus1.LP3-KW.AI-23,AI:3053620
ECCP-NAE6,NAE6/Field Bus1.LP3-KW.AI-24,AI:3053619
ECCP-NAE6,NAE6/Field Bus1.LP3-KW.AI-25,AI:3053618
ECCP-NAE6,NAE6/Field Bus1.LP3-KW.AI-26,AI:3053617
ECCP-NAE6,NAE6/Field Bus1.LP3-KW.AI-27,AI:3053616
ECCP-NAE6,NAE6/Field Bus1.LP3-KW.AI-28,AI:3053615
ECCP-NAE6,NAE6/Field Bus1.LP3-KW.AI-29,AI:3053614
ECCP-NAE6,NAE6/Field Bus1.LP3-KW.AI-30,AI:3053613
ECCP-NAE6,NAE6/Field Bus1.LP3-KW.AI-31,AI:3053612
ECCP-NAE6,NAE6/Field Bus1.LP3-KW.AI-32,AI:3053639
ECCP-NAE6,NAE6/Field Bus1.LP3-KW.AI-33,AI:3053638
ECCP-NAE6,NAE6/Field Bus1.LP3-KW.AI-34,AI:3053637
ECCP-NAE6,NAE6/Field Bus1.LP3-KW.AI-35,AI:3053636
ECCP-NAE6,NAE6/Field Bus1.LP3-KW.AI-36,AI:3053635
ECCP-NAE6,NAE6/Field Bus1.LP3-KW.AI-37,AI:3053634
ECCP-NAE6,NAE6/Field Bus1.LP3-KW.AI-38,AI:3053633
ECCP-NAE6,NAE6/Field Bus1.LP3-KW.AI-39,AI:3053632
ECCP-NAE6,NAE6/Field Bus1.LP3-KW.AI-40,AI:3053631
ECCP-NAE6,NAE6/Field Bus1.LP3-KW.AI-41,AI:3053630
ECCP-NAE6,NAE6/Field Bus1.LP3-KW.AI-42,AI:3053629
ECCP-NAE6,NAE6/Field Bus1.LP3-KW.AI-43,AI:3053628
ECCP-NAE6,NAE6/Field Bus1.LP4-KW.AI-1,AI:3053654
ECCP-NAE6,NAE6/Field Bus1.LP4-KW.AI-2,AI:3053653
ECCP-NAE6,NAE6/Field Bus1.LP4-KW.AI-3,AI:3053652
ECCP-NAE6,NAE6/Field Bus1.LP4-KW.AI-4,AI:3053651
ECCP-NAE6,NAE6/Field Bus1.LP4-KW.AI-5,AI:3053650
ECCP-NAE6,NAE6/Field Bus1.LP4-KW.AI-6,AI:3053649
ECCP-NAE6,NAE6/Field Bus1.LP4-KW.AI-7,AI:3053648
ECCP-NAE6,NAE6/Field Bus1.LP4-KW.AI-8,AI:3053647
ECCP-NAE6,NAE6/Field Bus1.LP4-KW.AI-9,AI:3053646
ECCP-NAE6,NAE6/Field Bus1.LP4-KW.AI-10,AI:3053645
ECCP-NAE6,NAE6/Field Bus1.LP4-KW.AI-11,AI:3053644
ECCP-NAE6,NAE6/Field Bus1.LP4-KW.AI-12,AI:3053643
ECCP-NAE6,NAE6/Field Bus1.LP4-KW.AI-13,AI:3053642
ECCP-NAE6,NAE6/Field Bus1.LP4-KW.AI-14,AI:3053641
ECCP-NAE6,NAE6/Field Bus1.LP4-KW.AI-15,AI:3053640
ECCP-NAE6,NAE6/Field Bus1.LP4-KW.AI-16,AI:3053670
ECCP-NAE6,NAE6/Field Bus1.LP4-KW.AI-17,AI:3053669
ECCP-NAE6,NAE6/Field Bus1.LP4-KW.AI-18,AI:3053668
ECCP-NAE6,NAE6/Field Bus1.LP4-KW.AI-19,AI:3053667
ECCP-NAE6,NAE6/Field Bus1.LP4-KW.AI-20,AI:3053666
ECCP-NAE6,NAE6/Field Bus1.LP4-KW.AI-21,AI:3053665
ECCP-NAE6,NAE6/Field Bus1.LP4-KW.AI-22,AI:3053664
ECCP-NAE6,NAE6/Field Bus1.LP4-KW.AI-23,AI:3053663
ECCP-NAE6,NAE6/Field Bus1.LP4-KW.AI-24,AI:3053662
ECCP-NAE6,NAE6/Field Bus1.LP4-KW.AI-25,AI:3053661
ECCP-NAE6,NAE6/Field Bus1.LP4-KW.AI-26,AI:3053660
ECCP-NAE6,NAE6/Field Bus1.LP4-KW.AI-27,AI:3053659
ECCP-NAE6,NAE6/Field Bus1.LP4-KW.AI-28,AI:3053658
ECCP-NAE6,NAE6/Field Bus1.LP4-KW.AI-29,AI:3053657
ECCP-NAE6,NAE6/Field Bus1.LP4-KW.AI-30,AI:3053656
ECCP-NAE6,NAE6/Field Bus1.LP4-KW.AI-31,AI:3053655
ECCP-NAE6,NAE6/Field Bus1.LP4-KW.AI-32,AI:3053682
ECCP-NAE6,NAE6/Field Bus1.LP4-KW.AI-33,AI:3053681
ECCP-NAE6,NAE6/Field Bus1.LP4-KW.AI-34,AI:3053680
ECCP-NAE6,NAE6/Field Bus1.LP4-KW.AI-35,AI:3053679
ECCP-NAE6,NAE6/Field Bus1.LP4-KW.AI-36,AI:3053678
ECCP-NAE6,NAE6/Field Bus1.LP4-KW.AI-37,AI:3053677
ECCP-NAE6,NAE6/Field Bus1.LP4-KW.AI-38,AI:3053676
ECCP-NAE6,NAE6/Field Bus1.LP4-KW.AI-39,AI:3053675
ECCP-NAE6,NAE6/Field Bus1.LP4-KW.AI-40,AI:3053674
ECCP-NAE6,NAE6/Field Bus1.LP4-KW.AI-41,AI:3053673
ECCP-NAE6,NAE6/Field Bus1.LP4-KW.AI-42,AI:3053672
ECCP-NAE6,NAE6/Field Bus1.LP4-KW.AI-43,AI:3053671
ECCP-NAE6,NAE6/Field Bus1.TF1-KW.AI-1,AI:3053869
ECCP-NAE6,NAE6/Field Bus1.TF1-KW.AI-2,AI:3053868
ECCP-NAE6,NAE6/Field Bus1.TF1-KW.AI-3,AI:3053867
ECCP-NAE6,NAE6/Field Bus1.TF1-KW.AI-4,AI:3053866
ECCP-NAE6,NAE6/Field Bus1.TF1-KW.AI-5,AI:3053865
ECCP-NAE6,NAE6/Field Bus1.TF1-KW.AI-6,AI:3053864
ECCP-NAE6,NAE6/Field Bus1.TF1-KW.AI-7,AI:3053863
ECCP-NAE6,NAE6/Field Bus1.TF1-KW.AI-8,AI:3053862
ECCP-NAE6,NAE6/Field Bus1.TF1-KW.AI-9,AI:3053861
ECCP-NAE6,NAE6/Field Bus1.TF1-KW.AI-10,AI:3053860
ECCP-NAE6,NAE6/Field Bus1.TF1-KW.AI-11,AI:3053859
ECCP-NAE6,NAE6/Field Bus1.TF1-KW.AI-12,AI:3053858
ECCP-NAE6,NAE6/Field Bus1.TF1-KW.AI-13,AI:3053857
ECCP-NAE6,NAE6/Field Bus1.TF1-KW.AI-14,AI:3053856
ECCP-NAE6,NAE6/Field Bus1.TF1-KW.AI-15,AI:3053855
ECCP-NAE6,NAE6/Field Bus1.TF1-KW.AI-16,AI:3053885
ECCP-NAE6,NAE6/Field Bus1.TF1-KW.AI-17,AI:3053884
ECCP-NAE6,NAE6/Field Bus1.TF1-KW.AI-18,AI:3053883
ECCP-NAE6,NAE6/Field Bus1.TF1-KW.AI-19,AI:3053882
ECCP-NAE6,NAE6/Field Bus1.TF1-KW.AI-20,AI:3053881
ECCP-NAE6,NAE6/Field Bus1.TF1-KW.AI-21,AI:3053880
ECCP-NAE6,NAE6/Field Bus1.TF1-KW.AI-22,AI:3053879
ECCP-NAE6,NAE6/Field Bus1.TF1-KW.AI-23,AI:3053878
ECCP-NAE6,NAE6/Field Bus1.TF1-KW.AI-24,AI:3053877
ECCP-NAE6,NAE6/Field Bus1.TF1-KW.AI-25,AI:3053876
ECCP-NAE6,NAE6/Field Bus1.TF1-KW.AI-26,AI:3053875
ECCP-NAE6,NAE6/Field Bus1.TF1-KW.AI-27,AI:3053874
ECCP-NAE6,NAE6/Field Bus1.TF1-KW.AI-28,AI:3053873
ECCP-NAE6,NAE6/Field Bus1.TF1-KW.AI-29,AI:3053872
ECCP-NAE6,NAE6/Field Bus1.TF1-KW.AI-30,AI:3053871
ECCP-NAE6,NAE6/Field Bus1.TF1-KW.AI-31,AI:3053870
ECCP-NAE6,NAE6/Field Bus1.TF1-KW.AI-32,AI:3053897
ECCP-NAE6,NAE6/Field Bus1.TF1-KW.AI-33,AI:3053896
ECCP-NAE6,NAE6/Field Bus1.TF1-KW.AI-34,AI:3053895
ECCP-NAE6,NAE6/Field Bus1.TF1-KW.AI-35,AI:3053894
ECCP-NAE6,NAE6/Field Bus1.TF1-KW.AI-36,AI:3053893
ECCP-NAE6,NAE6/Field Bus1.TF1-KW.AI-37,AI:3053892
ECCP-NAE6,NAE6/Field Bus1.TF1-KW.AI-38,AI:3053891
ECCP-NAE6,NAE6/Field Bus1.TF1-KW.AI-39,AI:3053890
ECCP-NAE6,NAE6/Field Bus1.TF1-KW.AI-40,AI:3053889
ECCP-NAE6,NAE6/Field Bus1.TF1-KW.AI-41,AI:3053888
ECCP-NAE6,NAE6/Field Bus1.TF1-KW.AI-42,AI:3053887
ECCP-NAE6,NAE6/Field Bus1.TF1-KW.AI-43,AI:3053886
ECCP-NAE6,NAE6/Field Bus1.TF2-KW.AI-1,AI:3053912
ECCP-NAE6,NAE6/Field Bus1.TF2-KW.AI-2,AI:3053911
ECCP-NAE6,NAE6/Field Bus1.TF2-KW.AI-3,AI:3053910
ECCP-NAE6,NAE6/Field Bus1.TF2-KW.AI-4,AI:3053909
ECCP-NAE6,NAE6/Field Bus1.TF2-KW.AI-5,AI:3053908
ECCP-NAE6,NAE6/Field Bus1.TF2-KW.AI-6,AI:3053907
ECCP-NAE6,NAE6/Field Bus1.TF2-KW.AI-7,AI:3053906
ECCP-NAE6,NAE6/Field Bus1.TF2-KW.AI-8,AI:3053905
ECCP-NAE6,NAE6/Field Bus1.TF2-KW.AI-9,AI:3053904
ECCP-NAE6,NAE6/Field Bus1.TF2-KW.AI-10,AI:3053903
ECCP-NAE6,NAE6/Field Bus1.TF2-KW.AI-11,AI:3053902
ECCP-NAE6,NAE6/Field Bus1.TF2-KW.AI-12,AI:3053901
ECCP-NAE6,NAE6/Field Bus1.TF2-KW.AI-13,AI:3053900
ECCP-NAE6,NAE6/Field Bus1.TF2-KW.AI-14,AI:3053899
ECCP-NAE6,NAE6/Field Bus1.TF2-KW.AI-15,AI:3053898
ECCP-NAE6,NAE6/Field Bus1.TF2-KW.AI-16,AI:3053928
ECCP-NAE6,NAE6/Field Bus1.TF2-KW.AI-17,AI:3053927
ECCP-NAE6,NAE6/Field Bus1.TF2-KW.AI-18,AI:3053926
ECCP-NAE6,NAE6/Field Bus1.TF2-KW.AI-19,AI:3053925
ECCP-NAE6,NAE6/Field Bus1.TF2-KW.AI-20,AI:3053924
ECCP-NAE6,NAE6/Field Bus1.TF2-KW.AI-21,AI:3053923
ECCP-NAE6,NAE6/Field Bus1.TF2-KW.AI-22,AI:3053922
ECCP-NAE6,NAE6/Field Bus1.TF2-KW.AI-23,AI:3053921
ECCP-NAE6,NAE6/Field Bus1.TF2-KW.AI-24,AI:3053920
ECCP-NAE6,NAE6/Field Bus1.TF2-KW.AI-25,AI:3053919
ECCP-NAE6,NAE6/Field Bus1.TF2-KW.AI-26,AI:3053918
ECCP-NAE6,NAE6/Field Bus1.TF2-KW.AI-27,AI:3053917
ECCP-NAE6,NAE6/Field Bus1.TF2-KW.AI-28,AI:3053916
ECCP-NAE6,NAE6/Field Bus1.TF2-KW.AI-29,AI:3053915
ECCP-NAE6,NAE6/Field Bus1.TF2-KW.AI-30,AI:3053914
ECCP-NAE6,NAE6/Field Bus1.TF2-KW.AI-31,AI:3053913
ECCP-NAE6,NAE6/Field Bus1.TF2-KW.AI-32,AI:3053940
ECCP-NAE6,NAE6/Field Bus1.TF2-KW.AI-33,AI:3053939
ECCP-NAE6,NAE6/Field Bus1.TF2-KW.AI-34,AI:3053938
ECCP-NAE6,NAE6/Field Bus1.TF2-KW.AI-35,AI:3053937
ECCP-NAE6,NAE6/Field Bus1.TF2-KW.AI-36,AI:3053936
ECCP-NAE6,NAE6/Field Bus1.TF2-KW.AI-37,AI:3053935
ECCP-NAE6,NAE6/Field Bus1.TF2-KW.AI-38,AI:3053934
ECCP-NAE6,NAE6/Field Bus1.TF2-KW.AI-39,AI:3053933
ECCP-NAE6,NAE6/Field Bus1.TF2-KW.AI-40,AI:3053932
ECCP-NAE6,NAE6/Field Bus1.TF2-KW.AI-41,AI:3053931
ECCP-NAE6,NAE6/Field Bus1.TF2-KW.AI-42,AI:3053930
ECCP-NAE6,NAE6/Field Bus1.TF2-KW.AI-43,AI:3053929
ECCP-NAE6,NAE6/Field Bus1.TF3-KW.AI-1,AI:3053955
ECCP-NAE6,NAE6/Field Bus1.TF3-KW.AI-2,AI:3053954
ECCP-NAE6,NAE6/Field Bus1.TF3-KW.AI-3,AI:3053953
ECCP-NAE6,NAE6/Field Bus1.TF3-KW.AI-4,AI:3053952
ECCP-NAE6,NAE6/Field Bus1.TF3-KW.AI-5,AI:3053951
ECCP-NAE6,NAE6/Field Bus1.TF3-KW.AI-6,AI:3053950
ECCP-NAE6,NAE6/Field Bus1.TF3-KW.AI-7,AI:3053949
ECCP-NAE6,NAE6/Field Bus1.TF3-KW.AI-8,AI:3053948
ECCP-NAE6,NAE6/Field Bus1.TF3-KW.AI-9,AI:3053947
ECCP-NAE6,NAE6/Field Bus1.TF3-KW.AI-10,AI:3053946
ECCP-NAE6,NAE6/Field Bus1.TF3-KW.AI-11,AI:3053945
ECCP-NAE6,NAE6/Field Bus1.TF3-KW.AI-12,AI:3053944
ECCP-NAE6,NAE6/Field Bus1.TF3-KW.AI-13,AI:3053943
ECCP-NAE6,NAE6/Field Bus1.TF3-KW.AI-14,AI:3053942
ECCP-NAE6,NAE6/Field Bus1.TF3-KW.AI-15,AI:3053941
ECCP-NAE6,NAE6/Field Bus1.TF3-KW.AI-16,AI:3053971
ECCP-NAE6,NAE6/Field Bus1.TF3-KW.AI-17,AI:3053970
ECCP-NAE6,NAE6/Field Bus1.TF3-KW.AI-18,AI:3053969
ECCP-NAE6,NAE6/Field Bus1.TF3-KW.AI-19,AI:3053968
ECCP-NAE6,NAE6/Field Bus1.TF3-KW.AI-20,AI:3053967
ECCP-NAE6,NAE6/Field Bus1.TF3-KW.AI-21,AI:3053966
ECCP-NAE6,NAE6/Field Bus1.TF3-KW.AI-22,AI:3053965
ECCP-NAE6,NAE6/Field Bus1.TF3-KW.AI-23,AI:3053964
ECCP-NAE6,NAE6/Field Bus1.TF3-KW.AI-24,AI:3053963
ECCP-NAE6,NAE6/Field Bus1.TF3-KW.AI-25,AI:3053962
ECCP-NAE6,NAE6/Field Bus1.TF3-KW.AI-26,AI:3053961
ECCP-NAE6,NAE6/Field Bus1.TF3-KW.AI-27,AI:3053960
ECCP-NAE6,NAE6/Field Bus1.TF3-KW.AI-28,AI:3053959
ECCP-NAE6,NAE6/Field Bus1.TF3-KW.AI-29,AI:3053958
ECCP-NAE6,NAE6/Field Bus1.TF3-KW.AI-30,AI:3053957
ECCP-NAE6,NAE6/Field Bus1.TF3-KW.AI-31,AI:3053956
ECCP-NAE6,NAE6/Field Bus1.TF3-KW.AI-32,AI:3053983
ECCP-NAE6,NAE6/Field Bus1.TF3-KW.AI-33,AI:3053982
ECCP-NAE6,NAE6/Field Bus1.TF3-KW.AI-34,AI:3053981
ECCP-NAE6,NAE6/Field Bus1.TF3-KW.AI-35,AI:3053980
ECCP-NAE6,NAE6/Field Bus1.TF3-KW.AI-36,AI:3053979
ECCP-NAE6,NAE6/Field Bus1.TF3-KW.AI-37,AI:3053978
ECCP-NAE6,NAE6/Field Bus1.TF3-KW.AI-38,AI:3053977
ECCP-NAE6,NAE6/Field Bus1.TF3-KW.AI-39,AI:3053976
ECCP-NAE6,NAE6/Field Bus1.TF3-KW.AI-40,AI:3053975
ECCP-NAE6,NAE6/Field Bus1.TF3-KW.AI-41,AI:3053974
ECCP-NAE6,NAE6/Field Bus1.TF3-KW.AI-42,AI:3053973
ECCP-NAE6,NAE6/Field Bus1.TF3-KW.AI-43,AI:3053972
ECCP-NAE6,NAE6/Field Bus1.TF4-KW.AI-1,AI:3053998
ECCP-NAE6,NAE6/Field Bus1.TF4-KW.AI-2,AI:3053997
ECCP-NAE6,NAE6/Field Bus1.TF4-KW.AI-3,AI:3053996
ECCP-NAE6,NAE6/Field Bus1.TF4-KW.AI-4,AI:3053995
ECCP-NAE6,NAE6/Field Bus1.TF4-KW.AI-5,AI:3053994
ECCP-NAE6,NAE6/Field Bus1.TF4-KW.AI-6,AI:3053993
ECCP-NAE6,NAE6/Field Bus1.TF4-KW.AI-7,AI:3053992
ECCP-NAE6,NAE6/Field Bus1.TF4-KW.AI-8,AI:3053991
ECCP-NAE6,NAE6/Field Bus1.TF4-KW.AI-9,AI:3053990
ECCP-NAE6,NAE6/Field Bus1.TF4-KW.AI-10,AI:3053989
ECCP-NAE6,NAE6/Field Bus1.TF4-KW.AI-11,AI:3053988
ECCP-NAE6,NAE6/Field Bus1.TF4-KW.AI-12,AI:3053987
ECCP-NAE6,NAE6/Field Bus1.TF4-KW.AI-13,AI:3053986
ECCP-NAE6,NAE6/Field Bus1.TF4-KW.AI-14,AI:3053985
ECCP-NAE6,NAE6/Field Bus1.TF4-KW.AI-15,AI:3053984
ECCP-NAE6,NAE6/Field Bus1.TF4-KW.AI-16,AI:3054014
ECCP-NAE6,NAE6/Field Bus1.TF4-KW.AI-17,AI:3054013
ECCP-NAE6,NAE6/Field Bus1.TF4-KW.AI-18,AI:3054012
ECCP-NAE6,NAE6/Field Bus1.TF4-KW.AI-19,AI:3054011
ECCP-NAE6,NAE6/Field Bus1.TF4-KW.AI-20,AI:3054010
ECCP-NAE6,NAE6/Field Bus1.TF4-KW.AI-21,AI:3054009
ECCP-NAE6,NAE6/Field Bus1.TF4-KW.AI-22,AI:3054008
ECCP-NAE6,NAE6/Field Bus1.TF4-KW.AI-23,AI:3054007
ECCP-NAE6,NAE6/Field Bus1.TF4-KW.AI-24,AI:3054006
ECCP-NAE6,NAE6/Field Bus1.TF4-KW.AI-25,AI:3054005
ECCP-NAE6,NAE6/Field Bus1.TF4-KW.AI-26,AI:3054004
ECCP-NAE6,NAE6/Field Bus1.TF4-KW.AI-27,AI:3054003
ECCP-NAE6,NAE6/Field Bus1.TF4-KW.AI-28,AI:3054002
ECCP-NAE6,NAE6/Field Bus1.TF4-KW.AI-29,AI:3054001
ECCP-NAE6,NAE6/Field Bus1.TF4-KW.AI-30,AI:3054000
ECCP-NAE6,NAE6/Field Bus1.TF4-KW.AI-31,AI:3053999
ECCP-NAE6,NAE6/Field Bus1.TF4-KW.AI-32,AI:3054026
ECCP-NAE6,NAE6/Field Bus1.TF4-KW.AI-33,AI:3054025
ECCP-NAE6,NAE6/Field Bus1.TF4-KW.AI-34,AI:3054024
ECCP-NAE6,NAE6/Field Bus1.TF4-KW.AI-35,AI:3054023
ECCP-NAE6,NAE6/Field Bus1.TF4-KW.AI-36,AI:3054022
ECCP-NAE6,NAE6/Field Bus1.TF4-KW.AI-37,AI:3054021
ECCP-NAE6,NAE6/Field Bus1.TF4-KW.AI-38,AI:3054020
ECCP-NAE6,NAE6/Field Bus1.TF4-KW.AI-39,AI:3054019
ECCP-NAE6,NAE6/Field Bus1.TF4-KW.AI-40,AI:3054018
ECCP-NAE6,NAE6/Field Bus1.TF4-KW.AI-41,AI:3054017
ECCP-NAE6,NAE6/Field Bus1.TF4-KW.AI-42,AI:3054016
ECCP-NAE6,NAE6/Field Bus1.TF4-KW.AI-43,AI:3054015
ECCP-NAE6,NAE6/Field Bus1.THWP-KW.AI-1,AI:3054232
ECCP-NAE6,NAE6/Field Bus1.THWP-KW.AI-2,AI:3054231
ECCP-NAE6,NAE6/Field Bus1.THWP-KW.AI-3,AI:3054230
ECCP-NAE6,NAE6/Field Bus1.THWP-KW.AI-4,AI:3054229
ECCP-NAE6,NAE6/Field Bus1.THWP-KW.AI-5,AI:3054228
ECCP-NAE6,NAE6/Field Bus1.THWP-KW.AI-6,AI:3054227
ECCP-NAE6,NAE6/Field Bus1.THWP-KW.AI-7,AI:3054226
ECCP-NAE6,NAE6/Field Bus1.THWP-KW.AI-8,AI:3054225
ECCP-NAE6,NAE6/Field Bus1.THWP-KW.AI-9,AI:3054224
ECCP-NAE6,NAE6/Field Bus1.THWP-KW.AI-10,AI:3054223
ECCP-NAE6,NAE6/Field Bus1.THWP-KW.AI-11,AI:3054222
ECCP-NAE6,NAE6/Field Bus1.THWP-KW.AI-12,AI:3054221
ECCP-NAE6,NAE6/Field Bus1.THWP-KW.AI-13,AI:3054220
ECCP-NAE6,NAE6/Field Bus1.THWP-KW.AI-14,AI:3054219
ECCP-NAE6,NAE6/Field Bus1.THWP-KW.AI-15,AI:3054218
ECCP-NAE6,NAE6/Field Bus1.THWP-KW.AI-16,AI:3054248
ECCP-NAE6,NAE6/Field Bus1.THWP-KW.AI-17,AI:3054247
ECCP-NAE6,NAE6/Field Bus1.THWP-KW.AI-18,AI:3054246
ECCP-NAE6,NAE6/Field Bus1.THWP-KW.AI-19,AI:3054245
ECCP-NAE6,NAE6/Field Bus1.THWP-KW.AI-20,AI:3054244
ECCP-NAE6,NAE6/Field Bus1.THWP-KW.AI-21,AI:3054243
ECCP-NAE6,NAE6/Field Bus1.THWP-KW.AI-22,AI:3054242
ECCP-NAE6,NAE6/Field Bus1.THWP-KW.AI-23,AI:3054241
ECCP-NAE6,NAE6/Field Bus1.THWP-KW.AI-24,AI:3054240
ECCP-NAE6,NAE6/Field Bus1.THWP-KW.AI-25,AI:3054239
ECCP-NAE6,NAE6/Field Bus1.THWP-KW.AI-26,AI:3054238
ECCP-NAE6,NAE6/Field Bus1.THWP-KW.AI-27,AI:3054237
ECCP-NAE6,NAE6/Field Bus1.THWP-KW.AI-28,AI:3054236
ECCP-NAE6,NAE6/Field Bus1.THWP-KW.AI-29,AI:3054235
ECCP-NAE6,NAE6/Field Bus1.THWP-KW.AI-30,AI:3054234
ECCP-NAE6,NAE6/Field Bus1.THWP-KW.AI-31,AI:3054233
ECCP-NAE6,NAE6/Field Bus1.THWP-KW.AI-32,AI:3054260
ECCP-NAE6,NAE6/Field Bus1.THWP-KW.AI-33,AI:3054259
ECCP-NAE6,NAE6/Field Bus1.THWP-KW.AI-34,AI:3054258
ECCP-NAE6,NAE6/Field Bus1.THWP-KW.AI-35,AI:3054257
ECCP-NAE6,NAE6/Field Bus1.THWP-KW.AI-36,AI:3054256
ECCP-NAE6,NAE6/Field Bus1.THWP-KW.AI-37,AI:3054255
ECCP-NAE6,NAE6/Field Bus1.THWP-KW.AI-38,AI:3054254
ECCP-NAE6,NAE6/Field Bus1.THWP-KW.AI-39,AI:3054253
ECCP-NAE6,NAE6/Field Bus1.THWP-KW.AI-40,AI:3054252
ECCP-NAE6,NAE6/Field Bus1.THWP-KW.AI-41,AI:3054251
ECCP-NAE6,NAE6/Field Bus1.THWP-KW.AI-42,AI:3054250
ECCP-NAE6,NAE6/Field Bus1.THWP-KW.AI-43,AI:3054249
ECCP-NAE6,NAE6/Field Bus1.TP1-KW.AI-1,AI:3053697
ECCP-NAE6,NAE6/Field Bus1.TP1-KW.AI-2,AI:3053696
ECCP-NAE6,NAE6/Field Bus1.TP1-KW.AI-3,AI:3053695
ECCP-NAE6,NAE6/Field Bus1.TP1-KW.AI-4,AI:3053694
ECCP-NAE6,NAE6/Field Bus1.TP1-KW.AI-5,AI:3053693
ECCP-NAE6,NAE6/Field Bus1.TP1-KW.AI-6,AI:3053692
ECCP-NAE6,NAE6/Field Bus1.TP1-KW.AI-7,AI:3053691
ECCP-NAE6,NAE6/Field Bus1.TP1-KW.AI-8,AI:3053690
ECCP-NAE6,NAE6/Field Bus1.TP1-KW.AI-9,AI:3053689
ECCP-NAE6,NAE6/Field Bus1.TP1-KW.AI-10,AI:3053688
ECCP-NAE6,NAE6/Field Bus1.TP1-KW.AI-11,AI:3053687
ECCP-NAE6,NAE6/Field Bus1.TP1-KW.AI-12,AI:3053686
ECCP-NAE6,NAE6/Field Bus1.TP1-KW.AI-13,AI:3053685
ECCP-NAE6,NAE6/Field Bus1.TP1-KW.AI-14,AI:3053684
ECCP-NAE6,NAE6/Field Bus1.TP1-KW.AI-15,AI:3053683
ECCP-NAE6,NAE6/Field Bus1.TP1-KW.AI-16,AI:3053713
ECCP-NAE6,NAE6/Field Bus1.TP1-KW.AI-17,AI:3053712
ECCP-NAE6,NAE6/Field Bus1.TP1-KW.AI-18,AI:3053711
ECCP-NAE6,NAE6/Field Bus1.TP1-KW.AI-19,AI:3053710
ECCP-NAE6,NAE6/Field Bus1.TP1-KW.AI-20,AI:3053709
ECCP-NAE6,NAE6/Field Bus1.TP1-KW.AI-21,AI:3053708
ECCP-NAE6,NAE6/Field Bus1.TP1-KW.AI-22,AI:3053707
ECCP-NAE6,NAE6/Field Bus1.TP1-KW.AI-23,AI:3053706
ECCP-NAE6,NAE6/Field Bus1.TP1-KW.AI-24,AI:3053705
ECCP-NAE6,NAE6/Field Bus1.TP1-KW.AI-25,AI:3053704
ECCP-NAE6,NAE6/Field Bus1.TP1-KW.AI-26,AI:3053703
ECCP-NAE6,NAE6/Field Bus1.TP1-KW.AI-27,AI:3053702
ECCP-NAE6,NAE6/Field Bus1.TP1-KW.AI-28,AI:3053701
ECCP-NAE6,NAE6/Field Bus1.TP1-KW.AI-29,AI:3053700
ECCP-NAE6,NAE6/Field Bus1.TP1-KW.AI-30,AI:3053699
ECCP-NAE6,NAE6/Field Bus1.TP1-KW.AI-31,AI:3053698
ECCP-NAE6,NAE6/Field Bus1.TP1-KW.AI-32,AI:3053725
ECCP-NAE6,NAE6/Field Bus1.TP1-KW.AI-33,AI:3053724
ECCP-NAE6,NAE6/Field Bus1.TP1-KW.AI-34,AI:3053723
ECCP-NAE6,NAE6/Field Bus1.TP1-KW.AI-35,AI:3053722
ECCP-NAE6,NAE6/Field Bus1.TP1-KW.AI-36,AI:3053721
ECCP-NAE6,NAE6/Field Bus1.TP1-KW.AI-37,AI:3053720
ECCP-NAE6,NAE6/Field Bus1.TP1-KW.AI-38,AI:3053719
ECCP-NAE6,NAE6/Field Bus1.TP1-KW.AI-39,AI:3053718
ECCP-NAE6,NAE6/Field Bus1.TP1-KW.AI-40,AI:3053717
ECCP-NAE6,NAE6/Field Bus1.TP1-KW.AI-41,AI:3053716
ECCP-NAE6,NAE6/Field Bus1.TP1-KW.AI-42,AI:3053715
ECCP-NAE6,NAE6/Field Bus1.TP1-KW.AI-43,AI:3053714
ECCP-NAE6,NAE6/Field Bus1.TP2-KW.AI-1,AI:3053740
ECCP-NAE6,NAE6/Field Bus1.TP2-KW.AI-2,AI:3053739
ECCP-NAE6,NAE6/Field Bus1.TP2-KW.AI-3,AI:3053738
ECCP-NAE6,NAE6/Field Bus1.TP2-KW.AI-4,AI:3053737
ECCP-NAE6,NAE6/Field Bus1.TP2-KW.AI-5,AI:3053736
ECCP-NAE6,NAE6/Field Bus1.TP2-KW.AI-6,AI:3053735
ECCP-NAE6,NAE6/Field Bus1.TP2-KW.AI-7,AI:3053734
ECCP-NAE6,NAE6/Field Bus1.TP2-KW.AI-8,AI:3053733
ECCP-NAE6,NAE6/Field Bus1.TP2-KW.AI-9,AI:3053732
ECCP-NAE6,NAE6/Field Bus1.TP2-KW.AI-10,AI:3053731
ECCP-NAE6,NAE6/Field Bus1.TP2-KW.AI-11,AI:3053730
ECCP-NAE6,NAE6/Field Bus1.TP2-KW.AI-12,AI:3053729
ECCP-NAE6,NAE6/Field Bus1.TP2-KW.AI-13,AI:3053728
ECCP-NAE6,NAE6/Field Bus1.TP2-KW.AI-14,AI:3053727
ECCP-NAE6,NAE6/Field Bus1.TP2-KW.AI-15,AI:3053726
ECCP-NAE6,NAE6/Field Bus1.TP2-KW.AI-16,AI:3053756
ECCP-NAE6,NAE6/Field Bus1.TP2-KW.AI-17,AI:3053755
ECCP-NAE6,NAE6/Field Bus1.TP2-KW.AI-18,AI:3053754
ECCP-NAE6,NAE6/Field Bus1.TP2-KW.AI-19,AI:3053753
ECCP-NAE6,NAE6/Field Bus1.TP2-KW.AI-20,AI:3053752
ECCP-NAE6,NAE6/Field Bus1.TP2-KW.AI-21,AI:3053751
ECCP-NAE6,NAE6/Field Bus1.TP2-KW.AI-22,AI:3053750
ECCP-NAE6,NAE6/Field Bus1.TP2-KW.AI-23,AI:3053749
ECCP-NAE6,NAE6/Field Bus1.TP2-KW.AI-24,AI:3053748
ECCP-NAE6,NAE6/Field Bus1.TP2-KW.AI-25,AI:3053747
ECCP-NAE6,NAE6/Field Bus1.TP2-KW.AI-26,AI:3053746
ECCP-NAE6,NAE6/Field Bus1.TP2-KW.AI-27,AI:3053745
ECCP-NAE6,NAE6/Field Bus1.TP2-KW.AI-28,AI:3053744
ECCP-NAE6,NAE6/Field Bus1.TP2-KW.AI-29,AI:3053743
ECCP-NAE6,NAE6/Field Bus1.TP2-KW.AI-30,AI:3053742
ECCP-NAE6,NAE6/Field Bus1.TP2-KW.AI-31,AI:3053741
ECCP-NAE6,NAE6/Field Bus1.TP2-KW.AI-32,AI:3053768
ECCP-NAE6,NAE6/Field Bus1.TP2-KW.AI-33,AI:3053767
ECCP-NAE6,NAE6/Field Bus1.TP2-KW.AI-34,AI:3053766
ECCP-NAE6,NAE6/Field Bus1.TP2-KW.AI-35,AI:3053765
ECCP-NAE6,NAE6/Field Bus1.TP2-KW.AI-36,AI:3053764
ECCP-NAE6,NAE6/Field Bus1.TP2-KW.AI-37,AI:3053763
ECCP-NAE6,NAE6/Field Bus1.TP2-KW.AI-38,AI:3053762
ECCP-NAE6,NAE6/Field Bus1.TP2-KW.AI-39,AI:3053761
ECCP-NAE6,NAE6/Field Bus1.TP2-KW.AI-40,AI:3053760
ECCP-NAE6,NAE6/Field Bus1.TP2-KW.AI-41,AI:3053759
ECCP-NAE6,NAE6/Field Bus1.TP2-KW.AI-42,AI:3053758
ECCP-NAE6,NAE6/Field Bus1.TP2-KW.AI-43,AI:3053757
ECCP-NAE6,NAE6/Field Bus1.TP3-KW.AI-1,AI:3053783
ECCP-NAE6,NAE6/Field Bus1.TP3-KW.AI-2,AI:3053782
ECCP-NAE6,NAE6/Field Bus1.TP3-KW.AI-3,AI:3053781
ECCP-NAE6,NAE6/Field Bus1.TP3-KW.AI-4,AI:3053780
ECCP-NAE6,NAE6/Field Bus1.TP3-KW.AI-5,AI:3053779
ECCP-NAE6,NAE6/Field Bus1.TP3-KW.AI-6,AI:3053778
ECCP-NAE6,NAE6/Field Bus1.TP3-KW.AI-7,AI:3053777
ECCP-NAE6,NAE6/Field Bus1.TP3-KW.AI-8,AI:3053776
ECCP-NAE6,NAE6/Field Bus1.TP3-KW.AI-9,AI:3053775
ECCP-NAE6,NAE6/Field Bus1.TP3-KW.AI-10,AI:3053774
ECCP-NAE6,NAE6/Field Bus1.TP3-KW.AI-11,AI:3053773
ECCP-NAE6,NAE6/Field Bus1.TP3-KW.AI-12,AI:3053772
ECCP-NAE6,NAE6/Field Bus1.TP3-KW.AI-13,AI:3053771
ECCP-NAE6,NAE6/Field Bus1.TP3-KW.AI-14,AI:3053770
ECCP-NAE6,NAE6/Field Bus1.TP3-KW.AI-15,AI:3053769
ECCP-NAE6,NAE6/Field Bus1.TP3-KW.AI-16,AI:3053799
ECCP-NAE6,NAE6/Field Bus1.TP3-KW.AI-17,AI:3053798
ECCP-NAE6,NAE6/Field Bus1.TP3-KW.AI-18,AI:3053797
ECCP-NAE6,NAE6/Field Bus1.TP3-KW.AI-19,AI:3053796
ECCP-NAE6,NAE6/Field Bus1.TP3-KW.AI-20,AI:3053795
ECCP-NAE6,NAE6/Field Bus1.TP3-KW.AI-21,AI:3053794
ECCP-NAE6,NAE6/Field Bus1.TP3-KW.AI-22,AI:3053793
ECCP-NAE6,NAE6/Field Bus1.TP3-KW.AI-23,AI:3053792
ECCP-NAE6,NAE6/Field Bus1.TP3-KW.AI-24,AI:3053791
ECCP-NAE6,NAE6/Field Bus1.TP3-KW.AI-25,AI:3053790
ECCP-NAE6,NAE6/Field Bus1.TP3-KW.AI-26,AI:3053789
ECCP-NAE6,NAE6/Field Bus1.TP3-KW.AI-27,AI:3053788
ECCP-NAE6,NAE6/Field Bus1.TP3-KW.AI-28,AI:3053787
ECCP-NAE6,NAE6/Field Bus1.TP3-KW.AI-29,AI:3053786
ECCP-NAE6,NAE6/Field Bus1.TP3-KW.AI-30,AI:3053785
ECCP-NAE6,NAE6/Field Bus1.TP3-KW.AI-31,AI:3053784
ECCP-NAE6,NAE6/Field Bus1.TP3-KW.AI-32,AI:3053811
ECCP-NAE6,NAE6/Field Bus1.TP3-KW.AI-33,AI:3053810
ECCP-NAE6,NAE6/Field Bus1.TP3-KW.AI-34,AI:3053809
ECCP-NAE6,NAE6/Field Bus1.TP3-KW.AI-35,AI:3053808
ECCP-NAE6,NAE6/Field Bus1.TP3-KW.AI-36,AI:3053807
ECCP-NAE6,NAE6/Field Bus1.TP3-KW.AI-37,AI:3053806
ECCP-NAE6,NAE6/Field Bus1.TP3-KW.AI-38,AI:3053805
ECCP-NAE6,NAE6/Field Bus1.TP3-KW.AI-39,AI:3053804
ECCP-NAE6,NAE6/Field Bus1.TP3-KW.AI-40,AI:3053803
ECCP-NAE6,NAE6/Field Bus1.TP3-KW.AI-41,AI:3053802
ECCP-NAE6,NAE6/Field Bus1.TP3-KW.AI-42,AI:3053801
ECCP-NAE6,NAE6/Field Bus1.TP3-KW.AI-43,AI:3053800
ECCP-NAE6,NAE6/Field Bus1.TP4-KW.AI-1,AI:3053826
ECCP-NAE6,NAE6/Field Bus1.TP4-KW.AI-2,AI:3053825
ECCP-NAE6,NAE6/Field Bus1.TP4-KW.AI-3,AI:3053824
ECCP-NAE6,NAE6/Field Bus1.TP4-KW.AI-4,AI:3053823
ECCP-NAE6,NAE6/Field Bus1.TP4-KW.AI-5,AI:3053822
ECCP-NAE6,NAE6/Field Bus1.TP4-KW.AI-6,AI:3053821
ECCP-NAE6,NAE6/Field Bus1.TP4-KW.AI-7,AI:3053820
ECCP-NAE6,NAE6/Field Bus1.TP4-KW.AI-8,AI:3053819
ECCP-NAE6,NAE6/Field Bus1.TP4-KW.AI-9,AI:3053818
ECCP-NAE6,NAE6/Field Bus1.TP4-KW.AI-10,AI:3053817
ECCP-NAE6,NAE6/Field Bus1.TP4-KW.AI-11,AI:3053816
ECCP-NAE6,NAE6/Field Bus1.TP4-KW.AI-12,AI:3053815
ECCP-NAE6,NAE6/Field Bus1.TP4-KW.AI-13,AI:3053814
ECCP-NAE6,NAE6/Field Bus1.TP4-KW.AI-14,AI:3053813
ECCP-NAE6,NAE6/Field Bus1.TP4-KW.AI-15,AI:3053812
ECCP-NAE6,NAE6/Field Bus1.TP4-KW.AI-16,AI:3053842
ECCP-NAE6,NAE6/Field Bus1.TP4-KW.AI-17,AI:3053841
ECCP-NAE6,NAE6/Field Bus1.TP4-KW.AI-18,AI:3053840
ECCP-NAE6,NAE6/Field Bus1.TP4-KW.AI-19,AI:3053839
ECCP-NAE6,NAE6/Field Bus1.TP4-KW.AI-20,AI:3053838
ECCP-NAE6,NAE6/Field Bus1.TP4-KW.AI-21,AI:3053837
ECCP-NAE6,NAE6/Field Bus1.TP4-KW.AI-22,AI:3053836
ECCP-NAE6,NAE6/Field Bus1.TP4-KW.AI-23,AI:3053835
ECCP-NAE6,NAE6/Field Bus1.TP4-KW.AI-24,AI:3053834
ECCP-NAE6,NAE6/Field Bus1.TP4-KW.AI-25,AI:3053833
ECCP-NAE6,NAE6/Field Bus1.TP4-KW.AI-26,AI:3053832
ECCP-NAE6,NAE6/Field Bus1.TP4-KW.AI-27,AI:3053831
ECCP-NAE6,NAE6/Field Bus1.TP4-KW.AI-28,AI:3053830
ECCP-NAE6,NAE6/Field Bus1.TP4-KW.AI-29,AI:3053829
ECCP-NAE6,NAE6/Field Bus1.TP4-KW.AI-30,AI:3053828
ECCP-NAE6,NAE6/Field Bus1.TP4-KW.AI-31,AI:3053827
ECCP-NAE6,NAE6/Field Bus1.TP4-KW.AI-32,AI:3053854
ECCP-NAE6,NAE6/Field Bus1.TP4-KW.AI-33,AI:3053853
ECCP-NAE6,NAE6/Field Bus1.TP4-KW.AI-34,AI:3053852
ECCP-NAE6,NAE6/Field Bus1.TP4-KW.AI-35,AI:3053851
ECCP-NAE6,NAE6/Field Bus1.TP4-KW.AI-36,AI:3053850
ECCP-NAE6,NAE6/Field Bus1.TP4-KW.AI-37,AI:3053849
ECCP-NAE6,NAE6/Field Bus1.TP4-KW.AI-38,AI:3053848
ECCP-NAE6,NAE6/Field Bus1.TP4-KW.AI-39,AI:3053847
ECCP-NAE6,NAE6/Field Bus1.TP4-KW.AI-40,AI:3053846
ECCP-NAE6,NAE6/Field Bus1.TP4-KW.AI-41,AI:3053845
ECCP-NAE6,NAE6/Field Bus1.TP4-KW.AI-42,AI:3053844
ECCP-NAE6,NAE6/Field Bus1.TP4-KW.AI-43,AI:3053843
ECCP-NAE6,NAE6/Field Bus1.TRW-AC1.AI-0,AI:3083508
ECCP-NAE6,NAE6/Field Bus1.TRW-AC1.AI-1,AI:3083509
ECCP-NAE6,NAE6/Field Bus1.TRW-AC1.AI-2,AI:3083510
ECCP-NAE6,NAE6/Field Bus1.TRW-AC1.AI-4,AI:3083511
ECCP-NAE6,NAE6/Field Bus1.TRW-AC1.AO-0,AO:3083512
ECCP-NAE6,NAE6/Field Bus1.TRW-AC1.AV-0,AV:3083513
ECCP-NAE6,NAE6/Field Bus1.TRW-AC1.AV-1,AV:3083514
ECCP-NAE6,NAE6/Field Bus1.TRW-AC1.AV-2,AV:3083515
ECCP-NAE6,NAE6/Field Bus1.TRW-AC1.AV-3,AV:3083516
ECCP-NAE6,NAE6/Field Bus1.TRW-AC1.AV-4,AV:3083517
ECCP-NAE6,NAE6/Field Bus1.TRW-AC1.BI-0,BI:3083518
ECCP-NAE6,NAE6/Field Bus1.TRW-AC1.BI-1,BI:3083519
ECCP-NAE6,NAE6/Field Bus1.TRW-AC1.BI-6,BI:3083520
ECCP-NAE6,NAE6/Field Bus1.TRW-AC1.BO-0,BO:3083521
ECCP-NAE6,NAE6/Field Bus1.TRW-AC1.BO-4,BO:3083522
ECCP-NAE6,NAE6/Field Bus1.TRW-AC1.BV-0,BV:3083523
ECCP-NAE6,NAE6/Field Bus1.TRW-AC1.BV-1,BV:3083524
ECCP-NAE6,NAE6/Field Bus1.TRW-AC1.MI-0,MI:3083525
ECCP-NAE6,NAE6/Field Bus1.TRW-AC1.MI-1,MI:3083526
ECCP-NAE6,NAE6/Field Bus1.TRW-AC1.MI-2,MI:3083527
ECCP-NAE6,NAE6/Field Bus1.TRW-AC1.MI-4,MI:3083528
ECCP-NAE6,NAE6/Field Bus1.TRW-AC1.MI-6,MI:3083529
ECCP-NAE6,NAE6/Field Bus1.TRW-AC1.MI-7,MI:3083530
ECCP-NAE6,NAE6/Field Bus1.TRW-AC1.MO-0,MO:3083531
ECCP-NAE6,NAE6/Field Bus1.TRW-AC1.MO-1,MO:3083532
ECCP-NAE6,NAE6/Field Bus1.TRW-AC1.MO-2,MO:3083533
ECCP-NAE6,NAE6/Field Bus1.TRW-AC1.MO-5,MO:3083534
ECCP-NAE6,NAE6/Field Bus1.TRW-AC1.MV-0,MV:3083535
ECCP-NAE6,NAE6/Field Bus1.TRW-LTG1.FAN-C,MV:3082178
ECCP-NAE6,NAE6/Field Bus1.TRW-LTG1.FAN-FB1,BO:3082175
ECCP-NAE6,NAE6/Field Bus1.TRW-LTG1.FAN-FB2,BO:3082176
ECCP-NAE6,NAE6/Field Bus1.TRW-LTG1.FAN-FB3,BO:3082177
ECCP-NAE6,NAE6/Field Bus1.TRW-LTG1.FAN-FB4,BO:3082162
ECCP-NAE6,NAE6/Field Bus1.TRW-LTG1.FAN-HI,BI:3082167
ECCP-NAE6,NAE6/Field Bus1.TRW-LTG1.FAN-LOW,BI:3082168
ECCP-NAE6,NAE6/Field Bus1.TRW-LTG1.FAN-MED,BI:3082172
ECCP-NAE6,NAE6/Field Bus1.TRW-LTG1.FAN-O,AV:3082187
ECCP-NAE6,NAE6/Field Bus1.TRW-LTG1.FAN-OFF,BI:3082169
ECCP-NAE6,NAE6/Field Bus1.TRW-LTG1.FAN-S,MV:3082181
ECCP-NAE6,NAE6/Field Bus1.TRW-LTG1.HOUR,AV:3054302
ECCP-NAE6,NAE6/Field Bus1.TRW-LTG1.LC1-C,BO:3054305
ECCP-NAE6,NAE6/Field Bus1.TRW-LTG1.LC1-SW,BI:3054303
ECCP-NAE6,NAE6/Field Bus1.TRW-LTG1.LC2-C,BO:3054308
ECCP-NAE6,NAE6/Field Bus1.TRW-LTG1.LC2-SW,BI:3054315
ECCP-NAE6,NAE6/Field Bus1.TRW-LTG1.LC3-C,BO:3054310
ECCP-NAE6,NAE6/Field Bus1.TRW-LTG1.LC3-SW,BI:3054314
ECCP-NAE6,NAE6/Field Bus1.TRW-LTG1.LC4-C,BO:3054307
ECCP-NAE6,NAE6/Field Bus1.TRW-LTG1.LC4-SW,BI:3054300
ECCP-NAE6,NAE6/Field Bus1.TRW-LTG1.LC5-C,BO:3054306
ECCP-NAE6,NAE6/Field Bus1.TRW-LTG1.LC5-SW,BI:3054297
ECCP-NAE6,NAE6/Field Bus1.TRW-LTG1.LC6-C,BO:3054309
ECCP-NAE6,NAE6/Field Bus1.TRW-LTG1.LC6-SW,BI:3054298
ECCP-NAE6,NAE6/Field Bus1.TRW-LTG1.LC7-C,BO:3054311
ECCP-NAE6,NAE6/Field Bus1.TRW-LTG1.LC7-SW,BI:3054296
ECCP-NAE6,NAE6/Field Bus1.TRW-LTG1.LC8-C,BO:3054291
ECCP-NAE6,NAE6/Field Bus1.TRW-LTG1.LC9-C,BO:3054292
ECCP-NAE6,NAE6/Field Bus1.TRW-LTG1.LTG-FB1,BO:3082171
ECCP-NAE6,NAE6/Field Bus1.TRW-LTG1.LTG-FB2,BO:3082164
ECCP-NAE6,NAE6/Field Bus1.TRW-LTG1.LTG-FB3,BO:3082173
ECCP-NAE6,NAE6/Field Bus1.TRW-LTG1.LTG-FB4,BO:3082174
ECCP-NAE6,NAE6/Field Bus1.TRW-LTG1.LTG-SCN1,BI:3082166
ECCP-NAE6,NAE6/Field Bus1.TRW-LTG1.LTG-SCN2,BI:3082165
ECCP-NAE6,NAE6/Field Bus1.TRW-LTG1.LTG-SCN3,BI:3082170
ECCP-NAE6,NAE6/Field Bus1.TRW-LTG1.LTG-SCN4,BI:3082163
ECCP-NAE6,NAE6/Field Bus1.TRW-LTG1.OFF-TIME,AV:3082184
ECCP-NAE6,NAE6/Field Bus1.TRW-LTG1.STM-MTR,AI:3054316
ECCP-NAE6,NAE6/Field Bus1.TRW-LTG2.HOUR,AV:3054287
ECCP-NAE6,NAE6/Field Bus1.TRW-LTG2.LC11-ALM,BV:3054288
ECCP-NAE6,NAE6/Field Bus1.TRW-LTG2.LC11-C,BO:3054273
ECCP-NAE6,NAE6/Field Bus1.TRW-LTG2.LC11-S,BI:3054272
ECCP-NAE6,NAE6/Field Bus1.TRW-LTG2.LC11-SW,BI:3054271
ECCP-NAE6,NAE6/Field Bus1.TRW-LTG2.LC12-ALM,BV:3054289
ECCP-NAE6,NAE6/Field Bus1.TRW-LTG2.LC12-C,BO:3054276
ECCP-NAE6,NAE6/Field Bus1.TRW-LTG2.LC12-S,BI:3054275
ECCP-NAE6,NAE6/Field Bus1.TRW-LTG2.LC12-SW,BI:3054274
ECCP-NAE6,NAE6/Field Bus1.TRW-LTG2.LC13-ALM,BV:3054290
ECCP-NAE6,NAE6/Field Bus1.TRW-LTG2.LC13-C,BO:3054279
ECCP-NAE6,NAE6/Field Bus1.TRW-LTG2.LC13-S,BI:3054278
ECCP-NAE6,NAE6/Field Bus1.TRW-LTG2.LC13-SW,BI:3054277
ECCP-NAE6,NAE6/Field Bus1.TRW-LTG2.LC14-C,BO:3054281
ECCP-NAE6,NAE6/Field Bus1.TRW-LTG2.LC14-SCHED,MV:3082204
ECCP-NAE6,NAE6/Field Bus1.TRW-LTG2.LC14-TMR,BI:3054280
ECCP-NAE6,NAE6/Field Bus1.TRW-LTG2.LC15-C,BO:3054283
ECCP-NAE6,NAE6/Field Bus1.TRW-LTG2.LC15-TMR,BI:3054282
ECCP-NAE6,NAE6/Field Bus1.TRW-LTG2.LC16-C,BO:3054284
ECCP-NAE6,NAE6/Field Bus1.TRW-LTG2.LC17-C,BO:3054285
ECCP-NAE6,NAE6/Field Bus1.TRW-LTG2.SALES-TMR,AV:3054286
ECCP-NAE6,NAE6/Field Bus1.VAV-1.AUTOCAL-C,BV:3053556
ECCP-NAE6,NAE6/Field Bus1.VAV-1.AUTOCAL-STATE,MV:3053581
ECCP-NAE6,NAE6/Field Bus1.VAV-1.BOXHTG-O,AV:3054268
ECCP-NAE6,NAE6/Field Bus1.VAV-1.CLDWN-MINFLOW,AV:3053559
ECCP-NAE6,NAE6/Field Bus1.VAV-1.CLG-MAXFLOW,AV:3053584
ECCP-NAE6,NAE6/Field Bus1.VAV-1.CLG-MINFLOW,AV:3053564
ECCP-NAE6,NAE6/Field Bus1.VAV-1.CLG-O,AV:3053596
ECCP-NAE6,NAE6/Field Bus1.VAV-1.CLGOCC-MINFLOW,AV:3053585
ECCP-NAE6,NAE6/Field Bus1.VAV-1.CLGOCC-SP,AV:3053573
ECCP-NAE6,NAE6/Field Bus1.VAV-1.CLGSTBY-SP,AV:3053574
ECCP-NAE6,NAE6/Field Bus1.VAV-1.CLGUNOCC-MINFLOW,AV:3053557
ECCP-NAE6,NAE6/Field Bus1.VAV-1.CLGUNOCC-SP,AV:3053575
ECCP-NAE6,NAE6/Field Bus1.VAV-1.DA-T-UI1,AI:3053552
ECCP-NAE6,NAE6/Field Bus1.VAV-1.DA-VP,AI:3053554
ECCP-NAE6,NAE6/Field Bus1.VAV-1.DPR-O,AO:3053553
ECCP-NAE6,NAE6/Field Bus1.VAV-1.EFF-OCC,MV:3053593
ECCP-NAE6,NAE6/Field Bus1.VAV-1.EFFCLG-SP,AV:3053579
ECCP-NAE6,NAE6/Field Bus1.VAV-1.EFFHTG-SP,AV:3053580
ECCP-NAE6,NAE6/Field Bus1.VAV-1.HTG1-C,BO:3054262
ECCP-NAE6,NAE6/Field Bus1.VAV-1.HTG2-C,BO:3054263
ECCP-NAE6,NAE6/Field Bus1.VAV-1.HTG-EN,BV:3054265
ECCP-NAE6,NAE6/Field Bus1.VAV-1.HTG-MINFLOW,AV:3053565
ECCP-NAE6,NAE6/Field Bus1.VAV-1.HTG-MINOFF,AV:3054267
ECCP-NAE6,NAE6/Field Bus1.VAV-1.HTG-MINON,AV:3054266
ECCP-NAE6,NAE6/Field Bus1.VAV-1.HTG-OUTSTATE,MV:3054269
ECCP-NAE6,NAE6/Field Bus1.VAV-1.HTGOCC-MINFLOW,AV:3053586
ECCP-NAE6,NAE6/Field Bus1.VAV-1.HTGOCC-SP,AV:3053576
ECCP-NAE6,NAE6/Field Bus1.VAV-1.HTGSTBY-SP,AV:3053577
ECCP-NAE6,NAE6/Field Bus1.VAV-1.HTGUNOCC-MINFLOW,AV:3053558
ECCP-NAE6,NAE6/Field Bus1.VAV-1.HTGUNOCC-SP,AV:3053578
ECCP-NAE6,NAE6/Field Bus1.VAV-1.MINFLOWCO2-PB,AV:3053562
ECCP-NAE6,NAE6/Field Bus1.VAV-1.MINFLOWCO2-SP,AV:3053561
ECCP-NAE6,NAE6/Field Bus1.VAV-1.OA-PERCENT,AV:3053566
ECCP-NAE6,NAE6/Field Bus1.VAV-1.OCC-LEVEL,AV:3053563
ECCP-NAE6,NAE6/Field Bus1.VAV-1.OCC-MODE,MV:3053551
ECCP-NAE6,NAE6/Field Bus1.VAV-1.OCC-OVERRIDE,MV:3103376
ECCP-NAE6,NAE6/Field Bus1.VAV-1.OCC-S,BI:3054264
ECCP-NAE6,NAE6/Field Bus1.VAV-1.OCCMODE-BYPASSTIME,AV:3053594
ECCP-NAE6,NAE6/Field Bus1.VAV-1.PFRESTART-EN,BV:3053587
ECCP-NAE6,NAE6/Field Bus1.VAV-1.PFRESTART-TIME,AV:3053588
ECCP-NAE6,NAE6/Field Bus1.VAV-1.SA-AREA,AV:3053582
ECCP-NAE6,NAE6/Field Bus1.VAV-1.SA-F,AV:3053570
ECCP-NAE6,NAE6/Field Bus1.VAV-1.SA-KFACTOR,AV:3053583
ECCP-NAE6,NAE6/Field Bus1.VAV-1.SAD-OUTSTATE,MV:3053568
ECCP-NAE6,NAE6/Field Bus1.VAV-1.SAFLOW-OUTSTATE,MV:3053595
ECCP-NAE6,NAE6/Field Bus1.VAV-1.SAFLOW-SP,AV:3053567
ECCP-NAE6,NAE6/Field Bus1.VAV-1.SYSTEM-MODE,MV:3053571
ECCP-NAE6,NAE6/Field Bus1.VAV-1.TUNING-RESET,BV:3053555
ECCP-NAE6,NAE6/Field Bus1.VAV-1.UNITEN-MODE,MV:3053572
ECCP-NAE6,NAE6/Field Bus1.VAV-1.UNITEN-STATE,MV:3053589
ECCP-NAE6,NAE6/Field Bus1.VAV-1.UNOCC-SATTIME,AV:3053590
ECCP-NAE6,NAE6/Field Bus1.VAV-1.UNOCC-STATE,MV:3053591
ECCP-NAE6,NAE6/Field Bus1.VAV-1.WU-MINFLOW,AV:3053560
ECCP-NAE6,NAE6/Field Bus1.VAV-1.ZN-SP,AV:3054261
ECCP-NAE6,NAE6/Field Bus1.VAV-1.ZN-T-SAB(199),AI:3053550
ECCP-NAE6,NAE6/Field Bus1.VAV-1.ZNT-STATE,MV:3053592
ECCP-NAE6,NAE6/Field Bus2.CH5-BACnet.AV-1,AV:3033145
ECCP-NAE6,NAE6/Field Bus2.CH5-BACnet.AV-2,AV:3033144
ECCP-NAE6,NAE6/Field Bus2.CH5-BACnet.AV-5,AV:3033142
ECCP-NAE6,NAE6/Field Bus2.CH5-BACnet.AV-6,AV:3033141
ECCP-NAE6,NAE6/Field Bus2.CH5-BACnet.AV-7,AV:3033140
ECCP-NAE6,NAE6/Field Bus2.CH5-BACnet.AV-8,AV:3033139
ECCP-NAE6,NAE6/Field Bus2.CH5-BACnet.AV-9,AV:3033138
ECCP-NAE6,NAE6/Field Bus2.CH5-BACnet.AV-10,AV:3033137
ECCP-NAE6,NAE6/Field Bus2.CH5-BACnet.AV-11,AV:3033136
ECCP-NAE6,NAE6/Field Bus2.CH5-BACnet.AV-12,AV:3033135
ECCP-NAE6,NAE6/Field Bus2.CH5-BACnet.AV-13,AV:3033134
ECCP-NAE6,NAE6/Field Bus2.CH5-BACnet.AV-14,AV:3033133
ECCP-NAE6,NAE6/Field Bus2.CH5-BACnet.AV-15,AV:3033132
ECCP-NAE6,NAE6/Field Bus2.CH5-BACnet.AV-19,AV:3033158
ECCP-NAE6,NAE6/Field Bus2.CH5-BACnet.AV-20,AV:3033157
ECCP-NAE6,NAE6/Field Bus2.CH5-BACnet.AV-21,AV:3033156
ECCP-NAE6,NAE6/Field Bus2.CH5-BACnet.AV-22,AV:3033155
ECCP-NAE6,NAE6/Field Bus2.CH5-BACnet.AV-23,AV:3033154
ECCP-NAE6,NAE6/Field Bus2.CH5-BACnet.AV-24,AV:3033153
ECCP-NAE6,NAE6/Field Bus2.CH5-BACnet.AV-25,AV:3033152
ECCP-NAE6,NAE6/Field Bus2.CH5-BACnet.AV-26,AV:3033151
ECCP-NAE6,NAE6/Field Bus2.CH5-BACnet.AV-27,AV:3033150
ECCP-NAE6,NAE6/Field Bus2.CH5-BACnet.AV-28,AV:3033149
ECCP-NAE6,NAE6/Field Bus2.CH5-BACnet.AV-29,AV:3033148
ECCP-NAE6,NAE6/Field Bus2.CH5-BACnet.AV-30,AV:3033147
ECCP-NAE6,NAE6/Field Bus2.CH5-BACnet.AV-31,AV:3033146
ECCP-NAE6,NAE6/Field Bus2.CH5-BACnet.AV-32,AV:3033170
ECCP-NAE6,NAE6/Field Bus2.CH5-BACnet.AV-33,AV:3033169
ECCP-NAE6,NAE6/Field Bus2.CH5-BACnet.AV-34,AV:3033168
ECCP-NAE6,NAE6/Field Bus2.CH5-BACnet.AV-35,AV:3033167
ECCP-NAE6,NAE6/Field Bus2.CH5-BACnet.AV-36,AV:3033166
ECCP-NAE6,NAE6/Field Bus2.CH5-BACnet.AV-37,AV:3033165
ECCP-NAE6,NAE6/Field Bus2.CH5-BACnet.AV-38,AV:3033164
ECCP-NAE6,NAE6/Field Bus2.CH5-BACnet.AV-39,AV:3033163
ECCP-NAE6,NAE6/Field Bus2.CH5-BACnet.AV-40,AV:3033162
ECCP-NAE6,NAE6/Field Bus2.CH5-BACnet.AV-41,AV:3033161
ECCP-NAE6,NAE6/Field Bus2.CH5-BACnet.AV-42,AV:3033160
ECCP-NAE6,NAE6/Field Bus2.CH5-BACnet.AV-43,AV:3033159
ECCP-NAE6,NAE6/Field Bus2.CH5-BACnet.AV-105,AV:3033191
ECCP-NAE6,NAE6/Field Bus2.CH5-BACnet.AV-106,AV:3033190
ECCP-NAE6,NAE6/Field Bus2.CH5-BACnet.AV-107,AV:3033189
ECCP-NAE6,NAE6/Field Bus2.CH5-BACnet.AV-108,AV:3033188
ECCP-NAE6,NAE6/Field Bus2.CH5-BACnet.AV-109,AV:3033187
ECCP-NAE6,NAE6/Field Bus2.CH5-BACnet.AV-110,AV:3033186
ECCP-NAE6,NAE6/Field Bus2.CH5-BACnet.AV-111,AV:3033185
ECCP-NAE6,NAE6/Field Bus2.CH5-BACnet.AV-112,AV:3033198
ECCP-NAE6,NAE6/Field Bus2.CH5-BACnet.AV-113,AV:3033197
ECCP-NAE6,NAE6/Field Bus2.CH5-BACnet.AV-114,AV:3033196
ECCP-NAE6,NAE6/Field Bus2.CH5-BACnet.AV-115,AV:3033195
ECCP-NAE6,NAE6/Field Bus2.CH5-BACnet.AV-401,AV:3033208
ECCP-NAE6,NAE6/Field Bus2.CH5-BACnet.AV-402,AV:3033207
ECCP-NAE6,NAE6/Field Bus2.CH5-BACnet.AV-403,AV:3033206
ECCP-NAE6,NAE6/Field Bus2.CH5-BACnet.AV-404,AV:3033205
ECCP-NAE6,NAE6/Field Bus2.CH5-BACnet.AV-405,AV:3033204
ECCP-NAE6,NAE6/Field Bus2.CH5-BACnet.BO-1,BO:3033131
ECCP-NAE6,NAE6/Field Bus2.CH5-BACnet.BV-1,BV:3033125
ECCP-NAE6,NAE6/Field Bus2.CH5-BACnet.BV-3,BV:3033124
ECCP-NAE6,NAE6/Field Bus2.CH5-BACnet.BV-5,BV:3033123
ECCP-NAE6,NAE6/Field Bus2.CH5-BACnet.BV-6,BV:3033122
ECCP-NAE6,NAE6/Field Bus2.CH5-BACnet.BV-7,BV:3033121
ECCP-NAE6,NAE6/Field Bus2.CH5-BACnet.BV-8,BV:3033120
ECCP-NAE6,NAE6/Field Bus2.CH5-BACnet.BV-9,BV:3033119
ECCP-NAE6,NAE6/Field Bus2.CH5-BACnet.BV-17,BV:3033130
ECCP-NAE6,NAE6/Field Bus2.CH5-BACnet.BV-18,BV:3033129
ECCP-NAE6,NAE6/Field Bus2.CH5-BACnet.BV-19,BV:3033128
ECCP-NAE6,NAE6/Field Bus2.CH5-BACnet.BV-20,BV:3033127
ECCP-NAE6,NAE6/Field Bus2.CH5-BACnet.BV-21,BV:3033126
ECCP-NAE6,NAE6/Field Bus2.CH5-KW.AI-1,AI:3028906
ECCP-NAE6,NAE6/Field Bus2.CH5-KW.AI-2,AI:3028905
ECCP-NAE6,NAE6/Field Bus2.CH5-KW.AI-3,AI:3028904
ECCP-NAE6,NAE6/Field Bus2.CH5-KW.AI-4,AI:3028903
ECCP-NAE6,NAE6/Field Bus2.CH5-KW.AI-5,AI:3028892
ECCP-NAE6,NAE6/Field Bus2.CH5-KW.AI-6,AI:3028902
ECCP-NAE6,NAE6/Field Bus2.CH5-KW.AI-7,AI:3028901
ECCP-NAE6,NAE6/Field Bus2.CH5-KW.AI-8,AI:3028900
ECCP-NAE6,NAE6/Field Bus2.CH5-KW.AI-9,AI:3028899
ECCP-NAE6,NAE6/Field Bus2.CH5-KW.AI-10,AI:3028898
ECCP-NAE6,NAE6/Field Bus2.CH5-KW.AI-11,AI:3028897
ECCP-NAE6,NAE6/Field Bus2.CH5-KW.AI-12,AI:3028896
ECCP-NAE6,NAE6/Field Bus2.CH5-KW.AI-13,AI:3028895
ECCP-NAE6,NAE6/Field Bus2.CH5-KW.AI-14,AI:3028894
ECCP-NAE6,NAE6/Field Bus2.CH5-KW.AI-15,AI:3028893
ECCP-NAE6,NAE6/Field Bus2.CH5-KW.AI-16,AI:3028922
ECCP-NAE6,NAE6/Field Bus2.CH5-KW.AI-17,AI:3028921
ECCP-NAE6,NAE6/Field Bus2.CH5-KW.AI-18,AI:3028920
ECCP-NAE6,NAE6/Field Bus2.CH5-KW.AI-19,AI:3028919
ECCP-NAE6,NAE6/Field Bus2.CH5-KW.AI-20,AI:3028918
ECCP-NAE6,NAE6/Field Bus2.CH5-KW.AI-21,AI:3028917
ECCP-NAE6,NAE6/Field Bus2.CH5-KW.AI-22,AI:3028916
ECCP-NAE6,NAE6/Field Bus2.CH5-KW.AI-23,AI:3028915
ECCP-NAE6,NAE6/Field Bus2.CH5-KW.AI-24,AI:3028914
ECCP-NAE6,NAE6/Field Bus2.CH5-KW.AI-25,AI:3028913
ECCP-NAE6,NAE6/Field Bus2.CH5-KW.AI-26,AI:3028912
ECCP-NAE6,NAE6/Field Bus2.CH5-KW.AI-27,AI:3028911
ECCP-NAE6,NAE6/Field Bus2.CH5-KW.AI-28,AI:3028910
ECCP-NAE6,NAE6/Field Bus2.CH5-KW.AI-29,AI:3028909
ECCP-NAE6,NAE6/Field Bus2.CH5-KW.AI-30,AI:3028908
ECCP-NAE6,NAE6/Field Bus2.CH5-KW.AI-31,AI:3028907
ECCP-NAE6,NAE6/Field Bus2.CH5-KW.AI-32,AI:3028934
ECCP-NAE6,NAE6/Field Bus2.CH5-KW.AI-33,AI:3028933
ECCP-NAE6,NAE6/Field Bus2.CH5-KW.AI-34,AI:3028932
ECCP-NAE6,NAE6/Field Bus2.CH5-KW.AI-35,AI:3028931
ECCP-NAE6,NAE6/Field Bus2.CH5-KW.AI-36,AI:3028930
ECCP-NAE6,NAE6/Field Bus2.CH5-KW.AI-37,AI:3028929
ECCP-NAE6,NAE6/Field Bus2.CH5-KW.AI-38,AI:3028928
ECCP-NAE6,NAE6/Field Bus2.CH5-KW.AI-39,AI:3028927
ECCP-NAE6,NAE6/Field Bus2.CH5-KW.AI-40,AI:3028926
ECCP-NAE6,NAE6/Field Bus2.CH5-KW.AI-41,AI:3028925
ECCP-NAE6,NAE6/Field Bus2.CH5-KW.AI-42,AI:3028924
ECCP-NAE6,NAE6/Field Bus2.CH5-KW.AI-43,AI:3028923
ECCP-NAE6,NAE6/Field Bus2.CH6-BACnet.AV-1,AV:3033240
ECCP-NAE6,NAE6/Field Bus2.CH6-BACnet.AV-2,AV:3033239
ECCP-NAE6,NAE6/Field Bus2.CH6-BACnet.AV-3,AV:3033238
ECCP-NAE6,NAE6/Field Bus2.CH6-BACnet.AV-5,AV:3033237
ECCP-NAE6,NAE6/Field Bus2.CH6-BACnet.AV-6,AV:3033236
ECCP-NAE6,NAE6/Field Bus2.CH6-BACnet.AV-7,AV:3033235
ECCP-NAE6,NAE6/Field Bus2.CH6-BACnet.AV-8,AV:3033234
ECCP-NAE6,NAE6/Field Bus2.CH6-BACnet.AV-9,AV:3033233
ECCP-NAE6,NAE6/Field Bus2.CH6-BACnet.AV-10,AV:3033232
ECCP-NAE6,NAE6/Field Bus2.CH6-BACnet.AV-11,AV:3033231
ECCP-NAE6,NAE6/Field Bus2.CH6-BACnet.AV-12,AV:3033230
ECCP-NAE6,NAE6/Field Bus2.CH6-BACnet.AV-13,AV:3033229
ECCP-NAE6,NAE6/Field Bus2.CH6-BACnet.AV-14,AV:3033228
ECCP-NAE6,NAE6/Field Bus2.CH6-BACnet.AV-15,AV:3033227
ECCP-NAE6,NAE6/Field Bus2.CH6-BACnet.AV-19,AV:3033253
ECCP-NAE6,NAE6/Field Bus2.CH6-BACnet.AV-20,AV:3033252
ECCP-NAE6,NAE6/Field Bus2.CH6-BACnet.AV-21,AV:3033251
ECCP-NAE6,NAE6/Field Bus2.CH6-BACnet.AV-22,AV:3033250
ECCP-NAE6,NAE6/Field Bus2.CH6-BACnet.AV-23,AV:3033249
ECCP-NAE6,NAE6/Field Bus2.CH6-BACnet.AV-24,AV:3033248
ECCP-NAE6,NAE6/Field Bus2.CH6-BACnet.AV-25,AV:3033247
ECCP-NAE6,NAE6/Field Bus2.CH6-BACnet.AV-26,AV:3033246
ECCP-NAE6,NAE6/Field Bus2.CH6-BACnet.AV-27,AV:3033245
ECCP-NAE6,NAE6/Field Bus2.CH6-BACnet.AV-28,AV:3033244
ECCP-NAE6,NAE6/Field Bus2.CH6-BACnet.AV-29,AV:3033243
ECCP-NAE6,NAE6/Field Bus2.CH6-BACnet.AV-30,AV:3033242
ECCP-NAE6,NAE6/Field Bus2.CH6-BACnet.AV-31,AV:3033241
ECCP-NAE6,NAE6/Field Bus2.CH6-BACnet.AV-32,AV:3033265
ECCP-NAE6,NAE6/Field Bus2.CH6-BACnet.AV-33,AV:3033264
ECCP-NAE6,NAE6/Field Bus2.CH6-BACnet.AV-34,AV:3033263
ECCP-NAE6,NAE6/Field Bus2.CH6-BACnet.AV-35,AV:3033262
ECCP-NAE6,NAE6/Field Bus2.CH6-BACnet.AV-36,AV:3033261
ECCP-NAE6,NAE6/Field Bus2.CH6-BACnet.AV-37,AV:3033260
ECCP-NAE6,NAE6/Field Bus2.CH6-BACnet.AV-38,AV:3033259
ECCP-NAE6,NAE6/Field Bus2.CH6-BACnet.AV-39,AV:3033258
ECCP-NAE6,NAE6/Field Bus2.CH6-BACnet.AV-40,AV:3033257
ECCP-NAE6,NAE6/Field Bus2.CH6-BACnet.AV-41,AV:3033256
ECCP-NAE6,NAE6/Field Bus2.CH6-BACnet.AV-42,AV:3033255
ECCP-NAE6,NAE6/Field Bus2.CH6-BACnet.AV-43,AV:3033254
ECCP-NAE6,NAE6/Field Bus2.CH6-BACnet.AV-105,AV:3033286
ECCP-NAE6,NAE6/Field Bus2.CH6-BACnet.AV-106,AV:3033285
ECCP-NAE6,NAE6/Field Bus2.CH6-BACnet.AV-107,AV:3033284
ECCP-NAE6,NAE6/Field Bus2.CH6-BACnet.AV-108,AV:3033283
ECCP-NAE6,NAE6/Field Bus2.CH6-BACnet.AV-109,AV:3033282
ECCP-NAE6,NAE6/Field Bus2.CH6-BACnet.AV-110,AV:3033281
ECCP-NAE6,NAE6/Field Bus2.CH6-BACnet.AV-111,AV:3033280
ECCP-NAE6,NAE6/Field Bus2.CH6-BACnet.AV-112,AV:3033293
ECCP-NAE6,NAE6/Field Bus2.CH6-BACnet.AV-113,AV:3033292
ECCP-NAE6,NAE6/Field Bus2.CH6-BACnet.AV-114,AV:3033291
ECCP-NAE6,NAE6/Field Bus2.CH6-BACnet.AV-115,AV:3033290
ECCP-NAE6,NAE6/Field Bus2.CH6-BACnet.AV-116,AV:3033289
ECCP-NAE6,NAE6/Field Bus2.CH6-BACnet.AV-117,AV:3033288
ECCP-NAE6,NAE6/Field Bus2.CH6-BACnet.AV-118,AV:3033287
ECCP-NAE6,NAE6/Field Bus2.CH6-BACnet.AV-401,AV:3033303
ECCP-NAE6,NAE6/Field Bus2.CH6-BACnet.AV-402,AV:3033302
ECCP-NAE6,NAE6/Field Bus2.CH6-BACnet.AV-403,AV:3033301
ECCP-NAE6,NAE6/Field Bus2.CH6-BACnet.AV-404,AV:3033300
ECCP-NAE6,NAE6/Field Bus2.CH6-BACnet.AV-405,AV:3033299
ECCP-NAE6,NAE6/Field Bus2.CH6-BACnet.BO-1,BO:3033226
ECCP-NAE6,NAE6/Field Bus2.CH6-BACnet.BV-1,BV:3033220
ECCP-NAE6,NAE6/Field Bus2.CH6-BACnet.BV-3,BV:3033219
ECCP-NAE6,NAE6/Field Bus2.CH6-BACnet.BV-5,BV:3033218
ECCP-NAE6,NAE6/Field Bus2.CH6-BACnet.BV-6,BV:3033217
ECCP-NAE6,NAE6/Field Bus2.CH6-BACnet.BV-7,BV:3033216
ECCP-NAE6,NAE6/Field Bus2.CH6-BACnet.BV-8,BV:3033215
ECCP-NAE6,NAE6/Field Bus2.CH6-BACnet.BV-9,BV:3033214
ECCP-NAE6,NAE6/Field Bus2.CH6-BACnet.BV-17,BV:3033225
ECCP-NAE6,NAE6/Field Bus2.CH6-BACnet.BV-18,BV:3033224
ECCP-NAE6,NAE6/Field Bus2.CH6-BACnet.BV-19,BV:3033223
ECCP-NAE6,NAE6/Field Bus2.CH6-BACnet.BV-20,BV:3033222
ECCP-NAE6,NAE6/Field Bus2.CH6-BACnet.BV-21,BV:3033221
ECCP-NAE6,NAE6/Field Bus2.CH6-KW.AI-1,AI:3029005
ECCP-NAE6,NAE6/Field Bus2.CH6-KW.AI-2,AI:3029004
ECCP-NAE6,NAE6/Field Bus2.CH6-KW.AI-3,AI:3029003
ECCP-NAE6,NAE6/Field Bus2.CH6-KW.AI-4,AI:3029002
ECCP-NAE6,NAE6/Field Bus2.CH6-KW.AI-5,AI:3028980
ECCP-NAE6,NAE6/Field Bus2.CH6-KW.AI-7,AI:3029001
ECCP-NAE6,NAE6/Field Bus2.CH6-KW.AI-8,AI:3029000
ECCP-NAE6,NAE6/Field Bus2.CH6-KW.AI-9,AI:3028999
ECCP-NAE6,NAE6/Field Bus2.CH6-KW.AI-10,AI:3028998
ECCP-NAE6,NAE6/Field Bus2.CH6-KW.AI-11,AI:3028997
ECCP-NAE6,NAE6/Field Bus2.CH6-KW.AI-12,AI:3028996
ECCP-NAE6,NAE6/Field Bus2.CH6-KW.AI-13,AI:3028995
ECCP-NAE6,NAE6/Field Bus2.CH6-KW.AI-14,AI:3028994
ECCP-NAE6,NAE6/Field Bus2.CH6-KW.AI-15,AI:3028993
ECCP-NAE6,NAE6/Field Bus2.CH6-KW.AI-16,AI:3029021
ECCP-NAE6,NAE6/Field Bus2.CH6-KW.AI-17,AI:3029020
ECCP-NAE6,NAE6/Field Bus2.CH6-KW.AI-18,AI:3029019
ECCP-NAE6,NAE6/Field Bus2.CH6-KW.AI-19,AI:3029018
ECCP-NAE6,NAE6/Field Bus2.CH6-KW.AI-20,AI:3029017
ECCP-NAE6,NAE6/Field Bus2.CH6-KW.AI-21,AI:3029016
ECCP-NAE6,NAE6/Field Bus2.CH6-KW.AI-22,AI:3029015
ECCP-NAE6,NAE6/Field Bus2.CH6-KW.AI-23,AI:3029014
ECCP-NAE6,NAE6/Field Bus2.CH6-KW.AI-24,AI:3029013
ECCP-NAE6,NAE6/Field Bus2.CH6-KW.AI-25,AI:3029012
ECCP-NAE6,NAE6/Field Bus2.CH6-KW.AI-26,AI:3029011
ECCP-NAE6,NAE6/Field Bus2.CH6-KW.AI-27,AI:3029010
ECCP-NAE6,NAE6/Field Bus2.CH6-KW.AI-28,AI:3029009
ECCP-NAE6,NAE6/Field Bus2.CH6-KW.AI-29,AI:3029008
ECCP-NAE6,NAE6/Field Bus2.CH6-KW.AI-30,AI:3029007
ECCP-NAE6,NAE6/Field Bus2.CH6-KW.AI-31,AI:3029006
ECCP-NAE6,NAE6/Field Bus2.CH6-KW.AI-32,AI:3029033
ECCP-NAE6,NAE6/Field Bus2.CH6-KW.AI-33,AI:3029032
ECCP-NAE6,NAE6/Field Bus2.CH6-KW.AI-34,AI:3029031
ECCP-NAE6,NAE6/Field Bus2.CH6-KW.AI-35,AI:3029030
ECCP-NAE6,NAE6/Field Bus2.CH6-KW.AI-36,AI:3029029
ECCP-NAE6,NAE6/Field Bus2.CH6-KW.AI-37,AI:3029028
ECCP-NAE6,NAE6/Field Bus2.CH6-KW.AI-38,AI:3029027
ECCP-NAE6,NAE6/Field Bus2.CH6-KW.AI-39,AI:3029026
ECCP-NAE6,NAE6/Field Bus2.CH6-KW.AI-40,AI:3029025
ECCP-NAE6,NAE6/Field Bus2.CH6-KW.AI-41,AI:3029024
ECCP-NAE6,NAE6/Field Bus2.CH6-KW.AI-42,AI:3029023
ECCP-NAE6,NAE6/Field Bus2.CH6-KW.AI-43,AI:3029022
ECCP-NAE6,NAE6/Field Bus2.CH7-BACnet.AV-1,AV:3038577
ECCP-NAE6,NAE6/Field Bus2.CH7-BACnet.AV-2,AV:3038576
ECCP-NAE6,NAE6/Field Bus2.CH7-BACnet.AV-5,AV:3038575
ECCP-NAE6,NAE6/Field Bus2.CH7-BACnet.AV-6,AV:3038574
ECCP-NAE6,NAE6/Field Bus2.CH7-BACnet.AV-7,AV:3038573
ECCP-NAE6,NAE6/Field Bus2.CH7-BACnet.AV-8,AV:3038572
ECCP-NAE6,NAE6/Field Bus2.CH7-BACnet.AV-9,AV:3038571
ECCP-NAE6,NAE6/Field Bus2.CH7-BACnet.AV-10,AV:3038570
ECCP-NAE6,NAE6/Field Bus2.CH7-BACnet.AV-11,AV:3038569
ECCP-NAE6,NAE6/Field Bus2.CH7-BACnet.AV-12,AV:3038568
ECCP-NAE6,NAE6/Field Bus2.CH7-BACnet.AV-13,AV:3038567
ECCP-NAE6,NAE6/Field Bus2.CH7-BACnet.AV-14,AV:3038566
ECCP-NAE6,NAE6/Field Bus2.CH7-BACnet.AV-15,AV:3038565
ECCP-NAE6,NAE6/Field Bus2.CH7-BACnet.AV-16,AV:3038593
ECCP-NAE6,NAE6/Field Bus2.CH7-BACnet.AV-17,AV:3038592
ECCP-NAE6,NAE6/Field Bus2.CH7-BACnet.AV-18,AV:3038591
ECCP-NAE6,NAE6/Field Bus2.CH7-BACnet.AV-19,AV:3038590
ECCP-NAE6,NAE6/Field Bus2.CH7-BACnet.AV-20,AV:3038589
ECCP-NAE6,NAE6/Field Bus2.CH7-BACnet.AV-21,AV:3038588
ECCP-NAE6,NAE6/Field Bus2.CH7-BACnet.AV-22,AV:3038587
ECCP-NAE6,NAE6/Field Bus2.CH7-BACnet.AV-23,AV:3038586
ECCP-NAE6,NAE6/Field Bus2.CH7-BACnet.AV-24,AV:3038585
ECCP-NAE6,NAE6/Field Bus2.CH7-BACnet.AV-25,AV:3038584
ECCP-NAE6,NAE6/Field Bus2.CH7-BACnet.AV-26,AV:3038583
ECCP-NAE6,NAE6/Field Bus2.CH7-BACnet.AV-27,AV:3038582
ECCP-NAE6,NAE6/Field Bus2.CH7-BACnet.AV-28,AV:3038581
ECCP-NAE6,NAE6/Field Bus2.CH7-BACnet.AV-29,AV:3038580
ECCP-NAE6,NAE6/Field Bus2.CH7-BACnet.AV-30,AV:3038579
ECCP-NAE6,NAE6/Field Bus2.CH7-BACnet.AV-31,AV:3038578
ECCP-NAE6,NAE6/Field Bus2.CH7-BACnet.AV-32,AV:3038604
ECCP-NAE6,NAE6/Field Bus2.CH7-BACnet.AV-33,AV:3038603
ECCP-NAE6,NAE6/Field Bus2.CH7-BACnet.AV-34,AV:3038602
ECCP-NAE6,NAE6/Field Bus2.CH7-BACnet.AV-35,AV:3038601
ECCP-NAE6,NAE6/Field Bus2.CH7-BACnet.AV-36,AV:3038600
ECCP-NAE6,NAE6/Field Bus2.CH7-BACnet.AV-37,AV:3038599
ECCP-NAE6,NAE6/Field Bus2.CH7-BACnet.AV-38,AV:3038598
ECCP-NAE6,NAE6/Field Bus2.CH7-BACnet.AV-39,AV:3038597
ECCP-NAE6,NAE6/Field Bus2.CH7-BACnet.AV-40,AV:3038596
ECCP-NAE6,NAE6/Field Bus2.CH7-BACnet.AV-41,AV:3038595
ECCP-NAE6,NAE6/Field Bus2.CH7-BACnet.AV-43,AV:3038594
ECCP-NAE6,NAE6/Field Bus2.CH7-BACnet.BO-1,BO:3038564
ECCP-NAE6,NAE6/Field Bus2.CH7-BACnet.BV-1,BV:3038551
ECCP-NAE6,NAE6/Field Bus2.CH7-BACnet.BV-5,BV:3038550
ECCP-NAE6,NAE6/Field Bus2.CH7-BACnet.BV-6,BV:3038549
ECCP-NAE6,NAE6/Field Bus2.CH7-BACnet.BV-7,BV:3038548
ECCP-NAE6,NAE6/Field Bus2.CH7-BACnet.BV-8,BV:3038547
ECCP-NAE6,NAE6/Field Bus2.CH7-BACnet.BV-9,BV:3038546
ECCP-NAE6,NAE6/Field Bus2.CH7-BACnet.BV-10,BV:3038545
ECCP-NAE6,NAE6/Field Bus2.CH7-BACnet.BV-11,BV:3038544
ECCP-NAE6,NAE6/Field Bus2.CH7-BACnet.BV-12,BV:3038543
ECCP-NAE6,NAE6/Field Bus2.CH7-BACnet.BV-13,BV:3038542
ECCP-NAE6,NAE6/Field Bus2.CH7-BACnet.BV-14,BV:3038541
ECCP-NAE6,NAE6/Field Bus2.CH7-BACnet.BV-15,BV:3038540
ECCP-NAE6,NAE6/Field Bus2.CH7-BACnet.BV-16,BV:3038563
ECCP-NAE6,NAE6/Field Bus2.CH7-BACnet.BV-17,BV:3038562
ECCP-NAE6,NAE6/Field Bus2.CH7-BACnet.BV-18,BV:3038561
ECCP-NAE6,NAE6/Field Bus2.CH7-BACnet.BV-19,BV:3038560
ECCP-NAE6,NAE6/Field Bus2.CH7-BACnet.BV-20,BV:3038559
ECCP-NAE6,NAE6/Field Bus2.CH7-BACnet.BV-22,BV:3038558
ECCP-NAE6,NAE6/Field Bus2.CH7-BACnet.BV-23,BV:3038557
ECCP-NAE6,NAE6/Field Bus2.CH7-BACnet.BV-24,BV:3038556
ECCP-NAE6,NAE6/Field Bus2.CH7-BACnet.BV-26,BV:3038555
ECCP-NAE6,NAE6/Field Bus2.CH7-BACnet.BV-27,BV:3038554
ECCP-NAE6,NAE6/Field Bus2.CH7-BACnet.BV-28,BV:3038553
ECCP-NAE6,NAE6/Field Bus2.CH7-BACnet.BV-29,BV:3038552
ECCP-NAE6,NAE6/Field Bus2.CH7-BACnet.CH7 CONTROL SOURCE CODE,AV:3041458
ECCP-NAE6,NAE6/Field Bus2.CH7-BACnet.CH7 CYCLE CODE,AV:3041456
ECCP-NAE6,NAE6/Field Bus2.CH7-BACnet.CH7 OP CODE,AV:3041454
ECCP-NAE6,NAE6/Field Bus2.CH7-BACnet.CH7 SAFETY CODE,AV:3041455
ECCP-NAE6,NAE6/Field Bus2.CH7-BACnet.CH7 WARNING CODE,AV:3041457
ECCP-NAE6,NAE6/Field Bus2.CH7-BACnet.INHIB-CODE,AV:3078332
ECCP-NAE6,NAE6/Field Bus2.CH7-BACnet.INTERN-CODE,AV:3078334
ECCP-NAE6,NAE6/Field Bus2.CH7-BACnet.MODFLT-CODE,AV:3078328
ECCP-NAE6,NAE6/Field Bus2.CH7-BACnet.TUR-CODE,AV:3078324
ECCP-NAE6,NAE6/Field Bus2.CH8-BACnet.AV-1,AV:3038661
ECCP-NAE6,NAE6/Field Bus2.CH8-BACnet.AV-2,AV:3038660
ECCP-NAE6,NAE6/Field Bus2.CH8-BACnet.AV-5,AV:3038659
ECCP-NAE6,NAE6/Field Bus2.CH8-BACnet.AV-6,AV:3038658
ECCP-NAE6,NAE6/Field Bus2.CH8-BACnet.AV-7,AV:3038657
ECCP-NAE6,NAE6/Field Bus2.CH8-BACnet.AV-8,AV:3038656
ECCP-NAE6,NAE6/Field Bus2.CH8-BACnet.AV-9,AV:3038655
ECCP-NAE6,NAE6/Field Bus2.CH8-BACnet.AV-10,AV:3038654
ECCP-NAE6,NAE6/Field Bus2.CH8-BACnet.AV-11,AV:3038653
ECCP-NAE6,NAE6/Field Bus2.CH8-BACnet.AV-12,AV:3038652
ECCP-NAE6,NAE6/Field Bus2.CH8-BACnet.AV-13,AV:3038651
ECCP-NAE6,NAE6/Field Bus2.CH8-BACnet.AV-14,AV:3038650
ECCP-NAE6,NAE6/Field Bus2.CH8-BACnet.AV-15,AV:3038649
ECCP-NAE6,NAE6/Field Bus2.CH8-BACnet.AV-16,AV:3038677
ECCP-NAE6,NAE6/Field Bus2.CH8-BACnet.AV-17,AV:3038676
ECCP-NAE6,NAE6/Field Bus2.CH8-BACnet.AV-18,AV:3038675
ECCP-NAE6,NAE6/Field Bus2.CH8-BACnet.AV-19,AV:3038674
ECCP-NAE6,NAE6/Field Bus2.CH8-BACnet.AV-20,AV:3038673
ECCP-NAE6,NAE6/Field Bus2.CH8-BACnet.AV-21,AV:3038672
ECCP-NAE6,NAE6/Field Bus2.CH8-BACnet.AV-22,AV:3038671
ECCP-NAE6,NAE6/Field Bus2.CH8-BACnet.AV-23,AV:3038670
ECCP-NAE6,NAE6/Field Bus2.CH8-BACnet.AV-24,AV:3038669
ECCP-NAE6,NAE6/Field Bus2.CH8-BACnet.AV-25,AV:3038668
ECCP-NAE6,NAE6/Field Bus2.CH8-BACnet.AV-26,AV:3038667
ECCP-NAE6,NAE6/Field Bus2.CH8-BACnet.AV-27,AV:3038666
ECCP-NAE6,NAE6/Field Bus2.CH8-BACnet.AV-28,AV:3038665
ECCP-NAE6,NAE6/Field Bus2.CH8-BACnet.AV-29,AV:3038664
ECCP-NAE6,NAE6/Field Bus2.CH8-BACnet.AV-30,AV:3038663
ECCP-NAE6,NAE6/Field Bus2.CH8-BACnet.AV-31,AV:3038662
ECCP-NAE6,NAE6/Field Bus2.CH8-BACnet.AV-32,AV:3038688
ECCP-NAE6,NAE6/Field Bus2.CH8-BACnet.AV-33,AV:3038687
ECCP-NAE6,NAE6/Field Bus2.CH8-BACnet.AV-34,AV:3038686
ECCP-NAE6,NAE6/Field Bus2.CH8-BACnet.AV-35,AV:3038685
ECCP-NAE6,NAE6/Field Bus2.CH8-BACnet.AV-36,AV:3038684
ECCP-NAE6,NAE6/Field Bus2.CH8-BACnet.AV-37,AV:3038683
ECCP-NAE6,NAE6/Field Bus2.CH8-BACnet.AV-38,AV:3038682
ECCP-NAE6,NAE6/Field Bus2.CH8-BACnet.AV-39,AV:3038681
ECCP-NAE6,NAE6/Field Bus2.CH8-BACnet.AV-40,AV:3038680
ECCP-NAE6,NAE6/Field Bus2.CH8-BACnet.AV-41,AV:3038679
ECCP-NAE6,NAE6/Field Bus2.CH8-BACnet.AV-43,AV:3038678
ECCP-NAE6,NAE6/Field Bus2.CH8-BACnet.BO-1,BO:3038648
ECCP-NAE6,NAE6/Field Bus2.CH8-BACnet.BV-1,BV:3038635
ECCP-NAE6,NAE6/Field Bus2.CH8-BACnet.BV-5,BV:3038634
ECCP-NAE6,NAE6/Field Bus2.CH8-BACnet.BV-6,BV:3038633
ECCP-NAE6,NAE6/Field Bus2.CH8-BACnet.BV-7,BV:3038632
ECCP-NAE6,NAE6/Field Bus2.CH8-BACnet.BV-8,BV:3038631
ECCP-NAE6,NAE6/Field Bus2.CH8-BACnet.BV-9,BV:3038630
ECCP-NAE6,NAE6/Field Bus2.CH8-BACnet.BV-10,BV:3038629
ECCP-NAE6,NAE6/Field Bus2.CH8-BACnet.BV-11,BV:3038628
ECCP-NAE6,NAE6/Field Bus2.CH8-BACnet.BV-12,BV:3038627
ECCP-NAE6,NAE6/Field Bus2.CH8-BACnet.BV-13,BV:3038626
ECCP-NAE6,NAE6/Field Bus2.CH8-BACnet.BV-14,BV:3038625
ECCP-NAE6,NAE6/Field Bus2.CH8-BACnet.BV-15,BV:3038624
ECCP-NAE6,NAE6/Field Bus2.CH8-BACnet.BV-16,BV:3038647
ECCP-NAE6,NAE6/Field Bus2.CH8-BACnet.BV-17,BV:3038646
ECCP-NAE6,NAE6/Field Bus2.CH8-BACnet.BV-18,BV:3038645
ECCP-NAE6,NAE6/Field Bus2.CH8-BACnet.BV-19,BV:3038644
ECCP-NAE6,NAE6/Field Bus2.CH8-BACnet.BV-20,BV:3038643
ECCP-NAE6,NAE6/Field Bus2.CH8-BACnet.BV-22,BV:3038642
ECCP-NAE6,NAE6/Field Bus2.CH8-BACnet.BV-23,BV:3038641
ECCP-NAE6,NAE6/Field Bus2.CH8-BACnet.BV-24,BV:3038640
ECCP-NAE6,NAE6/Field Bus2.CH8-BACnet.BV-26,BV:3038639
ECCP-NAE6,NAE6/Field Bus2.CH8-BACnet.BV-27,BV:3038638
ECCP-NAE6,NAE6/Field Bus2.CH8-BACnet.BV-28,BV:3038637
ECCP-NAE6,NAE6/Field Bus2.CH8-BACnet.BV-29,BV:3038636
ECCP-NAE6,NAE6/Field Bus2.CH8-BACnet.CH8 CONTROL SOURCE CODE,AV:3041462
ECCP-NAE6,NAE6/Field Bus2.CH8-BACnet.CH8 CYCLE CODE,AV:3041460
ECCP-NAE6,NAE6/Field Bus2.CH8-BACnet.CH8 OP CODE,AV:3041453
ECCP-NAE6,NAE6/Field Bus2.CH8-BACnet.CH8 SAFETY CODE,AV:3041459
ECCP-NAE6,NAE6/Field Bus2.CH8-BACnet.CH8 WARNING CODE,AV:3041461
ECCP-NAE6,NAE6/Field Bus2.CH8-BACnet.INHIB-CODE,AV:3078338
ECCP-NAE6,NAE6/Field Bus2.CH8-BACnet.INTERN-CODE,AV:3078341
ECCP-NAE6,NAE6/Field Bus2.CH8-BACnet.MODFLT-CODE,AV:3078336
ECCP-NAE6,NAE6/Field Bus2.CH8-BACnet.TUR-CODE,AV:3078325
ECCP-NAE6,NAE6/Field Bus2.CH9-KW.AI-1,AI:3099088
ECCP-NAE6,NAE6/Field Bus2.CH9-KW.AI-2,AI:3099089
ECCP-NAE6,NAE6/Field Bus2.CH9-KW.AI-5,AI:3099090
ECCP-NAE6,NAE6/Field Bus2.CH9-KW.AI-8,AI:3099091
ECCP-NAE6,NAE6/Field Bus2.CH9-KW.AI-9,AI:3099092
ECCP-NAE6,NAE6/Field Bus2.CH9-KW.AI-10,AI:3099093
ECCP-NAE6,NAE6/Field Bus2.CH9-KW.AI-11,AI:3099094
ECCP-NAE6,NAE6/Field Bus2.CH9-KW.AI-12,AI:3099095
ECCP-NAE6,NAE6/Field Bus2.CH9-KW.AI-13,AI:3099096
ECCP-NAE6,NAE6/Field Bus2.CH9-KW.AI-14,AI:3099097
ECCP-NAE6,NAE6/Field Bus2.CH9-KW.AI-15,AI:3099098
ECCP-NAE6,NAE6/Field Bus2.CH9-KW.AI-16,AI:3099099
ECCP-NAE6,NAE6/Field Bus2.CH9-KW.AI-17,AI:3099100
ECCP-NAE6,NAE6/Field Bus2.CH9-KW.AI-24,AI:3099101
ECCP-NAE6,NAE6/Field Bus2.CH9-KW.AI-25,AI:3099102
ECCP-NAE6,NAE6/Field Bus2.CH9-KW.AI-26,AI:3099103
ECCP-NAE6,NAE6/Field Bus2.CH9-KW.AI-27,AI:3099104
ECCP-NAE6,NAE6/Field Bus2.CH9-KW.AI-28,AI:3099105
ECCP-NAE6,NAE6/Field Bus2.CH9-KW.AI-29,AI:3099106
ECCP-NAE6,NAE6/Field Bus2.CH9-KW.AI-30,AI:3099107
ECCP-NAE6,NAE6/Field Bus2.CH9-KW.AI-31,AI:3099108
ECCP-NAE6,NAE6/Field Bus2.CH9-KW.AI-32,AI:3099109
ECCP-NAE6,NAE6/Field Bus2.CP5-KW.AI-1,AI:3029221
ECCP-NAE6,NAE6/Field Bus2.CP5-KW.AI-2,AI:3029220
ECCP-NAE6,NAE6/Field Bus2.CP5-KW.AI-3,AI:3029219
ECCP-NAE6,NAE6/Field Bus2.CP5-KW.AI-4,AI:3029218
ECCP-NAE6,NAE6/Field Bus2.CP5-KW.AI-5,AI:3029207
ECCP-NAE6,NAE6/Field Bus2.CP5-KW.AI-6,AI:3029217
ECCP-NAE6,NAE6/Field Bus2.CP5-KW.AI-7,AI:3029216
ECCP-NAE6,NAE6/Field Bus2.CP5-KW.AI-8,AI:3029215
ECCP-NAE6,NAE6/Field Bus2.CP5-KW.AI-9,AI:3029214
ECCP-NAE6,NAE6/Field Bus2.CP5-KW.AI-10,AI:3029213
ECCP-NAE6,NAE6/Field Bus2.CP5-KW.AI-11,AI:3029212
ECCP-NAE6,NAE6/Field Bus2.CP5-KW.AI-12,AI:3029211
ECCP-NAE6,NAE6/Field Bus2.CP5-KW.AI-13,AI:3029210
ECCP-NAE6,NAE6/Field Bus2.CP5-KW.AI-14,AI:3029209
ECCP-NAE6,NAE6/Field Bus2.CP5-KW.AI-15,AI:3029208
ECCP-NAE6,NAE6/Field Bus2.CP5-KW.AI-16,AI:3029237
ECCP-NAE6,NAE6/Field Bus2.CP5-KW.AI-17,AI:3029236
ECCP-NAE6,NAE6/Field Bus2.CP5-KW.AI-18,AI:3029235
ECCP-NAE6,NAE6/Field Bus2.CP5-KW.AI-19,AI:3029234
ECCP-NAE6,NAE6/Field Bus2.CP5-KW.AI-20,AI:3029233
ECCP-NAE6,NAE6/Field Bus2.CP5-KW.AI-21,AI:3029232
ECCP-NAE6,NAE6/Field Bus2.CP5-KW.AI-22,AI:3029231
ECCP-NAE6,NAE6/Field Bus2.CP5-KW.AI-23,AI:3029230
ECCP-NAE6,NAE6/Field Bus2.CP5-KW.AI-24,AI:3029229
ECCP-NAE6,NAE6/Field Bus2.CP5-KW.AI-25,AI:3029228
ECCP-NAE6,NAE6/Field Bus2.CP5-KW.AI-26,AI:3029227
ECCP-NAE6,NAE6/Field Bus2.CP5-KW.AI-27,AI:3029226
ECCP-NAE6,NAE6/Field Bus2.CP5-KW.AI-28,AI:3029225
ECCP-NAE6,NAE6/Field Bus2.CP5-KW.AI-29,AI:3029224
ECCP-NAE6,NAE6/Field Bus2.CP5-KW.AI-30,AI:3029223
ECCP-NAE6,NAE6/Field Bus2.CP5-KW.AI-31,AI:3029222
ECCP-NAE6,NAE6/Field Bus2.CP5-KW.AI-32,AI:3029249
ECCP-NAE6,NAE6/Field Bus2.CP5-KW.AI-33,AI:3029248
ECCP-NAE6,NAE6/Field Bus2.CP5-KW.AI-34,AI:3029247
ECCP-NAE6,NAE6/Field Bus2.CP5-KW.AI-35,AI:3029246
ECCP-NAE6,NAE6/Field Bus2.CP5-KW.AI-36,AI:3029245
ECCP-NAE6,NAE6/Field Bus2.CP5-KW.AI-37,AI:3029244
ECCP-NAE6,NAE6/Field Bus2.CP5-KW.AI-38,AI:3029243
ECCP-NAE6,NAE6/Field Bus2.CP5-KW.AI-39,AI:3029242
ECCP-NAE6,NAE6/Field Bus2.CP5-KW.AI-40,AI:3029241
ECCP-NAE6,NAE6/Field Bus2.CP5-KW.AI-41,AI:3029240
ECCP-NAE6,NAE6/Field Bus2.CP5-KW.AI-42,AI:3029239
ECCP-NAE6,NAE6/Field Bus2.CP5-KW.AI-43,AI:3029238
ECCP-NAE6,NAE6/Field Bus2.CP6-KW.AI-1,AI:3029264
ECCP-NAE6,NAE6/Field Bus2.CP6-KW.AI-2,AI:3029263
ECCP-NAE6,NAE6/Field Bus2.CP6-KW.AI-3,AI:3029262
ECCP-NAE6,NAE6/Field Bus2.CP6-KW.AI-4,AI:3029261
ECCP-NAE6,NAE6/Field Bus2.CP6-KW.AI-5,AI:3029250
ECCP-NAE6,NAE6/Field Bus2.CP6-KW.AI-6,AI:3029260
ECCP-NAE6,NAE6/Field Bus2.CP6-KW.AI-7,AI:3029259
ECCP-NAE6,NAE6/Field Bus2.CP6-KW.AI-8,AI:3029258
ECCP-NAE6,NAE6/Field Bus2.CP6-KW.AI-9,AI:3029257
ECCP-NAE6,NAE6/Field Bus2.CP6-KW.AI-10,AI:3029256
ECCP-NAE6,NAE6/Field Bus2.CP6-KW.AI-11,AI:3029255
ECCP-NAE6,NAE6/Field Bus2.CP6-KW.AI-12,AI:3029254
ECCP-NAE6,NAE6/Field Bus2.CP6-KW.AI-13,AI:3029253
ECCP-NAE6,NAE6/Field Bus2.CP6-KW.AI-14,AI:3029252
ECCP-NAE6,NAE6/Field Bus2.CP6-KW.AI-15,AI:3029251
ECCP-NAE6,NAE6/Field Bus2.CP6-KW.AI-16,AI:3029280
ECCP-NAE6,NAE6/Field Bus2.CP6-KW.AI-17,AI:3029279
ECCP-NAE6,NAE6/Field Bus2.CP6-KW.AI-18,AI:3029278
ECCP-NAE6,NAE6/Field Bus2.CP6-KW.AI-19,AI:3029277
ECCP-NAE6,NAE6/Field Bus2.CP6-KW.AI-20,AI:3029276
ECCP-NAE6,NAE6/Field Bus2.CP6-KW.AI-21,AI:3029275
ECCP-NAE6,NAE6/Field Bus2.CP6-KW.AI-22,AI:3029274
ECCP-NAE6,NAE6/Field Bus2.CP6-KW.AI-23,AI:3029273
ECCP-NAE6,NAE6/Field Bus2.CP6-KW.AI-24,AI:3029272
ECCP-NAE6,NAE6/Field Bus2.CP6-KW.AI-25,AI:3029271
ECCP-NAE6,NAE6/Field Bus2.CP6-KW.AI-26,AI:3029270
ECCP-NAE6,NAE6/Field Bus2.CP6-KW.AI-27,AI:3029269
ECCP-NAE6,NAE6/Field Bus2.CP6-KW.AI-28,AI:3029268
ECCP-NAE6,NAE6/Field Bus2.CP6-KW.AI-29,AI:3029267
ECCP-NAE6,NAE6/Field Bus2.CP6-KW.AI-30,AI:3029266
ECCP-NAE6,NAE6/Field Bus2.CP6-KW.AI-31,AI:3029265
ECCP-NAE6,NAE6/Field Bus2.CP6-KW.AI-32,AI:3029292
ECCP-NAE6,NAE6/Field Bus2.CP6-KW.AI-33,AI:3029291
ECCP-NAE6,NAE6/Field Bus2.CP6-KW.AI-34,AI:3029290
ECCP-NAE6,NAE6/Field Bus2.CP6-KW.AI-35,AI:3029289
ECCP-NAE6,NAE6/Field Bus2.CP6-KW.AI-36,AI:3029288
ECCP-NAE6,NAE6/Field Bus2.CP6-KW.AI-37,AI:3029287
ECCP-NAE6,NAE6/Field Bus2.CP6-KW.AI-38,AI:3029286
ECCP-NAE6,NAE6/Field Bus2.CP6-KW.AI-39,AI:3029285
ECCP-NAE6,NAE6/Field Bus2.CP6-KW.AI-40,AI:3029284
ECCP-NAE6,NAE6/Field Bus2.CP6-KW.AI-41,AI:3029283
ECCP-NAE6,NAE6/Field Bus2.CP6-KW.AI-42,AI:3029282
ECCP-NAE6,NAE6/Field Bus2.CP6-KW.AI-43,AI:3029281
ECCP-NAE6,NAE6/Field Bus2.CP7-KW.AI-1,AI:3029307
ECCP-NAE6,NAE6/Field Bus2.CP7-KW.AI-2,AI:3029306
ECCP-NAE6,NAE6/Field Bus2.CP7-KW.AI-3,AI:3029305
ECCP-NAE6,NAE6/Field Bus2.CP7-KW.AI-4,AI:3029304
ECCP-NAE6,NAE6/Field Bus2.CP7-KW.AI-5,AI:3029293
ECCP-NAE6,NAE6/Field Bus2.CP7-KW.AI-6,AI:3029303
ECCP-NAE6,NAE6/Field Bus2.CP7-KW.AI-7,AI:3029302
ECCP-NAE6,NAE6/Field Bus2.CP7-KW.AI-8,AI:3029301
ECCP-NAE6,NAE6/Field Bus2.CP7-KW.AI-9,AI:3029300
ECCP-NAE6,NAE6/Field Bus2.CP7-KW.AI-10,AI:3029299
ECCP-NAE6,NAE6/Field Bus2.CP7-KW.AI-11,AI:3029298
ECCP-NAE6,NAE6/Field Bus2.CP7-KW.AI-12,AI:3029297
ECCP-NAE6,NAE6/Field Bus2.CP7-KW.AI-13,AI:3029296
ECCP-NAE6,NAE6/Field Bus2.CP7-KW.AI-14,AI:3029295
ECCP-NAE6,NAE6/Field Bus2.CP7-KW.AI-15,AI:3029294
ECCP-NAE6,NAE6/Field Bus2.CP7-KW.AI-16,AI:3029323
ECCP-NAE6,NAE6/Field Bus2.CP7-KW.AI-17,AI:3029322
ECCP-NAE6,NAE6/Field Bus2.CP7-KW.AI-18,AI:3029321
ECCP-NAE6,NAE6/Field Bus2.CP7-KW.AI-19,AI:3029320
ECCP-NAE6,NAE6/Field Bus2.CP7-KW.AI-20,AI:3029319
ECCP-NAE6,NAE6/Field Bus2.CP7-KW.AI-21,AI:3029318
ECCP-NAE6,NAE6/Field Bus2.CP7-KW.AI-22,AI:3029317
ECCP-NAE6,NAE6/Field Bus2.CP7-KW.AI-23,AI:3029316
ECCP-NAE6,NAE6/Field Bus2.CP7-KW.AI-24,AI:3029315
ECCP-NAE6,NAE6/Field Bus2.CP7-KW.AI-25,AI:3029314
ECCP-NAE6,NAE6/Field Bus2.CP7-KW.AI-26,AI:3029313
ECCP-NAE6,NAE6/Field Bus2.CP7-KW.AI-27,AI:3029312
ECCP-NAE6,NAE6/Field Bus2.CP7-KW.AI-28,AI:3029311
ECCP-NAE6,NAE6/Field Bus2.CP7-KW.AI-29,AI:3029310
ECCP-NAE6,NAE6/Field Bus2.CP7-KW.AI-30,AI:3029309
ECCP-NAE6,NAE6/Field Bus2.CP7-KW.AI-31,AI:3029308
ECCP-NAE6,NAE6/Field Bus2.CP7-KW.AI-32,AI:3029335
ECCP-NAE6,NAE6/Field Bus2.CP7-KW.AI-33,AI:3029334
ECCP-NAE6,NAE6/Field Bus2.CP7-KW.AI-34,AI:3029333
ECCP-NAE6,NAE6/Field Bus2.CP7-KW.AI-35,AI:3029332
ECCP-NAE6,NAE6/Field Bus2.CP7-KW.AI-36,AI:3029331
ECCP-NAE6,NAE6/Field Bus2.CP7-KW.AI-37,AI:3029330
ECCP-NAE6,NAE6/Field Bus2.CP7-KW.AI-38,AI:3029329
ECCP-NAE6,NAE6/Field Bus2.CP7-KW.AI-39,AI:3029328
ECCP-NAE6,NAE6/Field Bus2.CP7-KW.AI-40,AI:3029327
ECCP-NAE6,NAE6/Field Bus2.CP7-KW.AI-41,AI:3029326
ECCP-NAE6,NAE6/Field Bus2.CP7-KW.AI-42,AI:3029325
ECCP-NAE6,NAE6/Field Bus2.CP7-KW.AI-43,AI:3029324
ECCP-NAE6,NAE6/Field Bus2.CP8-KW.AI-1,AI:3029350
ECCP-NAE6,NAE6/Field Bus2.CP8-KW.AI-2,AI:3029349
ECCP-NAE6,NAE6/Field Bus2.CP8-KW.AI-3,AI:3029348
ECCP-NAE6,NAE6/Field Bus2.CP8-KW.AI-4,AI:3029347
ECCP-NAE6,NAE6/Field Bus2.CP8-KW.AI-5,AI:3029336
ECCP-NAE6,NAE6/Field Bus2.CP8-KW.AI-6,AI:3029346
ECCP-NAE6,NAE6/Field Bus2.CP8-KW.AI-7,AI:3029345
ECCP-NAE6,NAE6/Field Bus2.CP8-KW.AI-8,AI:3029344
ECCP-NAE6,NAE6/Field Bus2.CP8-KW.AI-9,AI:3029343
ECCP-NAE6,NAE6/Field Bus2.CP8-KW.AI-10,AI:3029342
ECCP-NAE6,NAE6/Field Bus2.CP8-KW.AI-11,AI:3029341
ECCP-NAE6,NAE6/Field Bus2.CP8-KW.AI-12,AI:3029340
ECCP-NAE6,NAE6/Field Bus2.CP8-KW.AI-13,AI:3029339
ECCP-NAE6,NAE6/Field Bus2.CP8-KW.AI-14,AI:3029338
ECCP-NAE6,NAE6/Field Bus2.CP8-KW.AI-15,AI:3029337
ECCP-NAE6,NAE6/Field Bus2.CP8-KW.AI-16,AI:3029366
ECCP-NAE6,NAE6/Field Bus2.CP8-KW.AI-17,AI:3029365
ECCP-NAE6,NAE6/Field Bus2.CP8-KW.AI-18,AI:3029364
ECCP-NAE6,NAE6/Field Bus2.CP8-KW.AI-19,AI:3029363
ECCP-NAE6,NAE6/Field Bus2.CP8-KW.AI-20,AI:3029362
ECCP-NAE6,NAE6/Field Bus2.CP8-KW.AI-21,AI:3029361
ECCP-NAE6,NAE6/Field Bus2.CP8-KW.AI-22,AI:3029360
ECCP-NAE6,NAE6/Field Bus2.CP8-KW.AI-23,AI:3029359
ECCP-NAE6,NAE6/Field Bus2.CP8-KW.AI-24,AI:3029358
ECCP-NAE6,NAE6/Field Bus2.CP8-KW.AI-25,AI:3029357
ECCP-NAE6,NAE6/Field Bus2.CP8-KW.AI-26,AI:3029356
ECCP-NAE6,NAE6/Field Bus2.CP8-KW.AI-27,AI:3029355
ECCP-NAE6,NAE6/Field Bus2.CP8-KW.AI-28,AI:3029354
ECCP-NAE6,NAE6/Field Bus2.CP8-KW.AI-29,AI:3029353
ECCP-NAE6,NAE6/Field Bus2.CP8-KW.AI-30,AI:3029352
ECCP-NAE6,NAE6/Field Bus2.CP8-KW.AI-31,AI:3029351
ECCP-NAE6,NAE6/Field Bus2.CP8-KW.AI-32,AI:3029378
ECCP-NAE6,NAE6/Field Bus2.CP8-KW.AI-33,AI:3029377
ECCP-NAE6,NAE6/Field Bus2.CP8-KW.AI-34,AI:3029376
ECCP-NAE6,NAE6/Field Bus2.CP8-KW.AI-35,AI:3029375
ECCP-NAE6,NAE6/Field Bus2.CP8-KW.AI-36,AI:3029374
ECCP-NAE6,NAE6/Field Bus2.CP8-KW.AI-37,AI:3029373
ECCP-NAE6,NAE6/Field Bus2.CP8-KW.AI-38,AI:3029372
ECCP-NAE6,NAE6/Field Bus2.CP8-KW.AI-39,AI:3029371
ECCP-NAE6,NAE6/Field Bus2.CP8-KW.AI-40,AI:3029370
ECCP-NAE6,NAE6/Field Bus2.CP8-KW.AI-41,AI:3029369
ECCP-NAE6,NAE6/Field Bus2.CP8-KW.AI-42,AI:3029368
ECCP-NAE6,NAE6/Field Bus2.CP8-KW.AI-43,AI:3029367
ECCP-NAE6,NAE6/Field Bus2.FEC-AHU2.BCW-F2,AI:3027018
ECCP-NAE6,NAE6/Field Bus2.FEC-AHU2.BCWR-T2,AI:3027019
ECCP-NAE6,NAE6/Field Bus2.FEC-AHU2.BCWS-T2,AI:3027017
ECCP-NAE6,NAE6/Field Bus2.FEC-AHU2.BP2-S,BI:3027030
ECCP-NAE6,NAE6/Field Bus2.FEC-AHU2.BP2-SC,AO:3027035
ECCP-NAE6,NAE6/Field Bus2.FEC-AHU2.BP2-SS,BO:3027031
ECCP-NAE6,NAE6/Field Bus2.FEC-AHU2.CLG-VLV,AO:3027038
ECCP-NAE6,NAE6/Field Bus2.FEC-AHU2.EF8-S,BI:3027024
ECCP-NAE6,NAE6/Field Bus2.FEC-AHU2.EF9-S,BI:3027025
ECCP-NAE6,NAE6/Field Bus2.FEC-AHU2.EF9-SS,BO:3027012
ECCP-NAE6,NAE6/Field Bus2.FEC-AHU2.EF10-S,BI:3027026
ECCP-NAE6,NAE6/Field Bus2.FEC-AHU2.EF10-SS,BO:3027013
ECCP-NAE6,NAE6/Field Bus2.FEC-AHU2.EF11-S,BI:3027027
ECCP-NAE6,NAE6/Field Bus2.FEC-AHU2.EF11-SS,BO:3027014
ECCP-NAE6,NAE6/Field Bus2.FEC-AHU2.ELCRM2-T,AI:3027036
ECCP-NAE6,NAE6/Field Bus2.FEC-AHU2.LT-A,BI:3027010
ECCP-NAE6,NAE6/Field Bus2.FEC-AHU2.MA-D,AO:3027039
ECCP-NAE6,NAE6/Field Bus2.FEC-AHU2.MA-T,AI:3027034
ECCP-NAE6,NAE6/Field Bus2.FEC-AHU2.Parameters.BCW-LOAD2,AV:3037060
ECCP-NAE6,NAE6/Field Bus2.FEC-AHU2.Parameters.BP2-STRT-DF,AV:3037070
ECCP-NAE6,NAE6/Field Bus2.FEC-AHU2.Parameters.BP2-STRT-SP,AV:3037071
ECCP-NAE6,NAE6/Field Bus2.FEC-AHU2.Parameters.CLGOA-SP,AV:3037072
ECCP-NAE6,NAE6/Field Bus2.FEC-AHU2.Parameters.CLGVLV SL-OUTSTATE,MV:3037079
ECCP-NAE6,NAE6/Field Bus2.FEC-AHU2.Parameters.CLGVLV TUNING-RESET,BV:3037078
ECCP-NAE6,NAE6/Field Bus2.FEC-AHU2.Parameters.ECONLK-SP,AV:3037074
ECCP-NAE6,NAE6/Field Bus2.FEC-AHU2.Parameters.EFZN-DF,AV:3037062
ECCP-NAE6,NAE6/Field Bus2.FEC-AHU2.Parameters.EFZN-SP,AV:3037061
ECCP-NAE6,NAE6/Field Bus2.FEC-AHU2.Parameters.ELCRM2-DF,AV:3037069
ECCP-NAE6,NAE6/Field Bus2.FEC-AHU2.Parameters.ELCRM2-SP,AV:3037068
ECCP-NAE6,NAE6/Field Bus2.FEC-AHU2.Parameters.MA-D TUNING-RESET,BV:3037080
ECCP-NAE6,NAE6/Field Bus2.FEC-AHU2.Parameters.MAD-Mode,MV:3037073
ECCP-NAE6,NAE6/Field Bus2.FEC-AHU2.Parameters.OADB-T,AV:3037058
ECCP-NAE6,NAE6/Field Bus2.FEC-AHU2.Parameters.SAT-SP,AV:3037059
ECCP-NAE6,NAE6/Field Bus2.FEC-AHU2.Parameters.SF2 Sys Enb,MV:3037067
ECCP-NAE6,NAE6/Field Bus2.FEC-AHU2.Parameters.SFSC SL-OUTSTATE,MV:3037076
ECCP-NAE6,NAE6/Field Bus2.FEC-AHU2.Parameters.SFSC TUNING-RESET,BV:3037075
ECCP-NAE6,NAE6/Field Bus2.FEC-AHU2.Parameters.SFSC-SP,AV:3037077
ECCP-NAE6,NAE6/Field Bus2.FEC-AHU2.Parameters.Telecom CW Load,AV:3087752
ECCP-NAE6,NAE6/Field Bus2.FEC-AHU2.Parameters.Telecom CW Totalization,AV:3087756
ECCP-NAE6,NAE6/Field Bus2.FEC-AHU2.Parameters.UHOA-SP,AV:3037065
ECCP-NAE6,NAE6/Field Bus2.FEC-AHU2.Parameters.UHZNT-OCC-SP,AV:3037063
ECCP-NAE6,NAE6/Field Bus2.FEC-AHU2.Parameters.UHZNT-UNOC-SP,AV:3037064
ECCP-NAE6,NAE6/Field Bus2.FEC-AHU2.Parameters.UNIT-HTR-OCC,MV:3037066
ECCP-NAE6,NAE6/Field Bus2.FEC-AHU2.PLANT-T4,AI:3027021
ECCP-NAE6,NAE6/Field Bus2.FEC-AHU2.PLANT-T5,AI:3027022
ECCP-NAE6,NAE6/Field Bus2.FEC-AHU2.PLANT-T6,AI:3027023
ECCP-NAE6,NAE6/Field Bus2.FEC-AHU2.RA-T,AI:3027033
ECCP-NAE6,NAE6/Field Bus2.FEC-AHU2.SA-T,AI:3027028
ECCP-NAE6,NAE6/Field Bus2.FEC-AHU2.SF-S,BI:3027032
ECCP-NAE6,NAE6/Field Bus2.FEC-AHU2.SF-SC,AO:3027037
ECCP-NAE6,NAE6/Field Bus2.FEC-AHU2.SF-SS,BO:3027029
ECCP-NAE6,NAE6/Field Bus2.FEC-AHU2.UH-SS3,BO:3027015
ECCP-NAE6,NAE6/Field Bus2.FEC-AHU2.UH-SS4,BO:3027016
ECCP-NAE6,NAE6/Field Bus2.FEC-CH5.CH5-ALM-BI,BI:3026943
ECCP-NAE6,NAE6/Field Bus2.FEC-CH5.CH5-AUTO,BI:3026934
ECCP-NAE6,NAE6/Field Bus2.FEC-CH5.CH5-ENABLE,BO:3026944
ECCP-NAE6,NAE6/Field Bus2.FEC-CH5.CH5-F,AI:3026936
ECCP-NAE6,NAE6/Field Bus2.FEC-CH5.CH5-HAND,BI:3026933
ECCP-NAE6,NAE6/Field Bus2.FEC-CH5.CH5-S,BI:3026942
ECCP-NAE6,NAE6/Field Bus2.FEC-CH5.CH5R-T,AI:3026938
ECCP-NAE6,NAE6/Field Bus2.FEC-CH5.CH5S-T,AI:3026940
ECCP-NAE6,NAE6/Field Bus2.FEC-CH5.CH5TW-F,AI:3026941
ECCP-NAE6,NAE6/Field Bus2.FEC-CH5.CH5TW-V,AO:3026946
ECCP-NAE6,NAE6/Field Bus2.FEC-CH5.CH5TWR-T,AI:3026939
ECCP-NAE6,NAE6/Field Bus2.FEC-CH5.CH5TWS-T,AI:3026937
ECCP-NAE6,NAE6/Field Bus2.FEC-CH5.CP5-S,BI:3026932
ECCP-NAE6,NAE6/Field Bus2.FEC-CH5.CP5-SC,AO:3026945
ECCP-NAE6,NAE6/Field Bus2.FEC-CH5.CP5-SS,BO:3026947
ECCP-NAE6,NAE6/Field Bus2.FEC-CH5.Parameters.Alarm Reset,MV:3027059
ECCP-NAE6,NAE6/Field Bus2.FEC-CH5.Parameters.CH5-%LOAD,AV:3027050
ECCP-NAE6,NAE6/Field Bus2.FEC-CH5.Parameters.CH5-ALARM,MV:3027058
ECCP-NAE6,NAE6/Field Bus2.FEC-CH5.Parameters.CH5-eRATE,AV:3027049
ECCP-NAE6,NAE6/Field Bus2.FEC-CH5.Parameters.CH5-KWin,AV:3027064
ECCP-NAE6,NAE6/Field Bus2.FEC-CH5.Parameters.CH5-LOAD,AV:3027051
ECCP-NAE6,NAE6/Field Bus2.FEC-CH5.Parameters.CH5-LP-START,BV:3091596
ECCP-NAE6,NAE6/Field Bus2.FEC-CH5.Parameters.CH5-TP-START,BV:3091594
ECCP-NAE6,NAE6/Field Bus2.FEC-CH5.Parameters.CH5-TW-LOAD,AV:3091593
ECCP-NAE6,NAE6/Field Bus2.FEC-CH5.Parameters.CH5TW-V-CIRC-ONDLY,AV:3104502
ECCP-NAE6,NAE6/Field Bus2.FEC-CH5.Parameters.CH5TW-VLV-SP,AV:3040747
ECCP-NAE6,NAE6/Field Bus2.FEC-CH5.Parameters.CH6 In Alarm,BV:3091592
ECCP-NAE6,NAE6/Field Bus2.FEC-CH5.Parameters.CH6 NDX-SS,BV:3091591
ECCP-NAE6,NAE6/Field Bus2.FEC-CH5.Parameters.CH-SEQ,AV:3027065
ECCP-NAE6,NAE6/Field Bus2.FEC-CH5.Parameters.CHLR-ON,MV:3027047
ECCP-NAE6,NAE6/Field Bus2.FEC-CH5.Parameters.CHLR-STR,MV:3027061
ECCP-NAE6,NAE6/Field Bus2.FEC-CH5.Parameters.CHLRS ON,AV:3027046
ECCP-NAE6,NAE6/Field Bus2.FEC-CH5.Parameters.CHTWV-OU,AV:3027055
ECCP-NAE6,NAE6/Field Bus2.FEC-CH5.Parameters.CP5SC-SP,AV:3037285
ECCP-NAE6,NAE6/Field Bus2.FEC-CH5.Parameters.CSYSENB,MV:3027062
ECCP-NAE6,NAE6/Field Bus2.FEC-CH5.Parameters.ECP5-NDX,AV:3027060
ECCP-NAE6,NAE6/Field Bus2.FEC-CH5.Parameters.NDX-SS,BV:3091597
ECCP-NAE6,NAE6/Field Bus2.FEC-CH5.Parameters.TOWER-CIRC,BV:3091595
ECCP-NAE6,NAE6/Field Bus2.FEC-CH5.REF-ALM2,BI:3026935
ECCP-NAE6,NAE6/Field Bus2.FEC-CH6.CH6-ALM-BI,BI:3026958
ECCP-NAE6,NAE6/Field Bus2.FEC-CH6.CH6-AUTO,BI:3026950
ECCP-NAE6,NAE6/Field Bus2.FEC-CH6.CH6-ENABLE,BO:3026959
ECCP-NAE6,NAE6/Field Bus2.FEC-CH6.CH6-F,AI:3026951
ECCP-NAE6,NAE6/Field Bus2.FEC-CH6.CH6-HAND,BI:3026949
ECCP-NAE6,NAE6/Field Bus2.FEC-CH6.CH6-S,BI:3026957
ECCP-NAE6,NAE6/Field Bus2.FEC-CH6.CH6R-T,AI:3026953
ECCP-NAE6,NAE6/Field Bus2.FEC-CH6.CH6S-T,AI:3026955
ECCP-NAE6,NAE6/Field Bus2.FEC-CH6.CH6TW-F,AI:3026956
ECCP-NAE6,NAE6/Field Bus2.FEC-CH6.CH6TW-V,AO:3026961
ECCP-NAE6,NAE6/Field Bus2.FEC-CH6.CH6TWR-T,AI:3026954
ECCP-NAE6,NAE6/Field Bus2.FEC-CH6.CH6TWS-T,AI:3026952
ECCP-NAE6,NAE6/Field Bus2.FEC-CH6.CP6-S,BI:3026948
ECCP-NAE6,NAE6/Field Bus2.FEC-CH6.CP6-SC,AO:3026960
ECCP-NAE6,NAE6/Field Bus2.FEC-CH6.CP6-SS,BO:3026962
ECCP-NAE6,NAE6/Field Bus2.FEC-CH6.Parameters.Alarm Reset,MV:3027085
ECCP-NAE6,NAE6/Field Bus2.FEC-CH6.Parameters.CH5 In Alarm,BV:3091598
ECCP-NAE6,NAE6/Field Bus2.FEC-CH6.Parameters.CH5 NDX-SS,BV:3091599
ECCP-NAE6,NAE6/Field Bus2.FEC-CH6.Parameters.CH6-%LOAD,AV:3027076
ECCP-NAE6,NAE6/Field Bus2.FEC-CH6.Parameters.CH6-ALARM,MV:3027084
ECCP-NAE6,NAE6/Field Bus2.FEC-CH6.Parameters.CH6-eRATE,AV:3027075
ECCP-NAE6,NAE6/Field Bus2.FEC-CH6.Parameters.CH6-KWin,AV:3027090
ECCP-NAE6,NAE6/Field Bus2.FEC-CH6.Parameters.CH6-LOAD,AV:3027077
ECCP-NAE6,NAE6/Field Bus2.FEC-CH6.Parameters.CH6-LP-START,BV:3091603
ECCP-NAE6,NAE6/Field Bus2.FEC-CH6.Parameters.CH6-TP-START,BV:3091602
ECCP-NAE6,NAE6/Field Bus2.FEC-CH6.Parameters.CH6-TW-LOAD,AV:3091600
ECCP-NAE6,NAE6/Field Bus2.FEC-CH6.Parameters.CH6TW-V-CIRC-ONDLY,AV:3104504
ECCP-NAE6,NAE6/Field Bus2.FEC-CH6.Parameters.CH6TW-VLV-SP,AV:3040748
ECCP-NAE6,NAE6/Field Bus2.FEC-CH6.Parameters.CH-SEQ,AV:3027091
ECCP-NAE6,NAE6/Field Bus2.FEC-CH6.Parameters.CHLR-ON,MV:3027073
ECCP-NAE6,NAE6/Field Bus2.FEC-CH6.Parameters.CHLR-STR,MV:3027087
ECCP-NAE6,NAE6/Field Bus2.FEC-CH6.Parameters.CHLRS ON,AV:3027072
ECCP-NAE6,NAE6/Field Bus2.FEC-CH6.Parameters.CHTWV-OU,AV:3027081
ECCP-NAE6,NAE6/Field Bus2.FEC-CH6.Parameters.CP6SC-SP,AV:3037370
ECCP-NAE6,NAE6/Field Bus2.FEC-CH6.Parameters.CSYSENB,MV:3027088
ECCP-NAE6,NAE6/Field Bus2.FEC-CH6.Parameters.ECP6-NDX,AV:3027086
ECCP-NAE6,NAE6/Field Bus2.FEC-CH6.Parameters.NDX-SS,BV:3091604
ECCP-NAE6,NAE6/Field Bus2.FEC-CH6.Parameters.TOWER-CIRC,BV:3091601
ECCP-NAE6,NAE6/Field Bus2.FEC-CH7.CA-COMP1-S,BI:3036400
ECCP-NAE6,NAE6/Field Bus2.FEC-CH7.CA-COMP2-S,BI:3036401
ECCP-NAE6,NAE6/Field Bus2.FEC-CH7.CH7-ALM-BI,BI:3026984
ECCP-NAE6,NAE6/Field Bus2.FEC-CH7.CH7-AUTO,BI:3026965
ECCP-NAE6,NAE6/Field Bus2.FEC-CH7.CH7-ENABLE,BO:3026985
ECCP-NAE6,NAE6/Field Bus2.FEC-CH7.CH7-F,AI:3026977
ECCP-NAE6,NAE6/Field Bus2.FEC-CH7.CH7-HAND,BI:3026964
ECCP-NAE6,NAE6/Field Bus2.FEC-CH7.CH7-S,BI:3026983
ECCP-NAE6,NAE6/Field Bus2.FEC-CH7.CH7-STMBLW-V,AO:3036402
ECCP-NAE6,NAE6/Field Bus2.FEC-CH7.CH7R-T,AI:3026979
ECCP-NAE6,NAE6/Field Bus2.FEC-CH7.CH7S-T,AI:3026981
ECCP-NAE6,NAE6/Field Bus2.FEC-CH7.CH7STM-F,AI:3026966
ECCP-NAE6,NAE6/Field Bus2.FEC-CH7.CH7STM-PRS,AI:3026969
ECCP-NAE6,NAE6/Field Bus2.FEC-CH7.CH7TW-F,AI:3026982
ECCP-NAE6,NAE6/Field Bus2.FEC-CH7.CH7TW-V,AO:3026987
ECCP-NAE6,NAE6/Field Bus2.FEC-CH7.CH7TWR-T1,AI:3026980
ECCP-NAE6,NAE6/Field Bus2.FEC-CH7.CH7TWR-T2,AI:3026968
ECCP-NAE6,NAE6/Field Bus2.FEC-CH7.CH7TWS-T,AI:3026978
ECCP-NAE6,NAE6/Field Bus2.FEC-CH7.CP7-S,BI:3026963
ECCP-NAE6,NAE6/Field Bus2.FEC-CH7.CP7-SC,AO:3026986
ECCP-NAE6,NAE6/Field Bus2.FEC-CH7.CP7-SS,BO:3026990
ECCP-NAE6,NAE6/Field Bus2.FEC-CH7.Parameters.Alarm Reset,MV:3027129
ECCP-NAE6,NAE6/Field Bus2.FEC-CH7.Parameters.CH7-%LOAD,AV:3027120
ECCP-NAE6,NAE6/Field Bus2.FEC-CH7.Parameters.CH7-ALARM,MV:3027128
ECCP-NAE6,NAE6/Field Bus2.FEC-CH7.Parameters.CH7-LD&OA-STRT,BV:3091617
ECCP-NAE6,NAE6/Field Bus2.FEC-CH7.Parameters.CH7-LD-STRT,BV:3091619
ECCP-NAE6,NAE6/Field Bus2.FEC-CH7.Parameters.CH7-LDSTRT-DF,AV:3027106
ECCP-NAE6,NAE6/Field Bus2.FEC-CH7.Parameters.CH7-LDSTRT-SP,AV:3027108
ECCP-NAE6,NAE6/Field Bus2.FEC-CH7.Parameters.CH7-LOAD,AV:3027121
ECCP-NAE6,NAE6/Field Bus2.FEC-CH7.Parameters.CH7-LP-START,BV:3091607
ECCP-NAE6,NAE6/Field Bus2.FEC-CH7.Parameters.CH7-OA-STRT,BV:3091618
ECCP-NAE6,NAE6/Field Bus2.FEC-CH7.Parameters.CH7-OASTRT-DF,AV:3027105
ECCP-NAE6,NAE6/Field Bus2.FEC-CH7.Parameters.CH7-OASTRT-SP,AV:3027109
ECCP-NAE6,NAE6/Field Bus2.FEC-CH7.Parameters.CH7-OPR-ENB,MV:3027102
ECCP-NAE6,NAE6/Field Bus2.FEC-CH7.Parameters.CH7-RDY-TO-RUN,MV:3027107
ECCP-NAE6,NAE6/Field Bus2.FEC-CH7.Parameters.CH7-sRATE,AV:3027119
ECCP-NAE6,NAE6/Field Bus2.FEC-CH7.Parameters.CH7-STMPSTRT-DF,AV:3027101
ECCP-NAE6,NAE6/Field Bus2.FEC-CH7.Parameters.CH7-STMPSTRT-SP,AV:3027100
ECCP-NAE6,NAE6/Field Bus2.FEC-CH7.Parameters.CH7-TP-START,BV:3091608
ECCP-NAE6,NAE6/Field Bus2.FEC-CH7.Parameters.CH7-TW-LOAD,AV:3091605
ECCP-NAE6,NAE6/Field Bus2.FEC-CH7.Parameters.CH7-TWVLV-SP,AV:3027104
ECCP-NAE6,NAE6/Field Bus2.FEC-CH7.Parameters.CH7TW-V-CIRC-ONDLY,AV:3104506
ECCP-NAE6,NAE6/Field Bus2.FEC-CH7.Parameters.CH8-SCC-ENB,MV:3027103
ECCP-NAE6,NAE6/Field Bus2.FEC-CH7.Parameters.CH-SEQ,AV:3027135
ECCP-NAE6,NAE6/Field Bus2.FEC-CH7.Parameters.CHLR-ON,MV:3027117
ECCP-NAE6,NAE6/Field Bus2.FEC-CH7.Parameters.CHLR-STR,MV:3027131
ECCP-NAE6,NAE6/Field Bus2.FEC-CH7.Parameters.CHLRS ON,AV:3027116
ECCP-NAE6,NAE6/Field Bus2.FEC-CH7.Parameters.CHRT-SP1,AV:3027096
ECCP-NAE6,NAE6/Field Bus2.FEC-CH7.Parameters.CHRT-SP2,AV:3027095
ECCP-NAE6,NAE6/Field Bus2.FEC-CH7.Parameters.CHTWV-OU,AV:3027125
ECCP-NAE6,NAE6/Field Bus2.FEC-CH7.Parameters.CHx Alarm In,MV:3027127
ECCP-NAE6,NAE6/Field Bus2.FEC-CH7.Parameters.CHx NDX-SS,MV:3027113
ECCP-NAE6,NAE6/Field Bus2.FEC-CH7.Parameters.CPSC-OU1,AV:3027094
ECCP-NAE6,NAE6/Field Bus2.FEC-CH7.Parameters.CPSC-OU2,AV:3027097
ECCP-NAE6,NAE6/Field Bus2.FEC-CH7.Parameters.CSYSENB,MV:3027132
ECCP-NAE6,NAE6/Field Bus2.FEC-CH7.Parameters.ECP7-NDX,AV:3027130
ECCP-NAE6,NAE6/Field Bus2.FEC-CH7.Parameters.NDX-SS,BV:3091609
ECCP-NAE6,NAE6/Field Bus2.FEC-CH7.Parameters.OADB-T,AV:3027111
ECCP-NAE6,NAE6/Field Bus2.FEC-CH7.Parameters.SCC-CW-LOAD,AV:3027110
ECCP-NAE6,NAE6/Field Bus2.FEC-CH7.Parameters.STM WARM UP TIME,AV:3036404
ECCP-NAE6,NAE6/Field Bus2.FEC-CH7.Parameters.TOT-CHLD,AV:3027112
ECCP-NAE6,NAE6/Field Bus2.FEC-CH7.Parameters.TOWER-CIRC,BV:3091606
ECCP-NAE6,NAE6/Field Bus2.FEC-CH7.Parameters.TP-DELAYOFF,AV:3027126
ECCP-NAE6,NAE6/Field Bus2.FEC-CH7.SCC01-ENB,BO:3026988
ECCP-NAE6,NAE6/Field Bus2.FEC-CH7.SCC01-P,AI:3026973
ECCP-NAE6,NAE6/Field Bus2.FEC-CH7.SCC01-PWS-T,AI:3026972
ECCP-NAE6,NAE6/Field Bus2.FEC-CH7.SCC02-ENB,BO:3026989
ECCP-NAE6,NAE6/Field Bus2.FEC-CH7.SCC02-P,AI:3026976
ECCP-NAE6,NAE6/Field Bus2.FEC-CH7.SCC02-PWS-T,AI:3026975
ECCP-NAE6,NAE6/Field Bus2.FEC-CH7.SCC-CW-F,AI:3026971
ECCP-NAE6,NAE6/Field Bus2.FEC-CH7.SCC-CWR-T,AI:3026974
ECCP-NAE6,NAE6/Field Bus2.FEC-CH7.SCC-CWS-T,AI:3091610
ECCP-NAE6,NAE6/Field Bus2.FEC-CH8.CA-PRESS,AI:3036398
ECCP-NAE6,NAE6/Field Bus2.FEC-CH8.CH8-ALM-BI,BI:3027004
ECCP-NAE6,NAE6/Field Bus2.FEC-CH8.CH8-AUTO,BI:3026992
ECCP-NAE6,NAE6/Field Bus2.FEC-CH8.CH8-ENABLE,BO:3027005
ECCP-NAE6,NAE6/Field Bus2.FEC-CH8.CH8-F,AI:3026997
ECCP-NAE6,NAE6/Field Bus2.FEC-CH8.CH8-HAND,BI:3027009
ECCP-NAE6,NAE6/Field Bus2.FEC-CH8.CH8-S,BI:3027003
ECCP-NAE6,NAE6/Field Bus2.FEC-CH8.CH8-STMBLW-V,AO:3036395
ECCP-NAE6,NAE6/Field Bus2.FEC-CH8.CH8R-T,AI:3026999
ECCP-NAE6,NAE6/Field Bus2.FEC-CH8.CH8S-T,AI:3027001
ECCP-NAE6,NAE6/Field Bus2.FEC-CH8.CH8STM-F,AI:3026993
ECCP-NAE6,NAE6/Field Bus2.FEC-CH8.CH8STM-PRS,AI:3026996
ECCP-NAE6,NAE6/Field Bus2.FEC-CH8.CH8TW-F,AI:3027002
ECCP-NAE6,NAE6/Field Bus2.FEC-CH8.CH8TW-V,AO:3027007
ECCP-NAE6,NAE6/Field Bus2.FEC-CH8.CH8TWR-T1,AI:3027000
ECCP-NAE6,NAE6/Field Bus2.FEC-CH8.CH8TWR-T2,AI:3026995
ECCP-NAE6,NAE6/Field Bus2.FEC-CH8.CH8TWS-T,AI:3026998
ECCP-NAE6,NAE6/Field Bus2.FEC-CH8.CP8-S,BI:3026991
ECCP-NAE6,NAE6/Field Bus2.FEC-CH8.CP8-SC,AO:3027006
ECCP-NAE6,NAE6/Field Bus2.FEC-CH8.CP8-SS,BO:3027008
ECCP-NAE6,NAE6/Field Bus2.FEC-CH8.Parameters.Alarm Reset,MV:3027170
ECCP-NAE6,NAE6/Field Bus2.FEC-CH8.Parameters.CH8-%LOAD,AV:3027161
ECCP-NAE6,NAE6/Field Bus2.FEC-CH8.Parameters.CH8-ALARM,MV:3027169
ECCP-NAE6,NAE6/Field Bus2.FEC-CH8.Parameters.CH8-LD&OA-STRT,BV:3091622
ECCP-NAE6,NAE6/Field Bus2.FEC-CH8.Parameters.CH8-LD-STRT,BV:3091621
ECCP-NAE6,NAE6/Field Bus2.FEC-CH8.Parameters.CH8-LDSTRT-DF,AV:3027148
ECCP-NAE6,NAE6/Field Bus2.FEC-CH8.Parameters.CH8-LDSTRT-SP,AV:3027150
ECCP-NAE6,NAE6/Field Bus2.FEC-CH8.Parameters.CH8-LOAD,AV:3027162
ECCP-NAE6,NAE6/Field Bus2.FEC-CH8.Parameters.CH8-LP-START,BV:3091614
ECCP-NAE6,NAE6/Field Bus2.FEC-CH8.Parameters.CH8-OA-STRT,BV:3091623
ECCP-NAE6,NAE6/Field Bus2.FEC-CH8.Parameters.CH8-OASTRT-DF,AV:3027147
ECCP-NAE6,NAE6/Field Bus2.FEC-CH8.Parameters.CH8-OASTRT-SP,AV:3027151
ECCP-NAE6,NAE6/Field Bus2.FEC-CH8.Parameters.CH8-OPR-ENB,MV:3027144
ECCP-NAE6,NAE6/Field Bus2.FEC-CH8.Parameters.CH8-RDY-TO-RUN,MV:3027149
ECCP-NAE6,NAE6/Field Bus2.FEC-CH8.Parameters.CH8-SCC-ENB,MV:3040745
ECCP-NAE6,NAE6/Field Bus2.FEC-CH8.Parameters.CH8-sRATE,AV:3027160
ECCP-NAE6,NAE6/Field Bus2.FEC-CH8.Parameters.CH8-STMPSTRT-DF,AV:3027143
ECCP-NAE6,NAE6/Field Bus2.FEC-CH8.Parameters.CH8-STMPSTRT-SP,AV:3027142
ECCP-NAE6,NAE6/Field Bus2.FEC-CH8.Parameters.CH8-TP-START,BV:3091613
ECCP-NAE6,NAE6/Field Bus2.FEC-CH8.Parameters.CH8-TW-LOAD,AV:3091611
ECCP-NAE6,NAE6/Field Bus2.FEC-CH8.Parameters.CH8-TWVLV-SP,AV:3027146
ECCP-NAE6,NAE6/Field Bus2.FEC-CH8.Parameters.CH8TW-V-CIRC-ONDLY,AV:3104508
ECCP-NAE6,NAE6/Field Bus2.FEC-CH8.Parameters.CH-SEQ,AV:3027176
ECCP-NAE6,NAE6/Field Bus2.FEC-CH8.Parameters.CHLR-ON,MV:3027158
ECCP-NAE6,NAE6/Field Bus2.FEC-CH8.Parameters.CHLR-STR,MV:3027172
ECCP-NAE6,NAE6/Field Bus2.FEC-CH8.Parameters.CHLRS ON,AV:3027157
ECCP-NAE6,NAE6/Field Bus2.FEC-CH8.Parameters.CHRT-SP1,AV:3027138
ECCP-NAE6,NAE6/Field Bus2.FEC-CH8.Parameters.CHRT-SP2,AV:3027137
ECCP-NAE6,NAE6/Field Bus2.FEC-CH8.Parameters.CHTWV-OU,AV:3027166
ECCP-NAE6,NAE6/Field Bus2.FEC-CH8.Parameters.CHx Alarm In,MV:3027168
ECCP-NAE6,NAE6/Field Bus2.FEC-CH8.Parameters.CHx NDX-SS,MV:3027154
ECCP-NAE6,NAE6/Field Bus2.FEC-CH8.Parameters.CPSC-OU1,AV:3027136
ECCP-NAE6,NAE6/Field Bus2.FEC-CH8.Parameters.CPSC-OU2,AV:3027139
ECCP-NAE6,NAE6/Field Bus2.FEC-CH8.Parameters.CSYSENB,MV:3027173
ECCP-NAE6,NAE6/Field Bus2.FEC-CH8.Parameters.ECP8-NDX,AV:3027171
ECCP-NAE6,NAE6/Field Bus2.FEC-CH8.Parameters.NDX-SS,BV:3091615
ECCP-NAE6,NAE6/Field Bus2.FEC-CH8.Parameters.OADB-T,AV:3027152
ECCP-NAE6,NAE6/Field Bus2.FEC-CH8.Parameters.STM WARM UP TIME,AV:3036397
ECCP-NAE6,NAE6/Field Bus2.FEC-CH8.Parameters.TOT-CHLD,AV:3027153
ECCP-NAE6,NAE6/Field Bus2.FEC-CH8.Parameters.TOWER-CIRC,BV:3091612
ECCP-NAE6,NAE6/Field Bus2.FEC-CH8.Parameters.TP-DELAYOFF,AV:3027167
ECCP-NAE6,NAE6/Field Bus2.FEC-SCC.Parameters.CH7-SCC-ENB,MV:3045914
ECCP-NAE6,NAE6/Field Bus2.FEC-SCC.Parameters.CH8-SCC-ENB,MV:3045912
ECCP-NAE6,NAE6/Field Bus2.FEC-SCC.Parameters.SCC1-P1SS-HWO,MV:3045908
ECCP-NAE6,NAE6/Field Bus2.FEC-SCC.Parameters.SCC1-P2SS-HWO,MV:3045907
ECCP-NAE6,NAE6/Field Bus2.FEC-SCC.Parameters.SCC1-PID-HIL,AV:3045948
ECCP-NAE6,NAE6/Field Bus2.FEC-SCC.Parameters.SCC1-PID-LOL,AV:3045947
ECCP-NAE6,NAE6/Field Bus2.FEC-SCC.Parameters.SCC2-P1SS-HWO,MV:3045905
ECCP-NAE6,NAE6/Field Bus2.FEC-SCC.Parameters.SCC2-P2SS-HWO,MV:3045906
ECCP-NAE6,NAE6/Field Bus2.FEC-SCC.Parameters.SCC2-PID-HIL,AV:3045950
ECCP-NAE6,NAE6/Field Bus2.FEC-SCC.Parameters.SCC2-PID-LOL,AV:3045949
ECCP-NAE6,NAE6/Field Bus2.FEC-SCC.Parameters.SCC-1 AVAILABLE,MV:3045911
ECCP-NAE6,NAE6/Field Bus2.FEC-SCC.Parameters.SCC-1 CW-VLV ABSEFFORT,AV:3045918
ECCP-NAE6,NAE6/Field Bus2.FEC-SCC.Parameters.SCC-1 CW-VLV ABSERROR,AV:3045917
ECCP-NAE6,NAE6/Field Bus2.FEC-SCC.Parameters.SCC-1 CW-VLV ERROR,AV:3045919
ECCP-NAE6,NAE6/Field Bus2.FEC-SCC.Parameters.SCC-1 CW-VLV EWMA,AV:3045920
ECCP-NAE6,NAE6/Field Bus2.FEC-SCC.Parameters.SCC-1 CW-VLV SL-OUTSTATE,MV:3045916
ECCP-NAE6,NAE6/Field Bus2.FEC-SCC.Parameters.SCC-1 CW-VLV TUNING-RESET,BV:3045915
ECCP-NAE6,NAE6/Field Bus2.FEC-SCC.Parameters.SCC-1 CW-VLV-SP,AV:3045921
ECCP-NAE6,NAE6/Field Bus2.FEC-SCC.Parameters.SCC-2 AVAILABLE,MV:3045913
ECCP-NAE6,NAE6/Field Bus2.FEC-SCC.Parameters.SCC-2 CW-VLV ABSEFFORT,AV:3045925
ECCP-NAE6,NAE6/Field Bus2.FEC-SCC.Parameters.SCC-2 CW-VLV ABSERROR,AV:3045924
ECCP-NAE6,NAE6/Field Bus2.FEC-SCC.Parameters.SCC-2 CW-VLV ERROR,AV:3045926
ECCP-NAE6,NAE6/Field Bus2.FEC-SCC.Parameters.SCC-2 CW-VLV EWMA,AV:3045927
ECCP-NAE6,NAE6/Field Bus2.FEC-SCC.Parameters.SCC-2 CW-VLV SL-OUTSTATE,MV:3045923
ECCP-NAE6,NAE6/Field Bus2.FEC-SCC.Parameters.SCC-2 CW-VLV TUNING-RESET,BV:3045922
ECCP-NAE6,NAE6/Field Bus2.FEC-SCC.Parameters.SCC-2 CW-VLV-SP,AV:3045928
ECCP-NAE6,NAE6/Field Bus2.FEC-SCC.Parameters.SCC-CW-LOAD,AV:3045909
ECCP-NAE6,NAE6/Field Bus2.FEC-SCC.Parameters.SCC-PUMP-SELECT,MV:3045910
ECCP-NAE6,NAE6/Field Bus2.FEC-SCC.SCC1-CW-VLV,AO:3045902
ECCP-NAE6,NAE6/Field Bus2.FEC-SCC.SCC1-LOLVL,BI:3045888
ECCP-NAE6,NAE6/Field Bus2.FEC-SCC.SCC1-P,AI:3045892
ECCP-NAE6,NAE6/Field Bus2.FEC-SCC.SCC1-P1-S,BI:3045894
ECCP-NAE6,NAE6/Field Bus2.FEC-SCC.SCC1-P1-SS,BO:3045898
ECCP-NAE6,NAE6/Field Bus2.FEC-SCC.SCC1-P2-S,BI:3045895
ECCP-NAE6,NAE6/Field Bus2.FEC-SCC.SCC1-P2-SS,BO:3045899
ECCP-NAE6,NAE6/Field Bus2.FEC-SCC.SCC1-PWS-T,AI:3045891
ECCP-NAE6,NAE6/Field Bus2.FEC-SCC.SCC2-CW-VLV,AO:3045903
ECCP-NAE6,NAE6/Field Bus2.FEC-SCC.SCC2-LOLVL,BI:3045889
ECCP-NAE6,NAE6/Field Bus2.FEC-SCC.SCC2-P,AI:3045893
ECCP-NAE6,NAE6/Field Bus2.FEC-SCC.SCC2-P1-S,BI:3045896
ECCP-NAE6,NAE6/Field Bus2.FEC-SCC.SCC2-P1-SS,BO:3045900
ECCP-NAE6,NAE6/Field Bus2.FEC-SCC.SCC2-P2-S,BI:3045897
ECCP-NAE6,NAE6/Field Bus2.FEC-SCC.SCC2-P2-SS,BO:3045901
ECCP-NAE6,NAE6/Field Bus2.FEC-SCC.SCC2-PWS-T,AI:3045890
ECCP-NAE6,NAE6/Field Bus2.FEC-SCC.SCC-CW-F,AI:3045887
ECCP-NAE6,NAE6/Field Bus2.FEC-SCC.SCC-CWR-T,AI:3045886
ECCP-NAE6,NAE6/Field Bus2.FEC-SCC.SCC-CWS-T,AI:3045885
ECCP-NAE6,NAE6/Field Bus2.FEC-TRT2.ACID2-S,BI:3029201
ECCP-NAE6,NAE6/Field Bus2.FEC-TRT2.ACID2-SC,AO:3049254
ECCP-NAE6,NAE6/Field Bus2.FEC-TRT2.ACID2-SS,BO:3049253
ECCP-NAE6,NAE6/Field Bus2.FEC-TRT2.BIOCIDE2-S,BI:3029203
ECCP-NAE6,NAE6/Field Bus2.FEC-TRT2.BLWDWN2-S,BI:3029191
ECCP-NAE6,NAE6/Field Bus2.FEC-TRT2.BROMINE2-S,BI:3029202
ECCP-NAE6,NAE6/Field Bus2.FEC-TRT2.CHEM-DP2,AI:3029195
ECCP-NAE6,NAE6/Field Bus2.FEC-TRT2.CL17-FCL-OUT,AO:3073771
ECCP-NAE6,NAE6/Field Bus2.FEC-TRT2.INHIB2-S,BI:3029200
ECCP-NAE6,NAE6/Field Bus2.FEC-TRT2.Parameters.ANYTP-ON,BV:3098946
ECCP-NAE6,NAE6/Field Bus2.FEC-TRT2.Parameters.Evaporation,AV:3109481
ECCP-NAE6,NAE6/Field Bus2.FEC-TRT2.Parameters.Tower Blow Down SL-OUTSTATE,MV:3109491
ECCP-NAE6,NAE6/Field Bus2.FEC-TRT2.Parameters.TW2-ACID-ENB,MV:3049725
ECCP-NAE6,NAE6/Field Bus2.FEC-TRT2.Parameters.TW2-ACID-RESET,MV:3051034
ECCP-NAE6,NAE6/Field Bus2.FEC-TRT2.Parameters.TW2-ACID-TIME,AV:3049726
ECCP-NAE6,NAE6/Field Bus2.FEC-TRT2.Parameters.TW2-BLDWN-ENB-SP,AV:3109487
ECCP-NAE6,NAE6/Field Bus2.FEC-TRT2.Parameters.TW2-BLWDWN TUNING-RESET,BV:3109490
ECCP-NAE6,NAE6/Field Bus2.FEC-TRT2.Parameters.TW2-BLWDWN-COND-DF,AV:3098947
ECCP-NAE6,NAE6/Field Bus2.FEC-TRT2.Parameters.TW2-BLWDWN-COND-SP,AV:3098944
ECCP-NAE6,NAE6/Field Bus2.FEC-TRT2.Parameters.TW2-BLWDWN-ENABLE,BV:3109488
ECCP-NAE6,NAE6/Field Bus2.FEC-TRT2.Parameters.TW2-BLWDWN-HIL,AV:3109493
ECCP-NAE6,NAE6/Field Bus2.FEC-TRT2.Parameters.TW2-BLWDWN-LOCKOUT,BV:3098948
ECCP-NAE6,NAE6/Field Bus2.FEC-TRT2.Parameters.TW2-BLWDWN-LOL,AV:3109492
ECCP-NAE6,NAE6/Field Bus2.FEC-TRT2.Parameters.TW2-BLWDWN-PB,AV:3109494
ECCP-NAE6,NAE6/Field Bus2.FEC-TRT2.Parameters.TW2-BLWDWN-PREBLEED,BV:3098945
ECCP-NAE6,NAE6/Field Bus2.FEC-TRT2.Parameters.TW2-BLWDWN-SP-Calc,AV:3109489
ECCP-NAE6,NAE6/Field Bus2.FEC-TRT2.Parameters.TW2-BLWDWN-SP-HIL,AV:3109483
ECCP-NAE6,NAE6/Field Bus2.FEC-TRT2.Parameters.TW2-BLWDWN-WSP,AV:3109484
ECCP-NAE6,NAE6/Field Bus2.FEC-TRT2.Parameters.TW2-CoC,AV:3109486
ECCP-NAE6,NAE6/Field Bus2.FEC-TRT2.Parameters.TW2-CoC-SP,AV:3109485
ECCP-NAE6,NAE6/Field Bus2.FEC-TRT2.Parameters.TW2-OX-FEED,BV:3100653
ECCP-NAE6,NAE6/Field Bus2.FEC-TRT2.Parameters.TW2-OX-LOCK,MV:3100654
ECCP-NAE6,NAE6/Field Bus2.FEC-TRT2.Parameters.TW2-OX-RESET,MV:3100652
ECCP-NAE6,NAE6/Field Bus2.FEC-TRT2.Parameters.TW2-OX-RUNTIME,AV:3100651
ECCP-NAE6,NAE6/Field Bus2.FEC-TRT2.Parameters.TW-LOLVL2,MV:3029986
ECCP-NAE6,NAE6/Field Bus2.FEC-TRT2.Parameters.TW-LVL2,AV:3029987
ECCP-NAE6,NAE6/Field Bus2.FEC-TRT2.Parameters.TWBP2 User Enable,MV:3029985
ECCP-NAE6,NAE6/Field Bus2.FEC-TRT2.Parameters.TWBP2-SC-SP,AV:3029984
ECCP-NAE6,NAE6/Field Bus2.FEC-TRT2.Parameters.Well Water Cond,AV:3109482
ECCP-NAE6,NAE6/Field Bus2.FEC-TRT2.TW2-BLWDWN,AO:3109480
ECCP-NAE6,NAE6/Field Bus2.FEC-TRT2.TW2-OX-SS,BO:3086792
ECCP-NAE6,NAE6/Field Bus2.FEC-TRT2.TW-BLW2-F,AI:3029192
ECCP-NAE6,NAE6/Field Bus2.FEC-TRT2.TW-COND2,AI:3029198
ECCP-NAE6,NAE6/Field Bus2.FEC-TRT2.TW-FCL2,AI:3029206
ECCP-NAE6,NAE6/Field Bus2.FEC-TRT2.TW-ORP2,AI:3029199
ECCP-NAE6,NAE6/Field Bus2.FEC-TRT2.TW-PH2,AI:3029197
ECCP-NAE6,NAE6/Field Bus2.FEC-TRT2.TWBP2-F,AI:3029193
ECCP-NAE6,NAE6/Field Bus2.FEC-TRT2.TWBP2-S,BI:3029194
ECCP-NAE6,NAE6/Field Bus2.FEC-TRT2.TWBP2-SC,AO:3029204
ECCP-NAE6,NAE6/Field Bus2.FEC-TRT2.TWBP2-SS,BO:3029205
ECCP-NAE6,NAE6/Field Bus2.LP5-KW.AI-1,AI:3029393
ECCP-NAE6,NAE6/Field Bus2.LP5-KW.AI-2,AI:3029392
ECCP-NAE6,NAE6/Field Bus2.LP5-KW.AI-3,AI:3029391
ECCP-NAE6,NAE6/Field Bus2.LP5-KW.AI-4,AI:3029390
ECCP-NAE6,NAE6/Field Bus2.LP5-KW.AI-5,AI:3029379
ECCP-NAE6,NAE6/Field Bus2.LP5-KW.AI-6,AI:3029389
ECCP-NAE6,NAE6/Field Bus2.LP5-KW.AI-7,AI:3029388
ECCP-NAE6,NAE6/Field Bus2.LP5-KW.AI-8,AI:3029387
ECCP-NAE6,NAE6/Field Bus2.LP5-KW.AI-9,AI:3029386
ECCP-NAE6,NAE6/Field Bus2.LP5-KW.AI-10,AI:3029385
ECCP-NAE6,NAE6/Field Bus2.LP5-KW.AI-11,AI:3029384
ECCP-NAE6,NAE6/Field Bus2.LP5-KW.AI-12,AI:3029383
ECCP-NAE6,NAE6/Field Bus2.LP5-KW.AI-13,AI:3029382
ECCP-NAE6,NAE6/Field Bus2.LP5-KW.AI-14,AI:3029381
ECCP-NAE6,NAE6/Field Bus2.LP5-KW.AI-15,AI:3029380
ECCP-NAE6,NAE6/Field Bus2.LP5-KW.AI-16,AI:3029409
ECCP-NAE6,NAE6/Field Bus2.LP5-KW.AI-17,AI:3029408
ECCP-NAE6,NAE6/Field Bus2.LP5-KW.AI-18,AI:3029407
ECCP-NAE6,NAE6/Field Bus2.LP5-KW.AI-19,AI:3029406
ECCP-NAE6,NAE6/Field Bus2.LP5-KW.AI-20,AI:3029405
ECCP-NAE6,NAE6/Field Bus2.LP5-KW.AI-21,AI:3029404
ECCP-NAE6,NAE6/Field Bus2.LP5-KW.AI-22,AI:3029403
ECCP-NAE6,NAE6/Field Bus2.LP5-KW.AI-23,AI:3029402
ECCP-NAE6,NAE6/Field Bus2.LP5-KW.AI-24,AI:3029401
ECCP-NAE6,NAE6/Field Bus2.LP5-KW.AI-25,AI:3029400
ECCP-NAE6,NAE6/Field Bus2.LP5-KW.AI-26,AI:3029399
ECCP-NAE6,NAE6/Field Bus2.LP5-KW.AI-27,AI:3029398
ECCP-NAE6,NAE6/Field Bus2.LP5-KW.AI-28,AI:3029397
ECCP-NAE6,NAE6/Field Bus2.LP5-KW.AI-29,AI:3029396
ECCP-NAE6,NAE6/Field Bus2.LP5-KW.AI-30,AI:3029395
ECCP-NAE6,NAE6/Field Bus2.LP5-KW.AI-31,AI:3029394
ECCP-NAE6,NAE6/Field Bus2.LP5-KW.AI-32,AI:3029421
ECCP-NAE6,NAE6/Field Bus2.LP5-KW.AI-33,AI:3029420
ECCP-NAE6,NAE6/Field Bus2.LP5-KW.AI-34,AI:3029419
ECCP-NAE6,NAE6/Field Bus2.LP5-KW.AI-35,AI:3029418
ECCP-NAE6,NAE6/Field Bus2.LP5-KW.AI-36,AI:3029417
ECCP-NAE6,NAE6/Field Bus2.LP5-KW.AI-37,AI:3029416
ECCP-NAE6,NAE6/Field Bus2.LP5-KW.AI-38,AI:3029415
ECCP-NAE6,NAE6/Field Bus2.LP5-KW.AI-39,AI:3029414
ECCP-NAE6,NAE6/Field Bus2.LP5-KW.AI-40,AI:3029413
ECCP-NAE6,NAE6/Field Bus2.LP5-KW.AI-41,AI:3029412
ECCP-NAE6,NAE6/Field Bus2.LP5-KW.AI-42,AI:3029411
ECCP-NAE6,NAE6/Field Bus2.LP5-KW.AI-43,AI:3029410
ECCP-NAE6,NAE6/Field Bus2.LP6-KW.AI-1,AI:3029436
ECCP-NAE6,NAE6/Field Bus2.LP6-KW.AI-2,AI:3029435
ECCP-NAE6,NAE6/Field Bus2.LP6-KW.AI-3,AI:3029434
ECCP-NAE6,NAE6/Field Bus2.LP6-KW.AI-4,AI:3029433
ECCP-NAE6,NAE6/Field Bus2.LP6-KW.AI-5,AI:3029422
ECCP-NAE6,NAE6/Field Bus2.LP6-KW.AI-6,AI:3029432
ECCP-NAE6,NAE6/Field Bus2.LP6-KW.AI-7,AI:3029431
ECCP-NAE6,NAE6/Field Bus2.LP6-KW.AI-8,AI:3029430
ECCP-NAE6,NAE6/Field Bus2.LP6-KW.AI-9,AI:3029429
ECCP-NAE6,NAE6/Field Bus2.LP6-KW.AI-10,AI:3029428
ECCP-NAE6,NAE6/Field Bus2.LP6-KW.AI-11,AI:3029427
ECCP-NAE6,NAE6/Field Bus2.LP6-KW.AI-12,AI:3029426
ECCP-NAE6,NAE6/Field Bus2.LP6-KW.AI-13,AI:3029425
ECCP-NAE6,NAE6/Field Bus2.LP6-KW.AI-14,AI:3029424
ECCP-NAE6,NAE6/Field Bus2.LP6-KW.AI-15,AI:3029423
ECCP-NAE6,NAE6/Field Bus2.LP6-KW.AI-16,AI:3029452
ECCP-NAE6,NAE6/Field Bus2.LP6-KW.AI-17,AI:3029451
ECCP-NAE6,NAE6/Field Bus2.LP6-KW.AI-18,AI:3029450
ECCP-NAE6,NAE6/Field Bus2.LP6-KW.AI-19,AI:3029449
ECCP-NAE6,NAE6/Field Bus2.LP6-KW.AI-20,AI:3029448
ECCP-NAE6,NAE6/Field Bus2.LP6-KW.AI-21,AI:3029447
ECCP-NAE6,NAE6/Field Bus2.LP6-KW.AI-22,AI:3029446
ECCP-NAE6,NAE6/Field Bus2.LP6-KW.AI-23,AI:3029445
ECCP-NAE6,NAE6/Field Bus2.LP6-KW.AI-24,AI:3029444
ECCP-NAE6,NAE6/Field Bus2.LP6-KW.AI-25,AI:3029443
ECCP-NAE6,NAE6/Field Bus2.LP6-KW.AI-26,AI:3029442
ECCP-NAE6,NAE6/Field Bus2.LP6-KW.AI-27,AI:3029441
ECCP-NAE6,NAE6/Field Bus2.LP6-KW.AI-28,AI:3029440
ECCP-NAE6,NAE6/Field Bus2.LP6-KW.AI-29,AI:3029439
ECCP-NAE6,NAE6/Field Bus2.LP6-KW.AI-30,AI:3029438
ECCP-NAE6,NAE6/Field Bus2.LP6-KW.AI-31,AI:3029437
ECCP-NAE6,NAE6/Field Bus2.LP6-KW.AI-32,AI:3029464
ECCP-NAE6,NAE6/Field Bus2.LP6-KW.AI-33,AI:3029463
ECCP-NAE6,NAE6/Field Bus2.LP6-KW.AI-34,AI:3029462
ECCP-NAE6,NAE6/Field Bus2.LP6-KW.AI-35,AI:3029461
ECCP-NAE6,NAE6/Field Bus2.LP6-KW.AI-36,AI:3029460
ECCP-NAE6,NAE6/Field Bus2.LP6-KW.AI-37,AI:3029459
ECCP-NAE6,NAE6/Field Bus2.LP6-KW.AI-38,AI:3029458
ECCP-NAE6,NAE6/Field Bus2.LP6-KW.AI-39,AI:3029457
ECCP-NAE6,NAE6/Field Bus2.LP6-KW.AI-40,AI:3029456
ECCP-NAE6,NAE6/Field Bus2.LP6-KW.AI-41,AI:3029455
ECCP-NAE6,NAE6/Field Bus2.LP6-KW.AI-42,AI:3029454
ECCP-NAE6,NAE6/Field Bus2.LP6-KW.AI-43,AI:3029453
ECCP-NAE6,NAE6/Field Bus2.LP7-KW.AI-1,AI:3029479
ECCP-NAE6,NAE6/Field Bus2.LP7-KW.AI-2,AI:3029478
ECCP-NAE6,NAE6/Field Bus2.LP7-KW.AI-3,AI:3029477
ECCP-NAE6,NAE6/Field Bus2.LP7-KW.AI-4,AI:3029476
ECCP-NAE6,NAE6/Field Bus2.LP7-KW.AI-5,AI:3029465
ECCP-NAE6,NAE6/Field Bus2.LP7-KW.AI-6,AI:3029475
ECCP-NAE6,NAE6/Field Bus2.LP7-KW.AI-7,AI:3029474
ECCP-NAE6,NAE6/Field Bus2.LP7-KW.AI-8,AI:3029473
ECCP-NAE6,NAE6/Field Bus2.LP7-KW.AI-9,AI:3029472
ECCP-NAE6,NAE6/Field Bus2.LP7-KW.AI-10,AI:3029471
ECCP-NAE6,NAE6/Field Bus2.LP7-KW.AI-11,AI:3029470
ECCP-NAE6,NAE6/Field Bus2.LP7-KW.AI-12,AI:3029469
ECCP-NAE6,NAE6/Field Bus2.LP7-KW.AI-13,AI:3029468
ECCP-NAE6,NAE6/Field Bus2.LP7-KW.AI-14,AI:3029467
ECCP-NAE6,NAE6/Field Bus2.LP7-KW.AI-15,AI:3029466
ECCP-NAE6,NAE6/Field Bus2.LP7-KW.AI-16,AI:3029495
ECCP-NAE6,NAE6/Field Bus2.LP7-KW.AI-17,AI:3029494
ECCP-NAE6,NAE6/Field Bus2.LP7-KW.AI-18,AI:3029493
ECCP-NAE6,NAE6/Field Bus2.LP7-KW.AI-19,AI:3029492
ECCP-NAE6,NAE6/Field Bus2.LP7-KW.AI-20,AI:3029491
ECCP-NAE6,NAE6/Field Bus2.LP7-KW.AI-21,AI:3029490
ECCP-NAE6,NAE6/Field Bus2.LP7-KW.AI-22,AI:3029489
ECCP-NAE6,NAE6/Field Bus2.LP7-KW.AI-23,AI:3029488
ECCP-NAE6,NAE6/Field Bus2.LP7-KW.AI-24,AI:3029487
ECCP-NAE6,NAE6/Field Bus2.LP7-KW.AI-25,AI:3029486
ECCP-NAE6,NAE6/Field Bus2.LP7-KW.AI-26,AI:3029485
ECCP-NAE6,NAE6/Field Bus2.LP7-KW.AI-27,AI:3029484
ECCP-NAE6,NAE6/Field Bus2.LP7-KW.AI-28,AI:3029483
ECCP-NAE6,NAE6/Field Bus2.LP7-KW.AI-29,AI:3029482
ECCP-NAE6,NAE6/Field Bus2.LP7-KW.AI-30,AI:3029481
ECCP-NAE6,NAE6/Field Bus2.LP7-KW.AI-31,AI:3029480
ECCP-NAE6,NAE6/Field Bus2.LP7-KW.AI-32,AI:3029507
ECCP-NAE6,NAE6/Field Bus2.LP7-KW.AI-33,AI:3029506
ECCP-NAE6,NAE6/Field Bus2.LP7-KW.AI-34,AI:3029505
ECCP-NAE6,NAE6/Field Bus2.LP7-KW.AI-35,AI:3029504
ECCP-NAE6,NAE6/Field Bus2.LP7-KW.AI-36,AI:3029503
ECCP-NAE6,NAE6/Field Bus2.LP7-KW.AI-37,AI:3029502
ECCP-NAE6,NAE6/Field Bus2.LP7-KW.AI-38,AI:3029501
ECCP-NAE6,NAE6/Field Bus2.LP7-KW.AI-39,AI:3029500
ECCP-NAE6,NAE6/Field Bus2.LP7-KW.AI-40,AI:3029499
ECCP-NAE6,NAE6/Field Bus2.LP7-KW.AI-41,AI:3029498
ECCP-NAE6,NAE6/Field Bus2.LP7-KW.AI-42,AI:3029497
ECCP-NAE6,NAE6/Field Bus2.LP7-KW.AI-43,AI:3029496
ECCP-NAE6,NAE6/Field Bus2.LP8-KW.AI-1,AI:3029522
ECCP-NAE6,NAE6/Field Bus2.LP8-KW.AI-2,AI:3029521
ECCP-NAE6,NAE6/Field Bus2.LP8-KW.AI-3,AI:3029520
ECCP-NAE6,NAE6/Field Bus2.LP8-KW.AI-4,AI:3029519
ECCP-NAE6,NAE6/Field Bus2.LP8-KW.AI-5,AI:3029508
ECCP-NAE6,NAE6/Field Bus2.LP8-KW.AI-6,AI:3029518
ECCP-NAE6,NAE6/Field Bus2.LP8-KW.AI-7,AI:3029517
ECCP-NAE6,NAE6/Field Bus2.LP8-KW.AI-8,AI:3029516
ECCP-NAE6,NAE6/Field Bus2.LP8-KW.AI-9,AI:3029515
ECCP-NAE6,NAE6/Field Bus2.LP8-KW.AI-10,AI:3029514
ECCP-NAE6,NAE6/Field Bus2.LP8-KW.AI-11,AI:3029513
ECCP-NAE6,NAE6/Field Bus2.LP8-KW.AI-12,AI:3029512
ECCP-NAE6,NAE6/Field Bus2.LP8-KW.AI-13,AI:3029511
ECCP-NAE6,NAE6/Field Bus2.LP8-KW.AI-14,AI:3029510
ECCP-NAE6,NAE6/Field Bus2.LP8-KW.AI-15,AI:3029509
ECCP-NAE6,NAE6/Field Bus2.LP8-KW.AI-16,AI:3029538
ECCP-NAE6,NAE6/Field Bus2.LP8-KW.AI-17,AI:3029537
ECCP-NAE6,NAE6/Field Bus2.LP8-KW.AI-18,AI:3029536
ECCP-NAE6,NAE6/Field Bus2.LP8-KW.AI-19,AI:3029535
ECCP-NAE6,NAE6/Field Bus2.LP8-KW.AI-20,AI:3029534
ECCP-NAE6,NAE6/Field Bus2.LP8-KW.AI-21,AI:3029533
ECCP-NAE6,NAE6/Field Bus2.LP8-KW.AI-22,AI:3029532
ECCP-NAE6,NAE6/Field Bus2.LP8-KW.AI-23,AI:3029531
ECCP-NAE6,NAE6/Field Bus2.LP8-KW.AI-24,AI:3029530
ECCP-NAE6,NAE6/Field Bus2.LP8-KW.AI-25,AI:3029529
ECCP-NAE6,NAE6/Field Bus2.LP8-KW.AI-26,AI:3029528
ECCP-NAE6,NAE6/Field Bus2.LP8-KW.AI-27,AI:3029527
ECCP-NAE6,NAE6/Field Bus2.LP8-KW.AI-28,AI:3029526
ECCP-NAE6,NAE6/Field Bus2.LP8-KW.AI-29,AI:3029525
ECCP-NAE6,NAE6/Field Bus2.LP8-KW.AI-30,AI:3029524
ECCP-NAE6,NAE6/Field Bus2.LP8-KW.AI-31,AI:3029523
ECCP-NAE6,NAE6/Field Bus2.LP8-KW.AI-32,AI:3029550
ECCP-NAE6,NAE6/Field Bus2.LP8-KW.AI-33,AI:3029549
ECCP-NAE6,NAE6/Field Bus2.LP8-KW.AI-34,AI:3029548
ECCP-NAE6,NAE6/Field Bus2.LP8-KW.AI-35,AI:3029547
ECCP-NAE6,NAE6/Field Bus2.LP8-KW.AI-36,AI:3029546
ECCP-NAE6,NAE6/Field Bus2.LP8-KW.AI-37,AI:3029545
ECCP-NAE6,NAE6/Field Bus2.LP8-KW.AI-38,AI:3029544
ECCP-NAE6,NAE6/Field Bus2.LP8-KW.AI-39,AI:3029543
ECCP-NAE6,NAE6/Field Bus2.LP8-KW.AI-40,AI:3029542
ECCP-NAE6,NAE6/Field Bus2.LP8-KW.AI-41,AI:3029541
ECCP-NAE6,NAE6/Field Bus2.LP8-KW.AI-42,AI:3029540
ECCP-NAE6,NAE6/Field Bus2.LP8-KW.AI-43,AI:3029539
ECCP-NAE6,NAE6/Field Bus2.TF5-KW.AI-1,AI:3036228
ECCP-NAE6,NAE6/Field Bus2.TF5-KW.AI-2,AI:3036227
ECCP-NAE6,NAE6/Field Bus2.TF5-KW.AI-3,AI:3036226
ECCP-NAE6,NAE6/Field Bus2.TF5-KW.AI-4,AI:3036225
ECCP-NAE6,NAE6/Field Bus2.TF5-KW.AI-5,AI:3032865
ECCP-NAE6,NAE6/Field Bus2.TF5-KW.AI-6,AI:3036224
ECCP-NAE6,NAE6/Field Bus2.TF5-KW.AI-7,AI:3036223
ECCP-NAE6,NAE6/Field Bus2.TF5-KW.AI-8,AI:3036222
ECCP-NAE6,NAE6/Field Bus2.TF5-KW.AI-9,AI:3036221
ECCP-NAE6,NAE6/Field Bus2.TF5-KW.AI-10,AI:3036220
ECCP-NAE6,NAE6/Field Bus2.TF5-KW.AI-11,AI:3036219
ECCP-NAE6,NAE6/Field Bus2.TF5-KW.AI-12,AI:3036218
ECCP-NAE6,NAE6/Field Bus2.TF5-KW.AI-13,AI:3036217
ECCP-NAE6,NAE6/Field Bus2.TF5-KW.AI-14,AI:3036216
ECCP-NAE6,NAE6/Field Bus2.TF5-KW.AI-15,AI:3036215
ECCP-NAE6,NAE6/Field Bus2.TF5-KW.AI-16,AI:3036244
ECCP-NAE6,NAE6/Field Bus2.TF5-KW.AI-17,AI:3036243
ECCP-NAE6,NAE6/Field Bus2.TF5-KW.AI-18,AI:3036242
ECCP-NAE6,NAE6/Field Bus2.TF5-KW.AI-19,AI:3036241
ECCP-NAE6,NAE6/Field Bus2.TF5-KW.AI-20,AI:3036240
ECCP-NAE6,NAE6/Field Bus2.TF5-KW.AI-21,AI:3036239
ECCP-NAE6,NAE6/Field Bus2.TF5-KW.AI-22,AI:3036238
ECCP-NAE6,NAE6/Field Bus2.TF5-KW.AI-23,AI:3036237
ECCP-NAE6,NAE6/Field Bus2.TF5-KW.AI-24,AI:3036236
ECCP-NAE6,NAE6/Field Bus2.TF5-KW.AI-25,AI:3036235
ECCP-NAE6,NAE6/Field Bus2.TF5-KW.AI-26,AI:3036234
ECCP-NAE6,NAE6/Field Bus2.TF5-KW.AI-27,AI:3036233
ECCP-NAE6,NAE6/Field Bus2.TF5-KW.AI-28,AI:3036232
ECCP-NAE6,NAE6/Field Bus2.TF5-KW.AI-29,AI:3036231
ECCP-NAE6,NAE6/Field Bus2.TF5-KW.AI-30,AI:3036230
ECCP-NAE6,NAE6/Field Bus2.TF5-KW.AI-31,AI:3036229
ECCP-NAE6,NAE6/Field Bus2.TF5-KW.AI-32,AI:3036256
ECCP-NAE6,NAE6/Field Bus2.TF5-KW.AI-33,AI:3036255
ECCP-NAE6,NAE6/Field Bus2.TF5-KW.AI-34,AI:3036254
ECCP-NAE6,NAE6/Field Bus2.TF5-KW.AI-35,AI:3036253
ECCP-NAE6,NAE6/Field Bus2.TF5-KW.AI-36,AI:3036252
ECCP-NAE6,NAE6/Field Bus2.TF5-KW.AI-37,AI:3036251
ECCP-NAE6,NAE6/Field Bus2.TF5-KW.AI-38,AI:3036250
ECCP-NAE6,NAE6/Field Bus2.TF5-KW.AI-39,AI:3036249
ECCP-NAE6,NAE6/Field Bus2.TF5-KW.AI-40,AI:3036248
ECCP-NAE6,NAE6/Field Bus2.TF5-KW.AI-41,AI:3036247
ECCP-NAE6,NAE6/Field Bus2.TF5-KW.AI-42,AI:3036246
ECCP-NAE6,NAE6/Field Bus2.TF5-KW.AI-43,AI:3036245
ECCP-NAE6,NAE6/Field Bus2.TF6-KW.AI-1,AI:3036270
ECCP-NAE6,NAE6/Field Bus2.TF6-KW.AI-2,AI:3036269
ECCP-NAE6,NAE6/Field Bus2.TF6-KW.AI-3,AI:3036268
ECCP-NAE6,NAE6/Field Bus2.TF6-KW.AI-4,AI:3036267
ECCP-NAE6,NAE6/Field Bus2.TF6-KW.AI-5,AI:3032496
ECCP-NAE6,NAE6/Field Bus2.TF6-KW.AI-6,AI:3036266
ECCP-NAE6,NAE6/Field Bus2.TF6-KW.AI-7,AI:3036265
ECCP-NAE6,NAE6/Field Bus2.TF6-KW.AI-8,AI:3036264
ECCP-NAE6,NAE6/Field Bus2.TF6-KW.AI-9,AI:3036263
ECCP-NAE6,NAE6/Field Bus2.TF6-KW.AI-10,AI:3036262
ECCP-NAE6,NAE6/Field Bus2.TF6-KW.AI-11,AI:3036261
ECCP-NAE6,NAE6/Field Bus2.TF6-KW.AI-12,AI:3036260
ECCP-NAE6,NAE6/Field Bus2.TF6-KW.AI-13,AI:3036259
ECCP-NAE6,NAE6/Field Bus2.TF6-KW.AI-14,AI:3036258
ECCP-NAE6,NAE6/Field Bus2.TF6-KW.AI-15,AI:3036257
ECCP-NAE6,NAE6/Field Bus2.TF6-KW.AI-16,AI:3036286
ECCP-NAE6,NAE6/Field Bus2.TF6-KW.AI-17,AI:3036285
ECCP-NAE6,NAE6/Field Bus2.TF6-KW.AI-18,AI:3036284
ECCP-NAE6,NAE6/Field Bus2.TF6-KW.AI-19,AI:3036283
ECCP-NAE6,NAE6/Field Bus2.TF6-KW.AI-20,AI:3036282
ECCP-NAE6,NAE6/Field Bus2.TF6-KW.AI-21,AI:3036281
ECCP-NAE6,NAE6/Field Bus2.TF6-KW.AI-22,AI:3036280
ECCP-NAE6,NAE6/Field Bus2.TF6-KW.AI-23,AI:3036279
ECCP-NAE6,NAE6/Field Bus2.TF6-KW.AI-24,AI:3036278
ECCP-NAE6,NAE6/Field Bus2.TF6-KW.AI-25,AI:3036277
ECCP-NAE6,NAE6/Field Bus2.TF6-KW.AI-26,AI:3036276
ECCP-NAE6,NAE6/Field Bus2.TF6-KW.AI-27,AI:3036275
ECCP-NAE6,NAE6/Field Bus2.TF6-KW.AI-28,AI:3036274
ECCP-NAE6,NAE6/Field Bus2.TF6-KW.AI-29,AI:3036273
ECCP-NAE6,NAE6/Field Bus2.TF6-KW.AI-30,AI:3036272
ECCP-NAE6,NAE6/Field Bus2.TF6-KW.AI-31,AI:3036271
ECCP-NAE6,NAE6/Field Bus2.TF6-KW.AI-32,AI:3036298
ECCP-NAE6,NAE6/Field Bus2.TF6-KW.AI-33,AI:3036297
ECCP-NAE6,NAE6/Field Bus2.TF6-KW.AI-34,AI:3036296
ECCP-NAE6,NAE6/Field Bus2.TF6-KW.AI-35,AI:3036295
ECCP-NAE6,NAE6/Field Bus2.TF6-KW.AI-36,AI:3036294
ECCP-NAE6,NAE6/Field Bus2.TF6-KW.AI-37,AI:3036293
ECCP-NAE6,NAE6/Field Bus2.TF6-KW.AI-38,AI:3036292
ECCP-NAE6,NAE6/Field Bus2.TF6-KW.AI-39,AI:3036291
ECCP-NAE6,NAE6/Field Bus2.TF6-KW.AI-40,AI:3036290
ECCP-NAE6,NAE6/Field Bus2.TF6-KW.AI-41,AI:3036289
ECCP-NAE6,NAE6/Field Bus2.TF6-KW.AI-42,AI:3036288
ECCP-NAE6,NAE6/Field Bus2.TF6-KW.AI-43,AI:3036287
ECCP-NAE6,NAE6/Field Bus2.TF7-KW.AI-1,AI:3036312
ECCP-NAE6,NAE6/Field Bus2.TF7-KW.AI-2,AI:3036311
ECCP-NAE6,NAE6/Field Bus2.TF7-KW.AI-3,AI:3036310
ECCP-NAE6,NAE6/Field Bus2.TF7-KW.AI-4,AI:3036309
ECCP-NAE6,NAE6/Field Bus2.TF7-KW.AI-5,AI:3032495
ECCP-NAE6,NAE6/Field Bus2.TF7-KW.AI-6,AI:3036308
ECCP-NAE6,NAE6/Field Bus2.TF7-KW.AI-7,AI:3036307
ECCP-NAE6,NAE6/Field Bus2.TF7-KW.AI-8,AI:3036306
ECCP-NAE6,NAE6/Field Bus2.TF7-KW.AI-9,AI:3036305
ECCP-NAE6,NAE6/Field Bus2.TF7-KW.AI-10,AI:3036304
ECCP-NAE6,NAE6/Field Bus2.TF7-KW.AI-11,AI:3036303
ECCP-NAE6,NAE6/Field Bus2.TF7-KW.AI-12,AI:3036302
ECCP-NAE6,NAE6/Field Bus2.TF7-KW.AI-13,AI:3036301
ECCP-NAE6,NAE6/Field Bus2.TF7-KW.AI-14,AI:3036300
ECCP-NAE6,NAE6/Field Bus2.TF7-KW.AI-15,AI:3036299
ECCP-NAE6,NAE6/Field Bus2.TF7-KW.AI-16,AI:3036328
ECCP-NAE6,NAE6/Field Bus2.TF7-KW.AI-17,AI:3036327
ECCP-NAE6,NAE6/Field Bus2.TF7-KW.AI-18,AI:3036326
ECCP-NAE6,NAE6/Field Bus2.TF7-KW.AI-19,AI:3036325
ECCP-NAE6,NAE6/Field Bus2.TF7-KW.AI-20,AI:3036324
ECCP-NAE6,NAE6/Field Bus2.TF7-KW.AI-21,AI:3036323
ECCP-NAE6,NAE6/Field Bus2.TF7-KW.AI-22,AI:3036322
ECCP-NAE6,NAE6/Field Bus2.TF7-KW.AI-23,AI:3036321
ECCP-NAE6,NAE6/Field Bus2.TF7-KW.AI-24,AI:3036320
ECCP-NAE6,NAE6/Field Bus2.TF7-KW.AI-25,AI:3036319
ECCP-NAE6,NAE6/Field Bus2.TF7-KW.AI-26,AI:3036318
ECCP-NAE6,NAE6/Field Bus2.TF7-KW.AI-27,AI:3036317
ECCP-NAE6,NAE6/Field Bus2.TF7-KW.AI-28,AI:3036316
ECCP-NAE6,NAE6/Field Bus2.TF7-KW.AI-29,AI:3036315
ECCP-NAE6,NAE6/Field Bus2.TF7-KW.AI-30,AI:3036314
ECCP-NAE6,NAE6/Field Bus2.TF7-KW.AI-31,AI:3036313
ECCP-NAE6,NAE6/Field Bus2.TF7-KW.AI-32,AI:3036340
ECCP-NAE6,NAE6/Field Bus2.TF7-KW.AI-33,AI:3036339
ECCP-NAE6,NAE6/Field Bus2.TF7-KW.AI-34,AI:3036338
ECCP-NAE6,NAE6/Field Bus2.TF7-KW.AI-35,AI:3036337
ECCP-NAE6,NAE6/Field Bus2.TF7-KW.AI-36,AI:3036336
ECCP-NAE6,NAE6/Field Bus2.TF7-KW.AI-37,AI:3036335
ECCP-NAE6,NAE6/Field Bus2.TF7-KW.AI-38,AI:3036334
ECCP-NAE6,NAE6/Field Bus2.TF7-KW.AI-39,AI:3036333
ECCP-NAE6,NAE6/Field Bus2.TF7-KW.AI-40,AI:3036332
ECCP-NAE6,NAE6/Field Bus2.TF7-KW.AI-41,AI:3036331
ECCP-NAE6,NAE6/Field Bus2.TF7-KW.AI-42,AI:3036330
ECCP-NAE6,NAE6/Field Bus2.TF7-KW.AI-43,AI:3036329
ECCP-NAE6,NAE6/Field Bus2.TF8-KW.AI-1,AI:3036354
ECCP-NAE6,NAE6/Field Bus2.TF8-KW.AI-2,AI:3036353
ECCP-NAE6,NAE6/Field Bus2.TF8-KW.AI-3,AI:3036352
ECCP-NAE6,NAE6/Field Bus2.TF8-KW.AI-4,AI:3036351
ECCP-NAE6,NAE6/Field Bus2.TF8-KW.AI-5,AI:3032494
ECCP-NAE6,NAE6/Field Bus2.TF8-KW.AI-6,AI:3036350
ECCP-NAE6,NAE6/Field Bus2.TF8-KW.AI-7,AI:3036349
ECCP-NAE6,NAE6/Field Bus2.TF8-KW.AI-8,AI:3036348
ECCP-NAE6,NAE6/Field Bus2.TF8-KW.AI-9,AI:3036347
ECCP-NAE6,NAE6/Field Bus2.TF8-KW.AI-10,AI:3036346
ECCP-NAE6,NAE6/Field Bus2.TF8-KW.AI-11,AI:3036345
ECCP-NAE6,NAE6/Field Bus2.TF8-KW.AI-12,AI:3036344
ECCP-NAE6,NAE6/Field Bus2.TF8-KW.AI-13,AI:3036343
ECCP-NAE6,NAE6/Field Bus2.TF8-KW.AI-14,AI:3036342
ECCP-NAE6,NAE6/Field Bus2.TF8-KW.AI-15,AI:3036341
ECCP-NAE6,NAE6/Field Bus2.TF8-KW.AI-16,AI:3036370
ECCP-NAE6,NAE6/Field Bus2.TF8-KW.AI-17,AI:3036369
ECCP-NAE6,NAE6/Field Bus2.TF8-KW.AI-18,AI:3036368
ECCP-NAE6,NAE6/Field Bus2.TF8-KW.AI-19,AI:3036367
ECCP-NAE6,NAE6/Field Bus2.TF8-KW.AI-20,AI:3036366
ECCP-NAE6,NAE6/Field Bus2.TF8-KW.AI-21,AI:3036365
ECCP-NAE6,NAE6/Field Bus2.TF8-KW.AI-22,AI:3036364
ECCP-NAE6,NAE6/Field Bus2.TF8-KW.AI-23,AI:3036363
ECCP-NAE6,NAE6/Field Bus2.TF8-KW.AI-24,AI:3036362
ECCP-NAE6,NAE6/Field Bus2.TF8-KW.AI-25,AI:3036361
ECCP-NAE6,NAE6/Field Bus2.TF8-KW.AI-26,AI:3036360
ECCP-NAE6,NAE6/Field Bus2.TF8-KW.AI-27,AI:3036359
ECCP-NAE6,NAE6/Field Bus2.TF8-KW.AI-28,AI:3036358
ECCP-NAE6,NAE6/Field Bus2.TF8-KW.AI-29,AI:3036357
ECCP-NAE6,NAE6/Field Bus2.TF8-KW.AI-30,AI:3036356
ECCP-NAE6,NAE6/Field Bus2.TF8-KW.AI-31,AI:3036355
ECCP-NAE6,NAE6/Field Bus2.TF8-KW.AI-32,AI:3036382
ECCP-NAE6,NAE6/Field Bus2.TF8-KW.AI-33,AI:3036381
ECCP-NAE6,NAE6/Field Bus2.TF8-KW.AI-34,AI:3036380
ECCP-NAE6,NAE6/Field Bus2.TF8-KW.AI-35,AI:3036379
ECCP-NAE6,NAE6/Field Bus2.TF8-KW.AI-36,AI:3036378
ECCP-NAE6,NAE6/Field Bus2.TF8-KW.AI-37,AI:3036377
ECCP-NAE6,NAE6/Field Bus2.TF8-KW.AI-38,AI:3036376
ECCP-NAE6,NAE6/Field Bus2.TF8-KW.AI-39,AI:3036375
ECCP-NAE6,NAE6/Field Bus2.TF8-KW.AI-40,AI:3036374
ECCP-NAE6,NAE6/Field Bus2.TF8-KW.AI-41,AI:3036373
ECCP-NAE6,NAE6/Field Bus2.TF8-KW.AI-42,AI:3036372
ECCP-NAE6,NAE6/Field Bus2.TF8-KW.AI-43,AI:3036371
ECCP-NAE6,NAE6/Field Bus2.TP5-KW.AI-1,AI:3029565
ECCP-NAE6,NAE6/Field Bus2.TP5-KW.AI-2,AI:3029564
ECCP-NAE6,NAE6/Field Bus2.TP5-KW.AI-3,AI:3029563
ECCP-NAE6,NAE6/Field Bus2.TP5-KW.AI-4,AI:3029562
ECCP-NAE6,NAE6/Field Bus2.TP5-KW.AI-5,AI:3029551
ECCP-NAE6,NAE6/Field Bus2.TP5-KW.AI-6,AI:3029561
ECCP-NAE6,NAE6/Field Bus2.TP5-KW.AI-7,AI:3029560
ECCP-NAE6,NAE6/Field Bus2.TP5-KW.AI-8,AI:3029559
ECCP-NAE6,NAE6/Field Bus2.TP5-KW.AI-9,AI:3029558
ECCP-NAE6,NAE6/Field Bus2.TP5-KW.AI-10,AI:3029557
ECCP-NAE6,NAE6/Field Bus2.TP5-KW.AI-11,AI:3029556
ECCP-NAE6,NAE6/Field Bus2.TP5-KW.AI-12,AI:3029555
ECCP-NAE6,NAE6/Field Bus2.TP5-KW.AI-13,AI:3029554
ECCP-NAE6,NAE6/Field Bus2.TP5-KW.AI-14,AI:3029553
ECCP-NAE6,NAE6/Field Bus2.TP5-KW.AI-15,AI:3029552
ECCP-NAE6,NAE6/Field Bus2.TP5-KW.AI-16,AI:3029581
ECCP-NAE6,NAE6/Field Bus2.TP5-KW.AI-17,AI:3029580
ECCP-NAE6,NAE6/Field Bus2.TP5-KW.AI-18,AI:3029579
ECCP-NAE6,NAE6/Field Bus2.TP5-KW.AI-19,AI:3029578
ECCP-NAE6,NAE6/Field Bus2.TP5-KW.AI-20,AI:3029577
ECCP-NAE6,NAE6/Field Bus2.TP5-KW.AI-21,AI:3029576
ECCP-NAE6,NAE6/Field Bus2.TP5-KW.AI-22,AI:3029575
ECCP-NAE6,NAE6/Field Bus2.TP5-KW.AI-23,AI:3029574
ECCP-NAE6,NAE6/Field Bus2.TP5-KW.AI-24,AI:3029573
ECCP-NAE6,NAE6/Field Bus2.TP5-KW.AI-25,AI:3029572
ECCP-NAE6,NAE6/Field Bus2.TP5-KW.AI-26,AI:3029571
ECCP-NAE6,NAE6/Field Bus2.TP5-KW.AI-27,AI:3029570
ECCP-NAE6,NAE6/Field Bus2.TP5-KW.AI-28,AI:3029569
ECCP-NAE6,NAE6/Field Bus2.TP5-KW.AI-29,AI:3029568
ECCP-NAE6,NAE6/Field Bus2.TP5-KW.AI-30,AI:3029567
ECCP-NAE6,NAE6/Field Bus2.TP5-KW.AI-31,AI:3029566
ECCP-NAE6,NAE6/Field Bus2.TP5-KW.AI-32,AI:3029593
ECCP-NAE6,NAE6/Field Bus2.TP5-KW.AI-33,AI:3029592
ECCP-NAE6,NAE6/Field Bus2.TP5-KW.AI-34,AI:3029591
ECCP-NAE6,NAE6/Field Bus2.TP5-KW.AI-35,AI:3029590
ECCP-NAE6,NAE6/Field Bus2.TP5-KW.AI-36,AI:3029589
ECCP-NAE6,NAE6/Field Bus2.TP5-KW.AI-37,AI:3029588
ECCP-NAE6,NAE6/Field Bus2.TP5-KW.AI-38,AI:3029587
ECCP-NAE6,NAE6/Field Bus2.TP5-KW.AI-39,AI:3029586
ECCP-NAE6,NAE6/Field Bus2.TP5-KW.AI-40,AI:3029585
ECCP-NAE6,NAE6/Field Bus2.TP5-KW.AI-41,AI:3029584
ECCP-NAE6,NAE6/Field Bus2.TP5-KW.AI-42,AI:3029583
ECCP-NAE6,NAE6/Field Bus2.TP5-KW.AI-43,AI:3029582
ECCP-NAE6,NAE6/Field Bus2.TP6-KW.AI-1,AI:3029608
ECCP-NAE6,NAE6/Field Bus2.TP6-KW.AI-2,AI:3029607
ECCP-NAE6,NAE6/Field Bus2.TP6-KW.AI-3,AI:3029606
ECCP-NAE6,NAE6/Field Bus2.TP6-KW.AI-4,AI:3029605
ECCP-NAE6,NAE6/Field Bus2.TP6-KW.AI-5,AI:3029594
ECCP-NAE6,NAE6/Field Bus2.TP6-KW.AI-6,AI:3029604
ECCP-NAE6,NAE6/Field Bus2.TP6-KW.AI-7,AI:3029603
ECCP-NAE6,NAE6/Field Bus2.TP6-KW.AI-8,AI:3029602
ECCP-NAE6,NAE6/Field Bus2.TP6-KW.AI-9,AI:3029601
ECCP-NAE6,NAE6/Field Bus2.TP6-KW.AI-10,AI:3029600
ECCP-NAE6,NAE6/Field Bus2.TP6-KW.AI-11,AI:3029599
ECCP-NAE6,NAE6/Field Bus2.TP6-KW.AI-12,AI:3029598
ECCP-NAE6,NAE6/Field Bus2.TP6-KW.AI-13,AI:3029597
ECCP-NAE6,NAE6/Field Bus2.TP6-KW.AI-14,AI:3029596
ECCP-NAE6,NAE6/Field Bus2.TP6-KW.AI-15,AI:3029595
ECCP-NAE6,NAE6/Field Bus2.TP6-KW.AI-16,AI:3029624
ECCP-NAE6,NAE6/Field Bus2.TP6-KW.AI-17,AI:3029623
ECCP-NAE6,NAE6/Field Bus2.TP6-KW.AI-18,AI:3029622
ECCP-NAE6,NAE6/Field Bus2.TP6-KW.AI-19,AI:3029621
ECCP-NAE6,NAE6/Field Bus2.TP6-KW.AI-20,AI:3029620
ECCP-NAE6,NAE6/Field Bus2.TP6-KW.AI-21,AI:3029619
ECCP-NAE6,NAE6/Field Bus2.TP6-KW.AI-22,AI:3029618
ECCP-NAE6,NAE6/Field Bus2.TP6-KW.AI-23,AI:3029617
ECCP-NAE6,NAE6/Field Bus2.TP6-KW.AI-24,AI:3029616
ECCP-NAE6,NAE6/Field Bus2.TP6-KW.AI-25,AI:3029615
ECCP-NAE6,NAE6/Field Bus2.TP6-KW.AI-26,AI:3029614
ECCP-NAE6,NAE6/Field Bus2.TP6-KW.AI-27,AI:3029613
ECCP-NAE6,NAE6/Field Bus2.TP6-KW.AI-28,AI:3029612
ECCP-NAE6,NAE6/Field Bus2.TP6-KW.AI-29,AI:3029611
ECCP-NAE6,NAE6/Field Bus2.TP6-KW.AI-30,AI:3029610
ECCP-NAE6,NAE6/Field Bus2.TP6-KW.AI-31,AI:3029609
ECCP-NAE6,NAE6/Field Bus2.TP6-KW.AI-32,AI:3029636
ECCP-NAE6,NAE6/Field Bus2.TP6-KW.AI-33,AI:3029635
ECCP-NAE6,NAE6/Field Bus2.TP6-KW.AI-34,AI:3029634
ECCP-NAE6,NAE6/Field Bus2.TP6-KW.AI-35,AI:3029633
ECCP-NAE6,NAE6/Field Bus2.TP6-KW.AI-36,AI:3029632
ECCP-NAE6,NAE6/Field Bus2.TP6-KW.AI-37,AI:3029631
ECCP-NAE6,NAE6/Field Bus2.TP6-KW.AI-38,AI:3029630
ECCP-NAE6,NAE6/Field Bus2.TP6-KW.AI-39,AI:3029629
ECCP-NAE6,NAE6/Field Bus2.TP6-KW.AI-40,AI:3029628
ECCP-NAE6,NAE6/Field Bus2.TP6-KW.AI-41,AI:3029627
ECCP-NAE6,NAE6/Field Bus2.TP6-KW.AI-42,AI:3029626
ECCP-NAE6,NAE6/Field Bus2.TP6-KW.AI-43,AI:3029625
ECCP-NAE6,NAE6/Field Bus2.TP7-KW.AI-1,AI:3029651
ECCP-NAE6,NAE6/Field Bus2.TP7-KW.AI-2,AI:3029650
ECCP-NAE6,NAE6/Field Bus2.TP7-KW.AI-3,AI:3029649
ECCP-NAE6,NAE6/Field Bus2.TP7-KW.AI-4,AI:3029648
ECCP-NAE6,NAE6/Field Bus2.TP7-KW.AI-5,AI:3029637
ECCP-NAE6,NAE6/Field Bus2.TP7-KW.AI-6,AI:3029647
ECCP-NAE6,NAE6/Field Bus2.TP7-KW.AI-7,AI:3029646
ECCP-NAE6,NAE6/Field Bus2.TP7-KW.AI-8,AI:3029645
ECCP-NAE6,NAE6/Field Bus2.TP7-KW.AI-9,AI:3029644
ECCP-NAE6,NAE6/Field Bus2.TP7-KW.AI-10,AI:3029643
ECCP-NAE6,NAE6/Field Bus2.TP7-KW.AI-11,AI:3029642
ECCP-NAE6,NAE6/Field Bus2.TP7-KW.AI-12,AI:3029641
ECCP-NAE6,NAE6/Field Bus2.TP7-KW.AI-13,AI:3029640
ECCP-NAE6,NAE6/Field Bus2.TP7-KW.AI-14,AI:3029639
ECCP-NAE6,NAE6/Field Bus2.TP7-KW.AI-15,AI:3029638
ECCP-NAE6,NAE6/Field Bus2.TP7-KW.AI-16,AI:3029667
ECCP-NAE6,NAE6/Field Bus2.TP7-KW.AI-17,AI:3029666
ECCP-NAE6,NAE6/Field Bus2.TP7-KW.AI-18,AI:3029665
ECCP-NAE6,NAE6/Field Bus2.TP7-KW.AI-19,AI:3029664
ECCP-NAE6,NAE6/Field Bus2.TP7-KW.AI-20,AI:3029663
ECCP-NAE6,NAE6/Field Bus2.TP7-KW.AI-21,AI:3029662
ECCP-NAE6,NAE6/Field Bus2.TP7-KW.AI-22,AI:3029661
ECCP-NAE6,NAE6/Field Bus2.TP7-KW.AI-23,AI:3029660
ECCP-NAE6,NAE6/Field Bus2.TP7-KW.AI-24,AI:3029659
ECCP-NAE6,NAE6/Field Bus2.TP7-KW.AI-25,AI:3029658
ECCP-NAE6,NAE6/Field Bus2.TP7-KW.AI-26,AI:3029657
ECCP-NAE6,NAE6/Field Bus2.TP7-KW.AI-27,AI:3029656
ECCP-NAE6,NAE6/Field Bus2.TP7-KW.AI-28,AI:3029655
ECCP-NAE6,NAE6/Field Bus2.TP7-KW.AI-29,AI:3029654
ECCP-NAE6,NAE6/Field Bus2.TP7-KW.AI-30,AI:3029653
ECCP-NAE6,NAE6/Field Bus2.TP7-KW.AI-31,AI:3029652
ECCP-NAE6,NAE6/Field Bus2.TP7-KW.AI-32,AI:3029679
ECCP-NAE6,NAE6/Field Bus2.TP7-KW.AI-33,AI:3029678
ECCP-NAE6,NAE6/Field Bus2.TP7-KW.AI-34,AI:3029677
ECCP-NAE6,NAE6/Field Bus2.TP7-KW.AI-35,AI:3029676
ECCP-NAE6,NAE6/Field Bus2.TP7-KW.AI-36,AI:3029675
ECCP-NAE6,NAE6/Field Bus2.TP7-KW.AI-37,AI:3029674
ECCP-NAE6,NAE6/Field Bus2.TP7-KW.AI-38,AI:3029673
ECCP-NAE6,NAE6/Field Bus2.TP7-KW.AI-39,AI:3029672
ECCP-NAE6,NAE6/Field Bus2.TP7-KW.AI-40,AI:3029671
ECCP-NAE6,NAE6/Field Bus2.TP7-KW.AI-41,AI:3029670
ECCP-NAE6,NAE6/Field Bus2.TP7-KW.AI-42,AI:3029669
ECCP-NAE6,NAE6/Field Bus2.TP7-KW.AI-43,AI:3029668
ECCP-NAE6,NAE6/Field Bus2.TP8-KW.AI-1,AI:3029694
ECCP-NAE6,NAE6/Field Bus2.TP8-KW.AI-2,AI:3029693
ECCP-NAE6,NAE6/Field Bus2.TP8-KW.AI-3,AI:3029692
ECCP-NAE6,NAE6/Field Bus2.TP8-KW.AI-4,AI:3029691
ECCP-NAE6,NAE6/Field Bus2.TP8-KW.AI-5,AI:3029680
ECCP-NAE6,NAE6/Field Bus2.TP8-KW.AI-6,AI:3029690
ECCP-NAE6,NAE6/Field Bus2.TP8-KW.AI-7,AI:3029689
ECCP-NAE6,NAE6/Field Bus2.TP8-KW.AI-8,AI:3029688
ECCP-NAE6,NAE6/Field Bus2.TP8-KW.AI-9,AI:3029687
ECCP-NAE6,NAE6/Field Bus2.TP8-KW.AI-10,AI:3029686
ECCP-NAE6,NAE6/Field Bus2.TP8-KW.AI-11,AI:3029685
ECCP-NAE6,NAE6/Field Bus2.TP8-KW.AI-12,AI:3029684
ECCP-NAE6,NAE6/Field Bus2.TP8-KW.AI-13,AI:3029683
ECCP-NAE6,NAE6/Field Bus2.TP8-KW.AI-14,AI:3029682
ECCP-NAE6,NAE6/Field Bus2.TP8-KW.AI-15,AI:3029681
ECCP-NAE6,NAE6/Field Bus2.TP8-KW.AI-16,AI:3029710
ECCP-NAE6,NAE6/Field Bus2.TP8-KW.AI-17,AI:3029709
ECCP-NAE6,NAE6/Field Bus2.TP8-KW.AI-18,AI:3029708
ECCP-NAE6,NAE6/Field Bus2.TP8-KW.AI-19,AI:3029707
ECCP-NAE6,NAE6/Field Bus2.TP8-KW.AI-20,AI:3029706
ECCP-NAE6,NAE6/Field Bus2.TP8-KW.AI-21,AI:3029705
ECCP-NAE6,NAE6/Field Bus2.TP8-KW.AI-22,AI:3029704
ECCP-NAE6,NAE6/Field Bus2.TP8-KW.AI-23,AI:3029703
ECCP-NAE6,NAE6/Field Bus2.TP8-KW.AI-24,AI:3029702
ECCP-NAE6,NAE6/Field Bus2.TP8-KW.AI-25,AI:3029701
ECCP-NAE6,NAE6/Field Bus2.TP8-KW.AI-26,AI:3029700
ECCP-NAE6,NAE6/Field Bus2.TP8-KW.AI-27,AI:3029699
ECCP-NAE6,NAE6/Field Bus2.TP8-KW.AI-28,AI:3029698
ECCP-NAE6,NAE6/Field Bus2.TP8-KW.AI-29,AI:3029697
ECCP-NAE6,NAE6/Field Bus2.TP8-KW.AI-30,AI:3029696
ECCP-NAE6,NAE6/Field Bus2.TP8-KW.AI-31,AI:3029695
ECCP-NAE6,NAE6/Field Bus2.TP8-KW.AI-32,AI:3029722
ECCP-NAE6,NAE6/Field Bus2.TP8-KW.AI-33,AI:3029721
ECCP-NAE6,NAE6/Field Bus2.TP8-KW.AI-34,AI:3029720
ECCP-NAE6,NAE6/Field Bus2.TP8-KW.AI-35,AI:3029719
ECCP-NAE6,NAE6/Field Bus2.TP8-KW.AI-36,AI:3029718
ECCP-NAE6,NAE6/Field Bus2.TP8-KW.AI-37,AI:3029717
ECCP-NAE6,NAE6/Field Bus2.TP8-KW.AI-38,AI:3029716
ECCP-NAE6,NAE6/Field Bus2.TP8-KW.AI-39,AI:3029715
ECCP-NAE6,NAE6/Field Bus2.TP8-KW.AI-40,AI:3029714
ECCP-NAE6,NAE6/Field Bus2.TP8-KW.AI-41,AI:3029713
ECCP-NAE6,NAE6/Field Bus2.TP8-KW.AI-42,AI:3029712
ECCP-NAE6,NAE6/Field Bus2.TP8-KW.AI-43,AI:3029711
ECCP-NAE6,NAE6/Field Bus2.TP9-KW.AI-1,AI:3099068
ECCP-NAE6,NAE6/Field Bus2.TP9-KW.AI-2,AI:3099069
ECCP-NAE6,NAE6/Field Bus2.TP9-KW.AI-5,AI:3099070
ECCP-NAE6,NAE6/Field Bus2.TP9-KW.AI-8,AI:3099071
ECCP-NAE6,NAE6/Field Bus2.TP9-KW.AI-9,AI:3099072
ECCP-NAE6,NAE6/Field Bus2.TP9-KW.AI-10,AI:3099073
ECCP-NAE6,NAE6/Field Bus2.TP9-KW.AI-11,AI:3099074
ECCP-NAE6,NAE6/Field Bus2.TP9-KW.AI-12,AI:3099075
ECCP-NAE6,NAE6/Field Bus2.TP9-KW.AI-13,AI:3099076
ECCP-NAE6,NAE6/Field Bus2.TP9-KW.AI-14,AI:3099077
ECCP-NAE6,NAE6/Field Bus2.TP9-KW.AI-15,AI:3099078
ECCP-NAE6,NAE6/Field Bus2.TP9-KW.AI-16,AI:3099079
ECCP-NAE6,NAE6/Field Bus2.TP9-KW.AI-17,AI:3099080
ECCP-NAE6,NAE6/Field Bus2.TP9-KW.AI-24,AI:3099081
ECCP-NAE6,NAE6/Field Bus2.TP9-KW.AI-25,AI:3099082
ECCP-NAE6,NAE6/Field Bus2.TP9-KW.AI-26,AI:3099083
ECCP-NAE6,NAE6/Field Bus2.TP9-KW.AI-27,AI:3099084
ECCP-NAE6,NAE6/Field Bus2.TP9-KW.AI-28,AI:3099085
ECCP-NAE6,NAE6/Field Bus2.TP9-KW.AI-29,AI:3099086
ECCP-NAE6,NAE6/Programming.Chem Circ.ECP-TW1-CHEM-CIRC,BV:3026397
ECCP-NAE6,NAE6/Programming.Chem Circ.ECP-TW1-CIRC-HR,AV:3073026
ECCP-NAE6,NAE6/Programming.Chem Circ.ECP-TW2-CHEM-CIRC,BV:3026399
ECCP-NAE6,NAE6/Programming.Chem Circ.ECP-TW2-CIRC-HR,AV:3073028
ECCP-NAE6,NAE6/Programming.Chem Circ.TW1-MU-LOCKOUT,BV:3065055
ECCP-NAE6,NAE6/Programming.Chiller Sequence.ECP-CH-SEQ,AV:3083080
ECCP-NAE6,NAE6/Programming.CW MU Control.LCW-PRS-LOW,AV:3081035
ECCP-NAE6,NAE6/Programming.Data Points.AHU-OASP,AV:3011675
ECCP-NAE6,NAE6/Programming.Data Points.BCW-LOAD,AV:3000661
ECCP-NAE6,NAE6/Programming.Data Points.BCW-PEAK,AV:3000666
ECCP-NAE6,NAE6/Programming.Data Points.CH1-CMP-DP,AV:3071562
ECCP-NAE6,NAE6/Programming.Data Points.CH1-COND-APP,AV:3002798
ECCP-NAE6,NAE6/Programming.Data Points.CH1-EVAP-APP,AV:3002790
ECCP-NAE6,NAE6/Programming.Data Points.CH2-CMP-DP,AV:3071564
ECCP-NAE6,NAE6/Programming.Data Points.CH2-COND-APP,AV:3002800
ECCP-NAE6,NAE6/Programming.Data Points.CH2-EVAP-APP,AV:3002792
ECCP-NAE6,NAE6/Programming.Data Points.CH3-CMP-DP,AV:3071566
ECCP-NAE6,NAE6/Programming.Data Points.CH3-COND-APP,AV:3002802
ECCP-NAE6,NAE6/Programming.Data Points.CH3-EVAP-APP,AV:3002794
ECCP-NAE6,NAE6/Programming.Data Points.CH4-CMP-DP,AV:3071568
ECCP-NAE6,NAE6/Programming.Data Points.CH4-COND-APP,AV:3002804
ECCP-NAE6,NAE6/Programming.Data Points.CH4-EVAP-APP,AV:3002796
ECCP-NAE6,NAE6/Programming.Data Points.CH5-CMP-DP,AV:3071570
ECCP-NAE6,NAE6/Programming.Data Points.CH5-COND-APP,AV:3036975
ECCP-NAE6,NAE6/Programming.Data Points.CH5-EVAP-APP,AV:3036914
ECCP-NAE6,NAE6/Programming.Data Points.CH6-CMP-DP,AV:3071572
ECCP-NAE6,NAE6/Programming.Data Points.CH6-COND-APP,AV:3036976
ECCP-NAE6,NAE6/Programming.Data Points.CH6-EVAP-APP,AV:3036859
ECCP-NAE6,NAE6/Programming.Data Points.CH7-COND-APP,AV:3039429
ECCP-NAE6,NAE6/Programming.Data Points.CH7-EVAP-APP,AV:3039430
ECCP-NAE6,NAE6/Programming.Data Points.CH8-COND-APP,AV:3039431
ECCP-NAE6,NAE6/Programming.Data Points.CH8-EVAP-APP,AV:3039432
ECCP-NAE6,NAE6/Programming.Data Points.CH9-COND-APP,AV:3100044
ECCP-NAE6,NAE6/Programming.Data Points.CH9-EVAP-APP,AV:3100041
ECCP-NAE6,NAE6/Programming.Data Points.CH-R-T-PH1,AV:3112973
ECCP-NAE6,NAE6/Programming.Data Points.CH-R-T-PH2,AV:3112975
ECCP-NAE6,NAE6/Programming.Data Points.CHLRS-ON,AV:3000024
ECCP-NAE6,NAE6/Programming.Data Points.CHLRS-ON-Ph1,AV:3049152
ECCP-NAE6,NAE6/Programming.Data Points.CHLRS-ON-Ph2,AV:3049153
ECCP-NAE6,NAE6/Programming.Data Points.CHR-T-Ph1,AV:3045035
ECCP-NAE6,NAE6/Programming.Data Points.CHR-T-Ph2,AV:3045037
ECCP-NAE6,NAE6/Programming.Data Points.CP-KWpTon,AV:3018940
ECCP-NAE6,NAE6/Programming.Data Points.DCPLR-DIR,BV:3052166
ECCP-NAE6,NAE6/Programming.Data Points.DCPLR-F,AV:3052165
ECCP-NAE6,NAE6/Programming.Data Points.ECCP Delta T,AV:3045771
ECCP-NAE6,NAE6/Programming.Data Points.ECP CW-Totalization,AV:3087952
ECCP-NAE6,NAE6/Programming.Data Points.ECP SANDFILT DAILY,AV:3013711
ECCP-NAE6,NAE6/Programming.Data Points.ECP-AUX-KW,AV:3000029
ECCP-NAE6,NAE6/Programming.Data Points.ECP-AUX-KWpTon,AV:3000030
ECCP-NAE6,NAE6/Programming.Data Points.ECP-C1-HkWpTon,AV:3081745
ECCP-NAE6,NAE6/Programming.Data Points.ECP-C1AUX-KW,AV:3000031
ECCP-NAE6,NAE6/Programming.Data Points.ECP-C2-HkWpTon,AV:3081746
ECCP-NAE6,NAE6/Programming.Data Points.ECP-C2AUX-KW,AV:3000032
ECCP-NAE6,NAE6/Programming.Data Points.ECP-C3-HkWpTon,AV:3081747
ECCP-NAE6,NAE6/Programming.Data Points.ECP-C3AUX-KW,AV:3000033
ECCP-NAE6,NAE6/Programming.Data Points.ECP-C4-HkWpTon,AV:3081748
ECCP-NAE6,NAE6/Programming.Data Points.ECP-C4AUX-KW,AV:3000034
ECCP-NAE6,NAE6/Programming.Data Points.ECP-C5-HkWpTon,AV:3081749
ECCP-NAE6,NAE6/Programming.Data Points.ECP-C5AUX-KW,AV:3029889
ECCP-NAE6,NAE6/Programming.Data Points.ECP-C6-HkWpTon,AV:3081750
ECCP-NAE6,NAE6/Programming.Data Points.ECP-C6AUX-KW,AV:3029893
ECCP-NAE6,NAE6/Programming.Data Points.ECP-C7-HkWpTon,AV:3081751
ECCP-NAE6,NAE6/Programming.Data Points.ECP-C7-TURB-HkWpTon,AV:3081710
ECCP-NAE6,NAE6/Programming.Data Points.ECP-C7AUX-KW,AV:3029897
ECCP-NAE6,NAE6/Programming.Data Points.ECP-C8-HkWpTon,AV:3081752
ECCP-NAE6,NAE6/Programming.Data Points.ECP-C8-TURB-HkWpTon,AV:3081711
ECCP-NAE6,NAE6/Programming.Data Points.ECP-C8AUX-KW,AV:3029901
ECCP-NAE6,NAE6/Programming.Data Points.ECP-C9-AUX-kWpTon,AV:3100251
ECCP-NAE6,NAE6/Programming.Data Points.ECP-C9-HkWpTon,AV:3097623
ECCP-NAE6,NAE6/Programming.Data Points.ECP-C9AUX-KW,AV:3093944
ECCP-NAE6,NAE6/Programming.Data Points.ECP-CH7-Tsat,AV:3078136
ECCP-NAE6,NAE6/Programming.Data Points.ECP-CH8-Tsat,AV:3078137
ECCP-NAE6,NAE6/Programming.Data Points.ECP-COMP-HkWpTon,AV:3016526
ECCP-NAE6,NAE6/Programming.Data Points.ECP-HkW,AV:3000027
ECCP-NAE6,NAE6/Programming.Data Points.ECP-HVAC-KW,AV:3000039
ECCP-NAE6,NAE6/Programming.Data Points.ECP-LP-KW,AV:3000035
ECCP-NAE6,NAE6/Programming.Data Points.ECP-PCW-HkWpTon,AV:3000028
ECCP-NAE6,NAE6/Programming.Data Points.ECP-PCW-KW,AV:3003313
ECCP-NAE6,NAE6/Programming.Data Points.ECP-PCW-KW-PEAK,AV:3003317
ECCP-NAE6,NAE6/Programming.Data Points.ECP-PCW-LD,AV:3000026
ECCP-NAE6,NAE6/Programming.Data Points.ECP-PH1-AUX-kWpTon,AV:3041475
ECCP-NAE6,NAE6/Programming.Data Points.ECP-PH1-COMP-HkWpTon,AV:3041473
ECCP-NAE6,NAE6/Programming.Data Points.ECP-PH1-PCW-kWpTon,AV:3041477
ECCP-NAE6,NAE6/Programming.Data Points.ECP-PH1-TF-KW,AV:3041011
ECCP-NAE6,NAE6/Programming.Data Points.ECP-PH1-TP-KW,AV:3041013
ECCP-NAE6,NAE6/Programming.Data Points.ECP-PH2-7&8-LBpTon,AV:3042650
ECCP-NAE6,NAE6/Programming.Data Points.ECP-PH2-AUX-kWpTon,AV:3041481
ECCP-NAE6,NAE6/Programming.Data Points.ECP-PH2-COMP-ekWpTon,AV:3042649
ECCP-NAE6,NAE6/Programming.Data Points.ECP-PH2-COMP-HkWpTon,AV:3041479
ECCP-NAE6,NAE6/Programming.Data Points.ECP-PH2-PCW-HkWpTon,AV:3041483
ECCP-NAE6,NAE6/Programming.Data Points.ECP-PH2-TF-KW,AV:3041012
ECCP-NAE6,NAE6/Programming.Data Points.ECP-PH2-TP-KW,AV:3041014
ECCP-NAE6,NAE6/Programming.Data Points.ECP-TF-KW,AV:3000037
ECCP-NAE6,NAE6/Programming.Data Points.ECP-TP-KW,AV:3000036
ECCP-NAE6,NAE6/Programming.Data Points.ECP-TRT-KW,AV:3000038
ECCP-NAE6,NAE6/Programming.Data Points.ECP-TW-BLW-F1-Totalization,AV:3087746
ECCP-NAE6,NAE6/Programming.Data Points.ECP-TW-BLW-F2-Totalization,AV:3087747
ECCP-NAE6,NAE6/Programming.Data Points.ECP-TWMU1-F-Totalization,AV:3087741
ECCP-NAE6,NAE6/Programming.Data Points.ECP-TWMU2-F-Totalization,AV:3087740
ECCP-NAE6,NAE6/Programming.Data Points.ECP-TWMU3-F-Totalization,AV:3087742
ECCP-NAE6,NAE6/Programming.Data Points.LP-KWpTON,AV:3018941
ECCP-NAE6,NAE6/Programming.Data Points.PRIM-F,AV:3052138
ECCP-NAE6,NAE6/Programming.Data Points.PRIM-F1,AV:3052134
ECCP-NAE6,NAE6/Programming.Data Points.PRIM-F2,AV:3052136
ECCP-NAE6,NAE6/Programming.Data Points.TF-KWpTon,AV:3018943
ECCP-NAE6,NAE6/Programming.Data Points.THIRD POINT,AV:3113832
ECCP-NAE6,NAE6/Programming.Data Points.TP-KWpTon,AV:3018942
ECCP-NAE6,NAE6/Programming.Data Points.UH-ENABLE,BV:3065752
ECCP-NAE6,NAE6/Programming.HVAC.MORNING WARMUP,BV:3103532
ECCP-NAE6,NAE6/Programming.HVAC.UH-PH1-SCHED-ENB,BV:3103534
ECCP-NAE6,NAE6/Programming.HVAC.UH-PH2-SCHED-ENB,BV:3103536
ECCP-NAE6,NAE6/Programming.HVAC.VAV1-OCC-OVR-CMD,BV:3103542
ECCP-NAE6,NAE6/Programming.HVAC.VAV1-SCHED-ENB,BV:3103538
ECCP-NAE6,NAE6/Programming.LP-SC Control.DP Hi In Summer,AV:3095137
ECCP-NAE6,NAE6/Programming.LP-SC Control.DP Hi In Winter WB,AV:3095133
ECCP-NAE6,NAE6/Programming.LP-SC Control.DP Hi Reset Summer,AV:3095139
ECCP-NAE6,NAE6/Programming.LP-SC Control.DP Hi Reset Winter,AV:3095135
ECCP-NAE6,NAE6/Programming.LP-SC Control.ECP LPs On,AV:3108826
ECCP-NAE6,NAE6/Programming.LP-SC Control.LCW-DP-CALC,AV:3082643
ECCP-NAE6,NAE6/Programming.LP-SC Control.LP1-SC Start Ramp,BV:3109899
ECCP-NAE6,NAE6/Programming.LP-SC Control.LP2-SC Start Ramp,BV:3109901
ECCP-NAE6,NAE6/Programming.LP-SC Control.LP3-SC Start Ramp,BV:3109903
ECCP-NAE6,NAE6/Programming.LP-SC Control.LP4-SC Start Ramp,BV:3109905
ECCP-NAE6,NAE6/Programming.LP-SC Control.LP5-SC Start Ramp,BV:3109907
ECCP-NAE6,NAE6/Programming.LP-SC Control.LP6-SC Start Ramp,BV:3109908
ECCP-NAE6,NAE6/Programming.LP-SC Control.LP7-SC Start Ramp,BV:3109910
ECCP-NAE6,NAE6/Programming.LP-SC Control.LP8-SC Start Ramp,BV:3109911
ECCP-NAE6,NAE6/Programming.LP-SC Control.VSD-%ON,AV:3026635
ECCP-NAE6,NAE6/Programming.Water Treatment.ECP-TW1-CHEM-FEED-ALARM,BV:3089825
ECCP-NAE6,NAE6/Programming.Water Treatment.ECP-TW1-GLUT-ALARM,BV:3097625
ECCP-NAE6,NAE6/Programming.Water Treatment.ECP-TW2-CHEM-FEED-ALARM,BV:3089828
ECCP-NAE6,NAE6/Programming.Water Treatment.ECP-TW2-GLUT-ALARM,BV:3097628
ECCP-NAE6,NAE6/Programming.Water Treatment.TW1-BLEACH-FLUSH,BV:3107255
ECCP-NAE6,NAE6/Programming.Water Treatment.TW1-FCL-ALARM-ENB,BV:3103934
ECCP-NAE6,NAE6/Programming.Water Treatment.TW1-FCL-SP,AV:3100442
ECCP-NAE6,NAE6/Programming.Water Treatment.TW1-GLUT-LOCK-DAY,AV:3097840
ECCP-NAE6,NAE6/Programming.Water Treatment.TW1-GLUT-LOCK-DELAY-OFF,AV:3097844
ECCP-NAE6,NAE6/Programming.Water Treatment.TW1-GLUT-LOCK-HR,AV:3097842
ECCP-NAE6,NAE6/Programming.Water Treatment.TW1-GLUT-LOCKOUT,BV:3097838
ECCP-NAE6,NAE6/Programming.Water Treatment.TW1-ORP-HiLimit,AV:3100446
ECCP-NAE6,NAE6/Programming.Water Treatment.TW1-PH-DF,AV:3061057
ECCP-NAE6,NAE6/Programming.Water Treatment.TW1-PH-SP,AV:3061056
ECCP-NAE6,NAE6/Programming.Water Treatment.TW1-PH_COND-ALARM-ENABLE,BV:3103333
ECCP-NAE6,NAE6/Programming.Water Treatment.TW2-BLEACH-FLUSH,BV:3108248
ECCP-NAE6,NAE6/Programming.Water Treatment.TW2-FCL-ALARM-ENB,BV:3104022
ECCP-NAE6,NAE6/Programming.Water Treatment.TW2-FCL-SP,AV:3100444
ECCP-NAE6,NAE6/Programming.Water Treatment.TW2-GLUT-LOCK-DAY,AV:3098025
ECCP-NAE6,NAE6/Programming.Water Treatment.TW2-GLUT-LOCK-DELAY-OFF,AV:3098029
ECCP-NAE6,NAE6/Programming.Water Treatment.TW2-GLUT-LOCK-HR,AV:3098027
ECCP-NAE6,NAE6/Programming.Water Treatment.TW2-GLUT-LOCKOUT,BV:3098023
ECCP-NAE6,NAE6/Programming.Water Treatment.TW2-ORP-HiLimit,AV:3100448
ECCP-NAE6,NAE6/Programming.Water Treatment.TW2-PH-DF,AV:3049596
ECCP-NAE6,NAE6/Programming.Water Treatment.TW2-PH-SP,AV:3049259
ECCP-NAE6,NAE6/Programming.Water Treatment.TW2-PH_COND-ALARM-ENABLE,BV:3103335
ECCP-NAE6,NAE6/Programming.Weather Station.ECP-OADB-T,AV:3083270
ECCP-NAE6,NAE6/Programming.Weather Station.ECP-OAWB-T,AV:3083272
ECCP-NAE6,NAE6/Programming.YST Heat Balance.CH7-REF-CND-LD,AV:3046045
ECCP-NAE6,NAE6/Programming.YST Heat Balance.CH7-REF-COND-RATIO,AV:3046047
ECCP-NAE6,NAE6/Programming.YST Heat Balance.CH7-STM-COND-LD,AV:3046049
ECCP-NAE6,NAE6/Programming.YST Heat Balance.CH8-REF-COND-LD,AV:3046051
ECCP-NAE6,NAE6/Programming.YST Heat Balance.CH8-REF-COND-RATIO,AV:3046053
ECCP-NAE6,NAE6/Programming.YST Heat Balance.CH8-STM-COND-LD,AV:3046055
GTP-NAE189,NAE189/Field Bus1.GTP-AH1A.AUX-C,BO:3004332
GTP-NAE189,NAE189/Field Bus1.GTP-AH1A.BI1-S,BI:3004331
GTP-NAE189,NAE189/Field Bus1.GTP-AH1A.BI2-S,BI:3004330
GTP-NAE189,NAE189/Field Bus1.GTP-AH1A.CLGOCC-SP,AV:3010981
GTP-NAE189,NAE189/Field Bus1.GTP-AH1A.CLGSTBY-SP,AV:3010985
GTP-NAE189,NAE189/Field Bus1.GTP-AH1A.CLGUNOCC-SP,AV:3010983
GTP-NAE189,NAE189/Field Bus1.GTP-AH1A.EFF-OAT,AV:3010995
GTP-NAE189,NAE189/Field Bus1.GTP-AH1A.EFF-OCC,MV:3010999
GTP-NAE189,NAE189/Field Bus1.GTP-AH1A.EFF-SAT,AV:3011001
GTP-NAE189,NAE189/Field Bus1.GTP-AH1A.EFF-SETPOINT,AV:3010996
GTP-NAE189,NAE189/Field Bus1.GTP-AH1A.EFF-ZNH,AV:3010994
GTP-NAE189,NAE189/Field Bus1.GTP-AH1A.EFF-ZNT,AV:3010993
GTP-NAE189,NAE189/Field Bus1.GTP-AH1A.EFFCLG-SP,AV:3010997
GTP-NAE189,NAE189/Field Bus1.GTP-AH1A.EFFHTG-SP,AV:3010998
GTP-NAE189,NAE189/Field Bus1.GTP-AH1A.FAN-C,BO:3004329
GTP-NAE189,NAE189/Field Bus1.GTP-AH1A.FAN-MODE,MV:3011002
GTP-NAE189,NAE189/Field Bus1.GTP-AH1A.HTGOCC-SP,AV:3010982
GTP-NAE189,NAE189/Field Bus1.GTP-AH1A.HTGSTBY-SP,AV:3010986
GTP-NAE189,NAE189/Field Bus1.GTP-AH1A.HTGUNOCC-SP,AV:3010984
GTP-NAE189,NAE189/Field Bus1.GTP-AH1A.NET-OAT,AV:3010988
GTP-NAE189,NAE189/Field Bus1.GTP-AH1A.NET-ZNT,AV:3011000
GTP-NAE189,NAE189/Field Bus1.GTP-AH1A.OAD-O,AO:3004333
GTP-NAE189,NAE189/Field Bus1.GTP-AH1A.SYSTEM-MODE,MV:3010979
GTP-NAE189,NAE189/Field Bus1.GTP-AH1A.UNIT-S,MV:3010992
GTP-NAE189,NAE189/Field Bus1.GTP-AH1A.UNITEN-MODE,MV:3010980
GTP-NAE189,NAE189/Field Bus1.GTP-AH1A.W1OB-C,BO:3004325
GTP-NAE189,NAE189/Field Bus1.GTP-AH1A.W2SUP-C,BO:3004326
GTP-NAE189,NAE189/Field Bus1.GTP-AH1A.WC-ADJ,AV:3010987
GTP-NAE189,NAE189/Field Bus1.GTP-AH1A.Y1-C,BO:3004327
GTP-NAE189,NAE189/Field Bus1.GTP-AH1A.Y2-C,BO:3004328
GTP-NAE189,NAE189/Field Bus1.GTP-AH1B.AUX-C,BO:3010957
GTP-NAE189,NAE189/Field Bus1.GTP-AH1B.BI1-S,BI:3010956
GTP-NAE189,NAE189/Field Bus1.GTP-AH1B.BI2-S,BI:3010955
GTP-NAE189,NAE189/Field Bus1.GTP-AH1B.CLGOCC-SP,AV:3010961
GTP-NAE189,NAE189/Field Bus1.GTP-AH1B.CLGSTBY-SP,AV:3010965
GTP-NAE189,NAE189/Field Bus1.GTP-AH1B.CLGUNOCC-SP,AV:3010963
GTP-NAE189,NAE189/Field Bus1.GTP-AH1B.EFF-OAT,AV:3010973
GTP-NAE189,NAE189/Field Bus1.GTP-AH1B.EFF-OCC,MV:3010977
GTP-NAE189,NAE189/Field Bus1.GTP-AH1B.EFF-SAT,AV:3010978
GTP-NAE189,NAE189/Field Bus1.GTP-AH1B.EFF-SETPOINT,AV:3010974
GTP-NAE189,NAE189/Field Bus1.GTP-AH1B.EFF-ZNH,AV:3010972
GTP-NAE189,NAE189/Field Bus1.GTP-AH1B.EFF-ZNT,AV:3010971
GTP-NAE189,NAE189/Field Bus1.GTP-AH1B.EFFCLG-SP,AV:3010975
GTP-NAE189,NAE189/Field Bus1.GTP-AH1B.EFFHTG-SP,AV:3010976
GTP-NAE189,NAE189/Field Bus1.GTP-AH1B.FAN-C,BO:3010954
GTP-NAE189,NAE189/Field Bus1.GTP-AH1B.HTGOCC-SP,AV:3010962
GTP-NAE189,NAE189/Field Bus1.GTP-AH1B.HTGSTBY-SP,AV:3010966
GTP-NAE189,NAE189/Field Bus1.GTP-AH1B.HTGUNOCC-SP,AV:3010964
GTP-NAE189,NAE189/Field Bus1.GTP-AH1B.OAD-O,AO:3010958
GTP-NAE189,NAE189/Field Bus1.GTP-AH1B.OCCOVRD-MODE,MV:3010969
GTP-NAE189,NAE189/Field Bus1.GTP-AH1B.SYSTEM-MODE,MV:3010959
GTP-NAE189,NAE189/Field Bus1.GTP-AH1B.TUNING-RESET,MV:3010968
GTP-NAE189,NAE189/Field Bus1.GTP-AH1B.UNIT-S,MV:3010970
GTP-NAE189,NAE189/Field Bus1.GTP-AH1B.UNITEN-MODE,MV:3010960
GTP-NAE189,NAE189/Field Bus1.GTP-AH1B.W1OB-C,BO:3010950
GTP-NAE189,NAE189/Field Bus1.GTP-AH1B.W2SUP-C,BO:3010951
GTP-NAE189,NAE189/Field Bus1.GTP-AH1B.WC-ADJ,AV:3010967
GTP-NAE189,NAE189/Field Bus1.GTP-AH1B.Y1-C,BO:3010952
GTP-NAE189,NAE189/Field Bus1.GTP-AH1B.Y2-C,BO:3010953
GTP-NAE189,NAE189/Field Bus1.GTP-AH2.CLG-O,AO:3002391
GTP-NAE189,NAE189/Field Bus1.GTP-AH2.DA-SD,BI:3002392
GTP-NAE189,NAE189/Field Bus1.GTP-AH2.DA-T,AI:3002393
GTP-NAE189,NAE189/Field Bus1.GTP-AH2.MA-T,AI:3002396
GTP-NAE189,NAE189/Field Bus1.GTP-AH2.OA-T,AV:3002399
GTP-NAE189,NAE189/Field Bus1.GTP-AH2.Parameters.AHU-STATE,MV:3002414
GTP-NAE189,NAE189/Field Bus1.GTP-AH2.Parameters.CLG-OUTSTATE,MV:3002408
GTP-NAE189,NAE189/Field Bus1.GTP-AH2.Parameters.CLGOCC-SP,AV:3002409
GTP-NAE189,NAE189/Field Bus1.GTP-AH2.Parameters.DATCLGMIN-SP,AV:3002404
GTP-NAE189,NAE189/Field Bus1.GTP-AH2.Parameters.DATHTGMAX-SP,AV:3002402
GTP-NAE189,NAE189/Field Bus1.GTP-AH2.Parameters.DATSATISFIED-SP,AV:3002403
GTP-NAE189,NAE189/Field Bus1.GTP-AH2.Parameters.DATSP-STATE,MV:3002405
GTP-NAE189,NAE189/Field Bus1.GTP-AH2.Parameters.EFFCLG-SP,AV:3002411
GTP-NAE189,NAE189/Field Bus1.GTP-AH2.Parameters.EFFDAT-SP,AV:3002407
GTP-NAE189,NAE189/Field Bus1.GTP-AH2.Parameters.EFFHTG-SP,AV:3002412
GTP-NAE189,NAE189/Field Bus1.GTP-AH2.Parameters.HTGOCC-SP,AV:3002410
GTP-NAE189,NAE189/Field Bus1.GTP-AH2.Parameters.TUNING-RESET,BV:3002401
GTP-NAE189,NAE189/Field Bus1.GTP-AH2.Parameters.ZNT-SP,AV:3002406
GTP-NAE189,NAE189/Field Bus1.GTP-AH2.Parameters.ZNT-STATE,MV:3002413
GTP-NAE189,NAE189/Field Bus1.GTP-AH2.RA-T,AI:3002397
GTP-NAE189,NAE189/Field Bus1.GTP-AH2.SF-C,BO:3002394
GTP-NAE189,NAE189/Field Bus1.GTP-AH2.SF-S,BI:3002395
GTP-NAE189,NAE189/Field Bus1.GTP-AH2.ZN-T,AI:3002398
GTP-NAE189,NAE189/Field Bus1.GTP-AH3.AH3CW-F,AI:3002848
GTP-NAE189,NAE189/Field Bus1.GTP-AH3.CLG-O,AO:3003010
GTP-NAE189,NAE189/Field Bus1.GTP-AH3.DA-SD,BI:3002369
GTP-NAE189,NAE189/Field Bus1.GTP-AH3.DA-T,AI:3002370
GTP-NAE189,NAE189/Field Bus1.GTP-AH3.EMO100-C,BO:3002847
GTP-NAE189,NAE189/Field Bus1.GTP-AH3.Parameters.CLG-VLV SL-OUTSTATE,MV:3003017
GTP-NAE189,NAE189/Field Bus1.GTP-AH3.Parameters.CLG-VLV TUNING-RESET,BV:3003016
GTP-NAE189,NAE189/Field Bus1.GTP-AH3.Parameters.OCCUPANCY,MV:3003011
GTP-NAE189,NAE189/Field Bus1.GTP-AH3.Parameters.SAT-SP,AV:3003018
GTP-NAE189,NAE189/Field Bus1.GTP-AH3.Parameters.ZNT-DF,AV:3003014
GTP-NAE189,NAE189/Field Bus1.GTP-AH3.Parameters.ZNT-OCC-SP,AV:3003013
GTP-NAE189,NAE189/Field Bus1.GTP-AH3.Parameters.ZNT-UNOC-SP,AV:3003015
GTP-NAE189,NAE189/Field Bus1.GTP-AH3.Parameters.ZNT-WSP,AV:3003012
GTP-NAE189,NAE189/Field Bus1.GTP-AH3.RA-T,AI:3002374
GTP-NAE189,NAE189/Field Bus1.GTP-AH3.REFRIG-A,BI:3002375
GTP-NAE189,NAE189/Field Bus1.GTP-AH3.SF-C,BO:3002371
GTP-NAE189,NAE189/Field Bus1.GTP-AH3.SF-S,BI:3002372
GTP-NAE189,NAE189/Field Bus1.GTP-AH3.ZN-T,AI:3002376
GTP-NAE189,NAE189/Field Bus1.GTP-AH4.CLG-O,AO:3002380
GTP-NAE189,NAE189/Field Bus1.GTP-AH4.DA-SD,BI:3002381
GTP-NAE189,NAE189/Field Bus1.GTP-AH4.DA-T,AI:3002382
GTP-NAE189,NAE189/Field Bus1.GTP-AH4.LT-A,BI:3002383
GTP-NAE189,NAE189/Field Bus1.GTP-AH4.MA-T,AI:3002385
GTP-NAE189,NAE189/Field Bus1.GTP-AH4.MAD-O,AO:3002384
GTP-NAE189,NAE189/Field Bus1.GTP-AH4.OA-T,AV:3002390
GTP-NAE189,NAE189/Field Bus1.GTP-AH4.Parameters.AHU-STATE,MV:3002451
GTP-NAE189,NAE189/Field Bus1.GTP-AH4.Parameters.CLG-OUTSTATE,MV:3002443
GTP-NAE189,NAE189/Field Bus1.GTP-AH4.Parameters.CLGOATLOCKOUT-SP,AV:3002439
GTP-NAE189,NAE189/Field Bus1.GTP-AH4.Parameters.CLGOCC-SP,AV:3002446
GTP-NAE189,NAE189/Field Bus1.GTP-AH4.Parameters.DATCLGMIN-SP,AV:3002432
GTP-NAE189,NAE189/Field Bus1.GTP-AH4.Parameters.DATHTGMAX-SP,AV:3002430
GTP-NAE189,NAE189/Field Bus1.GTP-AH4.Parameters.DATSATISFIED-SP,AV:3002431
GTP-NAE189,NAE189/Field Bus1.GTP-AH4.Parameters.DATSP-STATE,MV:3002433
GTP-NAE189,NAE189/Field Bus1.GTP-AH4.Parameters.ECONSWO-SP,AV:3002435
GTP-NAE189,NAE189/Field Bus1.GTP-AH4.Parameters.EFFCLG-SP,AV:3002448
GTP-NAE189,NAE189/Field Bus1.GTP-AH4.Parameters.EFFDAT-SP,AV:3002434
GTP-NAE189,NAE189/Field Bus1.GTP-AH4.Parameters.EFFHTG-SP,AV:3002449
GTP-NAE189,NAE189/Field Bus1.GTP-AH4.Parameters.HTGOATLOCKOUT-SP,AV:3002441
GTP-NAE189,NAE189/Field Bus1.GTP-AH4.Parameters.HTGOCC-SP,AV:3002447
GTP-NAE189,NAE189/Field Bus1.GTP-AH4.Parameters.LT-PB,AV:3002436
GTP-NAE189,NAE189/Field Bus1.GTP-AH4.Parameters.LT-SP,AV:3002437
GTP-NAE189,NAE189/Field Bus1.GTP-AH4.Parameters.MAD-OUTSTATE,MV:3002442
GTP-NAE189,NAE189/Field Bus1.GTP-AH4.Parameters.OAD-MINPOS,AV:3002440
GTP-NAE189,NAE189/Field Bus1.GTP-AH4.Parameters.OALT-SP,AV:3002438
GTP-NAE189,NAE189/Field Bus1.GTP-AH4.Parameters.PH-OUTSTATE,MV:3002444
GTP-NAE189,NAE189/Field Bus1.GTP-AH4.Parameters.TUNING-RESET,BV:3002429
GTP-NAE189,NAE189/Field Bus1.GTP-AH4.Parameters.UNITEN-MODE,MV:3002445
GTP-NAE189,NAE189/Field Bus1.GTP-AH4.Parameters.ZNT-STATE,MV:3002450
GTP-NAE189,NAE189/Field Bus1.GTP-AH4.PH-O,AO:3002386
GTP-NAE189,NAE189/Field Bus1.GTP-AH4.RA-T,AI:3002387
GTP-NAE189,NAE189/Field Bus1.GTP-AH4.SF-C,BO:3002388
GTP-NAE189,NAE189/Field Bus1.GTP-AH4.SF-S,BI:3002389
GTP-NAE189,NAE189/Field Bus1.GTP-AH4.ZN-SP,AV:3002379
GTP-NAE189,NAE189/Field Bus1.GTP-AH4.ZN-T,AI:3002378
GTP-NAE189,NAE189/Field Bus1.GTP-AH5.AH5 BCW-F,AI:3003009
GTP-NAE189,NAE189/Field Bus1.GTP-AH5.AH5 BCWR-T2,AI:3002997
GTP-NAE189,NAE189/Field Bus1.GTP-AH5.AH5 BP3-S,BI:3003008
GTP-NAE189,NAE189/Field Bus1.GTP-AH5.AH5 BP3-SC,AO:3003001
GTP-NAE189,NAE189/Field Bus1.GTP-AH5.AH5 BP3-SS,BO:3003002
GTP-NAE189,NAE189/Field Bus1.GTP-AH5.AH5 CH45-REFALAM,BI:3002992
GTP-NAE189,NAE189/Field Bus1.GTP-AH5.AH5 CLG-VLV,AO:3003004
GTP-NAE189,NAE189/Field Bus1.GTP-AH5.AH5 DA-SD,BI:3009546
GTP-NAE189,NAE189/Field Bus1.GTP-AH5.AH5 EF1-S,BI:3002995
GTP-NAE189,NAE189/Field Bus1.GTP-AH5.AH5 EF1-SS,BO:3003005
GTP-NAE189,NAE189/Field Bus1.GTP-AH5.AH5 OA-RH,AI:3003006
GTP-NAE189,NAE189/Field Bus1.GTP-AH5.AH5 SA-T,AI:3002998
GTP-NAE189,NAE189/Field Bus1.GTP-AH5.AH5 SF-S,BI:3003000
GTP-NAE189,NAE189/Field Bus1.GTP-AH5.AH5 SF-SC,AO:3003003
GTP-NAE189,NAE189/Field Bus1.GTP-AH5.AH5 SF-SS,BO:3002993
GTP-NAE189,NAE189/Field Bus1.GTP-AH5.AH5 UH-SS,BO:3002994
GTP-NAE189,NAE189/Field Bus1.GTP-AH5.AH5 ZN-T,AI:3002999
GTP-NAE189,NAE189/Field Bus1.GTP-AH5.AH5-OAD1-ES,BI:3002991
GTP-NAE189,NAE189/Field Bus1.GTP-AH5.AH5-OADB-T,AI:3003007
GTP-NAE189,NAE189/Field Bus1.GTP-AH5.Parameters.AH5 OCC,BV:3003302
GTP-NAE189,NAE189/Field Bus1.GTP-AH5.Parameters.AH5 SCHEDULE-ENABLE,BV:3010780
GTP-NAE189,NAE189/Field Bus1.GTP-AH5.Parameters.AH5 SFSC TUNING-RESET,BV:3003314
GTP-NAE189,NAE189/Field Bus1.GTP-AH5.Parameters.AH5 ZNT-CLGSP-OCC,AV:3003299
GTP-NAE189,NAE189/Field Bus1.GTP-AH5.Parameters.AH5 ZNT-CLGSP-UNOC,AV:3003301
GTP-NAE189,NAE189/Field Bus1.GTP-AH5.Parameters.AH5 ZNT-HTGSP-OCC,AV:3003292
GTP-NAE189,NAE189/Field Bus1.GTP-AH5.Parameters.AH5 ZNT-HTGSP-UNOC,AV:3003293
GTP-NAE189,NAE189/Field Bus1.GTP-AH5.Parameters.AH9 SAT-CLGSP1,AV:3003309
GTP-NAE189,NAE189/Field Bus1.GTP-AH5.Parameters.AH9 SAT-CLGSP2,AV:3003310
GTP-NAE189,NAE189/Field Bus1.GTP-AH5.Parameters.AH9 SAT-DEWPT1,AV:3003307
GTP-NAE189,NAE189/Field Bus1.GTP-AH5.Parameters.AH9 SAT-DEWPT2,AV:3003308
GTP-NAE189,NAE189/Field Bus1.GTP-AH5.Parameters.AH9 SAT-HTGSP1,AV:3003313
GTP-NAE189,NAE189/Field Bus1.GTP-AH5.Parameters.AH9 SAT-HTGSP2,AV:3003321
GTP-NAE189,NAE189/Field Bus1.GTP-AH5.Parameters.AH9 SAT-OADB1,AV:3003311
GTP-NAE189,NAE189/Field Bus1.GTP-AH5.Parameters.AH9 SAT-OADB2,AV:3003312
GTP-NAE189,NAE189/Field Bus1.GTP-AH5.Parameters.AH9 SFSC SL-OUTSTATE,MV:3003315
GTP-NAE189,NAE189/Field Bus1.GTP-AH5.Parameters.AH9-SFSC-HIL,AV:3003317
GTP-NAE189,NAE189/Field Bus1.GTP-AH5.Parameters.AH9-SFSC-LOL,AV:3003316
GTP-NAE189,NAE189/Field Bus1.GTP-AH5.Parameters.AH9-SFSC-PID-PB,AV:3003318
GTP-NAE189,NAE189/Field Bus1.GTP-AH5.Parameters.AH9-SFSC-PRE-PB,AV:3003319
GTP-NAE189,NAE189/Field Bus1.GTP-AH5.Parameters.BCWS-T,AV:3003295
GTP-NAE189,NAE189/Field Bus1.GTP-AH5.Parameters.CWPSS-DF,AV:3003304
GTP-NAE189,NAE189/Field Bus1.GTP-AH5.Parameters.CWPSS-DLOFF,AV:3003305
GTP-NAE189,NAE189/Field Bus1.GTP-AH5.Parameters.CWPSS-DLON,AV:3003306
GTP-NAE189,NAE189/Field Bus1.GTP-AH5.Parameters.CWPSS-SP,AV:3003303
GTP-NAE189,NAE189/Field Bus1.GTP-AH5.Parameters.GTP AH5 OADP-T,AV:3003343
GTP-NAE189,NAE189/Field Bus1.GTP-AH5.Parameters.GTP AH5 OAWB-T,AV:3003320
GTP-NAE189,NAE189/Field Bus1.GTP-AH5.Parameters.GTP AH5CW-LOAD,AV:3003296
GTP-NAE189,NAE189/Field Bus1.GTP-AH5.Parameters.OADB-T,AV:3003298
GTP-NAE189,NAE189/Field Bus1.GTP-AH5.Parameters.REF-ALARM-MODE,MV:3003297
GTP-NAE189,NAE189/Field Bus1.GTP-BP.BCW-DP,AI:3002503
GTP-NAE189,NAE189/Field Bus1.GTP-BP.BCW-F1,AI:3002507
GTP-NAE189,NAE189/Field Bus1.GTP-BP.BCWR-T1,AI:3002504
GTP-NAE189,NAE189/Field Bus1.GTP-BP.BCWS-T,AI:3002499
GTP-NAE189,NAE189/Field Bus1.GTP-BP.BP1-S,BI:3002497
GTP-NAE189,NAE189/Field Bus1.GTP-BP.BP1-SC,AO:3002500
GTP-NAE189,NAE189/Field Bus1.GTP-BP.BP1-SS,BO:3002502
GTP-NAE189,NAE189/Field Bus1.GTP-BP.BP2-S,BI:3002501
GTP-NAE189,NAE189/Field Bus1.GTP-BP.BP2-SC,AO:3002509
GTP-NAE189,NAE189/Field Bus1.GTP-BP.BP2-SS,BO:3002505
GTP-NAE189,NAE189/Field Bus1.GTP-BP.EMCWR-T,AI:3002508
GTP-NAE189,NAE189/Field Bus1.GTP-BP.EMCWS-T,AI:3002498
GTP-NAE189,NAE189/Field Bus1.GTP-BP.INCW-F,AI:3002506
GTP-NAE189,NAE189/Field Bus1.GTP-BP.INCWR-T,AI:3002496
GTP-NAE189,NAE189/Field Bus1.GTP-BP.INCWS-T1,AI:3002494
GTP-NAE189,NAE189/Field Bus1.GTP-BP.INCWS-T2,AI:3002495
GTP-NAE189,NAE189/Field Bus1.GTP-BP.Parameters.AH3-BCW-F,AV:3002853
GTP-NAE189,NAE189/Field Bus1.GTP-BP.Parameters.AH5CW-LOAD,AV:3004415
GTP-NAE189,NAE189/Field Bus1.GTP-BP.Parameters.BCW-BP-WSP,AV:3002532
GTP-NAE189,NAE189/Field Bus1.GTP-BP.Parameters.BCW-HICLG-VLV,AV:3002531
GTP-NAE189,NAE189/Field Bus1.GTP-BP.Parameters.BCW-HICLG-VLV-High,AV:3002534
GTP-NAE189,NAE189/Field Bus1.GTP-BP.Parameters.BCW-HICLG-VLV-Low,AV:3002533
GTP-NAE189,NAE189/Field Bus1.GTP-BP.Parameters.BCWDP-SP-High,AV:3002536
GTP-NAE189,NAE189/Field Bus1.GTP-BP.Parameters.BCWDP-SP-Low,AV:3002535
GTP-NAE189,NAE189/Field Bus1.GTP-BP.Parameters.BP-LDLG,MV:3002530
GTP-NAE189,NAE189/Field Bus1.GTP-BP.Parameters.BPSC PID ABSEFFORT,AV:3002542
GTP-NAE189,NAE189/Field Bus1.GTP-BP.Parameters.BPSC PID ABSERROR,AV:3002541
GTP-NAE189,NAE189/Field Bus1.GTP-BP.Parameters.BPSC PID ERROR,AV:3002543
GTP-NAE189,NAE189/Field Bus1.GTP-BP.Parameters.BPSC PID EWMA,AV:3002544
GTP-NAE189,NAE189/Field Bus1.GTP-BP.Parameters.BPSC PID SL-OUTSTATE,MV:3002540
GTP-NAE189,NAE189/Field Bus1.GTP-BP.Parameters.BPSC PID TUNING-RESET,BV:3002539
GTP-NAE189,NAE189/Field Bus1.GTP-BP.Parameters.GTP AH3CW-LOAD,AV:3002851
GTP-NAE189,NAE189/Field Bus1.GTP-BP.Parameters.GTP AH24CW-LOAD,AV:3002852
GTP-NAE189,NAE189/Field Bus1.GTP-BP.Parameters.GTP AH24CW-LOAD Totalization,AV:3010796
GTP-NAE189,NAE189/Field Bus1.GTP-BP.Parameters.GTP AH35CW-LOAD,AV:3004416
GTP-NAE189,NAE189/Field Bus1.GTP-BP.Parameters.GTP AH35CW-LOAD Totalization,AV:3010797
GTP-NAE189,NAE189/Field Bus1.GTP-BP.Parameters.GTP AH234CW-LOAD,AV:3002854
GTP-NAE189,NAE189/Field Bus1.GTP-BP.Parameters.GTP AH234CW-LOAD Totalization,AV:3010795
GTP-NAE189,NAE189/Field Bus1.GTP-BP.Parameters.GTP INCW-LOAD,AV:3002529
GTP-NAE189,NAE189/Field Bus1.GTP-BP.Parameters.OADB-T,AV:3002537
GTP-NAE189,NAE189/Field Bus1.GTP-CH1.CH1-ALM-BI,BI:3002724
GTP-NAE189,NAE189/Field Bus1.GTP-CH1.CH1-AUTO,BI:3002735
GTP-NAE189,NAE189/Field Bus1.GTP-CH1.CH1-CHW-F,AI:3002730
GTP-NAE189,NAE189/Field Bus1.GTP-CH1.CH1-CHWR-T,AI:3002732
GTP-NAE189,NAE189/Field Bus1.GTP-CH1.CH1-CHWS-T,AI:3002731
GTP-NAE189,NAE189/Field Bus1.GTP-CH1.CH1-CP1-S,BI:3002734
GTP-NAE189,NAE189/Field Bus1.GTP-CH1.CH1-CP1-SC,AO:3002736
GTP-NAE189,NAE189/Field Bus1.GTP-CH1.CH1-CP1-SS,BO:3002737
GTP-NAE189,NAE189/Field Bus1.GTP-CH1.CH1-ENABLE,BO:3002738
GTP-NAE189,NAE189/Field Bus1.GTP-CH1.CH1-HAND,BI:3002725
GTP-NAE189,NAE189/Field Bus1.GTP-CH1.CH1-REFALM,BI:3002723
GTP-NAE189,NAE189/Field Bus1.GTP-CH1.CH1-S,BI:3002733
GTP-NAE189,NAE189/Field Bus1.GTP-CH1.CH1-TP2-S,BI:3002726
GTP-NAE189,NAE189/Field Bus1.GTP-CH1.CH1-TP2-SC,AO:3002740
GTP-NAE189,NAE189/Field Bus1.GTP-CH1.CH1-TP2-SS,BO:3002739
GTP-NAE189,NAE189/Field Bus1.GTP-CH1.CH1-TW-F,AI:3002729
GTP-NAE189,NAE189/Field Bus1.GTP-CH1.CH1-TWR-T,AI:3002728
GTP-NAE189,NAE189/Field Bus1.GTP-CH1.CH1-TWS-T,AI:3002727
GTP-NAE189,NAE189/Field Bus1.GTP-CH1.Parameters.%LD-1,AV:3002770
GTP-NAE189,NAE189/Field Bus1.GTP-CH1.Parameters.%LD-2,AV:3002768
GTP-NAE189,NAE189/Field Bus1.GTP-CH1.Parameters.%LD-TW-GPM-X1,AV:3002769
GTP-NAE189,NAE189/Field Bus1.GTP-CH1.Parameters.%LD-TW-GPM-X2,AV:3002775
GTP-NAE189,NAE189/Field Bus1.GTP-CH1.Parameters.Alarm Reset,MV:3002788
GTP-NAE189,NAE189/Field Bus1.GTP-CH1.Parameters.CH1-%LOAD,AV:3002786
GTP-NAE189,NAE189/Field Bus1.GTP-CH1.Parameters.CH1-CPSC-SP,AV:3002784
GTP-NAE189,NAE189/Field Bus1.GTP-CH1.Parameters.CH1-eRATE,AV:3002787
GTP-NAE189,NAE189/Field Bus1.GTP-CH1.Parameters.CH1-LOAD,AV:3002785
GTP-NAE189,NAE189/Field Bus1.GTP-CH1.Parameters.CH1-LP-START,BV:3002779
GTP-NAE189,NAE189/Field Bus1.GTP-CH1.Parameters.CH1-SMRT-ALARM,MV:3002790
GTP-NAE189,NAE189/Field Bus1.GTP-CH1.Parameters.CH1-TF-START,BV:3002780
GTP-NAE189,NAE189/Field Bus1.GTP-CH1.Parameters.CH-KWin,AV:3002789
GTP-NAE189,NAE189/Field Bus1.GTP-CH1.Parameters.CH-SEQ,AV:3002797
GTP-NAE189,NAE189/Field Bus1.GTP-CH1.Parameters.CHLR START PULSE,BV:3002782
GTP-NAE189,NAE189/Field Bus1.GTP-CH1.Parameters.CHLR-ENB,MV:3002793
GTP-NAE189,NAE189/Field Bus1.GTP-CH1.Parameters.CHLR-ON,MV:3002781
GTP-NAE189,NAE189/Field Bus1.GTP-CH1.Parameters.CHLR-STR,MV:3002795
GTP-NAE189,NAE189/Field Bus1.GTP-CH1.Parameters.CSYSENB,MV:3002794
GTP-NAE189,NAE189/Field Bus1.GTP-CH1.Parameters.GTP1-NDX,AV:3002796
GTP-NAE189,NAE189/Field Bus1.GTP-CH1.Parameters.NDX-SS,BV:3002791
GTP-NAE189,NAE189/Field Bus1.GTP-CH1.Parameters.OAWB-T,AV:3002783
GTP-NAE189,NAE189/Field Bus1.GTP-CH1.Parameters.Tower-Circ,BV:3002778
GTP-NAE189,NAE189/Field Bus1.GTP-CH1.Parameters.TP2-SC SL-OUTSTATE,MV:3002799
GTP-NAE189,NAE189/Field Bus1.GTP-CH1.Parameters.TP2-SC TUNING-RESET,BV:3002798
GTP-NAE189,NAE189/Field Bus1.GTP-CH1.Parameters.TP2SC-LOL,AV:3002800
GTP-NAE189,NAE189/Field Bus1.GTP-CH1.Parameters.TWFlow-GPM-X1,AV:3002773
GTP-NAE189,NAE189/Field Bus1.GTP-CH1.Parameters.TWFlow-GPM-X2,AV:3002777
GTP-NAE189,NAE189/Field Bus1.GTP-CH1.Parameters.TWFlow-GPM-X3,AV:3002774
GTP-NAE189,NAE189/Field Bus1.GTP-CH1.Parameters.TWFlow-WB1,AV:3002772
GTP-NAE189,NAE189/Field Bus1.GTP-CH1.Parameters.TWFlow-WB2,AV:3002776
GTP-NAE189,NAE189/Field Bus1.GTP-CH1.Parameters.TWFlow-WB3,AV:3002771
GTP-NAE189,NAE189/Field Bus1.GTP-CH1.Parameters.TWFlow-WSP,AV:3002845
GTP-NAE189,NAE189/Field Bus1.GTP-CH3.CH3-ALM-BI,BI:3002748
GTP-NAE189,NAE189/Field Bus1.GTP-CH3.CH3-AUTO,BI:3002744
GTP-NAE189,NAE189/Field Bus1.GTP-CH3.CH3-CHW-F,AI:3002751
GTP-NAE189,NAE189/Field Bus1.GTP-CH3.CH3-CHWR-T,AI:3002762
GTP-NAE189,NAE189/Field Bus1.GTP-CH3.CH3-CHWS-T,AI:3002755
GTP-NAE189,NAE189/Field Bus1.GTP-CH3.CH3-CP3-S,BI:3002752
GTP-NAE189,NAE189/Field Bus1.GTP-CH3.CH3-CP3-SC,AO:3002759
GTP-NAE189,NAE189/Field Bus1.GTP-CH3.CH3-CP3-SS,BO:3002760
GTP-NAE189,NAE189/Field Bus1.GTP-CH3.CH3-ENABLE,BO:3002758
GTP-NAE189,NAE189/Field Bus1.GTP-CH3.CH3-HAND,BI:3002747
GTP-NAE189,NAE189/Field Bus1.GTP-CH3.CH3-RO-V,BO:3002764
GTP-NAE189,NAE189/Field Bus1.GTP-CH3.CH3-S,BI:3002756
GTP-NAE189,NAE189/Field Bus1.GTP-CH3.CH3-STM-F,AI:3002745
GTP-NAE189,NAE189/Field Bus1.GTP-CH3.CH3-STM-P,AI:3002746
GTP-NAE189,NAE189/Field Bus1.GTP-CH3.CH3-STM-T,AI:3002749
GTP-NAE189,NAE189/Field Bus1.GTP-CH3.CH3-STMBLW-V,BO:3004334
GTP-NAE189,NAE189/Field Bus1.GTP-CH3.CH3-TP3-S,BI:3002750
GTP-NAE189,NAE189/Field Bus1.GTP-CH3.CH3-TP3-SC,AO:3002765
GTP-NAE189,NAE189/Field Bus1.GTP-CH3.CH3-TP3-SS,BO:3002766
GTP-NAE189,NAE189/Field Bus1.GTP-CH3.CH3-TW-F,AI:3002763
GTP-NAE189,NAE189/Field Bus1.GTP-CH3.CH3-TWR-T1,AI:3002754
GTP-NAE189,NAE189/Field Bus1.GTP-CH3.CH3-TWR-T2,AI:3002757
GTP-NAE189,NAE189/Field Bus1.GTP-CH3.CH3-TWS-T,AI:3002753
GTP-NAE189,NAE189/Field Bus1.GTP-CH3.Parameters.Alarm Reset,MV:3002826
GTP-NAE189,NAE189/Field Bus1.GTP-CH3.Parameters.CH3-%LOAD,AV:3002803
GTP-NAE189,NAE189/Field Bus1.GTP-CH3.Parameters.CH3-ALARM,MV:3002825
GTP-NAE189,NAE189/Field Bus1.GTP-CH3.Parameters.CH3-HkWpTon,AV:3002801
GTP-NAE189,NAE189/Field Bus1.GTP-CH3.Parameters.CH3-LDSTRT-DF,AV:3002815
GTP-NAE189,NAE189/Field Bus1.GTP-CH3.Parameters.CH3-LDSTRT-SP,AV:3002817
GTP-NAE189,NAE189/Field Bus1.GTP-CH3.Parameters.CH3-LOAD,AV:3002802
GTP-NAE189,NAE189/Field Bus1.GTP-CH3.Parameters.CH3-LP-START,MV:3002822
GTP-NAE189,NAE189/Field Bus1.GTP-CH3.Parameters.CH3-OASTRT-DF,AV:3002814
GTP-NAE189,NAE189/Field Bus1.GTP-CH3.Parameters.CH3-OASTRT-SP,AV:3002818
GTP-NAE189,NAE189/Field Bus1.GTP-CH3.Parameters.CH3-OPR-ENB,MV:3002813
GTP-NAE189,NAE189/Field Bus1.GTP-CH3.Parameters.CH3-RDY-TO-RUN,MV:3002816
GTP-NAE189,NAE189/Field Bus1.GTP-CH3.Parameters.CH3-sRATE,AV:3002805
GTP-NAE189,NAE189/Field Bus1.GTP-CH3.Parameters.CH3-STMPSTRT-DF,AV:3002812
GTP-NAE189,NAE189/Field Bus1.GTP-CH3.Parameters.CH3-STMPSTRT-SP,AV:3002811
GTP-NAE189,NAE189/Field Bus1.GTP-CH3.Parameters.CH3-TF-START,MV:3002804
GTP-NAE189,NAE189/Field Bus1.GTP-CH3.Parameters.CH-LD&OA-STRT-Output,BV:3011060
GTP-NAE189,NAE189/Field Bus1.GTP-CH3.Parameters.CH-LD-STRT,BV:3011062
GTP-NAE189,NAE189/Field Bus1.GTP-CH3.Parameters.CH-OA-STRT,BV:3011061
GTP-NAE189,NAE189/Field Bus1.GTP-CH3.Parameters.CHLR-ON,MV:3002821
GTP-NAE189,NAE189/Field Bus1.GTP-CH3.Parameters.CHLR-STR,MV:3002828
GTP-NAE189,NAE189/Field Bus1.GTP-CH3.Parameters.CHRT-SP1,AV:3002808
GTP-NAE189,NAE189/Field Bus1.GTP-CH3.Parameters.CHRT-SP2,AV:3002807
GTP-NAE189,NAE189/Field Bus1.GTP-CH3.Parameters.CPSC-OU1,AV:3002806
GTP-NAE189,NAE189/Field Bus1.GTP-CH3.Parameters.CPSC-OU2,AV:3002809
GTP-NAE189,NAE189/Field Bus1.GTP-CH3.Parameters.CSYSENB,MV:3002829
GTP-NAE189,NAE189/Field Bus1.GTP-CH3.Parameters.OADB-T,AV:3002819
GTP-NAE189,NAE189/Field Bus1.GTP-CH3.Parameters.STM WARM UP TIME,AV:3002827
GTP-NAE189,NAE189/Field Bus1.GTP-CH3.Parameters.TOT-CHLD,AV:3002820
GTP-NAE189,NAE189/Field Bus1.GTP-CH3.Parameters.TP3-SC TUNING-RESET,BV:3002830
GTP-NAE189,NAE189/Field Bus1.GTP-CH3.Parameters.TP-DELAYOFF,AV:3002824
GTP-NAE189,NAE189/Field Bus1.GTP-CH3.Parameters.TP-STR,MV:3002823
GTP-NAE189,NAE189/Field Bus1.GTP-CH3.Parameters.TW-CIRC,MV:3002810
GTP-NAE189,NAE189/Field Bus1.GTP-CH3.Parameters.TWFlow-WSP,AV:3004341
GTP-NAE189,NAE189/Field Bus1.GTP-CH4.CH4-ALM-BI,BI:3002862
GTP-NAE189,NAE189/Field Bus1.GTP-CH4.CH4-AUTO,BI:3002858
GTP-NAE189,NAE189/Field Bus1.GTP-CH4.CH4-CHW-F,AI:3002864
GTP-NAE189,NAE189/Field Bus1.GTP-CH4.CH4-CHWR-T,AI:3002876
GTP-NAE189,NAE189/Field Bus1.GTP-CH4.CH4-CHWS-T,AI:3002868
GTP-NAE189,NAE189/Field Bus1.GTP-CH4.CH4-CP4-S,BI:3002865
GTP-NAE189,NAE189/Field Bus1.GTP-CH4.CH4-CP4-SC,AO:3002872
GTP-NAE189,NAE189/Field Bus1.GTP-CH4.CH4-CP4-SS,BO:3002874
GTP-NAE189,NAE189/Field Bus1.GTP-CH4.CH4-ENABLE,BO:3002871
GTP-NAE189,NAE189/Field Bus1.GTP-CH4.CH4-HAND,BI:3002861
GTP-NAE189,NAE189/Field Bus1.GTP-CH4.CH4-RO-V,BO:3002878
GTP-NAE189,NAE189/Field Bus1.GTP-CH4.CH4-S,BI:3002869
GTP-NAE189,NAE189/Field Bus1.GTP-CH4.CH4-STM-F,AI:3002859
GTP-NAE189,NAE189/Field Bus1.GTP-CH4.CH4-STM-P,AI:3002860
GTP-NAE189,NAE189/Field Bus1.GTP-CH4.CH4-STM-T,AI:3002863
GTP-NAE189,NAE189/Field Bus1.GTP-CH4.CH4-STMBLW-V,AO:3002875
GTP-NAE189,NAE189/Field Bus1.GTP-CH4.CH4-TW-F,AI:3002877
GTP-NAE189,NAE189/Field Bus1.GTP-CH4.CH4-TW-V,AO:3002873
GTP-NAE189,NAE189/Field Bus1.GTP-CH4.CH4-TWR-T1,AI:3002867
GTP-NAE189,NAE189/Field Bus1.GTP-CH4.CH4-TWR-T2,AI:3002870
GTP-NAE189,NAE189/Field Bus1.GTP-CH4.CH4-TWS-T,AI:3002866
GTP-NAE189,NAE189/Field Bus1.GTP-CH4.Parameters.Alarm Reset,MV:3002909
GTP-NAE189,NAE189/Field Bus1.GTP-CH4.Parameters.CH4-%LOAD,AV:3002882
GTP-NAE189,NAE189/Field Bus1.GTP-CH4.Parameters.CH4-ALARM,MV:3002908
GTP-NAE189,NAE189/Field Bus1.GTP-CH4.Parameters.CH4-HkWpTon,AV:3002883
GTP-NAE189,NAE189/Field Bus1.GTP-CH4.Parameters.CH4-LDSTRT-DF,AV:3002897
GTP-NAE189,NAE189/Field Bus1.GTP-CH4.Parameters.CH4-LDSTRT-SP,AV:3002899
GTP-NAE189,NAE189/Field Bus1.GTP-CH4.Parameters.CH4-LOAD,AV:3002885
GTP-NAE189,NAE189/Field Bus1.GTP-CH4.Parameters.CH4-LP-START,MV:3002904
GTP-NAE189,NAE189/Field Bus1.GTP-CH4.Parameters.CH4-OASTRT-DF,AV:3002896
GTP-NAE189,NAE189/Field Bus1.GTP-CH4.Parameters.CH4-OASTRT-SP,AV:3002900
GTP-NAE189,NAE189/Field Bus1.GTP-CH4.Parameters.CH4-OPR-ENB,MV:3002894
GTP-NAE189,NAE189/Field Bus1.GTP-CH4.Parameters.CH4-RDY-TO-RUN,MV:3002898
GTP-NAE189,NAE189/Field Bus1.GTP-CH4.Parameters.CH4-sRATE,AV:3002884
GTP-NAE189,NAE189/Field Bus1.GTP-CH4.Parameters.CH4-STMPSTRT-DF,AV:3002893
GTP-NAE189,NAE189/Field Bus1.GTP-CH4.Parameters.CH4-STMPSTRT-SP,AV:3002892
GTP-NAE189,NAE189/Field Bus1.GTP-CH4.Parameters.CH4-TP-START,MV:3002905
GTP-NAE189,NAE189/Field Bus1.GTP-CH4.Parameters.CH4-TWVLV-SP,AV:3002895
GTP-NAE189,NAE189/Field Bus1.GTP-CH4.Parameters.CH5-TPSTR,MV:3002886
GTP-NAE189,NAE189/Field Bus1.GTP-CH4.Parameters.CH-LD-START,BV:3017176
GTP-NAE189,NAE189/Field Bus1.GTP-CH4.Parameters.CH-OA-START,BV:3017175
GTP-NAE189,NAE189/Field Bus1.GTP-CH4.Parameters.CHLR-ON,MV:3002903
GTP-NAE189,NAE189/Field Bus1.GTP-CH4.Parameters.CHLR-STR,MV:3002911
GTP-NAE189,NAE189/Field Bus1.GTP-CH4.Parameters.CHRT-SP1,AV:3002889
GTP-NAE189,NAE189/Field Bus1.GTP-CH4.Parameters.CHRT-SP2,AV:3002888
GTP-NAE189,NAE189/Field Bus1.GTP-CH4.Parameters.CHTWV-OU,AV:3002906
GTP-NAE189,NAE189/Field Bus1.GTP-CH4.Parameters.CPSC-OU1,AV:3002887
GTP-NAE189,NAE189/Field Bus1.GTP-CH4.Parameters.CPSC-OU2,AV:3002890
GTP-NAE189,NAE189/Field Bus1.GTP-CH4.Parameters.CSYSENB,MV:3002912
GTP-NAE189,NAE189/Field Bus1.GTP-CH4.Parameters.OADB-T,AV:3002901
GTP-NAE189,NAE189/Field Bus1.GTP-CH4.Parameters.STM WARM UP TIME,AV:3002910
GTP-NAE189,NAE189/Field Bus1.GTP-CH4.Parameters.TOT-CHLD,AV:3002902
GTP-NAE189,NAE189/Field Bus1.GTP-CH4.Parameters.TP-DELAYOFF,AV:3002907
GTP-NAE189,NAE189/Field Bus1.GTP-CH4.Parameters.TW-CIRC,MV:3002891
GTP-NAE189,NAE189/Field Bus1.GTP-CH5.CH5-ALM-BI,BI:3002917
GTP-NAE189,NAE189/Field Bus1.GTP-CH5.CH5-AUTO,BI:3002913
GTP-NAE189,NAE189/Field Bus1.GTP-CH5.CH5-CHW-F,AI:3002919
GTP-NAE189,NAE189/Field Bus1.GTP-CH5.CH5-CHWR-T,AI:3002931
GTP-NAE189,NAE189/Field Bus1.GTP-CH5.CH5-CHWS-T,AI:3002923
GTP-NAE189,NAE189/Field Bus1.GTP-CH5.CH5-CP5-S,BI:3002920
GTP-NAE189,NAE189/Field Bus1.GTP-CH5.CH5-CP5-SC,AO:3002927
GTP-NAE189,NAE189/Field Bus1.GTP-CH5.CH5-CP5-SS,BO:3002929
GTP-NAE189,NAE189/Field Bus1.GTP-CH5.CH5-ENABLE,BO:3002926
GTP-NAE189,NAE189/Field Bus1.GTP-CH5.CH5-HAND,BI:3002916
GTP-NAE189,NAE189/Field Bus1.GTP-CH5.CH5-RO-V,BO:3002933
GTP-NAE189,NAE189/Field Bus1.GTP-CH5.CH5-S,BI:3002924
GTP-NAE189,NAE189/Field Bus1.GTP-CH5.CH5-STM-F,AI:3002914
GTP-NAE189,NAE189/Field Bus1.GTP-CH5.CH5-STM-P,AI:3002915
GTP-NAE189,NAE189/Field Bus1.GTP-CH5.CH5-STM-T,AI:3002918
GTP-NAE189,NAE189/Field Bus1.GTP-CH5.CH5-STMBLW-V,AO:3002930
GTP-NAE189,NAE189/Field Bus1.GTP-CH5.CH5-TW-F,AI:3002932
GTP-NAE189,NAE189/Field Bus1.GTP-CH5.CH5-TW-V,AO:3002928
GTP-NAE189,NAE189/Field Bus1.GTP-CH5.CH5-TWR-T1,AI:3002922
GTP-NAE189,NAE189/Field Bus1.GTP-CH5.CH5-TWR-T2,AI:3002925
GTP-NAE189,NAE189/Field Bus1.GTP-CH5.CH5-TWS-T,AI:3002921
GTP-NAE189,NAE189/Field Bus1.GTP-CH5.Parameters.Alarm Reset,MV:3002961
GTP-NAE189,NAE189/Field Bus1.GTP-CH5.Parameters.CH4-TPSTR,MV:3002938
GTP-NAE189,NAE189/Field Bus1.GTP-CH5.Parameters.CH5-%LOAD,AV:3002935
GTP-NAE189,NAE189/Field Bus1.GTP-CH5.Parameters.CH5-ALARM,MV:3002960
GTP-NAE189,NAE189/Field Bus1.GTP-CH5.Parameters.CH5-HkWpTon,AV:3002937
GTP-NAE189,NAE189/Field Bus1.GTP-CH5.Parameters.CH5-LDSTRT-DF,AV:3002949
GTP-NAE189,NAE189/Field Bus1.GTP-CH5.Parameters.CH5-LDSTRT-SP,AV:3002951
GTP-NAE189,NAE189/Field Bus1.GTP-CH5.Parameters.CH5-LOAD,AV:3002934
GTP-NAE189,NAE189/Field Bus1.GTP-CH5.Parameters.CH5-LP-START,MV:3002956
GTP-NAE189,NAE189/Field Bus1.GTP-CH5.Parameters.CH5-OASTRT-DF,AV:3002948
GTP-NAE189,NAE189/Field Bus1.GTP-CH5.Parameters.CH5-OASTRT-SP,AV:3002952
GTP-NAE189,NAE189/Field Bus1.GTP-CH5.Parameters.CH5-OPR-ENB,MV:3002946
GTP-NAE189,NAE189/Field Bus1.GTP-CH5.Parameters.CH5-RDY-TO-RUN,MV:3002950
GTP-NAE189,NAE189/Field Bus1.GTP-CH5.Parameters.CH5-sRATE,AV:3002936
GTP-NAE189,NAE189/Field Bus1.GTP-CH5.Parameters.CH5-STMPSTRT-DF,AV:3002945
GTP-NAE189,NAE189/Field Bus1.GTP-CH5.Parameters.CH5-STMPSTRT-SP,AV:3002944
GTP-NAE189,NAE189/Field Bus1.GTP-CH5.Parameters.CH5-TP-START,MV:3002957
GTP-NAE189,NAE189/Field Bus1.GTP-CH5.Parameters.CH5-TWVLV-SP,AV:3002947
GTP-NAE189,NAE189/Field Bus1.GTP-CH5.Parameters.CH-LD-START,BV:3017178
GTP-NAE189,NAE189/Field Bus1.GTP-CH5.Parameters.CH-OA-START,BV:3017177
GTP-NAE189,NAE189/Field Bus1.GTP-CH5.Parameters.CHLR-ON,MV:3002955
GTP-NAE189,NAE189/Field Bus1.GTP-CH5.Parameters.CHLR-STR,MV:3002963
GTP-NAE189,NAE189/Field Bus1.GTP-CH5.Parameters.CHRT-SP1,AV:3002941
GTP-NAE189,NAE189/Field Bus1.GTP-CH5.Parameters.CHRT-SP2,AV:3002940
GTP-NAE189,NAE189/Field Bus1.GTP-CH5.Parameters.CHTWV-OU,AV:3002958
GTP-NAE189,NAE189/Field Bus1.GTP-CH5.Parameters.CPSC-OU1,AV:3002939
GTP-NAE189,NAE189/Field Bus1.GTP-CH5.Parameters.CPSC-OU2,AV:3002942
GTP-NAE189,NAE189/Field Bus1.GTP-CH5.Parameters.CSYSENB,MV:3002964
GTP-NAE189,NAE189/Field Bus1.GTP-CH5.Parameters.OADB-T,AV:3002953
GTP-NAE189,NAE189/Field Bus1.GTP-CH5.Parameters.STM WARM UP TIME,AV:3002962
GTP-NAE189,NAE189/Field Bus1.GTP-CH5.Parameters.TOT-CHLD,AV:3002954
GTP-NAE189,NAE189/Field Bus1.GTP-CH5.Parameters.TP-DELAYOFF,AV:3002959
GTP-NAE189,NAE189/Field Bus1.GTP-CH5.Parameters.TW-CIRC,MV:3002943
GTP-NAE189,NAE189/Field Bus1.GTP-LP.BCWR-T5,AI:3004345
GTP-NAE189,NAE189/Field Bus1.GTP-LP.CW-BLWDWN,BO:3002712
GTP-NAE189,NAE189/Field Bus1.GTP-LP.CWMU-F,AI:3002655
GTP-NAE189,NAE189/Field Bus1.GTP-LP.CWMU-V1,AO:3002636
GTP-NAE189,NAE189/Field Bus1.GTP-LP.CWMU-V2,AO:3002637
GTP-NAE189,NAE189/Field Bus1.GTP-LP.LCWR-P,AI:3002639
GTP-NAE189,NAE189/Field Bus1.GTP-LP.LCWR-T,AI:3002654
GTP-NAE189,NAE189/Field Bus1.GTP-LP.LCWS-P,AI:3002646
GTP-NAE189,NAE189/Field Bus1.GTP-LP.LP1-S,BI:3002644
GTP-NAE189,NAE189/Field Bus1.GTP-LP.LP1-SC,AO:3002641
GTP-NAE189,NAE189/Field Bus1.GTP-LP.LP1-SS,BO:3002645
GTP-NAE189,NAE189/Field Bus1.GTP-LP.LP1-VLV,BO:3002714
GTP-NAE189,NAE189/Field Bus1.GTP-LP.LP2-S,BI:3002650
GTP-NAE189,NAE189/Field Bus1.GTP-LP.LP2-SC,AO:3002652
GTP-NAE189,NAE189/Field Bus1.GTP-LP.LP2-SS,BO:3002649
GTP-NAE189,NAE189/Field Bus1.GTP-LP.LP2-VLV,BO:3002713
GTP-NAE189,NAE189/Field Bus1.GTP-LP.LP3-S,BI:3002630
GTP-NAE189,NAE189/Field Bus1.GTP-LP.LP3-SC,AO:3002631
GTP-NAE189,NAE189/Field Bus1.GTP-LP.LP3-SS,BO:3002651
GTP-NAE189,NAE189/Field Bus1.GTP-LP.LP3-VLV,BO:3002716
GTP-NAE189,NAE189/Field Bus1.GTP-LP.LP4-S,BI:3002634
GTP-NAE189,NAE189/Field Bus1.GTP-LP.LP4-SC,AO:3002632
GTP-NAE189,NAE189/Field Bus1.GTP-LP.LP4-SS,BO:3002653
GTP-NAE189,NAE189/Field Bus1.GTP-LP.LP4-VLV,BO:3002711
GTP-NAE189,NAE189/Field Bus1.GTP-LP.Parameters.AH5-CW-F,AV:3004348
GTP-NAE189,NAE189/Field Bus1.GTP-LP.Parameters.AH234-CW-F,AV:3004349
GTP-NAE189,NAE189/Field Bus1.GTP-LP.Parameters.ANYLP-ON,BV:3002717
GTP-NAE189,NAE189/Field Bus1.GTP-LP.Parameters.CH1-100%-PCWF-Calc,AV:3003862
GTP-NAE189,NAE189/Field Bus1.GTP-LP.Parameters.CH1-LP-START,BV:3002685
GTP-NAE189,NAE189/Field Bus1.GTP-LP.Parameters.CH1-PCWF-WSP,AV:3002683
GTP-NAE189,NAE189/Field Bus1.GTP-LP.Parameters.CH1S-T,AV:3002692
GTP-NAE189,NAE189/Field Bus1.GTP-LP.Parameters.CH3-100%-PCWF-Calc,AV:3003861
GTP-NAE189,NAE189/Field Bus1.GTP-LP.Parameters.CH3-LP-START,BV:3002674
GTP-NAE189,NAE189/Field Bus1.GTP-LP.Parameters.CH3-PCWF-WSP,AV:3002679
GTP-NAE189,NAE189/Field Bus1.GTP-LP.Parameters.CH3-WB-PCWF-Calc,AV:3003857
GTP-NAE189,NAE189/Field Bus1.GTP-LP.Parameters.CH3S-T,AV:3002675
GTP-NAE189,NAE189/Field Bus1.GTP-LP.Parameters.CH4-100%-PCWF-Calc,AV:3003863
GTP-NAE189,NAE189/Field Bus1.GTP-LP.Parameters.CH4-LP-START,BV:3002686
GTP-NAE189,NAE189/Field Bus1.GTP-LP.Parameters.CH4-PCWF-WSP,AV:3002682
GTP-NAE189,NAE189/Field Bus1.GTP-LP.Parameters.CH4-WB-PCWF-Calc,AV:3003858
GTP-NAE189,NAE189/Field Bus1.GTP-LP.Parameters.CH4S-T,AV:3002689
GTP-NAE189,NAE189/Field Bus1.GTP-LP.Parameters.CH5-100%-PCWF-Calc,AV:3003860
GTP-NAE189,NAE189/Field Bus1.GTP-LP.Parameters.CH5-LP-START,BV:3002668
GTP-NAE189,NAE189/Field Bus1.GTP-LP.Parameters.CH5-PCWF-WSP,AV:3002676
GTP-NAE189,NAE189/Field Bus1.GTP-LP.Parameters.CH5-WB-PCWF-Calc,AV:3003859
GTP-NAE189,NAE189/Field Bus1.GTP-LP.Parameters.CH5S-T,AV:3002670
GTP-NAE189,NAE189/Field Bus1.GTP-LP.Parameters.CW-BLWDWN-DF,AV:3002657
GTP-NAE189,NAE189/Field Bus1.GTP-LP.Parameters.CW-BLWDWN-SP,AV:3002656
GTP-NAE189,"NAE189/Field Bus1.GTP-LP.Parameters.CWMU-4""-PRS1",AV:3012857
GTP-NAE189,"NAE189/Field Bus1.GTP-LP.Parameters.CWMU-4""-PRS2",AV:3004384
GTP-NAE189,"NAE189/Field Bus1.GTP-LP.Parameters.CWMU-4""-SP1",AV:3004386
GTP-NAE189,"NAE189/Field Bus1.GTP-LP.Parameters.CWMU-4""-SP2",AV:3004385
GTP-NAE189,NAE189/Field Bus1.GTP-LP.Parameters.CWMU-P Present Value,AV:3012986
GTP-NAE189,NAE189/Field Bus1.GTP-LP.Parameters.CWMU-P Rate Limit,AV:3012968
GTP-NAE189,NAE189/Field Bus1.GTP-LP.Parameters.CWMU-P Rate Limit Active,BV:3012970
GTP-NAE189,NAE189/Field Bus1.GTP-LP.Parameters.CWMU-PID-ENB-DF,AV:3022789
GTP-NAE189,NAE189/Field Bus1.GTP-LP.Parameters.CWMU-PID-ENB-SP,AV:3022788
GTP-NAE189,NAE189/Field Bus1.GTP-LP.Parameters.CWMU-PID-Startup,AV:3022787
GTP-NAE189,NAE189/Field Bus1.GTP-LP.Parameters.CWMU-PRS1,AV:3002664
GTP-NAE189,NAE189/Field Bus1.GTP-LP.Parameters.CWMU-PRS2,AV:3002658
GTP-NAE189,NAE189/Field Bus1.GTP-LP.Parameters.CWMU-PRS3,AV:3002660
GTP-NAE189,NAE189/Field Bus1.GTP-LP.Parameters.CWMU-PRS4,AV:3002666
GTP-NAE189,NAE189/Field Bus1.GTP-LP.Parameters.CWMU-PRS5,AV:3012984
GTP-NAE189,NAE189/Field Bus1.GTP-LP.Parameters.CWMU-SP1,AV:3002667
GTP-NAE189,NAE189/Field Bus1.GTP-LP.Parameters.CWMU-SP2,AV:3002662
GTP-NAE189,NAE189/Field Bus1.GTP-LP.Parameters.CWMU-SP3,AV:3002661
GTP-NAE189,NAE189/Field Bus1.GTP-LP.Parameters.CWMU-SP4,AV:3002665
GTP-NAE189,NAE189/Field Bus1.GTP-LP.Parameters.CWMU-SP5,AV:3012985
GTP-NAE189,NAE189/Field Bus1.GTP-LP.Parameters.CWMU-V1 ABSEFFORT,AV:3002708
GTP-NAE189,NAE189/Field Bus1.GTP-LP.Parameters.CWMU-V1 ABSERROR,AV:3002707
GTP-NAE189,NAE189/Field Bus1.GTP-LP.Parameters.CWMU-V1 Enable,BV:3012929
GTP-NAE189,NAE189/Field Bus1.GTP-LP.Parameters.CWMU-V1 ERROR,AV:3002709
GTP-NAE189,NAE189/Field Bus1.GTP-LP.Parameters.CWMU-V1 EWMA,AV:3002710
GTP-NAE189,NAE189/Field Bus1.GTP-LP.Parameters.CWMU-V1 PID Output,AV:3012930
GTP-NAE189,NAE189/Field Bus1.GTP-LP.Parameters.CWMU-V1 Rate Limit Active,BV:3012987
GTP-NAE189,NAE189/Field Bus1.GTP-LP.Parameters.CWMU-V1 SL-OUTSTATE,MV:3002706
GTP-NAE189,NAE189/Field Bus1.GTP-LP.Parameters.CWMU-V1 TUNING-RESET,BV:3002705
GTP-NAE189,NAE189/Field Bus1.GTP-LP.Parameters.CWMU-V1-LOL,AV:3012927
GTP-NAE189,NAE189/Field Bus1.GTP-LP.Parameters.CWMU-V1-PB,AV:3012972
GTP-NAE189,NAE189/Field Bus1.GTP-LP.Parameters.CWMU-V1-SP,AV:3002663
GTP-NAE189,NAE189/Field Bus1.GTP-LP.Parameters.CWMU-V1-SP Rate Limit,AV:3012971
GTP-NAE189,NAE189/Field Bus1.GTP-LP.Parameters.CWMU-V1-SP Rate Limit Active,BV:3012969
GTP-NAE189,NAE189/Field Bus1.GTP-LP.Parameters.EM-CW-F,AV:3004347
GTP-NAE189,NAE189/Field Bus1.GTP-LP.Parameters.GTP LCW-DP,AV:3003613
GTP-NAE189,NAE189/Field Bus1.GTP-LP.Parameters.IC-CW-F,AV:3004350
GTP-NAE189,NAE189/Field Bus1.GTP-LP.Parameters.LCW-P,AV:3002659
GTP-NAE189,NAE189/Field Bus1.GTP-LP.Parameters.LP1-SS-HWO,MV:3002690
GTP-NAE189,NAE189/Field Bus1.GTP-LP.Parameters.LP1-STR,MV:3002700
GTP-NAE189,NAE189/Field Bus1.GTP-LP.Parameters.LP2-SS-HWO,MV:3002691
GTP-NAE189,NAE189/Field Bus1.GTP-LP.Parameters.LP2-STR,MV:3002699
GTP-NAE189,NAE189/Field Bus1.GTP-LP.Parameters.LP3-SS-HWO,MV:3002687
GTP-NAE189,NAE189/Field Bus1.GTP-LP.Parameters.LP3-STR,MV:3002698
GTP-NAE189,NAE189/Field Bus1.GTP-LP.Parameters.LP4-SS-HWO,MV:3002669
GTP-NAE189,NAE189/Field Bus1.GTP-LP.Parameters.LP4-STR,MV:3002697
GTP-NAE189,NAE189/Field Bus1.GTP-LP.Parameters.LP-MINLP-DP,AV:3003612
GTP-NAE189,NAE189/Field Bus1.GTP-LP.Parameters.LP-MINLP-DP-RS,AV:3003614
GTP-NAE189,NAE189/Field Bus1.GTP-LP.Parameters.LPSC Pre PID PB,AV:3003864
GTP-NAE189,NAE189/Field Bus1.GTP-LP.Parameters.LPSC SL-OUTSTATE,MV:3003865
GTP-NAE189,NAE189/Field Bus1.GTP-LP.Parameters.LPSC TUNING-RESET,BV:3002701
GTP-NAE189,NAE189/Field Bus1.GTP-LP.Parameters.LPSC-HIL,AV:3002703
GTP-NAE189,NAE189/Field Bus1.GTP-LP.Parameters.LPSC-LOL,AV:3002688
GTP-NAE189,NAE189/Field Bus1.GTP-LP.Parameters.LPSC-Time Constant,AV:3002704
GTP-NAE189,NAE189/Field Bus1.GTP-LP.Parameters.LPSC-WSP Rate Limiter,AV:3002672
GTP-NAE189,NAE189/Field Bus1.GTP-LP.Parameters.OADB-T,AV:3002684
GTP-NAE189,NAE189/Field Bus1.GTP-LP.Parameters.OAWB-T,AV:3002696
GTP-NAE189,NAE189/Field Bus1.GTP-LP.Parameters.PCWF-SP Limit Active,BV:3002695
GTP-NAE189,NAE189/Field Bus1.GTP-LP.Parameters.PCWF-WSP,AV:3002694
GTP-NAE189,NAE189/Field Bus1.GTP-LP.PCW-F,AI:3002715
GTP-NAE189,NAE189/Field Bus1.GTP-LP.PCWR-T-Calc,AV:3004346
GTP-NAE189,NAE189/Field Bus1.GTP-LP.PCWS-T,AI:3002643
GTP-NAE189,NAE189/Field Bus1.GTP-TOWER23.Parameters.BLW-F,AV:3002579
GTP-NAE189,NAE189/Field Bus1.GTP-TOWER23.Parameters.CH1TF-START,BV:3002582
GTP-NAE189,NAE189/Field Bus1.GTP-TOWER23.Parameters.CH1TP-START,BV:3002576
GTP-NAE189,NAE189/Field Bus1.GTP-TOWER23.Parameters.CH3TF-START,BV:3002583
GTP-NAE189,NAE189/Field Bus1.GTP-TOWER23.Parameters.CH3TP-START,BV:3002578
GTP-NAE189,NAE189/Field Bus1.GTP-TOWER23.Parameters.CH13-TW-F,AV:3002585
GTP-NAE189,NAE189/Field Bus1.GTP-TOWER23.Parameters.CH-AUTO,MV:3020140
GTP-NAE189,NAE189/Field Bus1.GTP-TOWER23.Parameters.CH-HAND,MV:3020139
GTP-NAE189,NAE189/Field Bus1.GTP-TOWER23.Parameters.OAWB-T,AV:3002588
GTP-NAE189,NAE189/Field Bus1.GTP-TOWER23.Parameters.Pre PID TFSC-PB,AV:3002606
GTP-NAE189,NAE189/Field Bus1.GTP-TOWER23.Parameters.Pre PID TWMU-PB,AV:3002613
GTP-NAE189,NAE189/Field Bus1.GTP-TOWER23.Parameters.TBV-TWST-WSP,AV:3002596
GTP-NAE189,NAE189/Field Bus1.GTP-TOWER23.Parameters.TF-SC SL-OUTSTATE,MV:3002604
GTP-NAE189,NAE189/Field Bus1.GTP-TOWER23.Parameters.TF-SC TUNING-RESET,BV:3002603
GTP-NAE189,NAE189/Field Bus1.GTP-TOWER23.Parameters.TF-TWST-WSP,AV:3002598
GTP-NAE189,NAE189/Field Bus1.GTP-TOWER23.Parameters.Tower Circ,BV:3002584
GTP-NAE189,NAE189/Field Bus1.GTP-TOWER23.Parameters.Tower Evaporation,AV:3002600
GTP-NAE189,NAE189/Field Bus1.GTP-TOWER23.Parameters.TP2-S,MV:3002580
GTP-NAE189,NAE189/Field Bus1.GTP-TOWER23.Parameters.TP2or3-ON,BV:3002718
GTP-NAE189,NAE189/Field Bus1.GTP-TOWER23.Parameters.TP3-S,MV:3002581
GTP-NAE189,NAE189/Field Bus1.GTP-TOWER23.Parameters.TWBYP-V SL-OUTSTATE,MV:3002619
GTP-NAE189,NAE189/Field Bus1.GTP-TOWER23.Parameters.TWBYP-V TUNING-RESET,BV:3002618
GTP-NAE189,NAE189/Field Bus1.GTP-TOWER23.Parameters.TWBYPV-HIL,AV:3002621
GTP-NAE189,NAE189/Field Bus1.GTP-TOWER23.Parameters.TWBYPV-LOL,AV:3002620
GTP-NAE189,NAE189/Field Bus1.GTP-TOWER23.Parameters.TWMU SL-OUTSTATE,MV:3002612
GTP-NAE189,NAE189/Field Bus1.GTP-TOWER23.Parameters.TWMU TUNING-RESET,BV:3002611
GTP-NAE189,NAE189/Field Bus1.GTP-TOWER23.Parameters.TWMU-GPM-WSP,AV:3002601
GTP-NAE189,NAE189/Field Bus1.GTP-TOWER23.Parameters.TWMU-LVL-DF,AV:3002846
GTP-NAE189,NAE189/Field Bus1.GTP-TOWER23.Parameters.TWMU-LVL-SP,AV:3002599
GTP-NAE189,NAE189/Field Bus1.GTP-TOWER23.Parameters.TWMUV-HIL,AV:3002587
GTP-NAE189,NAE189/Field Bus1.GTP-TOWER23.Parameters.TWMUV-LOL,AV:3002586
GTP-NAE189,NAE189/Field Bus1.GTP-TOWER23.Parameters.TWMUV-LowerLimit,AV:3002577
GTP-NAE189,NAE189/Field Bus1.GTP-TOWER23.Parameters.TWMUV-UpperLimit,AV:3002575
GTP-NAE189,NAE189/Field Bus1.GTP-TOWER23.Parameters.TWST-SP1,AV:3002591
GTP-NAE189,NAE189/Field Bus1.GTP-TOWER23.Parameters.TWST-SP2,AV:3002593
GTP-NAE189,NAE189/Field Bus1.GTP-TOWER23.Parameters.TWST-SP3,AV:3002592
GTP-NAE189,NAE189/Field Bus1.GTP-TOWER23.Parameters.TWST-SP4,AV:3002590
GTP-NAE189,NAE189/Field Bus1.GTP-TOWER23.Parameters.TWST-WB1,AV:3002594
GTP-NAE189,NAE189/Field Bus1.GTP-TOWER23.Parameters.TWST-WB2,AV:3002597
GTP-NAE189,NAE189/Field Bus1.GTP-TOWER23.Parameters.TWST-WB3,AV:3002595
GTP-NAE189,NAE189/Field Bus1.GTP-TOWER23.Parameters.TWST-WB4,AV:3002589
GTP-NAE189,NAE189/Field Bus1.GTP-TOWER23.TW2-LVL,AI:3002559
GTP-NAE189,NAE189/Field Bus1.GTP-TOWER23.TW2F1-S,BI:3002555
GTP-NAE189,NAE189/Field Bus1.GTP-TOWER23.TW2F1-SC,AO:3002564
GTP-NAE189,NAE189/Field Bus1.GTP-TOWER23.TW2F1-SS,BO:3002553
GTP-NAE189,NAE189/Field Bus1.GTP-TOWER23.TW2F1-VIB,BI:3002550
GTP-NAE189,NAE189/Field Bus1.GTP-TOWER23.TW2F2-S,BI:3002558
GTP-NAE189,NAE189/Field Bus1.GTP-TOWER23.TW2F2-SC,AO:3002560
GTP-NAE189,NAE189/Field Bus1.GTP-TOWER23.TW2F2-SS,BO:3002552
GTP-NAE189,NAE189/Field Bus1.GTP-TOWER23.TW2F2-VIB,BI:3002551
GTP-NAE189,NAE189/Field Bus1.GTP-TOWER23.TW2R-T,AI:3002566
GTP-NAE189,NAE189/Field Bus1.GTP-TOWER23.TW2S-T,AI:3002568
GTP-NAE189,NAE189/Field Bus1.GTP-TOWER23.TW3-LVL,AI:3002547
GTP-NAE189,NAE189/Field Bus1.GTP-TOWER23.TW3F1-S,BI:3002574
GTP-NAE189,NAE189/Field Bus1.GTP-TOWER23.TW3F1-SC,AO:3002563
GTP-NAE189,NAE189/Field Bus1.GTP-TOWER23.TW3F1-SS,BO:3002556
GTP-NAE189,NAE189/Field Bus1.GTP-TOWER23.TW3F1-VIB,BI:3002548
GTP-NAE189,NAE189/Field Bus1.GTP-TOWER23.TW3F2-S,BI:3002571
GTP-NAE189,NAE189/Field Bus1.GTP-TOWER23.TW3F2-SC,AO:3002565
GTP-NAE189,NAE189/Field Bus1.GTP-TOWER23.TW3F2-SS,BO:3002557
GTP-NAE189,NAE189/Field Bus1.GTP-TOWER23.TW3F2-VIB,BI:3002549
GTP-NAE189,NAE189/Field Bus1.GTP-TOWER23.TW3R-T,AI:3002567
GTP-NAE189,NAE189/Field Bus1.GTP-TOWER23.TW3S-T,AI:3002569
GTP-NAE189,NAE189/Field Bus1.GTP-TOWER23.TW23-TRASAR-INTLCK,BO:3019716
GTP-NAE189,NAE189/Field Bus1.GTP-TOWER23.TW23BYP-V,AO:3002572
GTP-NAE189,NAE189/Field Bus1.GTP-TOWER23.TW23MU-F,AI:3002573
GTP-NAE189,NAE189/Field Bus1.GTP-TOWER23.TW23MU-V,AO:3002554
GTP-NAE189,NAE189/Field Bus1.GTP-TOWER23.TW23R-T,AI:3002561
GTP-NAE189,NAE189/Field Bus1.GTP-TOWER23.TW23S-T,AI:3002562
GTP-NAE189,NAE189/Field Bus1.GTP-TOWER48.Parameters.CH4-%LOAD,AV:3003218
GTP-NAE189,NAE189/Field Bus1.GTP-TOWER48.Parameters.CH4-TF-START,BV:3003212
GTP-NAE189,NAE189/Field Bus1.GTP-TOWER48.Parameters.CH4-TP-START,MV:3003224
GTP-NAE189,NAE189/Field Bus1.GTP-TOWER48.Parameters.CH4TW-F,AV:3003364
GTP-NAE189,NAE189/Field Bus1.GTP-TOWER48.Parameters.CH4TW-V,AV:3003221
GTP-NAE189,NAE189/Field Bus1.GTP-TOWER48.Parameters.CH5-%LOAD,AV:3003217
GTP-NAE189,NAE189/Field Bus1.GTP-TOWER48.Parameters.CH5-TF-START,BV:3003213
GTP-NAE189,NAE189/Field Bus1.GTP-TOWER48.Parameters.CH5-TP-START,MV:3003223
GTP-NAE189,NAE189/Field Bus1.GTP-TOWER48.Parameters.CH5TW-F,AV:3003362
GTP-NAE189,NAE189/Field Bus1.GTP-TOWER48.Parameters.CH5TW-V,AV:3003220
GTP-NAE189,NAE189/Field Bus1.GTP-TOWER48.Parameters.CH45-TW-F,AV:3003363
GTP-NAE189,NAE189/Field Bus1.GTP-TOWER48.Parameters.CH-AUTO,MV:3020082
GTP-NAE189,NAE189/Field Bus1.GTP-TOWER48.Parameters.CH-HAND,MV:3020081
GTP-NAE189,NAE189/Field Bus1.GTP-TOWER48.Parameters.OADB-T,AV:3003214
GTP-NAE189,NAE189/Field Bus1.GTP-TOWER48.Parameters.OAWB-T,AV:3003244
GTP-NAE189,NAE189/Field Bus1.GTP-TOWER48.Parameters.Pre PID TFSC-PB,AV:3003263
GTP-NAE189,NAE189/Field Bus1.GTP-TOWER48.Parameters.Pre PID TPSC-PB,AV:3003215
GTP-NAE189,NAE189/Field Bus1.GTP-TOWER48.Parameters.Pre PID TWMU-PB,AV:3003266
GTP-NAE189,NAE189/Field Bus1.GTP-TOWER48.Parameters.TBV-TWST-WSP,AV:3003252
GTP-NAE189,NAE189/Field Bus1.GTP-TOWER48.Parameters.TF-SC SL-OUTSTATE,MV:3003262
GTP-NAE189,NAE189/Field Bus1.GTP-TOWER48.Parameters.TF-SC TUNING-RESET,BV:3003261
GTP-NAE189,NAE189/Field Bus1.GTP-TOWER48.Parameters.TF-TWST-WSP,AV:3003254
GTP-NAE189,NAE189/Field Bus1.GTP-TOWER48.Parameters.Tower Circ,BV:3003219
GTP-NAE189,NAE189/Field Bus1.GTP-TOWER48.Parameters.Tower Evaporation,AV:3003256
GTP-NAE189,NAE189/Field Bus1.GTP-TOWER48.Parameters.TP4-SS-HWO,MV:3003225
GTP-NAE189,NAE189/Field Bus1.GTP-TOWER48.Parameters.TP5-SS-HWO,MV:3003222
GTP-NAE189,NAE189/Field Bus1.GTP-TOWER48.Parameters.TP-SC SL-OUTSTATE,MV:3003260
GTP-NAE189,NAE189/Field Bus1.GTP-TOWER48.Parameters.TP-SC TUNING-RESET,BV:3003259
GTP-NAE189,NAE189/Field Bus1.GTP-TOWER48.Parameters.TPSC-HIL,AV:3003227
GTP-NAE189,NAE189/Field Bus1.GTP-TOWER48.Parameters.TPSC-LOL,AV:3003228
GTP-NAE189,NAE189/Field Bus1.GTP-TOWER48.Parameters.TPSC-LOL-CIRC,AV:3003216
GTP-NAE189,NAE189/Field Bus1.GTP-TOWER48.Parameters.TW4-OAWB,AV:3003210
GTP-NAE189,NAE189/Field Bus1.GTP-TOWER48.Parameters.TW8-OAWB,AV:3003211
GTP-NAE189,NAE189/Field Bus1.GTP-TOWER48.Parameters.TW48-CHMP-S,MV:3019247
GTP-NAE189,NAE189/Field Bus1.GTP-TOWER48.Parameters.TW48-LVL-PV,AV:3018392
GTP-NAE189,NAE189/Field Bus1.GTP-TOWER48.Parameters.TWBYP-V SL-OUTSTATE,MV:3003268
GTP-NAE189,NAE189/Field Bus1.GTP-TOWER48.Parameters.TWBYP-V TUNING-RESET,BV:3003267
GTP-NAE189,NAE189/Field Bus1.GTP-TOWER48.Parameters.TWBYPV-HIL,AV:3003270
GTP-NAE189,NAE189/Field Bus1.GTP-TOWER48.Parameters.TWBYPV-LOL,AV:3003269
GTP-NAE189,NAE189/Field Bus1.GTP-TOWER48.Parameters.TWFlow-%LD-1,AV:3003236
GTP-NAE189,NAE189/Field Bus1.GTP-TOWER48.Parameters.TWFlow-%LD-2,AV:3003235
GTP-NAE189,NAE189/Field Bus1.GTP-TOWER48.Parameters.TWFlow-%LD-GPM-X,AV:3003234
GTP-NAE189,NAE189/Field Bus1.GTP-TOWER48.Parameters.TWFlow-%LD-GPM-X1,AV:3003238
GTP-NAE189,NAE189/Field Bus1.GTP-TOWER48.Parameters.TWFlow-%LD-GPM-X2,AV:3003237
GTP-NAE189,NAE189/Field Bus1.GTP-TOWER48.Parameters.TWFlow-WB1,AV:3003241
GTP-NAE189,NAE189/Field Bus1.GTP-TOWER48.Parameters.TWFlow-WB2,AV:3003243
GTP-NAE189,NAE189/Field Bus1.GTP-TOWER48.Parameters.TWFlow-WB3,AV:3003239
GTP-NAE189,NAE189/Field Bus1.GTP-TOWER48.Parameters.TWFlow-WB-GPM-X,AV:3003242
GTP-NAE189,NAE189/Field Bus1.GTP-TOWER48.Parameters.TWFlow-WB-GPM-X1,AV:3003233
GTP-NAE189,NAE189/Field Bus1.GTP-TOWER48.Parameters.TWFlow-WB-GPM-X2,AV:3003231
GTP-NAE189,NAE189/Field Bus1.GTP-TOWER48.Parameters.TWFlow-WB-GPM-X3,AV:3003232
GTP-NAE189,NAE189/Field Bus1.GTP-TOWER48.Parameters.TWFlow-WSP,AV:3004342
GTP-NAE189,NAE189/Field Bus1.GTP-TOWER48.Parameters.TWMU SL-OUTSTATE,MV:3003265
GTP-NAE189,NAE189/Field Bus1.GTP-TOWER48.Parameters.TWMU TUNING-RESET,BV:3003264
GTP-NAE189,NAE189/Field Bus1.GTP-TOWER48.Parameters.TWMU-GPM-WSP,AV:3003257
GTP-NAE189,NAE189/Field Bus1.GTP-TOWER48.Parameters.TWMU-LVL-DF,AV:3003271
GTP-NAE189,NAE189/Field Bus1.GTP-TOWER48.Parameters.TWMU-LVL-SP,AV:3003255
GTP-NAE189,NAE189/Field Bus1.GTP-TOWER48.Parameters.TWMUV-HIL,AV:3003230
GTP-NAE189,NAE189/Field Bus1.GTP-TOWER48.Parameters.TWMUV-LOL,AV:3003229
GTP-NAE189,NAE189/Field Bus1.GTP-TOWER48.Parameters.TWST-SP1,AV:3003247
GTP-NAE189,NAE189/Field Bus1.GTP-TOWER48.Parameters.TWST-SP2,AV:3003249
GTP-NAE189,NAE189/Field Bus1.GTP-TOWER48.Parameters.TWST-SP3,AV:3003248
GTP-NAE189,NAE189/Field Bus1.GTP-TOWER48.Parameters.TWST-SP4,AV:3003246
GTP-NAE189,NAE189/Field Bus1.GTP-TOWER48.Parameters.TWST-WB1,AV:3003250
GTP-NAE189,NAE189/Field Bus1.GTP-TOWER48.Parameters.TWST-WB2,AV:3003253
GTP-NAE189,NAE189/Field Bus1.GTP-TOWER48.Parameters.TWST-WB3,AV:3003251
GTP-NAE189,NAE189/Field Bus1.GTP-TOWER48.Parameters.TWST-WB4,AV:3003245
GTP-NAE189,NAE189/Field Bus1.GTP-TOWER48.TF4-OIL,BI:3003187
GTP-NAE189,NAE189/Field Bus1.GTP-TOWER48.TF4-S,BI:3003162
GTP-NAE189,NAE189/Field Bus1.GTP-TOWER48.TF4-SC,AO:3003198
GTP-NAE189,NAE189/Field Bus1.GTP-TOWER48.TF4-SS,BO:3003194
GTP-NAE189,NAE189/Field Bus1.GTP-TOWER48.TF4-VIB,BI:3003181
GTP-NAE189,NAE189/Field Bus1.GTP-TOWER48.TF5-OIL,BI:3003188
GTP-NAE189,NAE189/Field Bus1.GTP-TOWER48.TF5-S,BI:3003177
GTP-NAE189,NAE189/Field Bus1.GTP-TOWER48.TF5-SC,AO:3003200
GTP-NAE189,NAE189/Field Bus1.GTP-TOWER48.TF5-SS,BO:3003173
GTP-NAE189,NAE189/Field Bus1.GTP-TOWER48.TF5-VIB,BI:3003183
GTP-NAE189,NAE189/Field Bus1.GTP-TOWER48.TF6-OIL,BI:3003189
GTP-NAE189,NAE189/Field Bus1.GTP-TOWER48.TF6-S,BI:3003178
GTP-NAE189,NAE189/Field Bus1.GTP-TOWER48.TF6-SC,AO:3003201
GTP-NAE189,NAE189/Field Bus1.GTP-TOWER48.TF6-SS,BO:3003175
GTP-NAE189,NAE189/Field Bus1.GTP-TOWER48.TF6-VIB,BI:3003169
GTP-NAE189,NAE189/Field Bus1.GTP-TOWER48.TF7-OIL,BI:3003190
GTP-NAE189,NAE189/Field Bus1.GTP-TOWER48.TF7-S,BI:3003174
GTP-NAE189,NAE189/Field Bus1.GTP-TOWER48.TF7-SC,AO:3003203
GTP-NAE189,NAE189/Field Bus1.GTP-TOWER48.TF7-SS,BO:3003176
GTP-NAE189,NAE189/Field Bus1.GTP-TOWER48.TF7-VIB,BI:3003179
GTP-NAE189,NAE189/Field Bus1.GTP-TOWER48.TF8-OIL,BI:3003185
GTP-NAE189,NAE189/Field Bus1.GTP-TOWER48.TF8-S,BI:3003182
GTP-NAE189,NAE189/Field Bus1.GTP-TOWER48.TF8-SC,AO:3003152
GTP-NAE189,NAE189/Field Bus1.GTP-TOWER48.TF8-SS,BO:3003184
GTP-NAE189,NAE189/Field Bus1.GTP-TOWER48.TF8-VIB,BI:3003186
GTP-NAE189,NAE189/Field Bus1.GTP-TOWER48.TP4-S,BI:3003195
GTP-NAE189,NAE189/Field Bus1.GTP-TOWER48.TP4-SC,AO:3003196
GTP-NAE189,NAE189/Field Bus1.GTP-TOWER48.TP4-SS,BO:3003199
GTP-NAE189,NAE189/Field Bus1.GTP-TOWER48.TP5-S,BI:3003197
GTP-NAE189,NAE189/Field Bus1.GTP-TOWER48.TP5-SC,AO:3003204
GTP-NAE189,NAE189/Field Bus1.GTP-TOWER48.TP5-SS,BO:3003202
GTP-NAE189,NAE189/Field Bus1.GTP-TOWER48.TRASAR-INTLCK,BO:3019501
GTP-NAE189,NAE189/Field Bus1.GTP-TOWER48.TW4-LVL,AI:3003151
GTP-NAE189,NAE189/Field Bus1.GTP-TOWER48.TW4-OADB,AI:3003165
GTP-NAE189,NAE189/Field Bus1.GTP-TOWER48.TW4-OARH,AI:3003167
GTP-NAE189,NAE189/Field Bus1.GTP-TOWER48.TW4-V,BO:3003170
GTP-NAE189,NAE189/Field Bus1.GTP-TOWER48.TW4R-T,AI:3003155
GTP-NAE189,NAE189/Field Bus1.GTP-TOWER48.TW4S-T,AI:3003205
GTP-NAE189,NAE189/Field Bus1.GTP-TOWER48.TW5-LVL,AI:3003153
GTP-NAE189,NAE189/Field Bus1.GTP-TOWER48.TW5-V,BO:3003171
GTP-NAE189,NAE189/Field Bus1.GTP-TOWER48.TW5R-T,AI:3003156
GTP-NAE189,NAE189/Field Bus1.GTP-TOWER48.TW5S-T,AI:3003206
GTP-NAE189,NAE189/Field Bus1.GTP-TOWER48.TW6-LVL,AI:3003154
GTP-NAE189,NAE189/Field Bus1.GTP-TOWER48.TW6-V,BO:3003172
GTP-NAE189,NAE189/Field Bus1.GTP-TOWER48.TW6R-T,AI:3003157
GTP-NAE189,NAE189/Field Bus1.GTP-TOWER48.TW6S-T,AI:3003207
GTP-NAE189,NAE189/Field Bus1.GTP-TOWER48.TW7-LVL,AI:3003163
GTP-NAE189,NAE189/Field Bus1.GTP-TOWER48.TW7-V,BO:3003180
GTP-NAE189,NAE189/Field Bus1.GTP-TOWER48.TW7R-T,AI:3003158
GTP-NAE189,NAE189/Field Bus1.GTP-TOWER48.TW7S-T,AI:3003208
GTP-NAE189,NAE189/Field Bus1.GTP-TOWER48.TW8-LVL,AI:3003164
GTP-NAE189,NAE189/Field Bus1.GTP-TOWER48.TW8-OADB,AI:3003166
GTP-NAE189,NAE189/Field Bus1.GTP-TOWER48.TW8-OARH,AI:3003168
GTP-NAE189,NAE189/Field Bus1.GTP-TOWER48.TW8-V,BO:3003191
GTP-NAE189,NAE189/Field Bus1.GTP-TOWER48.TW8R-T,AI:3003159
GTP-NAE189,NAE189/Field Bus1.GTP-TOWER48.TW8S-T,AI:3003209
GTP-NAE189,NAE189/Field Bus1.GTP-TOWER48.TW48BYP-V,AO:3003160
GTP-NAE189,NAE189/Field Bus1.GTP-TOWER48.TW48MU-F,AI:3003161
GTP-NAE189,NAE189/Field Bus1.GTP-TOWER48.TW48MU-V,AO:3003150
GTP-NAE189,NAE189/Field Bus1.GTP-TOWER48.TW48R-T,AI:3003192
GTP-NAE189,NAE189/Field Bus1.GTP-TOWER48.TW48S-T,AI:3003193
GTP-NAE189,NAE189/Field Bus1.GTP-TRT23.Parameters.TW23-BLWDWN-COND-DF,AV:3014677
GTP-NAE189,NAE189/Field Bus1.GTP-TRT23.Parameters.TW23-BLWDWN-COND-SP,AV:3014675
GTP-NAE189,NAE189/Field Bus1.GTP-TRT23.Parameters.TW23-BLWDWN-LOCKOUT,BV:3014678
GTP-NAE189,NAE189/Field Bus1.GTP-TRT23.Parameters.TW23-BLWDWN-PREBLEED,BV:3014676
GTP-NAE189,NAE189/Field Bus1.GTP-TRT23.Parameters.TW23-LVL,AV:3018384
GTP-NAE189,NAE189/Field Bus1.GTP-TRT23.Parameters.TW23-OX-FEED,BV:3015738
GTP-NAE189,NAE189/Field Bus1.GTP-TRT23.Parameters.TW23-OX-LOCK,MV:3015735
GTP-NAE189,NAE189/Field Bus1.GTP-TRT23.Parameters.TW23-OX-RESET,MV:3015736
GTP-NAE189,NAE189/Field Bus1.GTP-TRT23.Parameters.TW23-OX-RUNTIME,AV:3015737
GTP-NAE189,NAE189/Field Bus1.GTP-TRT23.TP2or3-ON,BV:3002719
GTP-NAE189,NAE189/Field Bus1.GTP-TRT23.TW23-ACID-S,BI:3002518
GTP-NAE189,NAE189/Field Bus1.GTP-TRT23.TW23-BLW-F,AI:3002525
GTP-NAE189,NAE189/Field Bus1.GTP-TRT23.TW23-BLWDWN,BO:3002524
GTP-NAE189,NAE189/Field Bus1.GTP-TRT23.TW23-BLWDWN-S,BI:3002514
GTP-NAE189,NAE189/Field Bus1.GTP-TRT23.TW23-CHMP-F,AI:3004343
GTP-NAE189,NAE189/Field Bus1.GTP-TRT23.TW23-CHMP-S,BI:3002512
GTP-NAE189,NAE189/Field Bus1.GTP-TRT23.TW23-CHMP-SC,AO:3002526
GTP-NAE189,NAE189/Field Bus1.GTP-TRT23.TW23-CHMP-SS,BO:3002523
GTP-NAE189,NAE189/Field Bus1.GTP-TRT23.TW23-COND,AI:3002521
GTP-NAE189,NAE189/Field Bus1.GTP-TRT23.TW23-FCL,AI:3002517
GTP-NAE189,NAE189/Field Bus1.GTP-TRT23.TW23-FCL-OUT,AO:3011059
GTP-NAE189,NAE189/Field Bus1.GTP-TRT23.TW23-INHIB,AI:3002516
GTP-NAE189,NAE189/Field Bus1.GTP-TRT23.TW23-INHIB-S,BI:3002513
GTP-NAE189,NAE189/Field Bus1.GTP-TRT23.TW23-NONOX-S,BI:3002515
GTP-NAE189,NAE189/Field Bus1.GTP-TRT23.TW23-ORP,AI:3002522
GTP-NAE189,NAE189/Field Bus1.GTP-TRT23.TW23-OX-S,BI:3002519
GTP-NAE189,NAE189/Field Bus1.GTP-TRT23.TW23-OX-SS,BO:3010253
GTP-NAE189,NAE189/Field Bus1.GTP-TRT23.TW23-PH,AI:3002520
GTP-NAE189,NAE189/Field Bus1.GTP-TRT48.CW-CHMP-S,BI:3004338
GTP-NAE189,NAE189/Field Bus1.GTP-TRT48.CW-CHMP-SS,BO:3004339
GTP-NAE189,NAE189/Field Bus1.GTP-TRT48.CW-CLO2-ALARM,BI:3002968
GTP-NAE189,NAE189/Field Bus1.GTP-TRT48.CW-CLO2-S,BI:3002971
GTP-NAE189,NAE189/Field Bus1.GTP-TRT48.CW-CLO2GEN-ENB,BO:3019497
GTP-NAE189,NAE189/Field Bus1.GTP-TRT48.CW-COND,AI:3004336
GTP-NAE189,NAE189/Field Bus1.GTP-TRT48.CW-FCLO2,AI:3012589
GTP-NAE189,NAE189/Field Bus1.GTP-TRT48.CW-PH,AI:3004335
GTP-NAE189,NAE189/Field Bus1.GTP-TRT48.CW-SANDFLTR-BW,BI:3002970
GTP-NAE189,NAE189/Field Bus1.GTP-TRT48.CW-SANDFLTR-BW-F,AI:3004461
GTP-NAE189,NAE189/Field Bus1.GTP-TRT48.CW-SANDFLTR-ENB,BO:3003020
GTP-NAE189,NAE189/Field Bus1.GTP-TRT48.CW-SANDFLTR-PUMP,BI:3003019
GTP-NAE189,NAE189/Field Bus1.GTP-TRT48.Parameters.AH5-BCW-F,AV:3010723
GTP-NAE189,NAE189/Field Bus1.GTP-TRT48.Parameters.AHU234-BCW-F,AV:3010724
GTP-NAE189,NAE189/Field Bus1.GTP-TRT48.Parameters.ANYLP-ON,BV:3002988
GTP-NAE189,NAE189/Field Bus1.GTP-TRT48.Parameters.CW-CLO2-RDY-TO-RUN,MV:3019471
GTP-NAE189,NAE189/Field Bus1.GTP-TRT48.Parameters.CW-CLO2GEN-Reset,MV:3019469
GTP-NAE189,NAE189/Field Bus1.GTP-TRT48.Parameters.CW-GTP-CLO2FCL-HOLD-TIME,AV:3019602
GTP-NAE189,NAE189/Field Bus1.GTP-TRT48.Parameters.CW-HRN-CLO2-RELIABLE,BV:3019470
GTP-NAE189,NAE189/Field Bus1.GTP-TRT48.Parameters.CW-HRN-CLO2FCL,AV:3019468
GTP-NAE189,NAE189/Field Bus1.GTP-TRT48.Parameters.CW-HRN-CLO2FCL-HOLD-TIME,AV:3019603
GTP-NAE189,NAE189/Field Bus1.GTP-TRT48.Parameters.EMO-BCW-F,AV:3010725
GTP-NAE189,NAE189/Field Bus1.GTP-TRT48.Parameters.TP4or5-ON,BV:3002987
GTP-NAE189,NAE189/Field Bus1.GTP-TRT48.Parameters.TW48-BLWDWN-COND-DF,AV:3014477
GTP-NAE189,NAE189/Field Bus1.GTP-TRT48.Parameters.TW48-BLWDWN-COND-SP,AV:3014476
GTP-NAE189,NAE189/Field Bus1.GTP-TRT48.Parameters.TW48-BLWDWN-LOCKOUT,BV:3014475
GTP-NAE189,NAE189/Field Bus1.GTP-TRT48.Parameters.TW48-BLWDWN-PREBLEED,BV:3014474
GTP-NAE189,NAE189/Field Bus1.GTP-TRT48.Parameters.TW48-LVL,AV:3018401
GTP-NAE189,NAE189/Field Bus1.GTP-TRT48.Parameters.TW48-OX-FEED,BV:3013322
GTP-NAE189,NAE189/Field Bus1.GTP-TRT48.Parameters.TW48-OX-LOCK,MV:3013323
GTP-NAE189,NAE189/Field Bus1.GTP-TRT48.Parameters.TW48-OX-RESET,MV:3013321
GTP-NAE189,NAE189/Field Bus1.GTP-TRT48.Parameters.TW48-OX-RUNTIME,AV:3013325
GTP-NAE189,NAE189/Field Bus1.GTP-TRT48.TW48-ACID-S,BI:3002976
GTP-NAE189,NAE189/Field Bus1.GTP-TRT48.TW48-BLW-F,AI:3006840
GTP-NAE189,NAE189/Field Bus1.GTP-TRT48.TW48-BLWDWN,BO:3002982
GTP-NAE189,NAE189/Field Bus1.GTP-TRT48.TW48-BLWDWN-S,BI:3002967
GTP-NAE189,NAE189/Field Bus1.GTP-TRT48.TW48-CHMP-F,AI:3004344
GTP-NAE189,NAE189/Field Bus1.GTP-TRT48.TW48-CHMP-S,BI:3002965
GTP-NAE189,NAE189/Field Bus1.GTP-TRT48.TW48-CHMP-SC,AO:3002984
GTP-NAE189,NAE189/Field Bus1.GTP-TRT48.TW48-CHMP-SS,BO:3002981
GTP-NAE189,NAE189/Field Bus1.GTP-TRT48.TW48-COND,AI:3002979
GTP-NAE189,NAE189/Field Bus1.GTP-TRT48.TW48-FCL,AI:3002975
GTP-NAE189,NAE189/Field Bus1.GTP-TRT48.TW48-FCL-OUT,AO:3002985
GTP-NAE189,NAE189/Field Bus1.GTP-TRT48.TW48-INHIB,AI:3002974
GTP-NAE189,NAE189/Field Bus1.GTP-TRT48.TW48-INHIB-S,BI:3002966
GTP-NAE189,NAE189/Field Bus1.GTP-TRT48.TW48-NONOX-S,BI:3002973
GTP-NAE189,NAE189/Field Bus1.GTP-TRT48.TW48-ORP,AI:3002980
GTP-NAE189,NAE189/Field Bus1.GTP-TRT48.TW48-OX-S,BI:3002977
GTP-NAE189,NAE189/Field Bus1.GTP-TRT48.TW48-OX-SS,BO:3010255
GTP-NAE189,NAE189/Field Bus1.GTP-TRT48.TW48-PH,AI:3002978
GTP-NAE189,NAE189/Field Bus2.BNET-CH1.AV-1,AV:3006792
GTP-NAE189,NAE189/Field Bus2.BNET-CH1.AV-2,AV:3006793
GTP-NAE189,NAE189/Field Bus2.BNET-CH1.AV-5,AV:3006794
GTP-NAE189,NAE189/Field Bus2.BNET-CH1.AV-6,AV:3006795
GTP-NAE189,NAE189/Field Bus2.BNET-CH1.AV-7,AV:3006796
GTP-NAE189,NAE189/Field Bus2.BNET-CH1.AV-8,AV:3006797
GTP-NAE189,NAE189/Field Bus2.BNET-CH1.AV-9,AV:3006798
GTP-NAE189,NAE189/Field Bus2.BNET-CH1.AV-10,AV:3006799
GTP-NAE189,NAE189/Field Bus2.BNET-CH1.AV-11,AV:3006800
GTP-NAE189,NAE189/Field Bus2.BNET-CH1.AV-12,AV:3006801
GTP-NAE189,NAE189/Field Bus2.BNET-CH1.AV-19,AV:3006802
GTP-NAE189,NAE189/Field Bus2.BNET-CH1.AV-20,AV:3018235
GTP-NAE189,NAE189/Field Bus2.BNET-CH1.AV-21,AV:3006803
GTP-NAE189,NAE189/Field Bus2.BNET-CH1.AV-22,AV:3006804
GTP-NAE189,NAE189/Field Bus2.BNET-CH1.AV-23,AV:3018236
GTP-NAE189,NAE189/Field Bus2.BNET-CH1.AV-24,AV:3006805
GTP-NAE189,NAE189/Field Bus2.BNET-CH1.AV-25,AV:3006806
GTP-NAE189,NAE189/Field Bus2.BNET-CH1.AV-26,AV:3006807
GTP-NAE189,NAE189/Field Bus2.BNET-CH1.AV-28,AV:3006808
GTP-NAE189,NAE189/Field Bus2.BNET-CH1.AV-29,AV:3006809
GTP-NAE189,NAE189/Field Bus2.BNET-CH1.AV-30,AV:3006810
GTP-NAE189,NAE189/Field Bus2.BNET-CH1.AV-31,AV:3006811
GTP-NAE189,NAE189/Field Bus2.BNET-CH1.AV-35,AV:3006812
GTP-NAE189,NAE189/Field Bus2.BNET-CH1.AV-36,AV:3006813
GTP-NAE189,NAE189/Field Bus2.BNET-CH1.AV-39,AV:3006814
GTP-NAE189,NAE189/Field Bus2.BNET-CH1.AV-40,AV:3006815
GTP-NAE189,NAE189/Field Bus2.BNET-CH1.AV-110,AV:3006816
GTP-NAE189,NAE189/Field Bus2.BNET-CH1.AV-111,AV:3006817
GTP-NAE189,NAE189/Field Bus2.BNET-CH1.AV-112,AV:3006818
GTP-NAE189,NAE189/Field Bus2.BNET-CH1.AV-114,AV:3006819
GTP-NAE189,NAE189/Field Bus2.BNET-CH1.AV-115,AV:3006820
GTP-NAE189,NAE189/Field Bus2.BNET-CH1.AV-401,AV:3018237
GTP-NAE189,NAE189/Field Bus2.BNET-CH1.AV-402,AV:3023358
GTP-NAE189,NAE189/Field Bus2.BNET-CH1.AV-403,AV:3023359
GTP-NAE189,NAE189/Field Bus2.BNET-CH1.AV-404,AV:3023360
GTP-NAE189,NAE189/Field Bus2.BNET-CH1.AV-405,AV:3023361
GTP-NAE189,NAE189/Field Bus2.BNET-CH1.AV-406,AV:3023362
GTP-NAE189,NAE189/Field Bus2.BNET-CH1.AV-407,AV:3023363
GTP-NAE189,NAE189/Field Bus2.BNET-CH1.AV-408,AV:3023364
GTP-NAE189,NAE189/Field Bus2.BNET-CH1.AV-409,AV:3023365
GTP-NAE189,NAE189/Field Bus2.BNET-CH1.AV-410,AV:3023366
GTP-NAE189,NAE189/Field Bus2.BNET-CH1.BV-1,BV:3006823
GTP-NAE189,NAE189/Field Bus2.BNET-CH1.BV-5,BV:3006824
GTP-NAE189,NAE189/Field Bus2.BNET-CH1.BV-6,BV:3006825
GTP-NAE189,NAE189/Field Bus2.BNET-CH1.BV-7,BV:3006826
GTP-NAE189,NAE189/Field Bus2.BNET-CH1.BV-8,BV:3006827
GTP-NAE189,NAE189/Field Bus2.BNET-CH1.BV-9,BV:3006828
GTP-NAE189,NAE189/Field Bus2.BNET-CH1.BV-10,BV:3006829
GTP-NAE189,NAE189/Field Bus2.BNET-CH1.BV-19,BV:3006830
GTP-NAE189,NAE189/Field Bus2.BNET-CH1.BV-20,BV:3006831
GTP-NAE189,NAE189/Field Bus2.BNET-CH1.MV-1,MV:3006832
GTP-NAE189,NAE189/Field Bus2.BNET-CH1.MV-2,MV:3006833
GTP-NAE189,NAE189/Field Bus2.BNET-CH1.MV-3,MV:3006834
GTP-NAE189,NAE189/Field Bus2.BNET-CH1.MV-4,MV:3006835
GTP-NAE189,NAE189/Field Bus2.BNET-CH1.MV-5,MV:3006836
GTP-NAE189,NAE189/Field Bus2.BNET-CH1.MV-6,MV:3006837
GTP-NAE189,NAE189/Field Bus2.BNET-CH1.MV-7,MV:3006838
GTP-NAE189,NAE189/Field Bus2.BNET-CH1.MV-8,MV:3006839
GTP-NAE189,NAE189/Field Bus2.BNET-CH3.ACCUM OPERATING HOURS,AV:3007357
GTP-NAE189,NAE189/Field Bus2.BNET-CH3.ACCUM SYSTEM STARTS,AV:3007358
GTP-NAE189,NAE189/Field Bus2.BNET-CH3.AV-5,AV:3007336
GTP-NAE189,NAE189/Field Bus2.BNET-CH3.CHILL LIQ FLOW SENSOR,AV:3007396
GTP-NAE189,NAE189/Field Bus2.BNET-CH3.CHW FLOW SWITCH STAT,BV:3007365
GTP-NAE189,NAE189/Field Bus2.BNET-CH3.CHW LIQ PUMP STAT,BV:3007363
GTP-NAE189,NAE189/Field Bus2.BNET-CH3.CLOSED LIMIT SWITCH,BV:3007375
GTP-NAE189,NAE189/Field Bus2.BNET-CH3.COMP OIL COOLER W SOL VL,BV:3007370
GTP-NAE189,NAE189/Field Bus2.BNET-CH3.COMP OIL HEATER CONT,BV:3007368
GTP-NAE189,NAE189/Field Bus2.BNET-CH3.COMP OIL RETURN SOL VLV,BV:3007369
GTP-NAE189,NAE189/Field Bus2.BNET-CH3.COMP VAR SPD OIL PMP AUX,BV:3007372
GTP-NAE189,NAE189/Field Bus2.BNET-CH3.COMP VAR SPD OIL PMP RUN,BV:3007371
GTP-NAE189,NAE189/Field Bus2.BNET-CH3.COMPR HS THRUST SOL,BV:3007374
GTP-NAE189,NAE189/Field Bus2.BNET-CH3.COMPR LIQ INJ SOL VLV,BV:3007373
GTP-NAE189,NAE189/Field Bus2.BNET-CH3.COMPR OIL COMP DIF PRESS,AV:3007340
GTP-NAE189,NAE189/Field Bus2.BNET-CH3.COMPRESSOR PRV POSITION,AV:3007351
GTP-NAE189,NAE189/Field Bus2.BNET-CH3.COND LIQ FLOW SENSOR,AV:3007397
GTP-NAE189,NAE189/Field Bus2.BNET-CH3.COND LIQ FLOW SW STAT,BV:3007366
GTP-NAE189,NAE189/Field Bus2.BNET-CH3.COND LIQ PUMP STAT,BV:3007364
GTP-NAE189,NAE189/Field Bus2.BNET-CH3.COND REFRIG HI PRESS CO,BV:3007367
GTP-NAE189,NAE189/Field Bus2.BNET-CH3.COND REFRIG LIQ TEMP,AV:3007395
GTP-NAE189,NAE189/Field Bus2.BNET-CH3.COND SATURATION TEMP,AV:3007353
GTP-NAE189,NAE189/Field Bus2.BNET-CH3.CONDENSER PRESSURE,AV:3007339
GTP-NAE189,NAE189/Field Bus2.BNET-CH3.DISCHARGE TEMP,AV:3007354
GTP-NAE189,NAE189/Field Bus2.BNET-CH3.ENTERING CHW TEMP,AV:3007337
GTP-NAE189,NAE189/Field Bus2.BNET-CH3.ENTERING COND WATER TEMP,AV:3007341
GTP-NAE189,NAE189/Field Bus2.BNET-CH3.EVAP REFRIG LIQ TEMP,AV:3007394
GTP-NAE189,NAE189/Field Bus2.BNET-CH3.EVAP SATURATION TEMP,AV:3007352
GTP-NAE189,NAE189/Field Bus2.BNET-CH3.EVAPORATOR PRESSURE,AV:3007338
GTP-NAE189,NAE189/Field Bus2.BNET-CH3.GOVERNOR VLV POS,AV:3007400
GTP-NAE189,NAE189/Field Bus2.BNET-CH3.HOTGAS BYPASS VLV POS,AV:3007399
GTP-NAE189,NAE189/Field Bus2.BNET-CH3.HOTWELL CONDENSATE LVL,AV:3007393
GTP-NAE189,NAE189/Field Bus2.BNET-CH3.LEAVING CHW TEMP ACT SP,AV:3007350
GTP-NAE189,NAE189/Field Bus2.BNET-CH3.LEAVING COND WATER TEMP,AV:3007342
GTP-NAE189,NAE189/Field Bus2.BNET-CH3.Model Number,MV:3007405
GTP-NAE189,NAE189/Field Bus2.BNET-CH3.OIL PUMP PRESSURE,AV:3007360
GTP-NAE189,NAE189/Field Bus2.BNET-CH3.OIL SUMP PRESSURE,AV:3007359
GTP-NAE189,NAE189/Field Bus2.BNET-CH3.OIL SUMP TEMPERATURE,AV:3007355
GTP-NAE189,NAE189/Field Bus2.BNET-CH3.PANEL ROCKER SW RUN,BV:3007361
GTP-NAE189,NAE189/Field Bus2.BNET-CH3.PANEL ROCKER SW STOP,BV:3007362
GTP-NAE189,NAE189/Field Bus2.BNET-CH3.REM LEAVING CHW TEMP SP,AV:3007333
GTP-NAE189,NAE189/Field Bus2.BNET-CH3.REM MODE READY TO START,BV:3007376
GTP-NAE189,NAE189/Field Bus2.BNET-CH3.REM RUN STOP CMD,BV:3007335
GTP-NAE189,NAE189/Field Bus2.BNET-CH3.SLOW ROLL TIME REMAINING,AV:3007401
GTP-NAE189,NAE189/Field Bus2.BNET-CH3.STEAM FLOW SENSOR,AV:3007398
GTP-NAE189,NAE189/Field Bus2.BNET-CH3.SUBCOOLER REFRIG LEVEL,AV:3007356
GTP-NAE189,NAE189/Field Bus2.BNET-CH3.THRUST BEARING PROX POS,AV:3007389
GTP-NAE189,NAE189/Field Bus2.BNET-CH3.THRUST BEARING PROX REF,AV:3007390
GTP-NAE189,NAE189/Field Bus2.BNET-CH3.TURBINE 1ST STG STM PRES,AV:3007347
GTP-NAE189,NAE189/Field Bus2.BNET-CH3.TURBINE AUX OIL PMP CONA,BV:3007403
GTP-NAE189,NAE189/Field Bus2.BNET-CH3.TURBINE AUX OIL PMP CONT,BV:3007402
GTP-NAE189,NAE189/Field Bus2.BNET-CH3.TURBINE EXHAUST STM PRES,AV:3007349
GTP-NAE189,NAE189/Field Bus2.BNET-CH3.TURBINE GOV END BRG TEMP,AV:3007391
GTP-NAE189,NAE189/Field Bus2.BNET-CH3.TURBINE HP LIMIT SP,AV:3007334
GTP-NAE189,NAE189/Field Bus2.BNET-CH3.TURBINE INLET STEAM PRES,AV:3007344
GTP-NAE189,NAE189/Field Bus2.BNET-CH3.TURBINE INLET STEAM TEMP,AV:3007343
GTP-NAE189,NAE189/Field Bus2.BNET-CH3.TURBINE OIL CLRW SOL VLV,BV:3007404
GTP-NAE189,NAE189/Field Bus2.BNET-CH3.TURBINE ROTATING CONT,BV:3007377
GTP-NAE189,NAE189/Field Bus2.BNET-CH3.TURBINE SHF END BRG TEMP,AV:3007392
GTP-NAE189,NAE189/Field Bus2.BNET-CH3.TURBINE SPEED,AV:3007348
GTP-NAE189,NAE189/Field Bus2.BNET-CH3.TURBINE STATUS CODE,MV:3007385
GTP-NAE189,NAE189/Field Bus2.BNET-CH3.TURBINE SUPPLY OIL PRESS,AV:3007346
GTP-NAE189,NAE189/Field Bus2.BNET-CH3.TURBINE SUPPLY OIL TEMP,AV:3007345
GTP-NAE189,NAE189/Field Bus2.BNET-CH3.TURBINE TRIP SOL VLV,BV:3007378
GTP-NAE189,NAE189/Field Bus2.BNET-CH3.TURBINE TRIP VLV CLO LS,BV:3007379
GTP-NAE189,NAE189/Field Bus2.BNET-CH3.UNIT CONTROL SOURCE,MV:3007384
GTP-NAE189,NAE189/Field Bus2.BNET-CH3.UNIT CYCLING FAULT CODE,MV:3007382
GTP-NAE189,NAE189/Field Bus2.BNET-CH3.UNIT INHIBIT FAULT CODE,MV:3007387
GTP-NAE189,NAE189/Field Bus2.BNET-CH3.UNIT INTERNAL FAULT CODE,MV:3007388
GTP-NAE189,NAE189/Field Bus2.BNET-CH3.UNIT MODIF RUN FLT CODE,MV:3007386
GTP-NAE189,NAE189/Field Bus2.BNET-CH3.UNIT OPERATION CODE,MV:3007380
GTP-NAE189,NAE189/Field Bus2.BNET-CH3.UNIT SAFETY FAULT CODE,MV:3007381
GTP-NAE189,NAE189/Field Bus2.BNET-CH3.UNIT WARNING FAULT CODE,MV:3007383
GTP-NAE189,NAE189/Field Bus2.BNET-CH4.ACCUM OPERATING HOURS,AV:3007452
GTP-NAE189,NAE189/Field Bus2.BNET-CH4.ACCUM SYSTEM STARTS,AV:3007453
GTP-NAE189,NAE189/Field Bus2.BNET-CH4.ALARM HORN,BV:3007500
GTP-NAE189,NAE189/Field Bus2.BNET-CH4.AV-5,AV:3007431
GTP-NAE189,NAE189/Field Bus2.BNET-CH4.BACnet Encode Type,MV:3007503
GTP-NAE189,NAE189/Field Bus2.BNET-CH4.BACnet Instance ID,AV:3007502
GTP-NAE189,NAE189/Field Bus2.BNET-CH4.BACnet Instance ID Mode,BV:3007501
GTP-NAE189,NAE189/Field Bus2.BNET-CH4.CHILL LIQ FLOW SENSOR,AV:3007491
GTP-NAE189,NAE189/Field Bus2.BNET-CH4.CHW FLOW SWITCH STAT,BV:3007460
GTP-NAE189,NAE189/Field Bus2.BNET-CH4.CHW LIQ PUMP STAT,BV:3007458
GTP-NAE189,NAE189/Field Bus2.BNET-CH4.CLOSED LIMIT SWITCH,BV:3007470
GTP-NAE189,NAE189/Field Bus2.BNET-CH4.COMP OIL COOLER W SOL VL,BV:3007465
GTP-NAE189,NAE189/Field Bus2.BNET-CH4.COMP OIL HEATER CONT,BV:3007463
GTP-NAE189,NAE189/Field Bus2.BNET-CH4.COMP OIL RETURN SOL VLV,BV:3007464
GTP-NAE189,NAE189/Field Bus2.BNET-CH4.COMP VAR SPD OIL PMP AUX,BV:3007467
GTP-NAE189,NAE189/Field Bus2.BNET-CH4.COMP VAR SPD OIL PMP RUN,BV:3007466
GTP-NAE189,NAE189/Field Bus2.BNET-CH4.COMPR HS THRUST SOL,BV:3007469
GTP-NAE189,NAE189/Field Bus2.BNET-CH4.COMPR LIQ INJ SOL VLV,BV:3007468
GTP-NAE189,NAE189/Field Bus2.BNET-CH4.COMPR OIL COMP DIF PRESS,AV:3007435
GTP-NAE189,NAE189/Field Bus2.BNET-CH4.COMPRESSOR PRV POSITION,AV:3007446
GTP-NAE189,NAE189/Field Bus2.BNET-CH4.COND LIQ FLOW SENSOR,AV:3007492
GTP-NAE189,NAE189/Field Bus2.BNET-CH4.COND LIQ FLOW SW STAT,BV:3007461
GTP-NAE189,NAE189/Field Bus2.BNET-CH4.COND LIQ PUMP STAT,BV:3007459
GTP-NAE189,NAE189/Field Bus2.BNET-CH4.COND REFRIG HI PRESS CO,BV:3007462
GTP-NAE189,NAE189/Field Bus2.BNET-CH4.COND REFRIG LIQ TEMP,AV:3007490
GTP-NAE189,NAE189/Field Bus2.BNET-CH4.COND SATURATION TEMP,AV:3007448
GTP-NAE189,NAE189/Field Bus2.BNET-CH4.CONDENSER PRESSURE,AV:3007434
GTP-NAE189,NAE189/Field Bus2.BNET-CH4.DISCHARGE TEMP,AV:3007449
GTP-NAE189,NAE189/Field Bus2.BNET-CH4.ENTERING CHW TEMP,AV:3007432
GTP-NAE189,NAE189/Field Bus2.BNET-CH4.ENTERING COND WATER TEMP,AV:3007436
GTP-NAE189,NAE189/Field Bus2.BNET-CH4.EQ Port Locked Protocol,MV:3007506
GTP-NAE189,NAE189/Field Bus2.BNET-CH4.EVAP REFRIG LIQ TEMP,AV:3007489
GTP-NAE189,NAE189/Field Bus2.BNET-CH4.EVAP SATURATION TEMP,AV:3007447
GTP-NAE189,NAE189/Field Bus2.BNET-CH4.EVAPORATOR PRESSURE,AV:3007433
GTP-NAE189,NAE189/Field Bus2.BNET-CH4.GOVERNOR VLV POS,AV:3007495
GTP-NAE189,NAE189/Field Bus2.BNET-CH4.HOTGAS BYPASS VLV POS,AV:3007494
GTP-NAE189,NAE189/Field Bus2.BNET-CH4.HOTWELL CONDENSATE LVL,AV:3007488
GTP-NAE189,NAE189/Field Bus2.BNET-CH4.LEAVING CHW TEMP ACT SP,AV:3007445
GTP-NAE189,NAE189/Field Bus2.BNET-CH4.LEAVING COND WATER TEMP,AV:3007437
GTP-NAE189,NAE189/Field Bus2.BNET-CH4.Model Number,MV:3007505
GTP-NAE189,NAE189/Field Bus2.BNET-CH4.OIL PUMP PRESSURE,AV:3007455
GTP-NAE189,NAE189/Field Bus2.BNET-CH4.OIL SUMP PRESSURE,AV:3007454
GTP-NAE189,NAE189/Field Bus2.BNET-CH4.OIL SUMP TEMPERATURE,AV:3007450
GTP-NAE189,NAE189/Field Bus2.BNET-CH4.PANEL ROCKER SW RUN,BV:3007456
GTP-NAE189,NAE189/Field Bus2.BNET-CH4.PANEL ROCKER SW STOP,BV:3007457
GTP-NAE189,NAE189/Field Bus2.BNET-CH4.REM LEAVING CHW TEMP SP,AV:3007428
GTP-NAE189,NAE189/Field Bus2.BNET-CH4.REM MODE READY TO START,BV:3007471
GTP-NAE189,NAE189/Field Bus2.BNET-CH4.REM RUN STOP CMD,BV:3007430
GTP-NAE189,NAE189/Field Bus2.BNET-CH4.SLOW ROLL TIME REMAINING,AV:3007496
GTP-NAE189,NAE189/Field Bus2.BNET-CH4.STEAM FLOW SENSOR,AV:3007493
GTP-NAE189,NAE189/Field Bus2.BNET-CH4.SUBCOOLER REFRIG LEVEL,AV:3007451
GTP-NAE189,NAE189/Field Bus2.BNET-CH4.THRUST BEARING PROX POS,AV:3007484
GTP-NAE189,NAE189/Field Bus2.BNET-CH4.THRUST BEARING PROX REF,AV:3007485
GTP-NAE189,NAE189/Field Bus2.BNET-CH4.TURBINE 1ST STG STM PRES,AV:3007442
GTP-NAE189,NAE189/Field Bus2.BNET-CH4.TURBINE AUX OIL PMP CONA,BV:3007498
GTP-NAE189,NAE189/Field Bus2.BNET-CH4.TURBINE AUX OIL PMP CONT,BV:3007497
GTP-NAE189,NAE189/Field Bus2.BNET-CH4.TURBINE EXHAUST STM PRES,AV:3007444
GTP-NAE189,NAE189/Field Bus2.BNET-CH4.TURBINE GOV END BRG TEMP,AV:3007486
GTP-NAE189,NAE189/Field Bus2.BNET-CH4.TURBINE HP LIMIT SP,AV:3007429
GTP-NAE189,NAE189/Field Bus2.BNET-CH4.TURBINE INLET STEAM PRES,AV:3007439
GTP-NAE189,NAE189/Field Bus2.BNET-CH4.TURBINE INLET STEAM TEMP,AV:3007438
GTP-NAE189,NAE189/Field Bus2.BNET-CH4.TURBINE OIL CLRW SOL VLV,BV:3007499
GTP-NAE189,NAE189/Field Bus2.BNET-CH4.TURBINE ROTATING CONT,BV:3007472
GTP-NAE189,NAE189/Field Bus2.BNET-CH4.TURBINE SHF END BRG TEMP,AV:3007487
GTP-NAE189,NAE189/Field Bus2.BNET-CH4.TURBINE SPEED,AV:3007443
GTP-NAE189,NAE189/Field Bus2.BNET-CH4.TURBINE STATUS CODE,MV:3007480
GTP-NAE189,NAE189/Field Bus2.BNET-CH4.TURBINE SUPPLY OIL PRESS,AV:3007441
GTP-NAE189,NAE189/Field Bus2.BNET-CH4.TURBINE SUPPLY OIL TEMP,AV:3007440
GTP-NAE189,NAE189/Field Bus2.BNET-CH4.TURBINE TRIP SOL VLV,BV:3007473
GTP-NAE189,NAE189/Field Bus2.BNET-CH4.TURBINE TRIP VLV CLO LS,BV:3007474
GTP-NAE189,NAE189/Field Bus2.BNET-CH4.UNIT CONTROL SOURCE,MV:3007479
GTP-NAE189,NAE189/Field Bus2.BNET-CH4.UNIT CYCLING FAULT CODE,MV:3007477
GTP-NAE189,NAE189/Field Bus2.BNET-CH4.UNIT INHIBIT FAULT CODE,MV:3007482
GTP-NAE189,NAE189/Field Bus2.BNET-CH4.UNIT INTERNAL FAULT CODE,MV:3007483
GTP-NAE189,NAE189/Field Bus2.BNET-CH4.UNIT MODIF RUN FLT CODE,MV:3007481
GTP-NAE189,NAE189/Field Bus2.BNET-CH4.UNIT OPERATION CODE,MV:3007475
GTP-NAE189,NAE189/Field Bus2.BNET-CH4.UNIT SAFETY FAULT CODE,MV:3007476
GTP-NAE189,NAE189/Field Bus2.BNET-CH4.UNIT WARNING FAULT CODE,MV:3007478
GTP-NAE189,NAE189/Field Bus2.BNET-CH4.Units,MV:3007504
GTP-NAE189,NAE189/Field Bus2.BNET-CH5.ACCUM OPERATING HOURS,AV:3008248
GTP-NAE189,NAE189/Field Bus2.BNET-CH5.ACCUM SYSTEM STARTS,AV:3008249
GTP-NAE189,NAE189/Field Bus2.BNET-CH5.AV-5,AV:3008227
GTP-NAE189,NAE189/Field Bus2.BNET-CH5.CHILL LIQ FLOW SENSOR,AV:3008287
GTP-NAE189,NAE189/Field Bus2.BNET-CH5.CHW FLOW SWITCH STAT,BV:3008256
GTP-NAE189,NAE189/Field Bus2.BNET-CH5.CHW LIQ PUMP STAT,BV:3008254
GTP-NAE189,NAE189/Field Bus2.BNET-CH5.CLOSED LIMIT SWITCH,BV:3008266
GTP-NAE189,NAE189/Field Bus2.BNET-CH5.COMP OIL COOLER W SOL VL,BV:3008261
GTP-NAE189,NAE189/Field Bus2.BNET-CH5.COMP OIL HEATER CONT,BV:3008259
GTP-NAE189,NAE189/Field Bus2.BNET-CH5.COMP OIL RETURN SOL VLV,BV:3008260
GTP-NAE189,NAE189/Field Bus2.BNET-CH5.COMP VAR SPD OIL PMP AUX,BV:3008263
GTP-NAE189,NAE189/Field Bus2.BNET-CH5.COMP VAR SPD OIL PMP RUN,BV:3008262
GTP-NAE189,NAE189/Field Bus2.BNET-CH5.COMPR HS THRUST SOL,BV:3008265
GTP-NAE189,NAE189/Field Bus2.BNET-CH5.COMPR LIQ INJ SOL VLV,BV:3008264
GTP-NAE189,NAE189/Field Bus2.BNET-CH5.COMPR OIL COMP DIF PRESS,AV:3008231
GTP-NAE189,NAE189/Field Bus2.BNET-CH5.COMPRESSOR PRV POSITION,AV:3008242
GTP-NAE189,NAE189/Field Bus2.BNET-CH5.COND LIQ FLOW SENSOR,AV:3008288
GTP-NAE189,NAE189/Field Bus2.BNET-CH5.COND LIQ FLOW SW STAT,BV:3008257
GTP-NAE189,NAE189/Field Bus2.BNET-CH5.COND LIQ PUMP STAT,BV:3008255
GTP-NAE189,NAE189/Field Bus2.BNET-CH5.COND REFRIG HI PRESS CO,BV:3008258
GTP-NAE189,NAE189/Field Bus2.BNET-CH5.COND REFRIG LIQ TEMP,AV:3008286
GTP-NAE189,NAE189/Field Bus2.BNET-CH5.COND SATURATION TEMP,AV:3008244
GTP-NAE189,NAE189/Field Bus2.BNET-CH5.CONDENSER PRESSURE,AV:3008230
GTP-NAE189,NAE189/Field Bus2.BNET-CH5.DISCHARGE TEMP,AV:3008245
GTP-NAE189,NAE189/Field Bus2.BNET-CH5.ENTERING CHW TEMP,AV:3008228
GTP-NAE189,NAE189/Field Bus2.BNET-CH5.ENTERING COND WATER TEMP,AV:3008232
GTP-NAE189,NAE189/Field Bus2.BNET-CH5.EVAP REFRIG LIQ TEMP,AV:3008285
GTP-NAE189,NAE189/Field Bus2.BNET-CH5.EVAP SATURATION TEMP,AV:3008243
GTP-NAE189,NAE189/Field Bus2.BNET-CH5.EVAPORATOR PRESSURE,AV:3008229
GTP-NAE189,NAE189/Field Bus2.BNET-CH5.GOVERNOR VLV POS,AV:3008291
GTP-NAE189,NAE189/Field Bus2.BNET-CH5.HOTGAS BYPASS VLV POS,AV:3008290
GTP-NAE189,NAE189/Field Bus2.BNET-CH5.HOTWELL CONDENSATE LVL,AV:3008284
GTP-NAE189,NAE189/Field Bus2.BNET-CH5.LEAVING CHW TEMP ACT SP,AV:3008241
GTP-NAE189,NAE189/Field Bus2.BNET-CH5.LEAVING COND WATER TEMP,AV:3008233
GTP-NAE189,NAE189/Field Bus2.BNET-CH5.OIL PUMP PRESSURE,AV:3008251
GTP-NAE189,NAE189/Field Bus2.BNET-CH5.OIL SUMP PRESSURE,AV:3008250
GTP-NAE189,NAE189/Field Bus2.BNET-CH5.OIL SUMP TEMPERATURE,AV:3008246
GTP-NAE189,NAE189/Field Bus2.BNET-CH5.PANEL ROCKER SW RUN,BV:3008252
GTP-NAE189,NAE189/Field Bus2.BNET-CH5.PANEL ROCKER SW STOP,BV:3008253
GTP-NAE189,NAE189/Field Bus2.BNET-CH5.REM LEAVING CHW TEMP SP,AV:3008224
GTP-NAE189,NAE189/Field Bus2.BNET-CH5.REM MODE READY TO START,BV:3008267
GTP-NAE189,NAE189/Field Bus2.BNET-CH5.REM RUN STOP CMD,BV:3008226
GTP-NAE189,NAE189/Field Bus2.BNET-CH5.SLOW ROLL TIME REMAINING,AV:3008292
GTP-NAE189,NAE189/Field Bus2.BNET-CH5.STEAM FLOW SENSOR,AV:3008289
GTP-NAE189,NAE189/Field Bus2.BNET-CH5.SUBCOOLER REFRIG LEVEL,AV:3008247
GTP-NAE189,NAE189/Field Bus2.BNET-CH5.THRUST BEARING PROX POS,AV:3008280
GTP-NAE189,NAE189/Field Bus2.BNET-CH5.THRUST BEARING PROX REF,AV:3008281
GTP-NAE189,NAE189/Field Bus2.BNET-CH5.TURBINE 1ST STG STM PRES,AV:3008238
GTP-NAE189,NAE189/Field Bus2.BNET-CH5.TURBINE AUX OIL PMP CONA,BV:3008294
GTP-NAE189,NAE189/Field Bus2.BNET-CH5.TURBINE AUX OIL PMP CONT,BV:3008293
GTP-NAE189,NAE189/Field Bus2.BNET-CH5.TURBINE EXHAUST STM PRES,AV:3008240
GTP-NAE189,NAE189/Field Bus2.BNET-CH5.TURBINE GOV END BRG TEMP,AV:3008282
GTP-NAE189,NAE189/Field Bus2.BNET-CH5.TURBINE HP LIMIT SP,AV:3008225
GTP-NAE189,NAE189/Field Bus2.BNET-CH5.TURBINE INLET STEAM PRES,AV:3008235
GTP-NAE189,NAE189/Field Bus2.BNET-CH5.TURBINE INLET STEAM TEMP,AV:3008234
GTP-NAE189,NAE189/Field Bus2.BNET-CH5.TURBINE OIL CLRW SOL VLV,BV:3008295
GTP-NAE189,NAE189/Field Bus2.BNET-CH5.TURBINE ROTATING CONT,BV:3008268
GTP-NAE189,NAE189/Field Bus2.BNET-CH5.TURBINE SHF END BRG TEMP,AV:3008283
GTP-NAE189,NAE189/Field Bus2.BNET-CH5.TURBINE SPEED,AV:3008239
GTP-NAE189,NAE189/Field Bus2.BNET-CH5.TURBINE STATUS CODE,MV:3008276
GTP-NAE189,NAE189/Field Bus2.BNET-CH5.TURBINE SUPPLY OIL PRESS,AV:3008237
GTP-NAE189,NAE189/Field Bus2.BNET-CH5.TURBINE SUPPLY OIL TEMP,AV:3008236
GTP-NAE189,NAE189/Field Bus2.BNET-CH5.TURBINE TRIP SOL VLV,BV:3008269
GTP-NAE189,NAE189/Field Bus2.BNET-CH5.TURBINE TRIP VLV CLO LS,BV:3008270
GTP-NAE189,NAE189/Field Bus2.BNET-CH5.UNIT CONTROL SOURCE,MV:3008275
GTP-NAE189,NAE189/Field Bus2.BNET-CH5.UNIT CYCLING FAULT CODE,MV:3008273
GTP-NAE189,NAE189/Field Bus2.BNET-CH5.UNIT INHIBIT FAULT CODE,MV:3008278
GTP-NAE189,NAE189/Field Bus2.BNET-CH5.UNIT INTERNAL FAULT CODE,MV:3008279
GTP-NAE189,NAE189/Field Bus2.BNET-CH5.UNIT MODIF RUN FLT CODE,MV:3008277
GTP-NAE189,NAE189/Field Bus2.BNET-CH5.UNIT OPERATION CODE,MV:3008271
GTP-NAE189,NAE189/Field Bus2.BNET-CH5.UNIT SAFETY FAULT CODE,MV:3008272
GTP-NAE189,NAE189/Field Bus2.BNET-CH5.UNIT WARNING FAULT CODE,MV:3008274
GTP-NAE189,NAE189/Field Bus2.KW-CP1.AI-Voltage line-neutral,AI:3007980
GTP-NAE189,NAE189/Field Bus2.KW-CP1.Current average,AI:3007979
GTP-NAE189,NAE189/Field Bus2.KW-CP1.Current phase A,AI:3007990
GTP-NAE189,NAE189/Field Bus2.KW-CP1.Current phase B,AI:3007991
GTP-NAE189,NAE189/Field Bus2.KW-CP1.Current phase C,AI:3007992
GTP-NAE189,NAE189/Field Bus2.KW-CP1.Frequency,AI:3007981
GTP-NAE189,NAE189/Field Bus2.KW-CP1.Phase angle,AI:3007982
GTP-NAE189,NAE189/Field Bus2.KW-CP1.Phase angle phase A,AI:3007999
GTP-NAE189,NAE189/Field Bus2.KW-CP1.Phase angle phase B,AI:3008000
GTP-NAE189,NAE189/Field Bus2.KW-CP1.Phase angle phase C,AI:3008001
GTP-NAE189,NAE189/Field Bus2.KW-CP1.Power demand,AI:3007978
GTP-NAE189,NAE189/Field Bus2.KW-CP1.Power factor,AI:3007977
GTP-NAE189,NAE189/Field Bus2.KW-CP1.Power factor phase A,AI:3007987
GTP-NAE189,NAE189/Field Bus2.KW-CP1.Power factor phase B,AI:3007988
GTP-NAE189,NAE189/Field Bus2.KW-CP1.Power factor phase C,AI:3007989
GTP-NAE189,NAE189/Field Bus2.KW-CP1.Reactive power phase A,AI:3007986
GTP-NAE189,NAE189/Field Bus2.KW-CP1.Real Power,AI:3007976
GTP-NAE189,NAE189/Field Bus2.KW-CP1.Real power phase A,AI:3007983
GTP-NAE189,NAE189/Field Bus2.KW-CP1.Real power phase B,AI:3007984
GTP-NAE189,NAE189/Field Bus2.KW-CP1.Real power phase C,AI:3007985
GTP-NAE189,NAE189/Field Bus2.KW-CP1.Voltage line-line phase A-B,AI:3007996
GTP-NAE189,NAE189/Field Bus2.KW-CP1.Voltage line-line phase B-C,AI:3007997
GTP-NAE189,NAE189/Field Bus2.KW-CP1.Voltage line-line phase C-A,AI:3007998
GTP-NAE189,NAE189/Field Bus2.KW-CP1.Voltage line-neutral phase A-N,AI:3007993
GTP-NAE189,NAE189/Field Bus2.KW-CP1.Voltage line-neutral phase B-N,AI:3007994
GTP-NAE189,NAE189/Field Bus2.KW-CP1.Voltage line-neutral phase C-N,AI:3007995
GTP-NAE189,NAE189/Field Bus2.KW-CP3.AI-5,AI:3007066
GTP-NAE189,NAE189/Field Bus2.KW-CP3.AI-8,AI:3007067
GTP-NAE189,NAE189/Field Bus2.KW-CP3.AI-9,AI:3007068
GTP-NAE189,NAE189/Field Bus2.KW-CP3.AI-10,AI:3007069
GTP-NAE189,NAE189/Field Bus2.KW-CP3.AI-11,AI:3007070
GTP-NAE189,NAE189/Field Bus2.KW-CP3.AI-12,AI:3007071
GTP-NAE189,NAE189/Field Bus2.KW-CP3.AI-13,AI:3007072
GTP-NAE189,NAE189/Field Bus2.KW-CP3.AI-14,AI:3007073
GTP-NAE189,NAE189/Field Bus2.KW-CP3.AI-15,AI:3007074
GTP-NAE189,NAE189/Field Bus2.KW-CP3.AI-16,AI:3007075
GTP-NAE189,NAE189/Field Bus2.KW-CP3.AI-17,AI:3007076
GTP-NAE189,NAE189/Field Bus2.KW-CP3.AI-18,AI:3007077
GTP-NAE189,NAE189/Field Bus2.KW-CP3.AI-24,AI:3007078
GTP-NAE189,NAE189/Field Bus2.KW-CP3.AI-25,AI:3007079
GTP-NAE189,NAE189/Field Bus2.KW-CP3.AI-26,AI:3007080
GTP-NAE189,NAE189/Field Bus2.KW-CP3.AI-27,AI:3007081
GTP-NAE189,NAE189/Field Bus2.KW-CP3.AI-28,AI:3007082
GTP-NAE189,NAE189/Field Bus2.KW-CP3.AI-29,AI:3007083
GTP-NAE189,NAE189/Field Bus2.KW-CP3.AI-30,AI:3007084
GTP-NAE189,NAE189/Field Bus2.KW-CP3.AI-31,AI:3007085
GTP-NAE189,NAE189/Field Bus2.KW-CP3.AI-32,AI:3007086
GTP-NAE189,NAE189/Field Bus2.KW-CP3.AI-33,AI:3007087
GTP-NAE189,NAE189/Field Bus2.KW-CP3.AI-34,AI:3007088
GTP-NAE189,NAE189/Field Bus2.KW-CP3.AI-35,AI:3007089
GTP-NAE189,NAE189/Field Bus2.KW-CP3.AI-36,AI:3007090
GTP-NAE189,NAE189/Field Bus2.KW-CP3.AI-37,AI:3007091
GTP-NAE189,NAE189/Field Bus2.KW-CP3.AI-38,AI:3007092
GTP-NAE189,NAE189/Field Bus2.KW-CP4.AI-10,AI:3007564
GTP-NAE189,NAE189/Field Bus2.KW-CP4.AI-Voltage line-neutral,AI:3007582
GTP-NAE189,NAE189/Field Bus2.KW-CP4.Current phase A,AI:3007763
GTP-NAE189,NAE189/Field Bus2.KW-CP4.Current phase B,AI:3007781
GTP-NAE189,NAE189/Field Bus2.KW-CP4.Current phase C,AI:3007799
GTP-NAE189,NAE189/Field Bus2.KW-CP4.Frequency,AI:3007601
GTP-NAE189,NAE189/Field Bus2.KW-CP4.Phase angle,AI:3007619
GTP-NAE189,NAE189/Field Bus2.KW-CP4.Phase angle phase A,AI:3007925
GTP-NAE189,NAE189/Field Bus2.KW-CP4.Phase angle phase B,AI:3007943
GTP-NAE189,NAE189/Field Bus2.KW-CP4.Phase angle phase C,AI:3007961
GTP-NAE189,NAE189/Field Bus2.KW-CP4.Power demand,AI:3007546
GTP-NAE189,NAE189/Field Bus2.KW-CP4.Power factor,AI:3007528
GTP-NAE189,NAE189/Field Bus2.KW-CP4.Power factor phase A,AI:3007709
GTP-NAE189,NAE189/Field Bus2.KW-CP4.Power factor phase B,AI:3007727
GTP-NAE189,NAE189/Field Bus2.KW-CP4.Power factor phase C,AI:3007745
GTP-NAE189,NAE189/Field Bus2.KW-CP4.Reactive power phase A,AI:3007691
GTP-NAE189,NAE189/Field Bus2.KW-CP4.Real Power,AI:3007510
GTP-NAE189,NAE189/Field Bus2.KW-CP4.Real power phase A,AI:3007637
GTP-NAE189,NAE189/Field Bus2.KW-CP4.Real power phase B,AI:3007655
GTP-NAE189,NAE189/Field Bus2.KW-CP4.Real power phase C,AI:3007673
GTP-NAE189,NAE189/Field Bus2.KW-CP4.Voltage line-line phase A-B,AI:3007871
GTP-NAE189,NAE189/Field Bus2.KW-CP4.Voltage line-line phase B-C,AI:3007889
GTP-NAE189,NAE189/Field Bus2.KW-CP4.Voltage line-line phase C-A,AI:3007907
GTP-NAE189,NAE189/Field Bus2.KW-CP4.Voltage line-neutral phase A-N,AI:3007817
GTP-NAE189,NAE189/Field Bus2.KW-CP4.Voltage line-neutral phase B-N,AI:3007835
GTP-NAE189,NAE189/Field Bus2.KW-CP4.Voltage line-neutral phase C-N,AI:3007853
GTP-NAE189,NAE189/Field Bus2.KW-CP5.AI-10,AI:3007574
GTP-NAE189,NAE189/Field Bus2.KW-CP5.AI-Voltage line-neutral,AI:3007592
GTP-NAE189,NAE189/Field Bus2.KW-CP5.Current phase A,AI:3007773
GTP-NAE189,NAE189/Field Bus2.KW-CP5.Current phase B,AI:3007791
GTP-NAE189,NAE189/Field Bus2.KW-CP5.Current phase C,AI:3007809
GTP-NAE189,NAE189/Field Bus2.KW-CP5.Frequency,AI:3007611
GTP-NAE189,NAE189/Field Bus2.KW-CP5.Phase angle,AI:3007629
GTP-NAE189,NAE189/Field Bus2.KW-CP5.Phase angle phase A,AI:3007935
GTP-NAE189,NAE189/Field Bus2.KW-CP5.Phase angle phase B,AI:3007953
GTP-NAE189,NAE189/Field Bus2.KW-CP5.Phase angle phase C,AI:3007971
GTP-NAE189,NAE189/Field Bus2.KW-CP5.Power demand,AI:3007556
GTP-NAE189,NAE189/Field Bus2.KW-CP5.Power factor,AI:3007538
GTP-NAE189,NAE189/Field Bus2.KW-CP5.Power factor phase A,AI:3007719
GTP-NAE189,NAE189/Field Bus2.KW-CP5.Power factor phase B,AI:3007737
GTP-NAE189,NAE189/Field Bus2.KW-CP5.Power factor phase C,AI:3007755
GTP-NAE189,NAE189/Field Bus2.KW-CP5.Reactive power phase A,AI:3007701
GTP-NAE189,NAE189/Field Bus2.KW-CP5.Real Power,AI:3007520
GTP-NAE189,NAE189/Field Bus2.KW-CP5.Real power phase A,AI:3007647
GTP-NAE189,NAE189/Field Bus2.KW-CP5.Real power phase B,AI:3007665
GTP-NAE189,NAE189/Field Bus2.KW-CP5.Real power phase C,AI:3007683
GTP-NAE189,NAE189/Field Bus2.KW-CP5.Voltage line-line phase A-B,AI:3007881
GTP-NAE189,NAE189/Field Bus2.KW-CP5.Voltage line-line phase B-C,AI:3007899
GTP-NAE189,NAE189/Field Bus2.KW-CP5.Voltage line-line phase C-A,AI:3007917
GTP-NAE189,NAE189/Field Bus2.KW-CP5.Voltage line-neutral phase A-N,AI:3007827
GTP-NAE189,NAE189/Field Bus2.KW-CP5.Voltage line-neutral phase B-N,AI:3007845
GTP-NAE189,NAE189/Field Bus2.KW-CP5.Voltage line-neutral phase C-N,AI:3007863
GTP-NAE189,NAE189/Field Bus2.KW-LP1.AI-1,AI:3010713
GTP-NAE189,NAE189/Field Bus2.KW-LP1.AI-2,AI:3010714
GTP-NAE189,NAE189/Field Bus2.KW-LP1.AI-10,AI:3007570
GTP-NAE189,NAE189/Field Bus2.KW-LP1.AI-Voltage line-neutral,AI:3007588
GTP-NAE189,NAE189/Field Bus2.KW-LP1.Current phase A,AI:3007769
GTP-NAE189,NAE189/Field Bus2.KW-LP1.Current phase B,AI:3007787
GTP-NAE189,NAE189/Field Bus2.KW-LP1.Current phase C,AI:3007805
GTP-NAE189,NAE189/Field Bus2.KW-LP1.Frequency,AI:3007607
GTP-NAE189,NAE189/Field Bus2.KW-LP1.Phase angle,AI:3007625
GTP-NAE189,NAE189/Field Bus2.KW-LP1.Phase angle phase A,AI:3007931
GTP-NAE189,NAE189/Field Bus2.KW-LP1.Phase angle phase B,AI:3007949
GTP-NAE189,NAE189/Field Bus2.KW-LP1.Phase angle phase C,AI:3007967
GTP-NAE189,NAE189/Field Bus2.KW-LP1.Power demand,AI:3007552
GTP-NAE189,NAE189/Field Bus2.KW-LP1.Power factor,AI:3007534
GTP-NAE189,NAE189/Field Bus2.KW-LP1.Power factor phase A,AI:3007715
GTP-NAE189,NAE189/Field Bus2.KW-LP1.Power factor phase B,AI:3007733
GTP-NAE189,NAE189/Field Bus2.KW-LP1.Power factor phase C,AI:3007751
GTP-NAE189,NAE189/Field Bus2.KW-LP1.Reactive power phase A,AI:3007697
GTP-NAE189,NAE189/Field Bus2.KW-LP1.Real Power,AI:3007516
GTP-NAE189,NAE189/Field Bus2.KW-LP1.Real power phase A,AI:3007643
GTP-NAE189,NAE189/Field Bus2.KW-LP1.Real power phase B,AI:3007661
GTP-NAE189,NAE189/Field Bus2.KW-LP1.Real power phase C,AI:3007679
GTP-NAE189,NAE189/Field Bus2.KW-LP1.Voltage line-line phase A-B,AI:3007877
GTP-NAE189,NAE189/Field Bus2.KW-LP1.Voltage line-line phase B-C,AI:3007895
GTP-NAE189,NAE189/Field Bus2.KW-LP1.Voltage line-line phase C-A,AI:3007913
GTP-NAE189,NAE189/Field Bus2.KW-LP1.Voltage line-neutral phase A-N,AI:3007823
GTP-NAE189,NAE189/Field Bus2.KW-LP1.Voltage line-neutral phase B-N,AI:3007841
GTP-NAE189,NAE189/Field Bus2.KW-LP1.Voltage line-neutral phase C-N,AI:3007859
GTP-NAE189,NAE189/Field Bus2.KW-LP2.AI-10,AI:3007571
GTP-NAE189,NAE189/Field Bus2.KW-LP2.AI-Voltage line-neutral,AI:3007589
GTP-NAE189,NAE189/Field Bus2.KW-LP2.Current phase A,AI:3007770
GTP-NAE189,NAE189/Field Bus2.KW-LP2.Current phase B,AI:3007788
GTP-NAE189,NAE189/Field Bus2.KW-LP2.Current phase C,AI:3007806
GTP-NAE189,NAE189/Field Bus2.KW-LP2.Frequency,AI:3007608
GTP-NAE189,NAE189/Field Bus2.KW-LP2.Phase angle,AI:3007626
GTP-NAE189,NAE189/Field Bus2.KW-LP2.Phase angle phase A,AI:3007932
GTP-NAE189,NAE189/Field Bus2.KW-LP2.Phase angle phase B,AI:3007950
GTP-NAE189,NAE189/Field Bus2.KW-LP2.Phase angle phase C,AI:3007968
GTP-NAE189,NAE189/Field Bus2.KW-LP2.Power demand,AI:3007553
GTP-NAE189,NAE189/Field Bus2.KW-LP2.Power factor,AI:3007535
GTP-NAE189,NAE189/Field Bus2.KW-LP2.Power factor phase A,AI:3007716
GTP-NAE189,NAE189/Field Bus2.KW-LP2.Power factor phase B,AI:3007734
GTP-NAE189,NAE189/Field Bus2.KW-LP2.Power factor phase C,AI:3007752
GTP-NAE189,NAE189/Field Bus2.KW-LP2.Reactive power phase A,AI:3007698
GTP-NAE189,NAE189/Field Bus2.KW-LP2.Real Power,AI:3007517
GTP-NAE189,NAE189/Field Bus2.KW-LP2.Real power phase A,AI:3007644
GTP-NAE189,NAE189/Field Bus2.KW-LP2.Real power phase B,AI:3007662
GTP-NAE189,NAE189/Field Bus2.KW-LP2.Real power phase C,AI:3007680
GTP-NAE189,NAE189/Field Bus2.KW-LP2.Voltage line-line phase A-B,AI:3007878
GTP-NAE189,NAE189/Field Bus2.KW-LP2.Voltage line-line phase B-C,AI:3007896
GTP-NAE189,NAE189/Field Bus2.KW-LP2.Voltage line-line phase C-A,AI:3007914
GTP-NAE189,NAE189/Field Bus2.KW-LP2.Voltage line-neutral phase A-N,AI:3007824
GTP-NAE189,NAE189/Field Bus2.KW-LP2.Voltage line-neutral phase B-N,AI:3007842
GTP-NAE189,NAE189/Field Bus2.KW-LP2.Voltage line-neutral phase C-N,AI:3007860
GTP-NAE189,NAE189/Field Bus2.KW-LP3.AI-10,AI:3007575
GTP-NAE189,NAE189/Field Bus2.KW-LP3.AI-Voltage line-neutral,AI:3007593
GTP-NAE189,NAE189/Field Bus2.KW-LP3.Current phase A,AI:3007774
GTP-NAE189,NAE189/Field Bus2.KW-LP3.Current phase B,AI:3007792
GTP-NAE189,NAE189/Field Bus2.KW-LP3.Current phase C,AI:3007810
GTP-NAE189,NAE189/Field Bus2.KW-LP3.Frequency,AI:3007612
GTP-NAE189,NAE189/Field Bus2.KW-LP3.Phase angle,AI:3007630
GTP-NAE189,NAE189/Field Bus2.KW-LP3.Phase angle phase A,AI:3007936
GTP-NAE189,NAE189/Field Bus2.KW-LP3.Phase angle phase B,AI:3007954
GTP-NAE189,NAE189/Field Bus2.KW-LP3.Phase angle phase C,AI:3007972
GTP-NAE189,NAE189/Field Bus2.KW-LP3.Power demand,AI:3007557
GTP-NAE189,NAE189/Field Bus2.KW-LP3.Power factor,AI:3007539
GTP-NAE189,NAE189/Field Bus2.KW-LP3.Power factor phase A,AI:3007720
GTP-NAE189,NAE189/Field Bus2.KW-LP3.Power factor phase B,AI:3007738
GTP-NAE189,NAE189/Field Bus2.KW-LP3.Power factor phase C,AI:3007756
GTP-NAE189,NAE189/Field Bus2.KW-LP3.Reactive power phase A,AI:3007702
GTP-NAE189,NAE189/Field Bus2.KW-LP3.Real Power,AI:3007521
GTP-NAE189,NAE189/Field Bus2.KW-LP3.Real power phase A,AI:3007648
GTP-NAE189,NAE189/Field Bus2.KW-LP3.Real power phase B,AI:3007666
GTP-NAE189,NAE189/Field Bus2.KW-LP3.Real power phase C,AI:3007684
GTP-NAE189,NAE189/Field Bus2.KW-LP3.Voltage line-line phase A-B,AI:3007882
GTP-NAE189,NAE189/Field Bus2.KW-LP3.Voltage line-line phase B-C,AI:3007900
GTP-NAE189,NAE189/Field Bus2.KW-LP3.Voltage line-line phase C-A,AI:3007918
GTP-NAE189,NAE189/Field Bus2.KW-LP3.Voltage line-neutral phase A-N,AI:3007828
GTP-NAE189,NAE189/Field Bus2.KW-LP3.Voltage line-neutral phase B-N,AI:3007846
GTP-NAE189,NAE189/Field Bus2.KW-LP3.Voltage line-neutral phase C-N,AI:3007864
GTP-NAE189,NAE189/Field Bus2.KW-LP4.AI-10,AI:3007578
GTP-NAE189,NAE189/Field Bus2.KW-LP4.AI-Voltage line-neutral,AI:3007596
GTP-NAE189,NAE189/Field Bus2.KW-LP4.Current phase A,AI:3007777
GTP-NAE189,NAE189/Field Bus2.KW-LP4.Current phase B,AI:3007795
GTP-NAE189,NAE189/Field Bus2.KW-LP4.Current phase C,AI:3007813
GTP-NAE189,NAE189/Field Bus2.KW-LP4.Frequency,AI:3007615
GTP-NAE189,NAE189/Field Bus2.KW-LP4.Phase angle,AI:3007633
GTP-NAE189,NAE189/Field Bus2.KW-LP4.Phase angle phase A,AI:3007939
GTP-NAE189,NAE189/Field Bus2.KW-LP4.Phase angle phase B,AI:3007957
GTP-NAE189,NAE189/Field Bus2.KW-LP4.Phase angle phase C,AI:3007975
GTP-NAE189,NAE189/Field Bus2.KW-LP4.Power demand,AI:3007560
GTP-NAE189,NAE189/Field Bus2.KW-LP4.Power factor,AI:3007542
GTP-NAE189,NAE189/Field Bus2.KW-LP4.Power factor phase A,AI:3007723
GTP-NAE189,NAE189/Field Bus2.KW-LP4.Power factor phase B,AI:3007741
GTP-NAE189,NAE189/Field Bus2.KW-LP4.Power factor phase C,AI:3007759
GTP-NAE189,NAE189/Field Bus2.KW-LP4.Reactive power phase A,AI:3007705
GTP-NAE189,NAE189/Field Bus2.KW-LP4.Real Power,AI:3007524
GTP-NAE189,NAE189/Field Bus2.KW-LP4.Real power phase A,AI:3007651
GTP-NAE189,NAE189/Field Bus2.KW-LP4.Real power phase B,AI:3007669
GTP-NAE189,NAE189/Field Bus2.KW-LP4.Real power phase C,AI:3007687
GTP-NAE189,NAE189/Field Bus2.KW-LP4.Voltage line-line phase A-B,AI:3007885
GTP-NAE189,NAE189/Field Bus2.KW-LP4.Voltage line-line phase B-C,AI:3007903
GTP-NAE189,NAE189/Field Bus2.KW-LP4.Voltage line-line phase C-A,AI:3007921
GTP-NAE189,NAE189/Field Bus2.KW-LP4.Voltage line-neutral phase A-N,AI:3007831
GTP-NAE189,NAE189/Field Bus2.KW-LP4.Voltage line-neutral phase B-N,AI:3007849
GTP-NAE189,NAE189/Field Bus2.KW-LP4.Voltage line-neutral phase C-N,AI:3007867
GTP-NAE189,NAE189/Field Bus2.KW-TF4.AI-10,AI:3007563
GTP-NAE189,NAE189/Field Bus2.KW-TF4.AI-Voltage line-neutral,AI:3007581
GTP-NAE189,NAE189/Field Bus2.KW-TF4.Current phase A,AI:3007762
GTP-NAE189,NAE189/Field Bus2.KW-TF4.Current phase B,AI:3007780
GTP-NAE189,NAE189/Field Bus2.KW-TF4.Current phase C,AI:3007798
GTP-NAE189,NAE189/Field Bus2.KW-TF4.Frequency,AI:3007600
GTP-NAE189,NAE189/Field Bus2.KW-TF4.Phase angle,AI:3007618
GTP-NAE189,NAE189/Field Bus2.KW-TF4.Phase angle phase A,AI:3007924
GTP-NAE189,NAE189/Field Bus2.KW-TF4.Phase angle phase B,AI:3007942
GTP-NAE189,NAE189/Field Bus2.KW-TF4.Phase angle phase C,AI:3007960
GTP-NAE189,NAE189/Field Bus2.KW-TF4.Power demand,AI:3007545
GTP-NAE189,NAE189/Field Bus2.KW-TF4.Power factor,AI:3007527
GTP-NAE189,NAE189/Field Bus2.KW-TF4.Power factor phase A,AI:3007708
GTP-NAE189,NAE189/Field Bus2.KW-TF4.Power factor phase B,AI:3007726
GTP-NAE189,NAE189/Field Bus2.KW-TF4.Power factor phase C,AI:3007744
GTP-NAE189,NAE189/Field Bus2.KW-TF4.Reactive power phase A,AI:3007690
GTP-NAE189,NAE189/Field Bus2.KW-TF4.Real Power,AI:3007509
GTP-NAE189,NAE189/Field Bus2.KW-TF4.Real power phase A,AI:3007636
GTP-NAE189,NAE189/Field Bus2.KW-TF4.Real power phase B,AI:3007654
GTP-NAE189,NAE189/Field Bus2.KW-TF4.Real power phase C,AI:3007672
GTP-NAE189,NAE189/Field Bus2.KW-TF4.Voltage line-line phase A-B,AI:3007870
GTP-NAE189,NAE189/Field Bus2.KW-TF4.Voltage line-line phase B-C,AI:3007888
GTP-NAE189,NAE189/Field Bus2.KW-TF4.Voltage line-line phase C-A,AI:3007906
GTP-NAE189,NAE189/Field Bus2.KW-TF4.Voltage line-neutral phase A-N,AI:3007816
GTP-NAE189,NAE189/Field Bus2.KW-TF4.Voltage line-neutral phase B-N,AI:3007834
GTP-NAE189,NAE189/Field Bus2.KW-TF4.Voltage line-neutral phase C-N,AI:3007852
GTP-NAE189,NAE189/Field Bus2.KW-TF5.AI-10,AI:3007568
GTP-NAE189,NAE189/Field Bus2.KW-TF5.AI-Voltage line-neutral,AI:3007586
GTP-NAE189,NAE189/Field Bus2.KW-TF5.Current phase A,AI:3007767
GTP-NAE189,NAE189/Field Bus2.KW-TF5.Current phase B,AI:3007785
GTP-NAE189,NAE189/Field Bus2.KW-TF5.Current phase C,AI:3007803
GTP-NAE189,NAE189/Field Bus2.KW-TF5.Frequency,AI:3007605
GTP-NAE189,NAE189/Field Bus2.KW-TF5.Phase angle,AI:3007623
GTP-NAE189,NAE189/Field Bus2.KW-TF5.Phase angle phase A,AI:3007929
GTP-NAE189,NAE189/Field Bus2.KW-TF5.Phase angle phase B,AI:3007947
GTP-NAE189,NAE189/Field Bus2.KW-TF5.Phase angle phase C,AI:3007965
GTP-NAE189,NAE189/Field Bus2.KW-TF5.Power demand,AI:3007550
GTP-NAE189,NAE189/Field Bus2.KW-TF5.Power factor,AI:3007532
GTP-NAE189,NAE189/Field Bus2.KW-TF5.Power factor phase A,AI:3007713
GTP-NAE189,NAE189/Field Bus2.KW-TF5.Power factor phase B,AI:3007731
GTP-NAE189,NAE189/Field Bus2.KW-TF5.Power factor phase C,AI:3007749
GTP-NAE189,NAE189/Field Bus2.KW-TF5.Reactive power phase A,AI:3007695
GTP-NAE189,NAE189/Field Bus2.KW-TF5.Real Power,AI:3007514
GTP-NAE189,NAE189/Field Bus2.KW-TF5.Real power phase A,AI:3007641
GTP-NAE189,NAE189/Field Bus2.KW-TF5.Real power phase B,AI:3007659
GTP-NAE189,NAE189/Field Bus2.KW-TF5.Real power phase C,AI:3007677
GTP-NAE189,NAE189/Field Bus2.KW-TF5.Voltage line-line phase A-B,AI:3007875
GTP-NAE189,NAE189/Field Bus2.KW-TF5.Voltage line-line phase B-C,AI:3007893
GTP-NAE189,NAE189/Field Bus2.KW-TF5.Voltage line-line phase C-A,AI:3007911
GTP-NAE189,NAE189/Field Bus2.KW-TF5.Voltage line-neutral phase A-N,AI:3007821
GTP-NAE189,NAE189/Field Bus2.KW-TF5.Voltage line-neutral phase B-N,AI:3007839
GTP-NAE189,NAE189/Field Bus2.KW-TF5.Voltage line-neutral phase C-N,AI:3007857
GTP-NAE189,NAE189/Field Bus2.KW-TF6.AI-10,AI:3007572
GTP-NAE189,NAE189/Field Bus2.KW-TF6.AI-Voltage line-neutral,AI:3007590
GTP-NAE189,NAE189/Field Bus2.KW-TF6.Current phase A,AI:3007771
GTP-NAE189,NAE189/Field Bus2.KW-TF6.Current phase B,AI:3007789
GTP-NAE189,NAE189/Field Bus2.KW-TF6.Current phase C,AI:3007807
GTP-NAE189,NAE189/Field Bus2.KW-TF6.Frequency,AI:3007609
GTP-NAE189,NAE189/Field Bus2.KW-TF6.Phase angle,AI:3007627
GTP-NAE189,NAE189/Field Bus2.KW-TF6.Phase angle phase A,AI:3007933
GTP-NAE189,NAE189/Field Bus2.KW-TF6.Phase angle phase B,AI:3007951
GTP-NAE189,NAE189/Field Bus2.KW-TF6.Phase angle phase C,AI:3007969
GTP-NAE189,NAE189/Field Bus2.KW-TF6.Power demand,AI:3007554
GTP-NAE189,NAE189/Field Bus2.KW-TF6.Power factor,AI:3007536
GTP-NAE189,NAE189/Field Bus2.KW-TF6.Power factor phase A,AI:3007717
GTP-NAE189,NAE189/Field Bus2.KW-TF6.Power factor phase B,AI:3007735
GTP-NAE189,NAE189/Field Bus2.KW-TF6.Power factor phase C,AI:3007753
GTP-NAE189,NAE189/Field Bus2.KW-TF6.Reactive power phase A,AI:3007699
GTP-NAE189,NAE189/Field Bus2.KW-TF6.Real Power,AI:3007518
GTP-NAE189,NAE189/Field Bus2.KW-TF6.Real power phase A,AI:3007645
GTP-NAE189,NAE189/Field Bus2.KW-TF6.Real power phase B,AI:3007663
GTP-NAE189,NAE189/Field Bus2.KW-TF6.Real power phase C,AI:3007681
GTP-NAE189,NAE189/Field Bus2.KW-TF6.Voltage line-line phase A-B,AI:3007879
GTP-NAE189,NAE189/Field Bus2.KW-TF6.Voltage line-line phase B-C,AI:3007897
GTP-NAE189,NAE189/Field Bus2.KW-TF6.Voltage line-line phase C-A,AI:3007915
GTP-NAE189,NAE189/Field Bus2.KW-TF6.Voltage line-neutral phase A-N,AI:3007825
GTP-NAE189,NAE189/Field Bus2.KW-TF6.Voltage line-neutral phase B-N,AI:3007843
GTP-NAE189,NAE189/Field Bus2.KW-TF6.Voltage line-neutral phase C-N,AI:3007861
GTP-NAE189,NAE189/Field Bus2.KW-TF7.AI-10,AI:3007577
GTP-NAE189,NAE189/Field Bus2.KW-TF7.AI-Voltage line-neutral,AI:3007595
GTP-NAE189,NAE189/Field Bus2.KW-TF7.Current phase A,AI:3007776
GTP-NAE189,NAE189/Field Bus2.KW-TF7.Current phase B,AI:3007794
GTP-NAE189,NAE189/Field Bus2.KW-TF7.Current phase C,AI:3007812
GTP-NAE189,NAE189/Field Bus2.KW-TF7.Frequency,AI:3007614
GTP-NAE189,NAE189/Field Bus2.KW-TF7.Phase angle,AI:3007632
GTP-NAE189,NAE189/Field Bus2.KW-TF7.Phase angle phase A,AI:3007938
GTP-NAE189,NAE189/Field Bus2.KW-TF7.Phase angle phase B,AI:3007956
GTP-NAE189,NAE189/Field Bus2.KW-TF7.Phase angle phase C,AI:3007974
GTP-NAE189,NAE189/Field Bus2.KW-TF7.Power demand,AI:3007559
GTP-NAE189,NAE189/Field Bus2.KW-TF7.Power factor,AI:3007541
GTP-NAE189,NAE189/Field Bus2.KW-TF7.Power factor phase A,AI:3007722
GTP-NAE189,NAE189/Field Bus2.KW-TF7.Power factor phase B,AI:3007740
GTP-NAE189,NAE189/Field Bus2.KW-TF7.Power factor phase C,AI:3007758
GTP-NAE189,NAE189/Field Bus2.KW-TF7.Reactive power phase A,AI:3007704
GTP-NAE189,NAE189/Field Bus2.KW-TF7.Real Power,AI:3007523
GTP-NAE189,NAE189/Field Bus2.KW-TF7.Real power phase A,AI:3007650
GTP-NAE189,NAE189/Field Bus2.KW-TF7.Real power phase B,AI:3007668
GTP-NAE189,NAE189/Field Bus2.KW-TF7.Real power phase C,AI:3007686
GTP-NAE189,NAE189/Field Bus2.KW-TF7.Voltage line-line phase A-B,AI:3007884
GTP-NAE189,NAE189/Field Bus2.KW-TF7.Voltage line-line phase B-C,AI:3007902
GTP-NAE189,NAE189/Field Bus2.KW-TF7.Voltage line-line phase C-A,AI:3007920
GTP-NAE189,NAE189/Field Bus2.KW-TF7.Voltage line-neutral phase A-N,AI:3007830
GTP-NAE189,NAE189/Field Bus2.KW-TF7.Voltage line-neutral phase B-N,AI:3007848
GTP-NAE189,NAE189/Field Bus2.KW-TF7.Voltage line-neutral phase C-N,AI:3007866
GTP-NAE189,NAE189/Field Bus2.KW-TF8.AI-10,AI:3007576
GTP-NAE189,NAE189/Field Bus2.KW-TF8.AI-Voltage line-neutral,AI:3007594
GTP-NAE189,NAE189/Field Bus2.KW-TF8.Current phase A,AI:3007775
GTP-NAE189,NAE189/Field Bus2.KW-TF8.Current phase B,AI:3007793
GTP-NAE189,NAE189/Field Bus2.KW-TF8.Current phase C,AI:3007811
GTP-NAE189,NAE189/Field Bus2.KW-TF8.Frequency,AI:3007613
GTP-NAE189,NAE189/Field Bus2.KW-TF8.Phase angle,AI:3007631
GTP-NAE189,NAE189/Field Bus2.KW-TF8.Phase angle phase A,AI:3007937
GTP-NAE189,NAE189/Field Bus2.KW-TF8.Phase angle phase B,AI:3007955
GTP-NAE189,NAE189/Field Bus2.KW-TF8.Phase angle phase C,AI:3007973
GTP-NAE189,NAE189/Field Bus2.KW-TF8.Power demand,AI:3007558
GTP-NAE189,NAE189/Field Bus2.KW-TF8.Power factor,AI:3007540
GTP-NAE189,NAE189/Field Bus2.KW-TF8.Power factor phase A,AI:3007721
GTP-NAE189,NAE189/Field Bus2.KW-TF8.Power factor phase B,AI:3007739
GTP-NAE189,NAE189/Field Bus2.KW-TF8.Power factor phase C,AI:3007757
GTP-NAE189,NAE189/Field Bus2.KW-TF8.Reactive power phase A,AI:3007703
GTP-NAE189,NAE189/Field Bus2.KW-TF8.Real Power,AI:3007522
GTP-NAE189,NAE189/Field Bus2.KW-TF8.Real power phase A,AI:3007649
GTP-NAE189,NAE189/Field Bus2.KW-TF8.Real power phase B,AI:3007667
GTP-NAE189,NAE189/Field Bus2.KW-TF8.Real power phase C,AI:3007685
GTP-NAE189,NAE189/Field Bus2.KW-TF8.Voltage line-line phase A-B,AI:3007883
GTP-NAE189,NAE189/Field Bus2.KW-TF8.Voltage line-line phase B-C,AI:3007901
GTP-NAE189,NAE189/Field Bus2.KW-TF8.Voltage line-line phase C-A,AI:3007919
GTP-NAE189,NAE189/Field Bus2.KW-TF8.Voltage line-neutral phase A-N,AI:3007829
GTP-NAE189,NAE189/Field Bus2.KW-TF8.Voltage line-neutral phase B-N,AI:3007847
GTP-NAE189,NAE189/Field Bus2.KW-TF8.Voltage line-neutral phase C-N,AI:3007865
GTP-NAE189,NAE189/Field Bus2.KW-TP2.AI-5,AI:3008007
GTP-NAE189,NAE189/Field Bus2.KW-TP2.AI-6,AI:3008008
GTP-NAE189,NAE189/Field Bus2.KW-TP2.AI-7,AI:3008009
GTP-NAE189,NAE189/Field Bus2.KW-TP2.AI-8,AI:3008010
GTP-NAE189,NAE189/Field Bus2.KW-TP2.AI-9,AI:3008011
GTP-NAE189,NAE189/Field Bus2.KW-TP2.AI-10,AI:3008012
GTP-NAE189,NAE189/Field Bus2.KW-TP2.AI-11,AI:3008013
GTP-NAE189,NAE189/Field Bus2.KW-TP2.AI-12,AI:3008014
GTP-NAE189,NAE189/Field Bus2.KW-TP2.AI-13,AI:3008015
GTP-NAE189,NAE189/Field Bus2.KW-TP2.AI-14,AI:3008016
GTP-NAE189,NAE189/Field Bus2.KW-TP2.AI-15,AI:3008017
GTP-NAE189,NAE189/Field Bus2.KW-TP2.AI-16,AI:3008018
GTP-NAE189,NAE189/Field Bus2.KW-TP2.AI-17,AI:3008019
GTP-NAE189,NAE189/Field Bus2.KW-TP2.AI-18,AI:3008020
GTP-NAE189,NAE189/Field Bus2.KW-TP2.AI-19,AI:3008021
GTP-NAE189,NAE189/Field Bus2.KW-TP2.AI-20,AI:3008022
GTP-NAE189,NAE189/Field Bus2.KW-TP2.AI-21,AI:3008023
GTP-NAE189,NAE189/Field Bus2.KW-TP2.AI-22,AI:3008024
GTP-NAE189,NAE189/Field Bus2.KW-TP2.AI-23,AI:3008025
GTP-NAE189,NAE189/Field Bus2.KW-TP2.AI-24,AI:3008026
GTP-NAE189,NAE189/Field Bus2.KW-TP2.AI-25,AI:3008027
GTP-NAE189,NAE189/Field Bus2.KW-TP2.AI-26,AI:3008028
GTP-NAE189,NAE189/Field Bus2.KW-TP2.AI-27,AI:3008029
GTP-NAE189,NAE189/Field Bus2.KW-TP2.AI-28,AI:3008030
GTP-NAE189,NAE189/Field Bus2.KW-TP2.AI-29,AI:3008031
GTP-NAE189,NAE189/Field Bus2.KW-TP2.AI-30,AI:3008032
GTP-NAE189,NAE189/Field Bus2.KW-TP2.AI-31,AI:3008033
GTP-NAE189,NAE189/Field Bus2.KW-TP2.AI-32,AI:3008034
GTP-NAE189,NAE189/Field Bus2.KW-TP2.AI-33,AI:3008035
GTP-NAE189,NAE189/Field Bus2.KW-TP2.AI-34,AI:3008036
GTP-NAE189,NAE189/Field Bus2.KW-TP2.AI-35,AI:3008037
GTP-NAE189,NAE189/Field Bus2.KW-TP2.AI-36,AI:3008038
GTP-NAE189,NAE189/Field Bus2.KW-TP2.AI-37,AI:3008039
GTP-NAE189,NAE189/Field Bus2.KW-TP2.AI-38,AI:3008040
GTP-NAE189,NAE189/Field Bus2.KW-TP3.AI-10,AI:3007565
GTP-NAE189,NAE189/Field Bus2.KW-TP3.AI-Voltage line-neutral,AI:3007583
GTP-NAE189,NAE189/Field Bus2.KW-TP3.Current phase A,AI:3007764
GTP-NAE189,NAE189/Field Bus2.KW-TP3.Current phase B,AI:3007782
GTP-NAE189,NAE189/Field Bus2.KW-TP3.Current phase C,AI:3007800
GTP-NAE189,NAE189/Field Bus2.KW-TP3.Frequency,AI:3007602
GTP-NAE189,NAE189/Field Bus2.KW-TP3.Phase angle,AI:3007620
GTP-NAE189,NAE189/Field Bus2.KW-TP3.Phase angle phase A,AI:3007926
GTP-NAE189,NAE189/Field Bus2.KW-TP3.Phase angle phase B,AI:3007944
GTP-NAE189,NAE189/Field Bus2.KW-TP3.Phase angle phase C,AI:3007962
GTP-NAE189,NAE189/Field Bus2.KW-TP3.Power demand,AI:3007547
GTP-NAE189,NAE189/Field Bus2.KW-TP3.Power factor,AI:3007529
GTP-NAE189,NAE189/Field Bus2.KW-TP3.Power factor phase A,AI:3007710
GTP-NAE189,NAE189/Field Bus2.KW-TP3.Power factor phase B,AI:3007728
GTP-NAE189,NAE189/Field Bus2.KW-TP3.Power factor phase C,AI:3007746
GTP-NAE189,NAE189/Field Bus2.KW-TP3.Reactive power phase A,AI:3007692
GTP-NAE189,NAE189/Field Bus2.KW-TP3.Real Power,AI:3007511
GTP-NAE189,NAE189/Field Bus2.KW-TP3.Real power phase A,AI:3007638
GTP-NAE189,NAE189/Field Bus2.KW-TP3.Real power phase B,AI:3007656
GTP-NAE189,NAE189/Field Bus2.KW-TP3.Real power phase C,AI:3007674
GTP-NAE189,NAE189/Field Bus2.KW-TP3.Voltage line-line phase A-B,AI:3007872
GTP-NAE189,NAE189/Field Bus2.KW-TP3.Voltage line-line phase B-C,AI:3007890
GTP-NAE189,NAE189/Field Bus2.KW-TP3.Voltage line-line phase C-A,AI:3007908
GTP-NAE189,NAE189/Field Bus2.KW-TP3.Voltage line-neutral phase A-N,AI:3007818
GTP-NAE189,NAE189/Field Bus2.KW-TP3.Voltage line-neutral phase B-N,AI:3007836
GTP-NAE189,NAE189/Field Bus2.KW-TP3.Voltage line-neutral phase C-N,AI:3007854
GTP-NAE189,NAE189/Field Bus2.KW-TP4.AI-10,AI:3007569
GTP-NAE189,NAE189/Field Bus2.KW-TP4.AI-Voltage line-neutral,AI:3007587
GTP-NAE189,NAE189/Field Bus2.KW-TP4.Current phase A,AI:3007768
GTP-NAE189,NAE189/Field Bus2.KW-TP4.Current phase B,AI:3007786
GTP-NAE189,NAE189/Field Bus2.KW-TP4.Current phase C,AI:3007804
GTP-NAE189,NAE189/Field Bus2.KW-TP4.Frequency,AI:3007606
GTP-NAE189,NAE189/Field Bus2.KW-TP4.Phase angle,AI:3007624
GTP-NAE189,NAE189/Field Bus2.KW-TP4.Phase angle phase A,AI:3007930
GTP-NAE189,NAE189/Field Bus2.KW-TP4.Phase angle phase B,AI:3007948
GTP-NAE189,NAE189/Field Bus2.KW-TP4.Phase angle phase C,AI:3007966
GTP-NAE189,NAE189/Field Bus2.KW-TP4.Power demand,AI:3007551
GTP-NAE189,NAE189/Field Bus2.KW-TP4.Power factor,AI:3007533
GTP-NAE189,NAE189/Field Bus2.KW-TP4.Power factor phase A,AI:3007714
GTP-NAE189,NAE189/Field Bus2.KW-TP4.Power factor phase B,AI:3007732
GTP-NAE189,NAE189/Field Bus2.KW-TP4.Power factor phase C,AI:3007750
GTP-NAE189,NAE189/Field Bus2.KW-TP4.Reactive power phase A,AI:3007696
GTP-NAE189,NAE189/Field Bus2.KW-TP4.Real Power,AI:3007515
GTP-NAE189,NAE189/Field Bus2.KW-TP4.Real power phase A,AI:3007642
GTP-NAE189,NAE189/Field Bus2.KW-TP4.Real power phase B,AI:3007660
GTP-NAE189,NAE189/Field Bus2.KW-TP4.Real power phase C,AI:3007678
GTP-NAE189,NAE189/Field Bus2.KW-TP4.Voltage line-line phase A-B,AI:3007876
GTP-NAE189,NAE189/Field Bus2.KW-TP4.Voltage line-line phase B-C,AI:3007894
GTP-NAE189,NAE189/Field Bus2.KW-TP4.Voltage line-line phase C-A,AI:3007912
GTP-NAE189,NAE189/Field Bus2.KW-TP4.Voltage line-neutral phase A-N,AI:3007822
GTP-NAE189,NAE189/Field Bus2.KW-TP4.Voltage line-neutral phase B-N,AI:3007840
GTP-NAE189,NAE189/Field Bus2.KW-TP4.Voltage line-neutral phase C-N,AI:3007858
GTP-NAE189,NAE189/Field Bus2.KW-TP5.AI-10,AI:3007573
GTP-NAE189,NAE189/Field Bus2.KW-TP5.AI-Voltage line-neutral,AI:3007591
GTP-NAE189,NAE189/Field Bus2.KW-TP5.Current phase A,AI:3007772
GTP-NAE189,NAE189/Field Bus2.KW-TP5.Current phase B,AI:3007790
GTP-NAE189,NAE189/Field Bus2.KW-TP5.Current phase C,AI:3007808
GTP-NAE189,NAE189/Field Bus2.KW-TP5.Frequency,AI:3007610
GTP-NAE189,NAE189/Field Bus2.KW-TP5.Phase angle,AI:3007628
GTP-NAE189,NAE189/Field Bus2.KW-TP5.Phase angle phase A,AI:3007934
GTP-NAE189,NAE189/Field Bus2.KW-TP5.Phase angle phase B,AI:3007952
GTP-NAE189,NAE189/Field Bus2.KW-TP5.Phase angle phase C,AI:3007970
GTP-NAE189,NAE189/Field Bus2.KW-TP5.Power demand,AI:3007555
GTP-NAE189,NAE189/Field Bus2.KW-TP5.Power factor,AI:3007537
GTP-NAE189,NAE189/Field Bus2.KW-TP5.Power factor phase A,AI:3007718
GTP-NAE189,NAE189/Field Bus2.KW-TP5.Power factor phase B,AI:3007736
GTP-NAE189,NAE189/Field Bus2.KW-TP5.Power factor phase C,AI:3007754
GTP-NAE189,NAE189/Field Bus2.KW-TP5.Reactive power phase A,AI:3007700
GTP-NAE189,NAE189/Field Bus2.KW-TP5.Real Power,AI:3007519
GTP-NAE189,NAE189/Field Bus2.KW-TP5.Real power phase A,AI:3007646
GTP-NAE189,NAE189/Field Bus2.KW-TP5.Real power phase B,AI:3007664
GTP-NAE189,NAE189/Field Bus2.KW-TP5.Real power phase C,AI:3007682
GTP-NAE189,NAE189/Field Bus2.KW-TP5.Voltage line-line phase A-B,AI:3007880
GTP-NAE189,NAE189/Field Bus2.KW-TP5.Voltage line-line phase B-C,AI:3007898
GTP-NAE189,NAE189/Field Bus2.KW-TP5.Voltage line-line phase C-A,AI:3007916
GTP-NAE189,NAE189/Field Bus2.KW-TP5.Voltage line-neutral phase A-N,AI:3007826
GTP-NAE189,NAE189/Field Bus2.KW-TP5.Voltage line-neutral phase B-N,AI:3007844
GTP-NAE189,NAE189/Field Bus2.KW-TP5.Voltage line-neutral phase C-N,AI:3007862
GTP-NAE189,NAE189/Field Bus2.KW-TW2F1.AI-10,AI:3007562
GTP-NAE189,NAE189/Field Bus2.KW-TW2F1.AI-Voltage line-neutral,AI:3007580
GTP-NAE189,NAE189/Field Bus2.KW-TW2F1.Current phase A,AI:3007761
GTP-NAE189,NAE189/Field Bus2.KW-TW2F1.Current phase B,AI:3007779
GTP-NAE189,NAE189/Field Bus2.KW-TW2F1.Current phase C,AI:3007797
GTP-NAE189,NAE189/Field Bus2.KW-TW2F1.Frequency,AI:3007599
GTP-NAE189,NAE189/Field Bus2.KW-TW2F1.Phase angle,AI:3007617
GTP-NAE189,NAE189/Field Bus2.KW-TW2F1.Phase angle phase A,AI:3007923
GTP-NAE189,NAE189/Field Bus2.KW-TW2F1.Phase angle phase B,AI:3007941
GTP-NAE189,NAE189/Field Bus2.KW-TW2F1.Phase angle phase C,AI:3007959
GTP-NAE189,NAE189/Field Bus2.KW-TW2F1.Power demand,AI:3007544
GTP-NAE189,NAE189/Field Bus2.KW-TW2F1.Power factor,AI:3007526
GTP-NAE189,NAE189/Field Bus2.KW-TW2F1.Power factor phase A,AI:3007707
GTP-NAE189,NAE189/Field Bus2.KW-TW2F1.Power factor phase B,AI:3007725
GTP-NAE189,NAE189/Field Bus2.KW-TW2F1.Power factor phase C,AI:3007743
GTP-NAE189,NAE189/Field Bus2.KW-TW2F1.Reactive power phase A,AI:3007689
GTP-NAE189,NAE189/Field Bus2.KW-TW2F1.Real Power,AI:3007508
GTP-NAE189,NAE189/Field Bus2.KW-TW2F1.Real power phase A,AI:3007635
GTP-NAE189,NAE189/Field Bus2.KW-TW2F1.Real power phase B,AI:3007653
GTP-NAE189,NAE189/Field Bus2.KW-TW2F1.Real power phase C,AI:3007671
GTP-NAE189,NAE189/Field Bus2.KW-TW2F1.Voltage line-line phase A-B,AI:3007869
GTP-NAE189,NAE189/Field Bus2.KW-TW2F1.Voltage line-line phase B-C,AI:3007887
GTP-NAE189,NAE189/Field Bus2.KW-TW2F1.Voltage line-line phase C-A,AI:3007905
GTP-NAE189,NAE189/Field Bus2.KW-TW2F1.Voltage line-neutral phase A-N,AI:3007815
GTP-NAE189,NAE189/Field Bus2.KW-TW2F1.Voltage line-neutral phase B-N,AI:3007833
GTP-NAE189,NAE189/Field Bus2.KW-TW2F1.Voltage line-neutral phase C-N,AI:3007851
GTP-NAE189,NAE189/Field Bus2.KW-TW2F2.AI-5,AI:3007040
GTP-NAE189,NAE189/Field Bus2.KW-TW2F2.AI-8,AI:3007041
GTP-NAE189,NAE189/Field Bus2.KW-TW2F2.AI-9,AI:3007042
GTP-NAE189,NAE189/Field Bus2.KW-TW2F2.AI-10,AI:3007043
GTP-NAE189,NAE189/Field Bus2.KW-TW2F2.AI-11,AI:3007044
GTP-NAE189,NAE189/Field Bus2.KW-TW2F2.AI-12,AI:3007045
GTP-NAE189,NAE189/Field Bus2.KW-TW2F2.AI-13,AI:3007046
GTP-NAE189,NAE189/Field Bus2.KW-TW2F2.AI-15,AI:3007047
GTP-NAE189,NAE189/Field Bus2.KW-TW2F2.AI-16,AI:3007048
GTP-NAE189,NAE189/Field Bus2.KW-TW2F2.AI-17,AI:3007049
GTP-NAE189,NAE189/Field Bus2.KW-TW2F2.AI-24,AI:3007050
GTP-NAE189,NAE189/Field Bus2.KW-TW2F2.AI-25,AI:3007051
GTP-NAE189,NAE189/Field Bus2.KW-TW2F2.AI-26,AI:3007052
GTP-NAE189,NAE189/Field Bus2.KW-TW2F2.AI-27,AI:3007053
GTP-NAE189,NAE189/Field Bus2.KW-TW2F2.AI-28,AI:3007054
GTP-NAE189,NAE189/Field Bus2.KW-TW2F2.AI-29,AI:3007055
GTP-NAE189,NAE189/Field Bus2.KW-TW2F2.AI-30,AI:3007056
GTP-NAE189,NAE189/Field Bus2.KW-TW2F2.AI-31,AI:3007057
GTP-NAE189,NAE189/Field Bus2.KW-TW2F2.AI-32,AI:3007058
GTP-NAE189,NAE189/Field Bus2.KW-TW2F2.AI-33,AI:3007059
GTP-NAE189,NAE189/Field Bus2.KW-TW2F2.AI-34,AI:3007060
GTP-NAE189,NAE189/Field Bus2.KW-TW2F2.AI-35,AI:3007061
GTP-NAE189,NAE189/Field Bus2.KW-TW2F2.AI-36,AI:3007062
GTP-NAE189,NAE189/Field Bus2.KW-TW2F2.AI-37,AI:3007063
GTP-NAE189,NAE189/Field Bus2.KW-TW2F2.AI-38,AI:3007064
GTP-NAE189,NAE189/Field Bus2.KW-TW3F1.AI-10,AI:3007567
GTP-NAE189,NAE189/Field Bus2.KW-TW3F1.AI-Voltage line-neutral,AI:3007585
GTP-NAE189,NAE189/Field Bus2.KW-TW3F1.Current phase A,AI:3007766
GTP-NAE189,NAE189/Field Bus2.KW-TW3F1.Current phase B,AI:3007784
GTP-NAE189,NAE189/Field Bus2.KW-TW3F1.Current phase C,AI:3007802
GTP-NAE189,NAE189/Field Bus2.KW-TW3F1.Frequency,AI:3007604
GTP-NAE189,NAE189/Field Bus2.KW-TW3F1.Phase angle,AI:3007622
GTP-NAE189,NAE189/Field Bus2.KW-TW3F1.Phase angle phase A,AI:3007928
GTP-NAE189,NAE189/Field Bus2.KW-TW3F1.Phase angle phase B,AI:3007946
GTP-NAE189,NAE189/Field Bus2.KW-TW3F1.Phase angle phase C,AI:3007964
GTP-NAE189,NAE189/Field Bus2.KW-TW3F1.Power demand,AI:3007549
GTP-NAE189,NAE189/Field Bus2.KW-TW3F1.Power factor,AI:3007531
GTP-NAE189,NAE189/Field Bus2.KW-TW3F1.Power factor phase A,AI:3007712
GTP-NAE189,NAE189/Field Bus2.KW-TW3F1.Power factor phase B,AI:3007730
GTP-NAE189,NAE189/Field Bus2.KW-TW3F1.Power factor phase C,AI:3007748
GTP-NAE189,NAE189/Field Bus2.KW-TW3F1.Reactive power phase A,AI:3007694
GTP-NAE189,NAE189/Field Bus2.KW-TW3F1.Real Power,AI:3007513
GTP-NAE189,NAE189/Field Bus2.KW-TW3F1.Real power phase A,AI:3007640
GTP-NAE189,NAE189/Field Bus2.KW-TW3F1.Real power phase B,AI:3007658
GTP-NAE189,NAE189/Field Bus2.KW-TW3F1.Real power phase C,AI:3007676
GTP-NAE189,NAE189/Field Bus2.KW-TW3F1.Voltage line-line phase A-B,AI:3007874
GTP-NAE189,NAE189/Field Bus2.KW-TW3F1.Voltage line-line phase B-C,AI:3007892
GTP-NAE189,NAE189/Field Bus2.KW-TW3F1.Voltage line-line phase C-A,AI:3007910
GTP-NAE189,NAE189/Field Bus2.KW-TW3F1.Voltage line-neutral phase A-N,AI:3007820
GTP-NAE189,NAE189/Field Bus2.KW-TW3F1.Voltage line-neutral phase B-N,AI:3007838
GTP-NAE189,NAE189/Field Bus2.KW-TW3F1.Voltage line-neutral phase C-N,AI:3007856
GTP-NAE189,NAE189/Field Bus2.KW-TW3F2.AI-10,AI:3007566
GTP-NAE189,NAE189/Field Bus2.KW-TW3F2.AI-Voltage line-neutral,AI:3007584
GTP-NAE189,NAE189/Field Bus2.KW-TW3F2.Current phase A,AI:3007765
GTP-NAE189,NAE189/Field Bus2.KW-TW3F2.Current phase B,AI:3007783
GTP-NAE189,NAE189/Field Bus2.KW-TW3F2.Current phase C,AI:3007801
GTP-NAE189,NAE189/Field Bus2.KW-TW3F2.Frequency,AI:3007603
GTP-NAE189,NAE189/Field Bus2.KW-TW3F2.Phase angle,AI:3007621
GTP-NAE189,NAE189/Field Bus2.KW-TW3F2.Phase angle phase A,AI:3007927
GTP-NAE189,NAE189/Field Bus2.KW-TW3F2.Phase angle phase B,AI:3007945
GTP-NAE189,NAE189/Field Bus2.KW-TW3F2.Phase angle phase C,AI:3007963
GTP-NAE189,NAE189/Field Bus2.KW-TW3F2.Power demand,AI:3007548
GTP-NAE189,NAE189/Field Bus2.KW-TW3F2.Power factor,AI:3007530
GTP-NAE189,NAE189/Field Bus2.KW-TW3F2.Power factor phase A,AI:3007711
GTP-NAE189,NAE189/Field Bus2.KW-TW3F2.Power factor phase B,AI:3007729
GTP-NAE189,NAE189/Field Bus2.KW-TW3F2.Power factor phase C,AI:3007747
GTP-NAE189,NAE189/Field Bus2.KW-TW3F2.Reactive power phase A,AI:3007693
GTP-NAE189,NAE189/Field Bus2.KW-TW3F2.Real Power,AI:3007512
GTP-NAE189,NAE189/Field Bus2.KW-TW3F2.Real power phase A,AI:3007639
GTP-NAE189,NAE189/Field Bus2.KW-TW3F2.Real power phase B,AI:3007657
GTP-NAE189,NAE189/Field Bus2.KW-TW3F2.Real power phase C,AI:3007675
GTP-NAE189,NAE189/Field Bus2.KW-TW3F2.Voltage line-line phase A-B,AI:3007873
GTP-NAE189,NAE189/Field Bus2.KW-TW3F2.Voltage line-line phase B-C,AI:3007891
GTP-NAE189,NAE189/Field Bus2.KW-TW3F2.Voltage line-line phase C-A,AI:3007909
GTP-NAE189,NAE189/Field Bus2.KW-TW3F2.Voltage line-neutral phase A-N,AI:3007819
GTP-NAE189,NAE189/Field Bus2.KW-TW3F2.Voltage line-neutral phase B-N,AI:3007837
GTP-NAE189,NAE189/Field Bus2.KW-TW3F2.Voltage line-neutral phase C-N,AI:3007855
GTP-NAE189,NAE189/Programming.Chiller Sequence.GTPCH-SEQ,AV:3003436
GTP-NAE189,NAE189/Programming.Data Points.GTP1-Cond-App,AV:3012595
GTP-NAE189,NAE189/Programming.Data Points.GTP1-Evap-App,AV:3012597
GTP-NAE189,NAE189/Programming.Data Points.GTP3-Cond-App,AV:3012601
GTP-NAE189,NAE189/Programming.Data Points.GTP3-Evap-App,AV:3012599
GTP-NAE189,NAE189/Programming.Data Points.GTP4-Cond-App,AV:3012604
GTP-NAE189,NAE189/Programming.Data Points.GTP4-Evap-App,AV:3012602
GTP-NAE189,NAE189/Programming.Data Points.GTP5-Cond-App,AV:3012608
GTP-NAE189,NAE189/Programming.Data Points.GTP5-Evap-App,AV:3012606
GTP-NAE189,NAE189/Programming.Data Points.GTP AH24 CW-PEAK,AV:3004431
GTP-NAE189,NAE189/Programming.Data Points.GTP AH24 CW-Totalization,AV:3011004
GTP-NAE189,NAE189/Programming.Data Points.GTP AH35 CW-PEAK,AV:3004433
GTP-NAE189,NAE189/Programming.Data Points.GTP AH35 CW-Totalization,AV:3011005
GTP-NAE189,NAE189/Programming.Data Points.GTP INLET CW-Totalization,AV:3011006
GTP-NAE189,NAE189/Programming.Data Points.GTP INLET-CLG CW-PEAK,AV:3004506
GTP-NAE189,NAE189/Programming.Data Points.GTP-SNDFLT-BW-Totalization,AV:3010786
GTP-NAE189,NAE189/Programming.Data Points.GTP-TW23-BLW-F-Totalization,AV:3010791
GTP-NAE189,NAE189/Programming.Data Points.GTP-TW23MU-F-Totalization,AV:3010784
GTP-NAE189,NAE189/Programming.Data Points.GTP-TW48-BLW-F-Totalization,AV:3010792
GTP-NAE189,NAE189/Programming.Data Points.GTP-TW48MU-F-Totalization,AV:3010785
GTP-NAE189,NAE189/Programming.Data Points.INLET-CLG-S,BV:3003885
GTP-NAE189,NAE189/Programming.Data Points.PCW-LOAD,AV:3017287
GTP-NAE189,NAE189/Programming.LP-SC Control.LCW-DP-CALC,AV:3003565
GTP-NAE189,NAE189/Programming.LP-SC Control.LP-DP Elec Hi Reset,AV:3003660
GTP-NAE189,NAE189/Programming.LP-SC Control.LP-DP Elec Lo Reset,AV:3003659
GTP-NAE189,NAE189/Programming.LP-SC Control.LP-DP Hi In,AV:3003658
GTP-NAE189,NAE189/Programming.LP-SC Control.LP-DP Lo In,AV:3003657
GTP-NAE189,NAE189/Programming.LP-SC Control.LP-DP Stm Hi Reset,AV:3003662
GTP-NAE189,NAE189/Programming.LP-SC Control.LP-DP Stm Lo Reset,AV:3003661
GTP-NAE189,NAE189/Programming.PCW Data.GTP1-AUX-KW,AV:3002832
GTP-NAE189,NAE189/Programming.PCW Data.GTP3-AUX-KW,AV:3002833
GTP-NAE189,NAE189/Programming.PCW Data.GTP4-AUX-KW,AV:3002834
GTP-NAE189,NAE189/Programming.PCW Data.GTP5-AUX-KW,AV:3002835
GTP-NAE189,NAE189/Programming.PCW Data.GTP-AUX-KWpTon,AV:3002838
GTP-NAE189,NAE189/Programming.PCW Data.GTP-C1-HkWpTon,AV:3003866
GTP-NAE189,NAE189/Programming.PCW Data.GTP-C3-HkWpTon,AV:3003867
GTP-NAE189,NAE189/Programming.PCW Data.GTP-C3-TURB-HkWpTon,AV:3007094
GTP-NAE189,NAE189/Programming.PCW Data.GTP-C4-HkWpTon,AV:3003868
GTP-NAE189,NAE189/Programming.PCW Data.GTP-C4-TURB-HkWpTon,AV:3007095
GTP-NAE189,NAE189/Programming.PCW Data.GTP-C5-HkWpTon,AV:3003869
GTP-NAE189,NAE189/Programming.PCW Data.GTP-C5-TURB-HkWpTon,AV:3007096
GTP-NAE189,NAE189/Programming.PCW Data.GTP-COMP-HkWpTon,AV:3004340
GTP-NAE189,NAE189/Programming.PCW Data.GTP-CP-KWpTon,AV:3002839
GTP-NAE189,NAE189/Programming.PCW Data.GTP-HVAC-KW,AV:3002844
GTP-NAE189,NAE189/Programming.PCW Data.GTP-LP-KWpTon,AV:3002840
GTP-NAE189,NAE189/Programming.PCW Data.GTP-PCW-HkWpTon,AV:3002836
GTP-NAE189,NAE189/Programming.PCW Data.GTP-PCW-LD,AV:3002831
GTP-NAE189,NAE189/Programming.PCW Data.GTP-STM-HkWpTon,AV:3002837
GTP-NAE189,NAE189/Programming.PCW Data.GTP-TF-KWpTon,AV:3002842
GTP-NAE189,NAE189/Programming.PCW Data.GTP-TP-KWpTon,AV:3002841
GTP-NAE189,NAE189/Programming.PCW Data.GTP-TRT23-KW,AV:3004715
GTP-NAE189,NAE189/Programming.PCW Data.GTP-TRT48-KW,AV:3004719
GTP-NAE189,NAE189/Programming.Water Treatment.GTP23-CHEM-FEED-ALARM,BV:3012111
GTP-NAE189,NAE189/Programming.Water Treatment.GTP23-CIRC-HR,AV:3003349
GTP-NAE189,NAE189/Programming.Water Treatment.GTP23-GLUT-ALARM,BV:3012992
GTP-NAE189,NAE189/Programming.Water Treatment.GTP23-TOWER-CIRC,BV:3003345
GTP-NAE189,NAE189/Programming.Water Treatment.GTP48-ACID PUMP ALARM,BV:3010065
GTP-NAE189,NAE189/Programming.Water Treatment.GTP48-BLEACH PUMP ALARM,BV:3010177
GTP-NAE189,NAE189/Programming.Water Treatment.GTP48-CHEM-FEED-ALARM,BV:3012114
GTP-NAE189,NAE189/Programming.Water Treatment.GTP48-CIRC-HR,AV:3003351
GTP-NAE189,NAE189/Programming.Water Treatment.GTP48-GLUT-ALARM,BV:3012995
GTP-NAE189,NAE189/Programming.Water Treatment.GTP48-TOWER-CIRC,BV:3003347
GTP-NAE189,NAE189/Programming.Water Treatment.TW23-BLEACH-FLUSH,BV:3022964
GTP-NAE189,NAE189/Programming.Water Treatment.TW23-COND-ALARM-ENB,BV:3022327
GTP-NAE189,NAE189/Programming.Water Treatment.TW23-FCL-ALARM-ENB,BV:3019718
GTP-NAE189,NAE189/Programming.Water Treatment.TW23-FCL-SP,AV:3015875
GTP-NAE189,NAE189/Programming.Water Treatment.TW23-GLUT-LOCK-DAY,AV:3014051
GTP-NAE189,NAE189/Programming.Water Treatment.TW23-GLUT-LOCK-DELAY-OFF,AV:3014055
GTP-NAE189,NAE189/Programming.Water Treatment.TW23-GLUT-LOCK-HR,AV:3014053
GTP-NAE189,NAE189/Programming.Water Treatment.TW23-GLUT-LOCKOUT,BV:3014049
GTP-NAE189,NAE189/Programming.Water Treatment.TW23-ORP-HiLimit,AV:3015877
GTP-NAE189,NAE189/Programming.Water Treatment.TW23-PH-ALARM-ENB,BV:3022325
GTP-NAE189,NAE189/Programming.Water Treatment.TW23-PH_COND-ALARM-ENB,BV:3020376
GTP-NAE189,NAE189/Programming.Water Treatment.TW48-BLEACH-FLUSH,BV:3022966
GTP-NAE189,NAE189/Programming.Water Treatment.TW48-COND-ALARM-ENB,BV:3022331
GTP-NAE189,NAE189/Programming.Water Treatment.TW48-FCL-ALARM-ENB,BV:3019720
GTP-NAE189,NAE189/Programming.Water Treatment.TW48-FCL-SP,AV:3013222
GTP-NAE189,NAE189/Programming.Water Treatment.TW48-GLUT-LOCK-DAY,AV:3014059
GTP-NAE189,NAE189/Programming.Water Treatment.TW48-GLUT-LOCK-DELAY-OFF,AV:3014063
GTP-NAE189,NAE189/Programming.Water Treatment.TW48-GLUT-LOCK-HR,AV:3014061
GTP-NAE189,NAE189/Programming.Water Treatment.TW48-GLUT-LOCKOUT,BV:3014057
GTP-NAE189,NAE189/Programming.Water Treatment.TW48-ORP-HiLimit,AV:3013317
GTP-NAE189,NAE189/Programming.Water Treatment.TW48-PH-ALARM-ENB,BV:3022329
GTP-NAE189,NAE189/Programming.Water Treatment.TW48-PH_COND-ALARM-ENB,BV:3020378
GTP-NAE189,NAE189/Programming.Weather Station.GTP OADB-T,AV:3003272
GTP-NAE189,NAE189/Programming.Weather Station.GTP OAWB-T,AV:3003274
Hearnes-NAE171,NAE171/Field Bus1.FCU-201.CLG-O,AO:3050000
Hearnes-NAE171,NAE171/Field Bus1.FCU-201.DA-T,AI:3050001
Hearnes-NAE171,NAE171/Field Bus1.FCU-201.MOAD-C,BO:3050004
Hearnes-NAE171,NAE171/Field Bus1.FCU-201.OA-T,AV:3050008
Hearnes-NAE171,NAE171/Field Bus1.FCU-201.OCC-S,BI:3050003
Hearnes-NAE171,NAE171/Field Bus1.FCU-201.Parameters.AHU-STATE,MV:3050033
Hearnes-NAE171,NAE171/Field Bus1.FCU-201.Parameters.CLG-OUTSTATE,MV:3050021
Hearnes-NAE171,NAE171/Field Bus1.FCU-201.Parameters.CLGOATLOCKOUT-SP,AV:3050019
Hearnes-NAE171,NAE171/Field Bus1.FCU-201.Parameters.CLGOCC-SP,AV:3050025
Hearnes-NAE171,NAE171/Field Bus1.FCU-201.Parameters.CLGUNOCC-SP,AV:3050026
Hearnes-NAE171,NAE171/Field Bus1.FCU-201.Parameters.DATCLGMAX-SP,AV:3050010
Hearnes-NAE171,NAE171/Field Bus1.FCU-201.Parameters.DATCLGMIN-SP,AV:3050013
Hearnes-NAE171,NAE171/Field Bus1.FCU-201.Parameters.DATCLGUNOCC-SP,AV:3050017
Hearnes-NAE171,NAE171/Field Bus1.FCU-201.Parameters.DATHTGMAX-SP,AV:3050011
Hearnes-NAE171,NAE171/Field Bus1.FCU-201.Parameters.DATHTGMIN-SP,AV:3050012
Hearnes-NAE171,NAE171/Field Bus1.FCU-201.Parameters.DATHTGUNOCC-SP,AV:3050016
Hearnes-NAE171,NAE171/Field Bus1.FCU-201.Parameters.DATSP-STATE,MV:3050014
Hearnes-NAE171,NAE171/Field Bus1.FCU-201.Parameters.DEHUM-SP,AV:3050015
Hearnes-NAE171,NAE171/Field Bus1.FCU-201.Parameters.EFF-OCC,MV:3050031
Hearnes-NAE171,NAE171/Field Bus1.FCU-201.Parameters.EFFCLG-SP,AV:3050029
Hearnes-NAE171,NAE171/Field Bus1.FCU-201.Parameters.EFFDAT-SP,AV:3050018
Hearnes-NAE171,NAE171/Field Bus1.FCU-201.Parameters.EFFHTG-SP,AV:3050030
Hearnes-NAE171,NAE171/Field Bus1.FCU-201.Parameters.HTGOCC-SP,AV:3050027
Hearnes-NAE171,NAE171/Field Bus1.FCU-201.Parameters.HTGUNOCC-SP,AV:3050028
Hearnes-NAE171,NAE171/Field Bus1.FCU-201.Parameters.MOAD-OUTSTATE,MV:3050023
Hearnes-NAE171,NAE171/Field Bus1.FCU-201.Parameters.OCC-SCHEDULE,MV:3050020
Hearnes-NAE171,NAE171/Field Bus1.FCU-201.Parameters.RH-EN,BV:3068637
Hearnes-NAE171,NAE171/Field Bus1.FCU-201.Parameters.RH-OUTSTATE,MV:3050022
Hearnes-NAE171,NAE171/Field Bus1.FCU-201.Parameters.TUNING-RESET,BV:3050009
Hearnes-NAE171,NAE171/Field Bus1.FCU-201.Parameters.UNITEN-MODE,MV:3050024
Hearnes-NAE171,NAE171/Field Bus1.FCU-201.Parameters.ZNT-STATE,MV:3050032
Hearnes-NAE171,NAE171/Field Bus1.FCU-201.RH-O,AO:3050002
Hearnes-NAE171,NAE171/Field Bus1.FCU-201.SF-C,BO:3050006
Hearnes-NAE171,NAE171/Field Bus1.FCU-201.SF-O,AO:3050007
Hearnes-NAE171,NAE171/Field Bus1.FCU-201.SF-S,BI:3050005
Hearnes-NAE171,NAE171/Field Bus1.FCU-201.ZN-H,AI:3049999
Hearnes-NAE171,NAE171/Field Bus1.FCU-201.ZN-SP,AV:3049998
Hearnes-NAE171,NAE171/Field Bus1.FCU-201.ZN-T,AI:3049997
Hearnes-NAE171,NAE171/Field Bus1.FCU-202.CLG-O,AO:3050056
Hearnes-NAE171,NAE171/Field Bus1.FCU-202.DA-T,AI:3050057
Hearnes-NAE171,NAE171/Field Bus1.FCU-202.MOAD-C,BO:3050060
Hearnes-NAE171,NAE171/Field Bus1.FCU-202.OA-T,AV:3050064
Hearnes-NAE171,NAE171/Field Bus1.FCU-202.OCC-S,BI:3050059
Hearnes-NAE171,NAE171/Field Bus1.FCU-202.Parameters.AHU-STATE,MV:3050167
Hearnes-NAE171,NAE171/Field Bus1.FCU-202.Parameters.CLG-OUTSTATE,MV:3050155
Hearnes-NAE171,NAE171/Field Bus1.FCU-202.Parameters.CLGOATLOCKOUT-SP,AV:3050153
Hearnes-NAE171,NAE171/Field Bus1.FCU-202.Parameters.CLGOCC-SP,AV:3050159
Hearnes-NAE171,NAE171/Field Bus1.FCU-202.Parameters.CLGUNOCC-SP,AV:3050160
Hearnes-NAE171,NAE171/Field Bus1.FCU-202.Parameters.DATCLGMAX-SP,AV:3050144
Hearnes-NAE171,NAE171/Field Bus1.FCU-202.Parameters.DATCLGMIN-SP,AV:3050147
Hearnes-NAE171,NAE171/Field Bus1.FCU-202.Parameters.DATCLGUNOCC-SP,AV:3050151
Hearnes-NAE171,NAE171/Field Bus1.FCU-202.Parameters.DATHTGMAX-SP,AV:3050145
Hearnes-NAE171,NAE171/Field Bus1.FCU-202.Parameters.DATHTGMIN-SP,AV:3050146
Hearnes-NAE171,NAE171/Field Bus1.FCU-202.Parameters.DATHTGUNOCC-SP,AV:3050150
Hearnes-NAE171,NAE171/Field Bus1.FCU-202.Parameters.DATSP-STATE,MV:3050148
Hearnes-NAE171,NAE171/Field Bus1.FCU-202.Parameters.DEHUM-SP,AV:3050149
Hearnes-NAE171,NAE171/Field Bus1.FCU-202.Parameters.EFF-OCC,MV:3050165
Hearnes-NAE171,NAE171/Field Bus1.FCU-202.Parameters.EFFCLG-SP,AV:3050163
Hearnes-NAE171,NAE171/Field Bus1.FCU-202.Parameters.EFFDAT-SP,AV:3050152
Hearnes-NAE171,NAE171/Field Bus1.FCU-202.Parameters.EFFHTG-SP,AV:3050164
Hearnes-NAE171,NAE171/Field Bus1.FCU-202.Parameters.HTGOCC-SP,AV:3050161
Hearnes-NAE171,NAE171/Field Bus1.FCU-202.Parameters.HTGUNOCC-SP,AV:3050162
Hearnes-NAE171,NAE171/Field Bus1.FCU-202.Parameters.MOAD-OUTSTATE,MV:3050157
Hearnes-NAE171,NAE171/Field Bus1.FCU-202.Parameters.OCC-SCHEDULE,MV:3050154
Hearnes-NAE171,NAE171/Field Bus1.FCU-202.Parameters.RH-EN,BV:3068638
Hearnes-NAE171,NAE171/Field Bus1.FCU-202.Parameters.RH-OUTSTATE,MV:3050156
Hearnes-NAE171,NAE171/Field Bus1.FCU-202.Parameters.TUNING-RESET,BV:3050143
Hearnes-NAE171,NAE171/Field Bus1.FCU-202.Parameters.UNITEN-MODE,MV:3050158
Hearnes-NAE171,NAE171/Field Bus1.FCU-202.Parameters.ZNT-STATE,MV:3050166
Hearnes-NAE171,NAE171/Field Bus1.FCU-202.RH-O,AO:3050058
Hearnes-NAE171,NAE171/Field Bus1.FCU-202.SF-C,BO:3050062
Hearnes-NAE171,NAE171/Field Bus1.FCU-202.SF-O,AO:3050063
Hearnes-NAE171,NAE171/Field Bus1.FCU-202.SF-S,BI:3050061
Hearnes-NAE171,NAE171/Field Bus1.FCU-202.ZN-H,AI:3050055
Hearnes-NAE171,NAE171/Field Bus1.FCU-202.ZN-SP,AV:3050054
Hearnes-NAE171,NAE171/Field Bus1.FCU-202.ZN-T,AI:3050053
Hearnes-NAE171,NAE171/Field Bus1.FCU-203.CLG-O,AO:3050069
Hearnes-NAE171,NAE171/Field Bus1.FCU-203.DA-T,AI:3050070
Hearnes-NAE171,NAE171/Field Bus1.FCU-203.MOAD-C,BO:3050073
Hearnes-NAE171,NAE171/Field Bus1.FCU-203.OA-T,AV:3050077
Hearnes-NAE171,NAE171/Field Bus1.FCU-203.OCC-S,BI:3050072
Hearnes-NAE171,NAE171/Field Bus1.FCU-203.Parameters.AHU-STATE,MV:3050203
Hearnes-NAE171,NAE171/Field Bus1.FCU-203.Parameters.CLG-OUTSTATE,MV:3050191
Hearnes-NAE171,NAE171/Field Bus1.FCU-203.Parameters.CLGOATLOCKOUT-SP,AV:3050189
Hearnes-NAE171,NAE171/Field Bus1.FCU-203.Parameters.CLGOCC-SP,AV:3050195
Hearnes-NAE171,NAE171/Field Bus1.FCU-203.Parameters.CLGUNOCC-SP,AV:3050196
Hearnes-NAE171,NAE171/Field Bus1.FCU-203.Parameters.DATCLGMAX-SP,AV:3050180
Hearnes-NAE171,NAE171/Field Bus1.FCU-203.Parameters.DATCLGMIN-SP,AV:3050183
Hearnes-NAE171,NAE171/Field Bus1.FCU-203.Parameters.DATCLGUNOCC-SP,AV:3050187
Hearnes-NAE171,NAE171/Field Bus1.FCU-203.Parameters.DATHTGMAX-SP,AV:3050181
Hearnes-NAE171,NAE171/Field Bus1.FCU-203.Parameters.DATHTGMIN-SP,AV:3050182
Hearnes-NAE171,NAE171/Field Bus1.FCU-203.Parameters.DATHTGUNOCC-SP,AV:3050186
Hearnes-NAE171,NAE171/Field Bus1.FCU-203.Parameters.DATSP-STATE,MV:3050184
Hearnes-NAE171,NAE171/Field Bus1.FCU-203.Parameters.DEHUM-SP,AV:3050185
Hearnes-NAE171,NAE171/Field Bus1.FCU-203.Parameters.EFF-OCC,MV:3050201
Hearnes-NAE171,NAE171/Field Bus1.FCU-203.Parameters.EFFCLG-SP,AV:3050199
Hearnes-NAE171,NAE171/Field Bus1.FCU-203.Parameters.EFFDAT-SP,AV:3050188
Hearnes-NAE171,NAE171/Field Bus1.FCU-203.Parameters.EFFHTG-SP,AV:3050200
Hearnes-NAE171,NAE171/Field Bus1.FCU-203.Parameters.HTGOCC-SP,AV:3050197
Hearnes-NAE171,NAE171/Field Bus1.FCU-203.Parameters.HTGUNOCC-SP,AV:3050198
Hearnes-NAE171,NAE171/Field Bus1.FCU-203.Parameters.MOAD-OUTSTATE,MV:3050193
Hearnes-NAE171,NAE171/Field Bus1.FCU-203.Parameters.OCC-SCHEDULE,MV:3050190
Hearnes-NAE171,NAE171/Field Bus1.FCU-203.Parameters.RH-OUTSTATE,MV:3050192
Hearnes-NAE171,NAE171/Field Bus1.FCU-203.Parameters.TUNING-RESET,BV:3050179
Hearnes-NAE171,NAE171/Field Bus1.FCU-203.Parameters.UNITEN-MODE,MV:3050194
Hearnes-NAE171,NAE171/Field Bus1.FCU-203.Parameters.ZNT-STATE,MV:3050202
Hearnes-NAE171,NAE171/Field Bus1.FCU-203.RH-O,AO:3050071
Hearnes-NAE171,NAE171/Field Bus1.FCU-203.SF-C,BO:3050075
Hearnes-NAE171,NAE171/Field Bus1.FCU-203.SF-O,AO:3050076
Hearnes-NAE171,NAE171/Field Bus1.FCU-203.SF-S,BI:3050074
Hearnes-NAE171,NAE171/Field Bus1.FCU-203.ZN-H,AI:3050068
Hearnes-NAE171,NAE171/Field Bus1.FCU-203.ZN-SP,AV:3050067
Hearnes-NAE171,NAE171/Field Bus1.FCU-203.ZN-T,AI:3050066
Hearnes-NAE171,NAE171/Field Bus1.FCU-204.CLG-O,AO:3050082
Hearnes-NAE171,NAE171/Field Bus1.FCU-204.DA-T,AI:3050083
Hearnes-NAE171,NAE171/Field Bus1.FCU-204.MOAD-C,BO:3050086
Hearnes-NAE171,NAE171/Field Bus1.FCU-204.OA-T,AV:3050090
Hearnes-NAE171,NAE171/Field Bus1.FCU-204.OCC-S,BI:3050085
Hearnes-NAE171,NAE171/Field Bus1.FCU-204.Parameters.AHU-STATE,MV:3050239
Hearnes-NAE171,NAE171/Field Bus1.FCU-204.Parameters.CLG-OUTSTATE,MV:3050227
Hearnes-NAE171,NAE171/Field Bus1.FCU-204.Parameters.CLGOATLOCKOUT-SP,AV:3050225
Hearnes-NAE171,NAE171/Field Bus1.FCU-204.Parameters.CLGOCC-SP,AV:3050231
Hearnes-NAE171,NAE171/Field Bus1.FCU-204.Parameters.CLGUNOCC-SP,AV:3050232
Hearnes-NAE171,NAE171/Field Bus1.FCU-204.Parameters.DATCLGMAX-SP,AV:3050216
Hearnes-NAE171,NAE171/Field Bus1.FCU-204.Parameters.DATCLGMIN-SP,AV:3050219
Hearnes-NAE171,NAE171/Field Bus1.FCU-204.Parameters.DATCLGUNOCC-SP,AV:3050223
Hearnes-NAE171,NAE171/Field Bus1.FCU-204.Parameters.DATHTGMAX-SP,AV:3050217
Hearnes-NAE171,NAE171/Field Bus1.FCU-204.Parameters.DATHTGMIN-SP,AV:3050218
Hearnes-NAE171,NAE171/Field Bus1.FCU-204.Parameters.DATHTGUNOCC-SP,AV:3050222
Hearnes-NAE171,NAE171/Field Bus1.FCU-204.Parameters.DATSP-STATE,MV:3050220
Hearnes-NAE171,NAE171/Field Bus1.FCU-204.Parameters.DEHUM-SP,AV:3050221
Hearnes-NAE171,NAE171/Field Bus1.FCU-204.Parameters.EFF-OCC,MV:3050237
Hearnes-NAE171,NAE171/Field Bus1.FCU-204.Parameters.EFFCLG-SP,AV:3050235
Hearnes-NAE171,NAE171/Field Bus1.FCU-204.Parameters.EFFDAT-SP,AV:3050224
Hearnes-NAE171,NAE171/Field Bus1.FCU-204.Parameters.EFFHTG-SP,AV:3050236
Hearnes-NAE171,NAE171/Field Bus1.FCU-204.Parameters.HTGOCC-SP,AV:3050233
Hearnes-NAE171,NAE171/Field Bus1.FCU-204.Parameters.HTGUNOCC-SP,AV:3050234
Hearnes-NAE171,NAE171/Field Bus1.FCU-204.Parameters.MOAD-OUTSTATE,MV:3050229
Hearnes-NAE171,NAE171/Field Bus1.FCU-204.Parameters.OCC-SCHEDULE,MV:3050226
Hearnes-NAE171,NAE171/Field Bus1.FCU-204.Parameters.RH-EN,BV:3068639
Hearnes-NAE171,NAE171/Field Bus1.FCU-204.Parameters.RH-OUTSTATE,MV:3050228
Hearnes-NAE171,NAE171/Field Bus1.FCU-204.Parameters.TUNING-RESET,BV:3050215
Hearnes-NAE171,NAE171/Field Bus1.FCU-204.Parameters.UNITEN-MODE,MV:3050230
Hearnes-NAE171,NAE171/Field Bus1.FCU-204.Parameters.ZNT-STATE,MV:3050238
Hearnes-NAE171,NAE171/Field Bus1.FCU-204.RH-O,AO:3050084
Hearnes-NAE171,NAE171/Field Bus1.FCU-204.SF-C,BO:3050088
Hearnes-NAE171,NAE171/Field Bus1.FCU-204.SF-O,AO:3050089
Hearnes-NAE171,NAE171/Field Bus1.FCU-204.SF-S,BI:3050087
Hearnes-NAE171,NAE171/Field Bus1.FCU-204.ZN-H,AI:3050081
Hearnes-NAE171,NAE171/Field Bus1.FCU-204.ZN-SP,AV:3050080
Hearnes-NAE171,NAE171/Field Bus1.FCU-204.ZN-T,AI:3050079
Hearnes-NAE171,NAE171/Field Bus1.FCU-205.CLG-O,AO:3050095
Hearnes-NAE171,NAE171/Field Bus1.FCU-205.DA-T,AI:3050096
Hearnes-NAE171,NAE171/Field Bus1.FCU-205.MOAD-C,BO:3050099
Hearnes-NAE171,NAE171/Field Bus1.FCU-205.OA-T,AV:3050103
Hearnes-NAE171,NAE171/Field Bus1.FCU-205.OCC-S,BI:3050098
Hearnes-NAE171,NAE171/Field Bus1.FCU-205.Parameters.AHU-STATE,MV:3050275
Hearnes-NAE171,NAE171/Field Bus1.FCU-205.Parameters.CLG-OUTSTATE,MV:3050263
Hearnes-NAE171,NAE171/Field Bus1.FCU-205.Parameters.CLGOATLOCKOUT-SP,AV:3050261
Hearnes-NAE171,NAE171/Field Bus1.FCU-205.Parameters.CLGOCC-SP,AV:3050267
Hearnes-NAE171,NAE171/Field Bus1.FCU-205.Parameters.CLGUNOCC-SP,AV:3050268
Hearnes-NAE171,NAE171/Field Bus1.FCU-205.Parameters.DATCLGMAX-SP,AV:3050252
Hearnes-NAE171,NAE171/Field Bus1.FCU-205.Parameters.DATCLGMIN-SP,AV:3050255
Hearnes-NAE171,NAE171/Field Bus1.FCU-205.Parameters.DATCLGUNOCC-SP,AV:3050259
Hearnes-NAE171,NAE171/Field Bus1.FCU-205.Parameters.DATHTGMAX-SP,AV:3050253
Hearnes-NAE171,NAE171/Field Bus1.FCU-205.Parameters.DATHTGMIN-SP,AV:3050254
Hearnes-NAE171,NAE171/Field Bus1.FCU-205.Parameters.DATHTGUNOCC-SP,AV:3050258
Hearnes-NAE171,NAE171/Field Bus1.FCU-205.Parameters.DATSP-STATE,MV:3050256
Hearnes-NAE171,NAE171/Field Bus1.FCU-205.Parameters.DEHUM-SP,AV:3050257
Hearnes-NAE171,NAE171/Field Bus1.FCU-205.Parameters.EFF-OCC,MV:3050273
Hearnes-NAE171,NAE171/Field Bus1.FCU-205.Parameters.EFFCLG-SP,AV:3050271
Hearnes-NAE171,NAE171/Field Bus1.FCU-205.Parameters.EFFDAT-SP,AV:3050260
Hearnes-NAE171,NAE171/Field Bus1.FCU-205.Parameters.EFFHTG-SP,AV:3050272
Hearnes-NAE171,NAE171/Field Bus1.FCU-205.Parameters.HTGOCC-SP,AV:3050269
Hearnes-NAE171,NAE171/Field Bus1.FCU-205.Parameters.HTGUNOCC-SP,AV:3050270
Hearnes-NAE171,NAE171/Field Bus1.FCU-205.Parameters.MOAD-OUTSTATE,MV:3050265
Hearnes-NAE171,NAE171/Field Bus1.FCU-205.Parameters.OCC-SCHEDULE,MV:3050262
Hearnes-NAE171,NAE171/Field Bus1.FCU-205.Parameters.RH-OUTSTATE,MV:3050264
Hearnes-NAE171,NAE171/Field Bus1.FCU-205.Parameters.TUNING-RESET,BV:3050251
Hearnes-NAE171,NAE171/Field Bus1.FCU-205.Parameters.UNITEN-MODE,MV:3050266
Hearnes-NAE171,NAE171/Field Bus1.FCU-205.Parameters.ZNT-STATE,MV:3050274
Hearnes-NAE171,NAE171/Field Bus1.FCU-205.RH-O,AO:3050097
Hearnes-NAE171,NAE171/Field Bus1.FCU-205.SF-C,BO:3050101
Hearnes-NAE171,NAE171/Field Bus1.FCU-205.SF-O,AO:3050102
Hearnes-NAE171,NAE171/Field Bus1.FCU-205.SF-S,BI:3050100
Hearnes-NAE171,NAE171/Field Bus1.FCU-205.ZN-H,AI:3050094
Hearnes-NAE171,NAE171/Field Bus1.FCU-205.ZN-SP,AV:3050093
Hearnes-NAE171,NAE171/Field Bus1.FCU-205.ZN-T,AI:3050092
Hearnes-NAE171,NAE171/Field Bus1.FCU-205.ZN-T1,AI:3068636
Hearnes-NAE171,NAE171/Field Bus1.FCU-206.CLG-O,AO:3050108
Hearnes-NAE171,NAE171/Field Bus1.FCU-206.DA-T,AI:3050109
Hearnes-NAE171,NAE171/Field Bus1.FCU-206.MOAD-C,BO:3050112
Hearnes-NAE171,NAE171/Field Bus1.FCU-206.OA-T,AV:3050116
Hearnes-NAE171,NAE171/Field Bus1.FCU-206.OCC-S,BI:3050111
Hearnes-NAE171,NAE171/Field Bus1.FCU-206.Parameters.AHU-STATE,MV:3050311
Hearnes-NAE171,NAE171/Field Bus1.FCU-206.Parameters.CLG-OUTSTATE,MV:3050299
Hearnes-NAE171,NAE171/Field Bus1.FCU-206.Parameters.CLGOATLOCKOUT-SP,AV:3050297
Hearnes-NAE171,NAE171/Field Bus1.FCU-206.Parameters.CLGOCC-SP,AV:3050303
Hearnes-NAE171,NAE171/Field Bus1.FCU-206.Parameters.CLGUNOCC-SP,AV:3050304
Hearnes-NAE171,NAE171/Field Bus1.FCU-206.Parameters.DATCLGMAX-SP,AV:3050288
Hearnes-NAE171,NAE171/Field Bus1.FCU-206.Parameters.DATCLGMIN-SP,AV:3050291
Hearnes-NAE171,NAE171/Field Bus1.FCU-206.Parameters.DATCLGUNOCC-SP,AV:3050295
Hearnes-NAE171,NAE171/Field Bus1.FCU-206.Parameters.DATHTGMAX-SP,AV:3050289
Hearnes-NAE171,NAE171/Field Bus1.FCU-206.Parameters.DATHTGMIN-SP,AV:3050290
Hearnes-NAE171,NAE171/Field Bus1.FCU-206.Parameters.DATHTGUNOCC-SP,AV:3050294
Hearnes-NAE171,NAE171/Field Bus1.FCU-206.Parameters.DATSP-STATE,MV:3050292
Hearnes-NAE171,NAE171/Field Bus1.FCU-206.Parameters.DEHUM-SP,AV:3050293
Hearnes-NAE171,NAE171/Field Bus1.FCU-206.Parameters.EFF-OCC,MV:3050309
Hearnes-NAE171,NAE171/Field Bus1.FCU-206.Parameters.EFFCLG-SP,AV:3050307
Hearnes-NAE171,NAE171/Field Bus1.FCU-206.Parameters.EFFDAT-SP,AV:3050296
Hearnes-NAE171,NAE171/Field Bus1.FCU-206.Parameters.EFFHTG-SP,AV:3050308
Hearnes-NAE171,NAE171/Field Bus1.FCU-206.Parameters.HTGOCC-SP,AV:3050305
Hearnes-NAE171,NAE171/Field Bus1.FCU-206.Parameters.HTGUNOCC-SP,AV:3050306
Hearnes-NAE171,NAE171/Field Bus1.FCU-206.Parameters.MOAD-OUTSTATE,MV:3050301
Hearnes-NAE171,NAE171/Field Bus1.FCU-206.Parameters.OCC-SCHEDULE,MV:3050298
Hearnes-NAE171,NAE171/Field Bus1.FCU-206.Parameters.RH-OUTSTATE,MV:3050300
Hearnes-NAE171,NAE171/Field Bus1.FCU-206.Parameters.TUNING-RESET,BV:3050287
Hearnes-NAE171,NAE171/Field Bus1.FCU-206.Parameters.UNITEN-MODE,MV:3050302
Hearnes-NAE171,NAE171/Field Bus1.FCU-206.Parameters.ZNT-STATE,MV:3050310
Hearnes-NAE171,NAE171/Field Bus1.FCU-206.RH-O,AO:3050110
Hearnes-NAE171,NAE171/Field Bus1.FCU-206.SF-C,BO:3050114
Hearnes-NAE171,NAE171/Field Bus1.FCU-206.SF-O,AO:3050115
Hearnes-NAE171,NAE171/Field Bus1.FCU-206.SF-S,BI:3050113
Hearnes-NAE171,NAE171/Field Bus1.FCU-206.ZN-H,AI:3050107
Hearnes-NAE171,NAE171/Field Bus1.FCU-206.ZN-SP,AV:3050106
Hearnes-NAE171,NAE171/Field Bus1.FCU-206.ZN-T,AI:3050105
Hearnes-NAE171,NAE171/Field Bus1.FCU-207.CLG-O,AO:3050121
Hearnes-NAE171,NAE171/Field Bus1.FCU-207.DA-T,AI:3050122
Hearnes-NAE171,NAE171/Field Bus1.FCU-207.MOAD-C,BO:3050125
Hearnes-NAE171,NAE171/Field Bus1.FCU-207.OA-T,AV:3050129
Hearnes-NAE171,NAE171/Field Bus1.FCU-207.OCC-S,BI:3050124
Hearnes-NAE171,NAE171/Field Bus1.FCU-207.Parameters.AHU-STATE,MV:3050347
Hearnes-NAE171,NAE171/Field Bus1.FCU-207.Parameters.CLG-OUTSTATE,MV:3050335
Hearnes-NAE171,NAE171/Field Bus1.FCU-207.Parameters.CLGOATLOCKOUT-SP,AV:3050333
Hearnes-NAE171,NAE171/Field Bus1.FCU-207.Parameters.CLGOCC-SP,AV:3050339
Hearnes-NAE171,NAE171/Field Bus1.FCU-207.Parameters.CLGUNOCC-SP,AV:3050340
Hearnes-NAE171,NAE171/Field Bus1.FCU-207.Parameters.DATCLGMAX-SP,AV:3050324
Hearnes-NAE171,NAE171/Field Bus1.FCU-207.Parameters.DATCLGMIN-SP,AV:3050327
Hearnes-NAE171,NAE171/Field Bus1.FCU-207.Parameters.DATCLGUNOCC-SP,AV:3050331
Hearnes-NAE171,NAE171/Field Bus1.FCU-207.Parameters.DATHTGMAX-SP,AV:3050325
Hearnes-NAE171,NAE171/Field Bus1.FCU-207.Parameters.DATHTGMIN-SP,AV:3050326
Hearnes-NAE171,NAE171/Field Bus1.FCU-207.Parameters.DATHTGUNOCC-SP,AV:3050330
Hearnes-NAE171,NAE171/Field Bus1.FCU-207.Parameters.DATSP-STATE,MV:3050328
Hearnes-NAE171,NAE171/Field Bus1.FCU-207.Parameters.DEHUM-SP,AV:3050329
Hearnes-NAE171,NAE171/Field Bus1.FCU-207.Parameters.EFF-OCC,MV:3050345
Hearnes-NAE171,NAE171/Field Bus1.FCU-207.Parameters.EFFCLG-SP,AV:3050343
Hearnes-NAE171,NAE171/Field Bus1.FCU-207.Parameters.EFFDAT-SP,AV:3050332
Hearnes-NAE171,NAE171/Field Bus1.FCU-207.Parameters.EFFHTG-SP,AV:3050344
Hearnes-NAE171,NAE171/Field Bus1.FCU-207.Parameters.HTGOCC-SP,AV:3050341
Hearnes-NAE171,NAE171/Field Bus1.FCU-207.Parameters.HTGUNOCC-SP,AV:3050342
Hearnes-NAE171,NAE171/Field Bus1.FCU-207.Parameters.MOAD-OUTSTATE,MV:3050337
Hearnes-NAE171,NAE171/Field Bus1.FCU-207.Parameters.OCC-SCHEDULE,MV:3050334
Hearnes-NAE171,NAE171/Field Bus1.FCU-207.Parameters.RH-EN,BV:3068640
Hearnes-NAE171,NAE171/Field Bus1.FCU-207.Parameters.RH-OUTSTATE,MV:3050336
Hearnes-NAE171,NAE171/Field Bus1.FCU-207.Parameters.TUNING-RESET,BV:3050323
Hearnes-NAE171,NAE171/Field Bus1.FCU-207.Parameters.UNITEN-MODE,MV:3050338
Hearnes-NAE171,NAE171/Field Bus1.FCU-207.Parameters.ZNT-STATE,MV:3050346
Hearnes-NAE171,NAE171/Field Bus1.FCU-207.RH-O,AO:3050123
Hearnes-NAE171,NAE171/Field Bus1.FCU-207.SF-C,BO:3050127
Hearnes-NAE171,NAE171/Field Bus1.FCU-207.SF-O,AO:3050128
Hearnes-NAE171,NAE171/Field Bus1.FCU-207.SF-S,BI:3050126
Hearnes-NAE171,NAE171/Field Bus1.FCU-207.ZN-H,AI:3050120
Hearnes-NAE171,NAE171/Field Bus1.FCU-207.ZN-SP,AV:3050119
Hearnes-NAE171,NAE171/Field Bus1.FCU-207.ZN-T,AI:3050118
Hearnes-NAE171,NAE171/Field Bus1.FCU-208.CLG-O,AO:3050134
Hearnes-NAE171,NAE171/Field Bus1.FCU-208.DA-T,AI:3050135
Hearnes-NAE171,NAE171/Field Bus1.FCU-208.MOAD-C,BO:3050138
Hearnes-NAE171,NAE171/Field Bus1.FCU-208.OA-T,AV:3050142
Hearnes-NAE171,NAE171/Field Bus1.FCU-208.OCC-S,BI:3050137
Hearnes-NAE171,NAE171/Field Bus1.FCU-208.Parameters.AHU-STATE,MV:3050383
Hearnes-NAE171,NAE171/Field Bus1.FCU-208.Parameters.CLG-OUTSTATE,MV:3050371
Hearnes-NAE171,NAE171/Field Bus1.FCU-208.Parameters.CLGOATLOCKOUT-SP,AV:3050369
Hearnes-NAE171,NAE171/Field Bus1.FCU-208.Parameters.CLGOCC-SP,AV:3050375
Hearnes-NAE171,NAE171/Field Bus1.FCU-208.Parameters.CLGUNOCC-SP,AV:3050376
Hearnes-NAE171,NAE171/Field Bus1.FCU-208.Parameters.DATCLGMAX-SP,AV:3050360
Hearnes-NAE171,NAE171/Field Bus1.FCU-208.Parameters.DATCLGMIN-SP,AV:3050363
Hearnes-NAE171,NAE171/Field Bus1.FCU-208.Parameters.DATCLGUNOCC-SP,AV:3050367
Hearnes-NAE171,NAE171/Field Bus1.FCU-208.Parameters.DATHTGMAX-SP,AV:3050361
Hearnes-NAE171,NAE171/Field Bus1.FCU-208.Parameters.DATHTGMIN-SP,AV:3050362
Hearnes-NAE171,NAE171/Field Bus1.FCU-208.Parameters.DATHTGUNOCC-SP,AV:3050366
Hearnes-NAE171,NAE171/Field Bus1.FCU-208.Parameters.DATSP-STATE,MV:3050364
Hearnes-NAE171,NAE171/Field Bus1.FCU-208.Parameters.DEHUM-SP,AV:3050365
Hearnes-NAE171,NAE171/Field Bus1.FCU-208.Parameters.EFF-OCC,MV:3050381
Hearnes-NAE171,NAE171/Field Bus1.FCU-208.Parameters.EFFCLG-SP,AV:3050379
Hearnes-NAE171,NAE171/Field Bus1.FCU-208.Parameters.EFFDAT-SP,AV:3050368
Hearnes-NAE171,NAE171/Field Bus1.FCU-208.Parameters.EFFHTG-SP,AV:3050380
Hearnes-NAE171,NAE171/Field Bus1.FCU-208.Parameters.HTGOCC-SP,AV:3050377
Hearnes-NAE171,NAE171/Field Bus1.FCU-208.Parameters.HTGUNOCC-SP,AV:3050378
Hearnes-NAE171,NAE171/Field Bus1.FCU-208.Parameters.MOAD-OUTSTATE,MV:3050373
Hearnes-NAE171,NAE171/Field Bus1.FCU-208.Parameters.OCC-SCHEDULE,MV:3050370
Hearnes-NAE171,NAE171/Field Bus1.FCU-208.Parameters.RH-EN,BV:3068641
Hearnes-NAE171,NAE171/Field Bus1.FCU-208.Parameters.RH-OUTSTATE,MV:3050372
Hearnes-NAE171,NAE171/Field Bus1.FCU-208.Parameters.TUNING-RESET,BV:3050359
Hearnes-NAE171,NAE171/Field Bus1.FCU-208.Parameters.UNITEN-MODE,MV:3050374
Hearnes-NAE171,NAE171/Field Bus1.FCU-208.Parameters.ZNT-STATE,MV:3050382
Hearnes-NAE171,NAE171/Field Bus1.FCU-208.RH-O,AO:3050136
Hearnes-NAE171,NAE171/Field Bus1.FCU-208.SF-C,BO:3050140
Hearnes-NAE171,NAE171/Field Bus1.FCU-208.SF-O,AO:3050141
Hearnes-NAE171,NAE171/Field Bus1.FCU-208.SF-S,BI:3050139
Hearnes-NAE171,NAE171/Field Bus1.FCU-208.ZN-H,AI:3050133
Hearnes-NAE171,NAE171/Field Bus1.FCU-208.ZN-SP,AV:3050132
Hearnes-NAE171,NAE171/Field Bus1.FCU-208.ZN-T,AI:3050131
Hearnes-NAE171,NAE171/Field Bus1.FEC-AH18.CC-T,AI:3050403
Hearnes-NAE171,NAE171/Field Bus1.FEC-AH18.CD-C,BO:3050461
Hearnes-NAE171,NAE171/Field Bus1.FEC-AH18.CLG-O,AO:3050406
Hearnes-NAE171,NAE171/Field Bus1.FEC-AH18.DA-P,AI:3050404
Hearnes-NAE171,NAE171/Field Bus1.FEC-AH18.DA-T,AI:3050405
Hearnes-NAE171,NAE171/Field Bus1.FEC-AH18.DAPHI-A,BI:3050400
Hearnes-NAE171,NAE171/Field Bus1.FEC-AH18.EA-P,AI:3050402
Hearnes-NAE171,NAE171/Field Bus1.FEC-AH18.EF-C,BO:3050407
Hearnes-NAE171,NAE171/Field Bus1.FEC-AH18.EF-O,AO:3050409
Hearnes-NAE171,NAE171/Field Bus1.FEC-AH18.EF-S,BI:3050412
Hearnes-NAE171,NAE171/Field Bus1.FEC-AH18.HD-C,BO:3050462
Hearnes-NAE171,NAE171/Field Bus1.FEC-AH18.LT-A,BI:3050401
Hearnes-NAE171,NAE171/Field Bus1.FEC-AH18.OA-H,AV:3068644
Hearnes-NAE171,NAE171/Field Bus1.FEC-AH18.OA-T,AV:3050417
Hearnes-NAE171,NAE171/Field Bus1.FEC-AH18.Parameters.AHU-STATE,MV:3050432
Hearnes-NAE171,NAE171/Field Bus1.FEC-AH18.Parameters.CLG-OUTSTATE,MV:3050428
Hearnes-NAE171,NAE171/Field Bus1.FEC-AH18.Parameters.CLGOATLOCKOUT-SP,AV:3050425
Hearnes-NAE171,NAE171/Field Bus1.FEC-AH18.Parameters.DAP-SP,AV:3050421
Hearnes-NAE171,NAE171/Field Bus1.FEC-AH18.Parameters.DAT-SP,AV:3050420
Hearnes-NAE171,NAE171/Field Bus1.FEC-AH18.Parameters.DATDH-SP,AV:3068646
Hearnes-NAE171,NAE171/Field Bus1.FEC-AH18.Parameters.DHOADP-SP,AV:3068648
Hearnes-NAE171,NAE171/Field Bus1.FEC-AH18.Parameters.EAP-SP,AV:3050419
Hearnes-NAE171,NAE171/Field Bus1.FEC-AH18.Parameters.EF-OUTSTATE,MV:3050422
Hearnes-NAE171,NAE171/Field Bus1.FEC-AH18.Parameters.EFSF-OFFSET,AV:3068647
Hearnes-NAE171,NAE171/Field Bus1.FEC-AH18.Parameters.HTGOATLOCKOUT-SP,AV:3050426
Hearnes-NAE171,NAE171/Field Bus1.FEC-AH18.Parameters.LT-SP,AV:3050423
Hearnes-NAE171,NAE171/Field Bus1.FEC-AH18.Parameters.OALT-SP,AV:3050424
Hearnes-NAE171,NAE171/Field Bus1.FEC-AH18.Parameters.OCC-SCHEDULE,MV:3050427
Hearnes-NAE171,NAE171/Field Bus1.FEC-AH18.Parameters.PH-OUTSTATE,MV:3050429
Hearnes-NAE171,NAE171/Field Bus1.FEC-AH18.Parameters.PHP-IA,MV:3050463
Hearnes-NAE171,NAE171/Field Bus1.FEC-AH18.Parameters.SF-OUTSTATE,MV:3050430
Hearnes-NAE171,NAE171/Field Bus1.FEC-AH18.Parameters.SYS-RESET,MV:3050464
Hearnes-NAE171,NAE171/Field Bus1.FEC-AH18.Parameters.TUNING-RESET,BV:3050418
Hearnes-NAE171,NAE171/Field Bus1.FEC-AH18.Parameters.UNITEN-MODE,MV:3050431
Hearnes-NAE171,NAE171/Field Bus1.FEC-AH18.PH-O,AO:3050410
Hearnes-NAE171,NAE171/Field Bus1.FEC-AH18.PH-T,AI:3050408
Hearnes-NAE171,NAE171/Field Bus1.FEC-AH18.PHP-C,BO:3050460
Hearnes-NAE171,NAE171/Field Bus1.FEC-AH18.PHP-S,BI:3050459
Hearnes-NAE171,NAE171/Field Bus1.FEC-AH18.SF-C,BO:3050413
Hearnes-NAE171,NAE171/Field Bus1.FEC-AH18.SF-O,AO:3050411
Hearnes-NAE171,NAE171/Field Bus1.FEC-AH18.SF-S,BI:3050414
Hearnes-NAE171,NAE171/Field Bus2.BNET-CH1.ACTIVE ANTI SURGE MIN FREQ,AV:3053258
Hearnes-NAE171,NAE171/Field Bus2.BNET-CH1.BACnet Encode Type,MV:3053298
Hearnes-NAE171,NAE171/Field Bus2.BNET-CH1.BACnet Instance ID,AV:3053301
Hearnes-NAE171,NAE171/Field Bus2.BNET-CH1.BACnet Instance ID Mode,BV:3053297
Hearnes-NAE171,NAE171/Field Bus2.BNET-CH1.CH LIQ FLOW SWITCH STAT,BV:3053238
Hearnes-NAE171,NAE171/Field Bus2.BNET-CH1.CH LIQ PUMP STAT,BV:3053235
Hearnes-NAE171,NAE171/Field Bus2.BNET-CH1.CND FLOW SWITCH STAT,BV:3053239
Hearnes-NAE171,NAE171/Field Bus2.BNET-CH1.CND LIQ PUMP STAT,BV:3053241
Hearnes-NAE171,NAE171/Field Bus2.BNET-CH1.COMPR MOTOR STATUS,BV:3053234
Hearnes-NAE171,NAE171/Field Bus2.BNET-CH1.COND LVL CTRL VLV CMD,AV:3053268
Hearnes-NAE171,NAE171/Field Bus2.BNET-CH1.COND REF LEVEL CNTRL MODE,BV:3053240
Hearnes-NAE171,NAE171/Field Bus2.BNET-CH1.COND REFRIGERANT LEVEL,AV:3053230
Hearnes-NAE171,NAE171/Field Bus2.BNET-CH1.COND REFRIGERANT LEVEL SP,AV:3053276
Hearnes-NAE171,NAE171/Field Bus2.BNET-CH1.COND SATURATION TEMP,AV:3053228
Hearnes-NAE171,NAE171/Field Bus2.BNET-CH1.COND SMALL TEMP DIFF,AV:3053291
Hearnes-NAE171,NAE171/Field Bus2.BNET-CH1.CONDENSER PRESSURE,AV:3053216
Hearnes-NAE171,NAE171/Field Bus2.BNET-CH1.DELTA P DIV P,AV:3053295
Hearnes-NAE171,NAE171/Field Bus2.BNET-CH1.DISCHARGE SUPERHEAT,AV:3053292
Hearnes-NAE171,NAE171/Field Bus2.BNET-CH1.DISCHARGE TEMP,AV:3053217
Hearnes-NAE171,NAE171/Field Bus2.BNET-CH1.DROP LEG REFRIG TEMP,AV:3053277
Hearnes-NAE171,NAE171/Field Bus2.BNET-CH1.ENTERING CH LIQ TEMP,AV:3053212
Hearnes-NAE171,NAE171/Field Bus2.BNET-CH1.ENTERING COND WATER TEMP,AV:3053214
Hearnes-NAE171,NAE171/Field Bus2.BNET-CH1.EQ Port Locked Protocol,MV:3053302
Hearnes-NAE171,NAE171/Field Bus2.BNET-CH1.EVAP REFRIGERANT TEMP,AV:3053218
Hearnes-NAE171,NAE171/Field Bus2.BNET-CH1.EVAP SATURATION TEMP,AV:3053227
Hearnes-NAE171,NAE171/Field Bus2.BNET-CH1.EVAP SMALL TEMP DIFF,AV:3053290
Hearnes-NAE171,NAE171/Field Bus2.BNET-CH1.EVAPORATOR PRESSURE,AV:3053215
Hearnes-NAE171,NAE171/Field Bus2.BNET-CH1.HEAD PRESSURE,AV:3053296
Hearnes-NAE171,NAE171/Field Bus2.BNET-CH1.INPUT CURRENT LMT ACTIVE,AV:3053226
Hearnes-NAE171,NAE171/Field Bus2.BNET-CH1.INPUT CURRENT PCT FLA,AV:3053229
Hearnes-NAE171,NAE171/Field Bus2.BNET-CH1.INPUT KWH LO,AV:3053278
Hearnes-NAE171,NAE171/Field Bus2.BNET-CH1.INPUT KWH OFFSET,AV:3053279
Hearnes-NAE171,NAE171/Field Bus2.BNET-CH1.LEAVING CH LIQ TEMP,AV:3053211
Hearnes-NAE171,NAE171/Field Bus2.BNET-CH1.LEAVING CH LIQ TEMP ACT SP,AV:3053225
Hearnes-NAE171,NAE171/Field Bus2.BNET-CH1.LEAVING COND WATER TEMP,AV:3053213
Hearnes-NAE171,NAE171/Field Bus2.BNET-CH1.MBC LEVITATION MODE,BV:3053269
Hearnes-NAE171,NAE171/Field Bus2.BNET-CH1.MBC MOTOR SPEED,AV:3053282
Hearnes-NAE171,NAE171/Field Bus2.BNET-CH1.MBC ROTATION MODE,BV:3053270
Hearnes-NAE171,NAE171/Field Bus2.BNET-CH1.Model Number,MV:3053300
Hearnes-NAE171,NAE171/Field Bus2.BNET-CH1.MOTOR CURRENT PCT FLA,AV:3053233
Hearnes-NAE171,NAE171/Field Bus2.BNET-CH1.MOTOR HOUSING TEMP,AV:3053271
Hearnes-NAE171,NAE171/Field Bus2.BNET-CH1.MTR WINDING AVG TEMP,AV:3053273
Hearnes-NAE171,NAE171/Field Bus2.BNET-CH1.NUMBER OF STARTS,AV:3053232
Hearnes-NAE171,NAE171/Field Bus2.BNET-CH1.OPERATING HOURS,AV:3053231
Hearnes-NAE171,NAE171/Field Bus2.BNET-CH1.OPERATING HOURS LO,AV:3053280
Hearnes-NAE171,NAE171/Field Bus2.BNET-CH1.OPERATING HOURS OFFSET,AV:3053281
Hearnes-NAE171,NAE171/Field Bus2.BNET-CH1.REM HEATING SP,AV:3053209
Hearnes-NAE171,NAE171/Field Bus2.BNET-CH1.REM LEAVING CHL TEMP SP,AV:3053207
Hearnes-NAE171,NAE171/Field Bus2.BNET-CH1.REM RUN STOP CMD,BV:3053210
Hearnes-NAE171,NAE171/Field Bus2.BNET-CH1.REMOTE INPUT CURRENT SP,AV:3053208
Hearnes-NAE171,NAE171/Field Bus2.BNET-CH1.RUN PERMISSIVE,BV:3053237
Hearnes-NAE171,NAE171/Field Bus2.BNET-CH1.SUBCOOLING TEMP,AV:3053294
Hearnes-NAE171,NAE171/Field Bus2.BNET-CH1.SUBCOOLLER EFFECTIVENESS,AV:3053293
Hearnes-NAE171,NAE171/Field Bus2.BNET-CH1.SURGE COUNT,AV:3053264
Hearnes-NAE171,NAE171/Field Bus2.BNET-CH1.UNIT CONTROL SOURCE,MV:3053250
Hearnes-NAE171,NAE171/Field Bus2.BNET-CH1.UNIT CONTROL SOURCE AV,AV:3053251
Hearnes-NAE171,NAE171/Field Bus2.BNET-CH1.UNIT CYCLING FAULT CODE,MV:3053246
Hearnes-NAE171,NAE171/Field Bus2.BNET-CH1.UNIT CYCLING FAULT CODE AV,AV:3053247
Hearnes-NAE171,NAE171/Field Bus2.BNET-CH1.UNIT INTERNAL FAULT CODE,MV:3053256
Hearnes-NAE171,NAE171/Field Bus2.BNET-CH1.UNIT INTERNAL FAULT CODE AV,AV:3053257
Hearnes-NAE171,NAE171/Field Bus2.BNET-CH1.UNIT MODIFIED RUN CODE,MV:3053252
Hearnes-NAE171,NAE171/Field Bus2.BNET-CH1.UNIT MODIFIED RUN CODE AV,AV:3053253
Hearnes-NAE171,NAE171/Field Bus2.BNET-CH1.UNIT OPERATION CODE,MV:3053242
Hearnes-NAE171,NAE171/Field Bus2.BNET-CH1.UNIT OPERATION CODE AV,AV:3053243
Hearnes-NAE171,NAE171/Field Bus2.BNET-CH1.UNIT SAFETY FAULT CODE,MV:3053244
Hearnes-NAE171,NAE171/Field Bus2.BNET-CH1.UNIT SAFETY FAULT CODE AV,AV:3053245
Hearnes-NAE171,NAE171/Field Bus2.BNET-CH1.UNIT START INHIBIT CODE,MV:3053254
Hearnes-NAE171,NAE171/Field Bus2.BNET-CH1.UNIT START INHIBIT CODE AV,AV:3053255
Hearnes-NAE171,NAE171/Field Bus2.BNET-CH1.UNIT WARNING CODE,MV:3053248
Hearnes-NAE171,NAE171/Field Bus2.BNET-CH1.UNIT WARNING CODE AV,AV:3053249
Hearnes-NAE171,NAE171/Field Bus2.BNET-CH1.Units,MV:3053299
Hearnes-NAE171,NAE171/Field Bus2.BNET-CH1.UPS BATTERY VOLTAGE,AV:3053283
Hearnes-NAE171,NAE171/Field Bus2.BNET-CH1.VGD POSITION,AV:3053275
Hearnes-NAE171,NAE171/Field Bus2.BNET-CH1.VSD COOLING SYS STAT,BV:3053236
Hearnes-NAE171,NAE171/Field Bus2.BNET-CH1.VSD DC BUS VOLTAGE,AV:3053262
Hearnes-NAE171,NAE171/Field Bus2.BNET-CH1.VSD INPUT KWH,AV:3053261
Hearnes-NAE171,NAE171/Field Bus2.BNET-CH1.VSD INPUT POWER,AV:3053260
Hearnes-NAE171,NAE171/Field Bus2.BNET-CH1.VSD INPUT VOLTAGE L1,AV:3053263
Hearnes-NAE171,NAE171/Field Bus2.BNET-CH1.VSD INPUT VOLTAGE L2,AV:3053266
Hearnes-NAE171,NAE171/Field Bus2.BNET-CH1.VSD INPUT VOLTAGE L3,AV:3053267
Hearnes-NAE171,NAE171/Field Bus2.BNET-CH1.VSD INTERNAL AMBIENT TEMP 1,AV:3053274
Hearnes-NAE171,NAE171/Field Bus2.BNET-CH1.VSD INTERNAL AMBIENT TEMP 2,AV:3053272
Hearnes-NAE171,NAE171/Field Bus2.BNET-CH1.VSD OUTPUT FREQUENCY,AV:3053265
Hearnes-NAE171,NAE171/Field Bus2.BNET-CH1.VSD OUTPUT VOLTAGE,AV:3053259
Hearnes-NAE171,NAE171/Field Bus2.BNET-CH1.VSD PH A INV BASEPLATE TEMP,AV:3053287
Hearnes-NAE171,NAE171/Field Bus2.BNET-CH1.VSD PH A REC BASEPLATE TEMP,AV:3053284
Hearnes-NAE171,NAE171/Field Bus2.BNET-CH1.VSD PH B INV BASEPLATE TEMP,AV:3053288
Hearnes-NAE171,NAE171/Field Bus2.BNET-CH1.VSD PH B REC BASEPLATE TEMP,AV:3053285
Hearnes-NAE171,NAE171/Field Bus2.BNET-CH1.VSD PH C INV BASEPLATE TEMP,AV:3053289
Hearnes-NAE171,NAE171/Field Bus2.BNET-CH1.VSD PH C REC BASEPLATE TEMP,AV:3053286
Hearnes-NAE171,NAE171/Field Bus2.BNET-CH1.VSD PHASE A OUTPUT CURRENT,AV:3053219
Hearnes-NAE171,NAE171/Field Bus2.BNET-CH1.VSD PHASE B OUTPUT CURRENT,AV:3053220
Hearnes-NAE171,NAE171/Field Bus2.BNET-CH1.VSD PHASE C OUTPUT CURRENT,AV:3053221
Hearnes-NAE171,NAE171/Field Bus2.BNET-CH1.VSD RMS INPUT CURRENT L1,AV:3053222
Hearnes-NAE171,NAE171/Field Bus2.BNET-CH1.VSD RMS INPUT CURRENT L2,AV:3053223
Hearnes-NAE171,NAE171/Field Bus2.BNET-CH1.VSD RMS INPUT CURRENT L3,AV:3053224
Hearnes-NAE171,NAE171/Field Bus2.BNET-CH2.ACTIVE ANTI SURGE MIN FREQ,AV:3052848
Hearnes-NAE171,NAE171/Field Bus2.BNET-CH2.CH LIQ FLOW SWITCH STAT,BV:3052828
Hearnes-NAE171,NAE171/Field Bus2.BNET-CH2.CH LIQ PUMP STAT,BV:3052825
Hearnes-NAE171,NAE171/Field Bus2.BNET-CH2.CND FLOW SWITCH STAT,BV:3052829
Hearnes-NAE171,NAE171/Field Bus2.BNET-CH2.CND LIQ PUMP STAT,BV:3052831
Hearnes-NAE171,NAE171/Field Bus2.BNET-CH2.COMPR MOTOR STATUS,BV:3052824
Hearnes-NAE171,NAE171/Field Bus2.BNET-CH2.COND LVL CTRL VLV CMD,AV:3052858
Hearnes-NAE171,NAE171/Field Bus2.BNET-CH2.COND REF LEVEL CNTRL MODE,BV:3052830
Hearnes-NAE171,NAE171/Field Bus2.BNET-CH2.COND REFRIGERANT LEVEL,AV:3052820
Hearnes-NAE171,NAE171/Field Bus2.BNET-CH2.COND REFRIGERANT LEVEL SP,AV:3052865
Hearnes-NAE171,NAE171/Field Bus2.BNET-CH2.COND SATURATION TEMP,AV:3052818
Hearnes-NAE171,NAE171/Field Bus2.BNET-CH2.COND SMALL TEMP DIFF,AV:3067119
Hearnes-NAE171,NAE171/Field Bus2.BNET-CH2.CONDENSER PRESSURE,AV:3052806
Hearnes-NAE171,NAE171/Field Bus2.BNET-CH2.DISCHARGE TEMP,AV:3052807
Hearnes-NAE171,NAE171/Field Bus2.BNET-CH2.DROP LEG REFRIG TEMP,AV:3052866
Hearnes-NAE171,NAE171/Field Bus2.BNET-CH2.ENTERING CH LIQ TEMP,AV:3052802
Hearnes-NAE171,NAE171/Field Bus2.BNET-CH2.ENTERING COND WATER TEMP,AV:3052804
Hearnes-NAE171,NAE171/Field Bus2.BNET-CH2.EVAP REFRIGERANT TEMP,AV:3052808
Hearnes-NAE171,NAE171/Field Bus2.BNET-CH2.EVAP SATURATION TEMP,AV:3052817
Hearnes-NAE171,NAE171/Field Bus2.BNET-CH2.EVAP SMALL TEMP DIFF,AV:3067118
Hearnes-NAE171,NAE171/Field Bus2.BNET-CH2.EVAPORATOR PRESSURE,AV:3052805
Hearnes-NAE171,NAE171/Field Bus2.BNET-CH2.INPUT CURRENT LMT ACTIVE,AV:3052816
Hearnes-NAE171,NAE171/Field Bus2.BNET-CH2.INPUT CURRENT PCT FLA,AV:3052819
Hearnes-NAE171,NAE171/Field Bus2.BNET-CH2.INPUT KWH LO,AV:3052867
Hearnes-NAE171,NAE171/Field Bus2.BNET-CH2.INPUT KWH OFFSET,AV:3052868
Hearnes-NAE171,NAE171/Field Bus2.BNET-CH2.LEAVING CH LIQ TEMP,AV:3052801
Hearnes-NAE171,NAE171/Field Bus2.BNET-CH2.LEAVING CH LIQ TEMP ACT SP,AV:3052815
Hearnes-NAE171,NAE171/Field Bus2.BNET-CH2.LEAVING COND WATER TEMP,AV:3052803
Hearnes-NAE171,NAE171/Field Bus2.BNET-CH2.MBC LEVITATION MODE,BV:3052859
Hearnes-NAE171,NAE171/Field Bus2.BNET-CH2.MBC MOTOR SPEED,AV:3052871
Hearnes-NAE171,NAE171/Field Bus2.BNET-CH2.MBC ROTATION MODE,BV:3052860
Hearnes-NAE171,NAE171/Field Bus2.BNET-CH2.Model Number,MV:3052872
Hearnes-NAE171,NAE171/Field Bus2.BNET-CH2.MOTOR COOLING VALVE CMD,AV:3052873
Hearnes-NAE171,NAE171/Field Bus2.BNET-CH2.MOTOR CURRENT PCT FLA,AV:3052823
Hearnes-NAE171,NAE171/Field Bus2.BNET-CH2.MTR WINDING AVG TEMP,AV:3052862
Hearnes-NAE171,NAE171/Field Bus2.BNET-CH2.NUMBER OF STARTS,AV:3052822
Hearnes-NAE171,NAE171/Field Bus2.BNET-CH2.OPERATING HOURS,AV:3052821
Hearnes-NAE171,NAE171/Field Bus2.BNET-CH2.OPERATING HOURS LO,AV:3052869
Hearnes-NAE171,NAE171/Field Bus2.BNET-CH2.OPERATING HOURS OFFSET,AV:3052870
Hearnes-NAE171,NAE171/Field Bus2.BNET-CH2.REM HEATING SP,AV:3052799
Hearnes-NAE171,NAE171/Field Bus2.BNET-CH2.REM LEAVING CHL TEMP SP,AV:3052797
Hearnes-NAE171,NAE171/Field Bus2.BNET-CH2.REM RUN STOP CMD,BV:3052800
Hearnes-NAE171,NAE171/Field Bus2.BNET-CH2.REMOTE INPUT CURRENT SP,AV:3052798
Hearnes-NAE171,NAE171/Field Bus2.BNET-CH2.RUN PERMISSIVE,BV:3052827
Hearnes-NAE171,NAE171/Field Bus2.BNET-CH2.SURGE COUNT,AV:3052854
Hearnes-NAE171,NAE171/Field Bus2.BNET-CH2.UNIT CONTROL SOURCE,MV:3052840
Hearnes-NAE171,NAE171/Field Bus2.BNET-CH2.UNIT CONTROL SOURCE AV,AV:3052841
Hearnes-NAE171,NAE171/Field Bus2.BNET-CH2.UNIT CYCLING FAULT CODE,MV:3052836
Hearnes-NAE171,NAE171/Field Bus2.BNET-CH2.UNIT CYCLING FAULT CODE AV,AV:3052837
Hearnes-NAE171,NAE171/Field Bus2.BNET-CH2.UNIT INTERNAL FAULT CODE,MV:3052846
Hearnes-NAE171,NAE171/Field Bus2.BNET-CH2.UNIT INTERNAL FAULT CODE AV,AV:3052847
Hearnes-NAE171,NAE171/Field Bus2.BNET-CH2.UNIT MOD RUN CODE,MV:3052842
Hearnes-NAE171,NAE171/Field Bus2.BNET-CH2.UNIT MOD RUN CODE AV,AV:3052843
Hearnes-NAE171,NAE171/Field Bus2.BNET-CH2.UNIT OPERATION CODE,MV:3052832
Hearnes-NAE171,NAE171/Field Bus2.BNET-CH2.UNIT OPERATION CODE AV,AV:3052833
Hearnes-NAE171,NAE171/Field Bus2.BNET-CH2.UNIT SAFETY FAULT CODE,MV:3052834
Hearnes-NAE171,NAE171/Field Bus2.BNET-CH2.UNIT SAFETY FAULT CODE AV,AV:3052835
Hearnes-NAE171,NAE171/Field Bus2.BNET-CH2.UNIT START INHIBIT CODE,MV:3052844
Hearnes-NAE171,NAE171/Field Bus2.BNET-CH2.UNIT START INHIBIT CODE AV,AV:3052845
Hearnes-NAE171,NAE171/Field Bus2.BNET-CH2.UNIT WARNING CODE,MV:3052838
Hearnes-NAE171,NAE171/Field Bus2.BNET-CH2.UNIT WARNING CODE AV,AV:3052839
Hearnes-NAE171,NAE171/Field Bus2.BNET-CH2.VGD POSITION,AV:3052864
Hearnes-NAE171,NAE171/Field Bus2.BNET-CH2.VSD COOLING SYS STAT,BV:3052826
Hearnes-NAE171,NAE171/Field Bus2.BNET-CH2.VSD DC BUS VOLTAGE,AV:3052852
Hearnes-NAE171,NAE171/Field Bus2.BNET-CH2.VSD INPUT KWH,AV:3052851
Hearnes-NAE171,NAE171/Field Bus2.BNET-CH2.VSD INPUT POWER,AV:3052850
Hearnes-NAE171,NAE171/Field Bus2.BNET-CH2.VSD INPUT VOLTAGE L1,AV:3052853
Hearnes-NAE171,NAE171/Field Bus2.BNET-CH2.VSD INPUT VOLTAGE L2,AV:3052856
Hearnes-NAE171,NAE171/Field Bus2.BNET-CH2.VSD INPUT VOLTAGE L3,AV:3052857
Hearnes-NAE171,NAE171/Field Bus2.BNET-CH2.VSD INTERNAL AMBIENT TEMP 1,AV:3052863
Hearnes-NAE171,NAE171/Field Bus2.BNET-CH2.VSD INTERNAL AMBIENT TEMP 2,AV:3052861
Hearnes-NAE171,NAE171/Field Bus2.BNET-CH2.VSD OUTPUT FREQUENCY,AV:3052855
Hearnes-NAE171,NAE171/Field Bus2.BNET-CH2.VSD OUTPUT VOLTAGE,AV:3052849
Hearnes-NAE171,NAE171/Field Bus2.BNET-CH2.VSD PH A INV BASEPLATE TEMP,AV:3067115
Hearnes-NAE171,NAE171/Field Bus2.BNET-CH2.VSD PH A REC BASEPLATE TEMP,AV:3067112
Hearnes-NAE171,NAE171/Field Bus2.BNET-CH2.VSD PH B INV BASEPLATE TEMP,AV:3067116
Hearnes-NAE171,NAE171/Field Bus2.BNET-CH2.VSD PH B REC BASEPLATE TEMP,AV:3067113
Hearnes-NAE171,NAE171/Field Bus2.BNET-CH2.VSD PH C INV BASEPLATE TEMP,AV:3067117
Hearnes-NAE171,NAE171/Field Bus2.BNET-CH2.VSD PH C REC BASEPLATE TEMP,AV:3067114
Hearnes-NAE171,NAE171/Field Bus2.BNET-CH2.VSD PHASE A OUTPUT CURRENT,AV:3052809
Hearnes-NAE171,NAE171/Field Bus2.BNET-CH2.VSD PHASE B OUTPUT CURRENT,AV:3052810
Hearnes-NAE171,NAE171/Field Bus2.BNET-CH2.VSD PHASE C OUTPUT CURRENT,AV:3052811
Hearnes-NAE171,NAE171/Field Bus2.BNET-CH2.VSD RMS INPUT CURRENT L1,AV:3052812
Hearnes-NAE171,NAE171/Field Bus2.BNET-CH2.VSD RMS INPUT CURRENT L2,AV:3052813
Hearnes-NAE171,NAE171/Field Bus2.BNET-CH2.VSD RMS INPUT CURRENT L3,AV:3052814
Hearnes-NAE171,NAE171/Field Bus2.BNET-CH3.ACTIVE ANTI SURGE MIN FREQ,AV:3051107
Hearnes-NAE171,NAE171/Field Bus2.BNET-CH3.BACnet Encode Type,MV:3051147
Hearnes-NAE171,NAE171/Field Bus2.BNET-CH3.BACnet Instance ID,AV:3051150
Hearnes-NAE171,NAE171/Field Bus2.BNET-CH3.BACnet Instance ID Mode,BV:3051146
Hearnes-NAE171,NAE171/Field Bus2.BNET-CH3.CH LIQ FLOW SWITCH STAT,BV:3051087
Hearnes-NAE171,NAE171/Field Bus2.BNET-CH3.CH LIQ PUMP STAT,BV:3051084
Hearnes-NAE171,NAE171/Field Bus2.BNET-CH3.CND FLOW SWITCH STAT,BV:3051088
Hearnes-NAE171,NAE171/Field Bus2.BNET-CH3.CND LIQ PUMP STAT,BV:3051090
Hearnes-NAE171,NAE171/Field Bus2.BNET-CH3.COMPR MOTOR STATUS,BV:3051083
Hearnes-NAE171,NAE171/Field Bus2.BNET-CH3.COND LVL CTRL VLV CMD,AV:3051117
Hearnes-NAE171,NAE171/Field Bus2.BNET-CH3.COND REF LEVEL CNTRL MODE,BV:3051089
Hearnes-NAE171,NAE171/Field Bus2.BNET-CH3.COND REFRIGERANT LEVEL,AV:3051079
Hearnes-NAE171,NAE171/Field Bus2.BNET-CH3.COND REFRIGERANT LEVEL SP,AV:3051125
Hearnes-NAE171,NAE171/Field Bus2.BNET-CH3.COND SATURATION TEMP,AV:3051077
Hearnes-NAE171,NAE171/Field Bus2.BNET-CH3.COND SMALL TEMP DIFF,AV:3051140
Hearnes-NAE171,NAE171/Field Bus2.BNET-CH3.CONDENSER PRESSURE,AV:3051065
Hearnes-NAE171,NAE171/Field Bus2.BNET-CH3.DELTA P DIV P,AV:3051144
Hearnes-NAE171,NAE171/Field Bus2.BNET-CH3.DISCHARGE SUPERHEAT,AV:3051141
Hearnes-NAE171,NAE171/Field Bus2.BNET-CH3.DISCHARGE TEMP,AV:3051066
Hearnes-NAE171,NAE171/Field Bus2.BNET-CH3.DROP LEG REFRIG TEMP,AV:3051126
Hearnes-NAE171,NAE171/Field Bus2.BNET-CH3.ENTERING CH LIQ TEMP,AV:3051061
Hearnes-NAE171,NAE171/Field Bus2.BNET-CH3.ENTERING COND WATER TEMP,AV:3051063
Hearnes-NAE171,NAE171/Field Bus2.BNET-CH3.EQ Port Locked Protocol,MV:3051151
Hearnes-NAE171,NAE171/Field Bus2.BNET-CH3.EVAP REFRIGERANT TEMP,AV:3051067
Hearnes-NAE171,NAE171/Field Bus2.BNET-CH3.EVAP SATURATION TEMP,AV:3051076
Hearnes-NAE171,NAE171/Field Bus2.BNET-CH3.EVAP SMALL TEMP DIFF,AV:3051139
Hearnes-NAE171,NAE171/Field Bus2.BNET-CH3.EVAPORATOR PRESSURE,AV:3051064
Hearnes-NAE171,NAE171/Field Bus2.BNET-CH3.HEAD PRESSURE,AV:3051145
Hearnes-NAE171,NAE171/Field Bus2.BNET-CH3.INPUT CURRENT LMT ACTIVE,AV:3051075
Hearnes-NAE171,NAE171/Field Bus2.BNET-CH3.INPUT CURRENT PCT FLA,AV:3051078
Hearnes-NAE171,NAE171/Field Bus2.BNET-CH3.INPUT KWH LO,AV:3051127
Hearnes-NAE171,NAE171/Field Bus2.BNET-CH3.INPUT KWH OFFSET,AV:3051128
Hearnes-NAE171,NAE171/Field Bus2.BNET-CH3.LEAVING CH LIQ TEMP,AV:3051060
Hearnes-NAE171,NAE171/Field Bus2.BNET-CH3.LEAVING CH LIQ TEMP ACT SP,AV:3051074
Hearnes-NAE171,NAE171/Field Bus2.BNET-CH3.LEAVING COND WATER TEMP,AV:3051062
Hearnes-NAE171,NAE171/Field Bus2.BNET-CH3.MBC LEVITATION MODE,BV:3051118
Hearnes-NAE171,NAE171/Field Bus2.BNET-CH3.MBC MOTOR SPEED,AV:3051131
Hearnes-NAE171,NAE171/Field Bus2.BNET-CH3.MBC ROTATION MODE,BV:3051119
Hearnes-NAE171,NAE171/Field Bus2.BNET-CH3.Model Number,MV:3051149
Hearnes-NAE171,NAE171/Field Bus2.BNET-CH3.MOTOR COOLING VALVE CMD,AV:3051152
Hearnes-NAE171,NAE171/Field Bus2.BNET-CH3.MOTOR CURRENT PCT FLA,AV:3051082
Hearnes-NAE171,NAE171/Field Bus2.BNET-CH3.MOTOR HOUSING TEMP,AV:3051120
Hearnes-NAE171,NAE171/Field Bus2.BNET-CH3.MTR WINDING AVG TEMP,AV:3051122
Hearnes-NAE171,NAE171/Field Bus2.BNET-CH3.NUMBER OF STARTS,AV:3051081
Hearnes-NAE171,NAE171/Field Bus2.BNET-CH3.OPERATING HOURS,AV:3051080
Hearnes-NAE171,NAE171/Field Bus2.BNET-CH3.OPERATING HOURS LO,AV:3051129
Hearnes-NAE171,NAE171/Field Bus2.BNET-CH3.OPERATING HOURS OFFSET,AV:3051130
Hearnes-NAE171,NAE171/Field Bus2.BNET-CH3.REM HEATING SP,AV:3051058
Hearnes-NAE171,NAE171/Field Bus2.BNET-CH3.REM LEAVING CHL TEMP SP,AV:3051056
Hearnes-NAE171,NAE171/Field Bus2.BNET-CH3.REM RUN STOP CMD,BV:3051059
Hearnes-NAE171,NAE171/Field Bus2.BNET-CH3.REMOTE INPUT CURRENT SP,AV:3051057
Hearnes-NAE171,NAE171/Field Bus2.BNET-CH3.RUN PERMISSIVE,BV:3051086
Hearnes-NAE171,NAE171/Field Bus2.BNET-CH3.SUBCOOLING TEMP,AV:3051143
Hearnes-NAE171,NAE171/Field Bus2.BNET-CH3.SUBCOOLLER EFFECTIVENESS,AV:3051142
Hearnes-NAE171,NAE171/Field Bus2.BNET-CH3.SURGE COUNT,AV:3051113
Hearnes-NAE171,NAE171/Field Bus2.BNET-CH3.UNIT CONTROL SOURCE,MV:3051099
Hearnes-NAE171,NAE171/Field Bus2.BNET-CH3.UNIT CONTROL SOURCE AV,AV:3051100
Hearnes-NAE171,NAE171/Field Bus2.BNET-CH3.UNIT CYCLING FAULT CODE,MV:3051095
Hearnes-NAE171,NAE171/Field Bus2.BNET-CH3.UNIT CYCLING FAULT CODE AV,AV:3051096
Hearnes-NAE171,NAE171/Field Bus2.BNET-CH3.UNIT INTERNAL FAULT CODE,MV:3051105
Hearnes-NAE171,NAE171/Field Bus2.BNET-CH3.UNIT INTERNAL FAULT CODE AV,AV:3051106
Hearnes-NAE171,NAE171/Field Bus2.BNET-CH3.UNIT MODIFIED RUN CODE,MV:3051101
Hearnes-NAE171,NAE171/Field Bus2.BNET-CH3.UNIT MODIFIED RUN CODE AV,AV:3051102
Hearnes-NAE171,NAE171/Field Bus2.BNET-CH3.UNIT OPERATION CODE,MV:3051091
Hearnes-NAE171,NAE171/Field Bus2.BNET-CH3.UNIT OPERATION CODE AV,AV:3051092
Hearnes-NAE171,NAE171/Field Bus2.BNET-CH3.UNIT SAFETY FAULT CODE,MV:3051093
Hearnes-NAE171,NAE171/Field Bus2.BNET-CH3.UNIT SAFETY FAULT CODE AV,AV:3051094
Hearnes-NAE171,NAE171/Field Bus2.BNET-CH3.UNIT START INHIBIT CODE,MV:3051103
Hearnes-NAE171,NAE171/Field Bus2.BNET-CH3.UNIT START INHIBIT CODE AV,AV:3051104
Hearnes-NAE171,NAE171/Field Bus2.BNET-CH3.UNIT WARNING CODE,MV:3051097
Hearnes-NAE171,NAE171/Field Bus2.BNET-CH3.UNIT WARNING CODE AV,AV:3051098
Hearnes-NAE171,NAE171/Field Bus2.BNET-CH3.Units,MV:3051148
Hearnes-NAE171,NAE171/Field Bus2.BNET-CH3.UPS BATTERY VOLTAGE,AV:3051132
Hearnes-NAE171,NAE171/Field Bus2.BNET-CH3.VGD POSITION,AV:3051124
Hearnes-NAE171,NAE171/Field Bus2.BNET-CH3.VSD COOLING SYS STAT,BV:3051085
Hearnes-NAE171,NAE171/Field Bus2.BNET-CH3.VSD DC BUS VOLTAGE,AV:3051111
Hearnes-NAE171,NAE171/Field Bus2.BNET-CH3.VSD INPUT KWH,AV:3051110
Hearnes-NAE171,NAE171/Field Bus2.BNET-CH3.VSD INPUT POWER,AV:3051109
Hearnes-NAE171,NAE171/Field Bus2.BNET-CH3.VSD INPUT VOLTAGE L1,AV:3051112
Hearnes-NAE171,NAE171/Field Bus2.BNET-CH3.VSD INPUT VOLTAGE L2,AV:3051115
Hearnes-NAE171,NAE171/Field Bus2.BNET-CH3.VSD INPUT VOLTAGE L3,AV:3051116
Hearnes-NAE171,NAE171/Field Bus2.BNET-CH3.VSD INTERNAL AMBIENT TEMP 1,AV:3051123
Hearnes-NAE171,NAE171/Field Bus2.BNET-CH3.VSD INTERNAL AMBIENT TEMP 2,AV:3051121
Hearnes-NAE171,NAE171/Field Bus2.BNET-CH3.VSD OUTPUT FREQUENCY,AV:3051114
Hearnes-NAE171,NAE171/Field Bus2.BNET-CH3.VSD OUTPUT VOLTAGE,AV:3051108
Hearnes-NAE171,NAE171/Field Bus2.BNET-CH3.VSD PH A INV BASEPLATE TEMP,AV:3051136
Hearnes-NAE171,NAE171/Field Bus2.BNET-CH3.VSD PH A REC BASEPLATE TEMP,AV:3051133
Hearnes-NAE171,NAE171/Field Bus2.BNET-CH3.VSD PH B INV BASEPLATE TEMP,AV:3051137
Hearnes-NAE171,NAE171/Field Bus2.BNET-CH3.VSD PH B REC BASEPLATE TEMP,AV:3051134
Hearnes-NAE171,NAE171/Field Bus2.BNET-CH3.VSD PH C INV BASEPLATE TEMP,AV:3051138
Hearnes-NAE171,NAE171/Field Bus2.BNET-CH3.VSD PH C REC BASEPLATE TEMP,AV:3051135
Hearnes-NAE171,NAE171/Field Bus2.BNET-CH3.VSD PHASE A OUTPUT CURRENT,AV:3051068
Hearnes-NAE171,NAE171/Field Bus2.BNET-CH3.VSD PHASE B OUTPUT CURRENT,AV:3051069
Hearnes-NAE171,NAE171/Field Bus2.BNET-CH3.VSD PHASE C OUTPUT CURRENT,AV:3051070
Hearnes-NAE171,NAE171/Field Bus2.BNET-CH3.VSD RMS INPUT CURRENT L1,AV:3051071
Hearnes-NAE171,NAE171/Field Bus2.BNET-CH3.VSD RMS INPUT CURRENT L2,AV:3051072
Hearnes-NAE171,NAE171/Field Bus2.BNET-CH3.VSD RMS INPUT CURRENT L3,AV:3051073
Hearnes-NAE171,NAE171/Field Bus2.FAC-TOWER.OA-H,AI:3059153
Hearnes-NAE171,NAE171/Field Bus2.FAC-TOWER.OA-T,AI:3059154
Hearnes-NAE171,NAE171/Field Bus2.FAC-TOWER.OAWB-T,AV:3059155
Hearnes-NAE171,NAE171/Field Bus2.FAC-TOWER.Parameters.%LD-1,AV:3050876
Hearnes-NAE171,NAE171/Field Bus2.FAC-TOWER.Parameters.%LD-2,AV:3050875
Hearnes-NAE171,NAE171/Field Bus2.FAC-TOWER.Parameters.%LD-TW-GPM-X1,AV:3050878
Hearnes-NAE171,NAE171/Field Bus2.FAC-TOWER.Parameters.%LD-TW-GPM-X2,AV:3050877
Hearnes-NAE171,NAE171/Field Bus2.FAC-TOWER.Parameters.CH1-%LOAD,AV:3050856
Hearnes-NAE171,NAE171/Field Bus2.FAC-TOWER.Parameters.CH1-TP-START,MV:3050865
Hearnes-NAE171,NAE171/Field Bus2.FAC-TOWER.Parameters.CH1TF-START,BV:3056939
Hearnes-NAE171,NAE171/Field Bus2.FAC-TOWER.Parameters.CH1TW-V,AV:3050859
Hearnes-NAE171,NAE171/Field Bus2.FAC-TOWER.Parameters.CH2-%LOAD,AV:3050855
Hearnes-NAE171,NAE171/Field Bus2.FAC-TOWER.Parameters.CH2-TP-START,MV:3050864
Hearnes-NAE171,NAE171/Field Bus2.FAC-TOWER.Parameters.CH2TF-START,BV:3056940
Hearnes-NAE171,NAE171/Field Bus2.FAC-TOWER.Parameters.CH2TW-V,AV:3050858
Hearnes-NAE171,NAE171/Field Bus2.FAC-TOWER.Parameters.CH3-%LOAD,AV:3050854
Hearnes-NAE171,NAE171/Field Bus2.FAC-TOWER.Parameters.CH3-TP-START,MV:3050862
Hearnes-NAE171,NAE171/Field Bus2.FAC-TOWER.Parameters.CH3TF-START,BV:3056941
Hearnes-NAE171,NAE171/Field Bus2.FAC-TOWER.Parameters.CH3TW-V,AV:3050860
Hearnes-NAE171,NAE171/Field Bus2.FAC-TOWER.Parameters.CH123-TW-F,AV:3050867
Hearnes-NAE171,NAE171/Field Bus2.FAC-TOWER.Parameters.OADB-T,AV:3056926
Hearnes-NAE171,NAE171/Field Bus2.FAC-TOWER.Parameters.OAWB-T,AV:3050884
Hearnes-NAE171,NAE171/Field Bus2.FAC-TOWER.Parameters.Pre PID TFSC-PB,AV:3050908
Hearnes-NAE171,NAE171/Field Bus2.FAC-TOWER.Parameters.Pre PID TPSC-PB,AV:3052980
Hearnes-NAE171,NAE171/Field Bus2.FAC-TOWER.Parameters.TBV-TWST-WSP,AV:3050895
Hearnes-NAE171,NAE171/Field Bus2.FAC-TOWER.Parameters.TF-SC SL-OUTSTATE,MV:3050907
Hearnes-NAE171,NAE171/Field Bus2.FAC-TOWER.Parameters.TF-SC TUNING-RESET,BV:3050906
Hearnes-NAE171,NAE171/Field Bus2.FAC-TOWER.Parameters.TF-TWST-WSP,AV:3050897
Hearnes-NAE171,NAE171/Field Bus2.FAC-TOWER.Parameters.Tower Circ,BV:3050857
Hearnes-NAE171,NAE171/Field Bus2.FAC-TOWER.Parameters.Tower Evaporation,AV:3050899
Hearnes-NAE171,NAE171/Field Bus2.FAC-TOWER.Parameters.TP1-SS-HWO,MV:3050866
Hearnes-NAE171,NAE171/Field Bus2.FAC-TOWER.Parameters.TP2-SS-HWO,MV:3050863
Hearnes-NAE171,NAE171/Field Bus2.FAC-TOWER.Parameters.TP-SC SL-OUTSTATE,MV:3050904
Hearnes-NAE171,NAE171/Field Bus2.FAC-TOWER.Parameters.TP-SC TUNING-RESET,BV:3050902
Hearnes-NAE171,NAE171/Field Bus2.FAC-TOWER.Parameters.TPSC-HIL,AV:3050868
Hearnes-NAE171,NAE171/Field Bus2.FAC-TOWER.Parameters.TPSC-LOL,AV:3050869
Hearnes-NAE171,NAE171/Field Bus2.FAC-TOWER.Parameters.TPSC-LOL-CIRC,AV:3052981
Hearnes-NAE171,NAE171/Field Bus2.FAC-TOWER.Parameters.TW-LVL-DF,AV:3050901
Hearnes-NAE171,NAE171/Field Bus2.FAC-TOWER.Parameters.TWBYP-V SL-OUTSTATE,MV:3050913
Hearnes-NAE171,NAE171/Field Bus2.FAC-TOWER.Parameters.TWBYP-V TUNING-RESET,BV:3050912
Hearnes-NAE171,NAE171/Field Bus2.FAC-TOWER.Parameters.TWBYP-V-SP,AV:3050888
Hearnes-NAE171,NAE171/Field Bus2.FAC-TOWER.Parameters.TWBYPV-HIL,AV:3050915
Hearnes-NAE171,NAE171/Field Bus2.FAC-TOWER.Parameters.TWBYPV-LOL,AV:3050914
Hearnes-NAE171,NAE171/Field Bus2.FAC-TOWER.Parameters.TWFLOW-GPM-X,AV:3050882
Hearnes-NAE171,NAE171/Field Bus2.FAC-TOWER.Parameters.TWFlow-GPM-X1,AV:3050973
Hearnes-NAE171,NAE171/Field Bus2.FAC-TOWER.Parameters.TWFlow-GPM-X2,AV:3050971
Hearnes-NAE171,NAE171/Field Bus2.FAC-TOWER.Parameters.TWFlow-GPM-X3,AV:3050972
Hearnes-NAE171,NAE171/Field Bus2.FAC-TOWER.Parameters.TWFlow-GPMSP,AV:3050880
Hearnes-NAE171,NAE171/Field Bus2.FAC-TOWER.Parameters.TWFlow-WB1,AV:3050881
Hearnes-NAE171,NAE171/Field Bus2.FAC-TOWER.Parameters.TWFlow-WB2,AV:3050883
Hearnes-NAE171,NAE171/Field Bus2.FAC-TOWER.Parameters.TWFlow-WB3,AV:3050879
Hearnes-NAE171,NAE171/Field Bus2.FAC-TOWER.Parameters.TWMU-GPM-WSP,AV:3050900
Hearnes-NAE171,NAE171/Field Bus2.FAC-TOWER.Parameters.TWMU-LVL-SP,AV:3050898
Hearnes-NAE171,NAE171/Field Bus2.FAC-TOWER.Parameters.TWMUV-HIL,AV:3050871
Hearnes-NAE171,NAE171/Field Bus2.FAC-TOWER.Parameters.TWMUV-LOL,AV:3050870
Hearnes-NAE171,NAE171/Field Bus2.FAC-TOWER.Parameters.TWST-SP1,AV:3050890
Hearnes-NAE171,NAE171/Field Bus2.FAC-TOWER.Parameters.TWST-SP2,AV:3050892
Hearnes-NAE171,NAE171/Field Bus2.FAC-TOWER.Parameters.TWST-SP3,AV:3050891
Hearnes-NAE171,NAE171/Field Bus2.FAC-TOWER.Parameters.TWST-SP4,AV:3050889
Hearnes-NAE171,NAE171/Field Bus2.FAC-TOWER.Parameters.TWST-SP5,AV:3050887
Hearnes-NAE171,NAE171/Field Bus2.FAC-TOWER.Parameters.TWST-WB1,AV:3050893
Hearnes-NAE171,NAE171/Field Bus2.FAC-TOWER.Parameters.TWST-WB2,AV:3050896
Hearnes-NAE171,NAE171/Field Bus2.FAC-TOWER.Parameters.TWST-WB3,AV:3050894
Hearnes-NAE171,NAE171/Field Bus2.FAC-TOWER.Parameters.TWST-WB4,AV:3050886
Hearnes-NAE171,NAE171/Field Bus2.FAC-TOWER.Parameters.TWST-WB5,AV:3050885
Hearnes-NAE171,NAE171/Field Bus2.FAC-TOWER.Parameters.Winter Mode,BV:3050861
Hearnes-NAE171,NAE171/Field Bus2.FAC-TOWER.TF1-S,BI:3050797
Hearnes-NAE171,NAE171/Field Bus2.FAC-TOWER.TF1-SC,AO:3050785
Hearnes-NAE171,NAE171/Field Bus2.FAC-TOWER.TF1-SS,BO:3050786
Hearnes-NAE171,NAE171/Field Bus2.FAC-TOWER.TF1-VIB,BI:3050776
Hearnes-NAE171,NAE171/Field Bus2.FAC-TOWER.TF2-S,BI:3050798
Hearnes-NAE171,NAE171/Field Bus2.FAC-TOWER.TF2-SC,AO:3050799
Hearnes-NAE171,NAE171/Field Bus2.FAC-TOWER.TF2-SS,BO:3050784
Hearnes-NAE171,NAE171/Field Bus2.FAC-TOWER.TF2-VIB,BI:3050777
Hearnes-NAE171,NAE171/Field Bus2.FAC-TOWER.TF3-S,BI:3050791
Hearnes-NAE171,NAE171/Field Bus2.FAC-TOWER.TF3-SC,AO:3050800
Hearnes-NAE171,NAE171/Field Bus2.FAC-TOWER.TF3-SS,BO:3050794
Hearnes-NAE171,NAE171/Field Bus2.FAC-TOWER.TF3-VIB,BI:3050769
Hearnes-NAE171,NAE171/Field Bus2.FAC-TOWER.TF4-S,BI:3050792
Hearnes-NAE171,NAE171/Field Bus2.FAC-TOWER.TF4-SC,AO:3050801
Hearnes-NAE171,NAE171/Field Bus2.FAC-TOWER.TF4-SS,BO:3050795
Hearnes-NAE171,NAE171/Field Bus2.FAC-TOWER.TF4-VIB,BI:3050770
Hearnes-NAE171,NAE171/Field Bus2.FAC-TOWER.TP1-S,BI:3050782
Hearnes-NAE171,NAE171/Field Bus2.FAC-TOWER.TP1-SC,AO:3050783
Hearnes-NAE171,NAE171/Field Bus2.FAC-TOWER.TP1-SS,BO:3050787
Hearnes-NAE171,NAE171/Field Bus2.FAC-TOWER.TP2-S,BI:3050793
Hearnes-NAE171,NAE171/Field Bus2.FAC-TOWER.TP2-SC,AO:3050802
Hearnes-NAE171,NAE171/Field Bus2.FAC-TOWER.TP2-SS,BO:3050796
Hearnes-NAE171,NAE171/Field Bus2.FAC-TOWER.TW-199-LVL,AI:3066901
Hearnes-NAE171,NAE171/Field Bus2.FAC-TOWER.TW-BSN-HT,BO:3050775
Hearnes-NAE171,NAE171/Field Bus2.FAC-TOWER.TW-F,AI:3050788
Hearnes-NAE171,NAE171/Field Bus2.FAC-TOWER.TW-LVL,AI:3050779
Hearnes-NAE171,NAE171/Field Bus2.FAC-TOWER.TW-V1,BO:3050803
Hearnes-NAE171,NAE171/Field Bus2.FAC-TOWER.TW-V2,BO:3050771
Hearnes-NAE171,NAE171/Field Bus2.FAC-TOWER.TW-V3,BO:3050773
Hearnes-NAE171,NAE171/Field Bus2.FAC-TOWER.TW-V4,BO:3050774
Hearnes-NAE171,NAE171/Field Bus2.FAC-TOWER.TWBYP-V,AO:3050768
Hearnes-NAE171,NAE171/Field Bus2.FAC-TOWER.TWMU-F,AI:3050778
Hearnes-NAE171,NAE171/Field Bus2.FAC-TOWER.TWMU-V,AO:3050767
Hearnes-NAE171,NAE171/Field Bus2.FAC-TOWER.TWR-PRS,AI:3050790
Hearnes-NAE171,NAE171/Field Bus2.FAC-TOWER.TWR-T,AI:3050780
Hearnes-NAE171,NAE171/Field Bus2.FAC-TOWER.TWS-PRS,AI:3050789
Hearnes-NAE171,NAE171/Field Bus2.FAC-TOWER.TWS-T,AI:3050781
Hearnes-NAE171,NAE171/Field Bus2.FEC-CH1.CH1-ALARM,BI:3051538
Hearnes-NAE171,NAE171/Field Bus2.FEC-CH1.CH1-AUTO,BI:3051545
Hearnes-NAE171,NAE171/Field Bus2.FEC-CH1.CH1-CP1-S,BI:3051543
Hearnes-NAE171,NAE171/Field Bus2.FEC-CH1.CH1-CP1-SC,AO:3051546
Hearnes-NAE171,NAE171/Field Bus2.FEC-CH1.CH1-CP1-SS,BO:3051547
Hearnes-NAE171,NAE171/Field Bus2.FEC-CH1.CH1-ENABLE,BO:3051548
Hearnes-NAE171,NAE171/Field Bus2.FEC-CH1.CH1-F,AI:3051539
Hearnes-NAE171,NAE171/Field Bus2.FEC-CH1.CH1-HAND,BI:3051544
Hearnes-NAE171,NAE171/Field Bus2.FEC-CH1.CH1-REFALM,BI:3051537
Hearnes-NAE171,NAE171/Field Bus2.FEC-CH1.CH1-S,BI:3051542
Hearnes-NAE171,NAE171/Field Bus2.FEC-CH1.CH1-TISO-V,AO:3051549
Hearnes-NAE171,NAE171/Field Bus2.FEC-CH1.CH1-TWR-T,AI:3051535
Hearnes-NAE171,NAE171/Field Bus2.FEC-CH1.CH1-TWS-T,AI:3051534
Hearnes-NAE171,NAE171/Field Bus2.FEC-CH1.CH1R-T,AI:3051541
Hearnes-NAE171,NAE171/Field Bus2.FEC-CH1.CH1S-T,AI:3051540
Hearnes-NAE171,NAE171/Field Bus2.FEC-CH1.CH1TW-F,AI:3051536
Hearnes-NAE171,NAE171/Field Bus2.FEC-CH1.Parameters.Alarm Reset,MV:3051582
Hearnes-NAE171,NAE171/Field Bus2.FEC-CH1.Parameters.CH1-%LOAD,AV:3051580
Hearnes-NAE171,NAE171/Field Bus2.FEC-CH1.Parameters.CH1-CPSC-SP,AV:3051578
Hearnes-NAE171,NAE171/Field Bus2.FEC-CH1.Parameters.CH1-eRATE,AV:3051581
Hearnes-NAE171,NAE171/Field Bus2.FEC-CH1.Parameters.CH1-LOAD,AV:3051579
Hearnes-NAE171,NAE171/Field Bus2.FEC-CH1.Parameters.CH1-LP-START,BV:3051567
Hearnes-NAE171,NAE171/Field Bus2.FEC-CH1.Parameters.CH1-SMRT-ALARM,MV:3051584
Hearnes-NAE171,NAE171/Field Bus2.FEC-CH1.Parameters.CH1-TF-START,BV:3051568
Hearnes-NAE171,NAE171/Field Bus2.FEC-CH1.Parameters.CH1-TISO-V-Input,AV:3051573
Hearnes-NAE171,NAE171/Field Bus2.FEC-CH1.Parameters.CH1-TISO-V-SP,AV:3051569
Hearnes-NAE171,NAE171/Field Bus2.FEC-CH1.Parameters.CH1-TP-START,BV:3051570
Hearnes-NAE171,NAE171/Field Bus2.FEC-CH1.Parameters.CH-KWin,AV:3051583
Hearnes-NAE171,NAE171/Field Bus2.FEC-CH1.Parameters.CH-SEQ,AV:3051591
Hearnes-NAE171,NAE171/Field Bus2.FEC-CH1.Parameters.CHLR START PULSE,BV:3051575
Hearnes-NAE171,NAE171/Field Bus2.FEC-CH1.Parameters.CHLR-ENB,MV:3051587
Hearnes-NAE171,NAE171/Field Bus2.FEC-CH1.Parameters.CHLR-ON,MV:3051574
Hearnes-NAE171,NAE171/Field Bus2.FEC-CH1.Parameters.CHLR-STR,MV:3051589
Hearnes-NAE171,NAE171/Field Bus2.FEC-CH1.Parameters.CSYSENB,MV:3051588
Hearnes-NAE171,NAE171/Field Bus2.FEC-CH1.Parameters.HRN1-NDX,AV:3051590
Hearnes-NAE171,NAE171/Field Bus2.FEC-CH1.Parameters.HRN-WNTR-SEQ,AV:3051572
Hearnes-NAE171,NAE171/Field Bus2.FEC-CH1.Parameters.NDX-SS,BV:3051585
Hearnes-NAE171,NAE171/Field Bus2.FEC-CH1.Parameters.OADB-T,AV:3051576
Hearnes-NAE171,NAE171/Field Bus2.FEC-CH1.Parameters.OAWB-T,AV:3051577
Hearnes-NAE171,NAE171/Field Bus2.FEC-CH1.Parameters.Tower-Circ,BV:3054174
Hearnes-NAE171,NAE171/Field Bus2.FEC-CH1.Parameters.WINTER MODE,BV:3051571
Hearnes-NAE171,NAE171/Field Bus2.FEC-CH1.Parameters.WNTR-MODE-SS,BV:3051586
Hearnes-NAE171,NAE171/Field Bus2.FEC-CH2.CH2-ALARM,BI:3051554
Hearnes-NAE171,NAE171/Field Bus2.FEC-CH2.CH2-AUTO,BI:3051561
Hearnes-NAE171,NAE171/Field Bus2.FEC-CH2.CH2-CP2-S,BI:3051559
Hearnes-NAE171,NAE171/Field Bus2.FEC-CH2.CH2-CP2-SC,AO:3051562
Hearnes-NAE171,NAE171/Field Bus2.FEC-CH2.CH2-CP2-SS,BO:3051563
Hearnes-NAE171,NAE171/Field Bus2.FEC-CH2.CH2-ENABLE,BO:3051564
Hearnes-NAE171,NAE171/Field Bus2.FEC-CH2.CH2-F,AI:3051555
Hearnes-NAE171,NAE171/Field Bus2.FEC-CH2.CH2-HAND,BI:3051560
Hearnes-NAE171,NAE171/Field Bus2.FEC-CH2.CH2-S,BI:3051558
Hearnes-NAE171,NAE171/Field Bus2.FEC-CH2.CH2-TISO-V,AO:3051565
Hearnes-NAE171,NAE171/Field Bus2.FEC-CH2.CH2-TWR-T,AI:3051552
Hearnes-NAE171,NAE171/Field Bus2.FEC-CH2.CH2-TWS-T,AI:3051551
Hearnes-NAE171,NAE171/Field Bus2.FEC-CH2.CH2R-T,AI:3051557
Hearnes-NAE171,NAE171/Field Bus2.FEC-CH2.CH2S-T,AI:3051556
Hearnes-NAE171,NAE171/Field Bus2.FEC-CH2.CH2TW-F,AI:3051553
Hearnes-NAE171,NAE171/Field Bus2.FEC-CH2.Parameters.Alarm Reset,MV:3051608
Hearnes-NAE171,NAE171/Field Bus2.FEC-CH2.Parameters.CH2-%LOAD,AV:3051606
Hearnes-NAE171,NAE171/Field Bus2.FEC-CH2.Parameters.CH2-CPSC-SP,AV:3051604
Hearnes-NAE171,NAE171/Field Bus2.FEC-CH2.Parameters.CH2-eRATE,AV:3051607
Hearnes-NAE171,NAE171/Field Bus2.FEC-CH2.Parameters.CH2-LOAD,AV:3051605
Hearnes-NAE171,NAE171/Field Bus2.FEC-CH2.Parameters.CH2-LP-START,BV:3051593
Hearnes-NAE171,NAE171/Field Bus2.FEC-CH2.Parameters.CH2-SMRT-ALARM,MV:3051610
Hearnes-NAE171,NAE171/Field Bus2.FEC-CH2.Parameters.CH2-TF-START,BV:3051594
Hearnes-NAE171,NAE171/Field Bus2.FEC-CH2.Parameters.CH2-TISO-V-Input,AV:3051599
Hearnes-NAE171,NAE171/Field Bus2.FEC-CH2.Parameters.CH2-TISO-V-SP,AV:3051595
Hearnes-NAE171,NAE171/Field Bus2.FEC-CH2.Parameters.CH2-TP-START,BV:3051596
Hearnes-NAE171,NAE171/Field Bus2.FEC-CH2.Parameters.CH-KWin,AV:3051609
Hearnes-NAE171,NAE171/Field Bus2.FEC-CH2.Parameters.CH-SEQ,AV:3051617
Hearnes-NAE171,NAE171/Field Bus2.FEC-CH2.Parameters.CHLR START PULSE,BV:3051601
Hearnes-NAE171,NAE171/Field Bus2.FEC-CH2.Parameters.CHLR-ENB,MV:3051613
Hearnes-NAE171,NAE171/Field Bus2.FEC-CH2.Parameters.CHLR-ON,MV:3051600
Hearnes-NAE171,NAE171/Field Bus2.FEC-CH2.Parameters.CHLR-STR,MV:3051615
Hearnes-NAE171,NAE171/Field Bus2.FEC-CH2.Parameters.CSYSENB,MV:3051614
Hearnes-NAE171,NAE171/Field Bus2.FEC-CH2.Parameters.HRN2-NDX,AV:3051616
Hearnes-NAE171,NAE171/Field Bus2.FEC-CH2.Parameters.HRN-WNTR-SEQ,AV:3051598
Hearnes-NAE171,NAE171/Field Bus2.FEC-CH2.Parameters.NDX-SS,BV:3051611
Hearnes-NAE171,NAE171/Field Bus2.FEC-CH2.Parameters.OADB-T,AV:3051602
Hearnes-NAE171,NAE171/Field Bus2.FEC-CH2.Parameters.OAWB-T,AV:3051603
Hearnes-NAE171,NAE171/Field Bus2.FEC-CH2.Parameters.Tower-Circ,BV:3054312
Hearnes-NAE171,NAE171/Field Bus2.FEC-CH2.Parameters.WINTER MODE,BV:3051597
Hearnes-NAE171,NAE171/Field Bus2.FEC-CH2.Parameters.WNTR-MODE-SS,BV:3051612
Hearnes-NAE171,NAE171/Field Bus2.FEC-CH3.CH3-ALARM,BI:3050685
Hearnes-NAE171,NAE171/Field Bus2.FEC-CH3.CH3-AUTO,BI:3050692
Hearnes-NAE171,NAE171/Field Bus2.FEC-CH3.CH3-CP-S,BI:3050690
Hearnes-NAE171,NAE171/Field Bus2.FEC-CH3.CH3-CP-SC,AO:3050693
Hearnes-NAE171,NAE171/Field Bus2.FEC-CH3.CH3-CP-SS,BO:3050694
Hearnes-NAE171,NAE171/Field Bus2.FEC-CH3.CH3-ENABLE,BO:3050695
Hearnes-NAE171,NAE171/Field Bus2.FEC-CH3.CH3-F,AI:3050686
Hearnes-NAE171,NAE171/Field Bus2.FEC-CH3.CH3-HAND,BI:3050691
Hearnes-NAE171,NAE171/Field Bus2.FEC-CH3.CH3-REFALM,BI:3050684
Hearnes-NAE171,NAE171/Field Bus2.FEC-CH3.CH3-S,BI:3050689
Hearnes-NAE171,NAE171/Field Bus2.FEC-CH3.CH3-TISO-V,AO:3050696
Hearnes-NAE171,NAE171/Field Bus2.FEC-CH3.CH3-TWR-T,AI:3050682
Hearnes-NAE171,NAE171/Field Bus2.FEC-CH3.CH3-TWS-T,AI:3050681
Hearnes-NAE171,NAE171/Field Bus2.FEC-CH3.CH3R-T,AI:3050688
Hearnes-NAE171,NAE171/Field Bus2.FEC-CH3.CH3S-T,AI:3050687
Hearnes-NAE171,NAE171/Field Bus2.FEC-CH3.CH3TW-F,AI:3050683
Hearnes-NAE171,NAE171/Field Bus2.FEC-CH3.DCW-F,AI:3066185
Hearnes-NAE171,NAE171/Field Bus2.FEC-CH3.Parameters.Alarm Reset,MV:3050713
Hearnes-NAE171,NAE171/Field Bus2.FEC-CH3.Parameters.CH3-%LOAD,AV:3050711
Hearnes-NAE171,NAE171/Field Bus2.FEC-CH3.Parameters.CH3-CPSC-SP,AV:3050709
Hearnes-NAE171,NAE171/Field Bus2.FEC-CH3.Parameters.CH3-eRATE,AV:3050712
Hearnes-NAE171,NAE171/Field Bus2.FEC-CH3.Parameters.CH3-LOAD,AV:3050710
Hearnes-NAE171,NAE171/Field Bus2.FEC-CH3.Parameters.CH3-LP-START,BV:3050698
Hearnes-NAE171,NAE171/Field Bus2.FEC-CH3.Parameters.CH3-SMRT-ALARM,MV:3050715
Hearnes-NAE171,NAE171/Field Bus2.FEC-CH3.Parameters.CH3-TF-START,BV:3050699
Hearnes-NAE171,NAE171/Field Bus2.FEC-CH3.Parameters.CH3-TISO-V-Input,AV:3050704
Hearnes-NAE171,NAE171/Field Bus2.FEC-CH3.Parameters.CH3-TISO-V-SP,AV:3050700
Hearnes-NAE171,NAE171/Field Bus2.FEC-CH3.Parameters.CH3-TP-START,BV:3050701
Hearnes-NAE171,NAE171/Field Bus2.FEC-CH3.Parameters.CH-KWin,AV:3050714
Hearnes-NAE171,NAE171/Field Bus2.FEC-CH3.Parameters.CH-SEQ,AV:3050722
Hearnes-NAE171,NAE171/Field Bus2.FEC-CH3.Parameters.CHLR START PULSE,BV:3050706
Hearnes-NAE171,NAE171/Field Bus2.FEC-CH3.Parameters.CHLR-ENB,MV:3050718
Hearnes-NAE171,NAE171/Field Bus2.FEC-CH3.Parameters.CHLR-ON,MV:3050705
Hearnes-NAE171,NAE171/Field Bus2.FEC-CH3.Parameters.CHLR-STR,MV:3050720
Hearnes-NAE171,NAE171/Field Bus2.FEC-CH3.Parameters.CSYSENB,MV:3050719
Hearnes-NAE171,NAE171/Field Bus2.FEC-CH3.Parameters.HRN3-NDX,AV:3050721
Hearnes-NAE171,NAE171/Field Bus2.FEC-CH3.Parameters.HRN-WNTR-SEQ,AV:3050703
Hearnes-NAE171,NAE171/Field Bus2.FEC-CH3.Parameters.NDX-SS,BV:3050716
Hearnes-NAE171,NAE171/Field Bus2.FEC-CH3.Parameters.OADB-T,AV:3050707
Hearnes-NAE171,NAE171/Field Bus2.FEC-CH3.Parameters.OAWB-T,AV:3050708
Hearnes-NAE171,NAE171/Field Bus2.FEC-CH3.Parameters.Tower-Circ,BV:3054451
Hearnes-NAE171,NAE171/Field Bus2.FEC-CH3.Parameters.WINTER MODE,BV:3050702
Hearnes-NAE171,NAE171/Field Bus2.FEC-CH3.Parameters.WNTR-MODE-SS,BV:3050717
Hearnes-NAE171,NAE171/Field Bus2.FEC-CH3.SMH634-A,BI:3060626
Hearnes-NAE171,NAE171/Field Bus2.FEC-CH3.SMH635-A,BI:3060627
Hearnes-NAE171,NAE171/Field Bus2.FEC-LP.BCW-DP,AI:3050494
Hearnes-NAE171,NAE171/Field Bus2.FEC-LP.BCW-F,AI:3050509
Hearnes-NAE171,NAE171/Field Bus2.FEC-LP.BCW-V1,AO:3050496
Hearnes-NAE171,NAE171/Field Bus2.FEC-LP.BCW-V2,AO:3050492
Hearnes-NAE171,NAE171/Field Bus2.FEC-LP.BCWR-T,AI:3050484
Hearnes-NAE171,NAE171/Field Bus2.FEC-LP.BCWS-T1,AI:3050508
Hearnes-NAE171,NAE171/Field Bus2.FEC-LP.BCWS-T2,AI:3050485
Hearnes-NAE171,NAE171/Field Bus2.FEC-LP.BP1-S,BI:3050490
Hearnes-NAE171,NAE171/Field Bus2.FEC-LP.BP1-SC,AO:3050488
Hearnes-NAE171,NAE171/Field Bus2.FEC-LP.BP1-SS,BO:3050486
Hearnes-NAE171,NAE171/Field Bus2.FEC-LP.BP2-S,BI:3050491
Hearnes-NAE171,NAE171/Field Bus2.FEC-LP.BP2-SS,BO:3050487
Hearnes-NAE171,NAE171/Field Bus2.FEC-LP.BP Parameters.BCW-BP-WSP,AV:3050539
Hearnes-NAE171,NAE171/Field Bus2.FEC-LP.BP Parameters.BCW-CLGOA-DF,AV:3050670
Hearnes-NAE171,NAE171/Field Bus2.FEC-LP.BP Parameters.BCW-CLGOA-SP,AV:3050669
Hearnes-NAE171,NAE171/Field Bus2.FEC-LP.BP Parameters.BCW-HICLG-VLV,AV:3050538
Hearnes-NAE171,NAE171/Field Bus2.FEC-LP.BP Parameters.BCW-HICLG-VLV-High,AV:3050541
Hearnes-NAE171,NAE171/Field Bus2.FEC-LP.BP Parameters.BCW-HICLG-VLV-Low,AV:3050540
Hearnes-NAE171,NAE171/Field Bus2.FEC-LP.BP Parameters.BCW-V1 Pre PID PB,AV:3055288
Hearnes-NAE171,NAE171/Field Bus2.FEC-LP.BP Parameters.BCW-V1-HIL,AV:3055286
Hearnes-NAE171,NAE171/Field Bus2.FEC-LP.BP Parameters.BCW-V1-LOL,AV:3055287
Hearnes-NAE171,NAE171/Field Bus2.FEC-LP.BP Parameters.BCW-V Control ABSEFFORT,AV:3050548
Hearnes-NAE171,NAE171/Field Bus2.FEC-LP.BP Parameters.BCW-V Control ABSERROR,AV:3050547
Hearnes-NAE171,NAE171/Field Bus2.FEC-LP.BP Parameters.BCW-V Control ERROR,AV:3050549
Hearnes-NAE171,NAE171/Field Bus2.FEC-LP.BP Parameters.BCW-V Control EWMA,AV:3050550
Hearnes-NAE171,NAE171/Field Bus2.FEC-LP.BP Parameters.BCW-V Control SL-OUTSTATE,MV:3050546
Hearnes-NAE171,NAE171/Field Bus2.FEC-LP.BP Parameters.BCW-V Control TUNING-RESET,BV:3050545
Hearnes-NAE171,NAE171/Field Bus2.FEC-LP.BP Parameters.BCWDP-SP-High,AV:3050543
Hearnes-NAE171,NAE171/Field Bus2.FEC-LP.BP Parameters.BCWDP-SP-Low,AV:3050542
Hearnes-NAE171,NAE171/Field Bus2.FEC-LP.BP Parameters.BCWS-T2-SP-High,AV:3050533
Hearnes-NAE171,NAE171/Field Bus2.FEC-LP.BP Parameters.BCWS-T2-SP-Low,AV:3050532
Hearnes-NAE171,NAE171/Field Bus2.FEC-LP.BP Parameters.BCWS-T2-WB-High,AV:3050531
Hearnes-NAE171,NAE171/Field Bus2.FEC-LP.BP Parameters.BCWS-T2-WB-Low,AV:3050530
Hearnes-NAE171,NAE171/Field Bus2.FEC-LP.BP Parameters.BCWS-T2-WSP,AV:3050529
Hearnes-NAE171,NAE171/Field Bus2.FEC-LP.BP Parameters.BP-START,MV:3050641
Hearnes-NAE171,NAE171/Field Bus2.FEC-LP.BP Parameters.BPOA-FRZ-DF,AV:3050535
Hearnes-NAE171,NAE171/Field Bus2.FEC-LP.BP Parameters.BPOA-FRZ-SP,AV:3050534
Hearnes-NAE171,NAE171/Field Bus2.FEC-LP.BP Parameters.BPSC PID ABSEFFORT,AV:3050554
Hearnes-NAE171,NAE171/Field Bus2.FEC-LP.BP Parameters.BPSC PID ABSERROR,AV:3050553
Hearnes-NAE171,NAE171/Field Bus2.FEC-LP.BP Parameters.BPSC PID ERROR,AV:3050555
Hearnes-NAE171,NAE171/Field Bus2.FEC-LP.BP Parameters.BPSC PID EWMA,AV:3050556
Hearnes-NAE171,NAE171/Field Bus2.FEC-LP.BP Parameters.BPSC PID SL-OUTSTATE,MV:3050552
Hearnes-NAE171,NAE171/Field Bus2.FEC-LP.BP Parameters.BPSC PID TUNING-RESET,BV:3050551
Hearnes-NAE171,NAE171/Field Bus2.FEC-LP.BP Parameters.HRN BCW-LOAD,AV:3050594
Hearnes-NAE171,NAE171/Field Bus2.FEC-LP.CW-FCLO2,AI:3061945
Hearnes-NAE171,NAE171/Field Bus2.FEC-LP.LCW-DP,AI:3050501
Hearnes-NAE171,NAE171/Field Bus2.FEC-LP.LCWR-P,AI:3057098
Hearnes-NAE171,NAE171/Field Bus2.FEC-LP.LCWS-P,AV:3057099
Hearnes-NAE171,NAE171/Field Bus2.FEC-LP.LP1-S,BI:3050503
Hearnes-NAE171,NAE171/Field Bus2.FEC-LP.LP1-SC,AO:3050507
Hearnes-NAE171,NAE171/Field Bus2.FEC-LP.LP1-SS,BO:3050505
Hearnes-NAE171,NAE171/Field Bus2.FEC-LP.LP1-VLV,BO:3050497
Hearnes-NAE171,NAE171/Field Bus2.FEC-LP.LP2-S,BI:3050504
Hearnes-NAE171,NAE171/Field Bus2.FEC-LP.LP2-SC,AO:3050512
Hearnes-NAE171,NAE171/Field Bus2.FEC-LP.LP2-SS,BO:3050506
Hearnes-NAE171,NAE171/Field Bus2.FEC-LP.LP2-VLV,BO:3050498
Hearnes-NAE171,NAE171/Field Bus2.FEC-LP.LP3-S,BI:3050489
Hearnes-NAE171,NAE171/Field Bus2.FEC-LP.LP3-SC,AO:3050513
Hearnes-NAE171,NAE171/Field Bus2.FEC-LP.LP3-SS,BO:3050510
Hearnes-NAE171,NAE171/Field Bus2.FEC-LP.LP3-VLV,BO:3050511
Hearnes-NAE171,NAE171/Field Bus2.FEC-LP.LP Parameters.C-PCWF-WSP,AV:3050582
Hearnes-NAE171,NAE171/Field Bus2.FEC-LP.LP Parameters.CH1-LP-START,BV:3050571
Hearnes-NAE171,NAE171/Field Bus2.FEC-LP.LP Parameters.CH1-PCWF-Calc,AV:3050567
Hearnes-NAE171,NAE171/Field Bus2.FEC-LP.LP Parameters.CH1-PCWF-WSP,AV:3050570
Hearnes-NAE171,NAE171/Field Bus2.FEC-LP.LP Parameters.CH1-PRIMARY-F,AV:3050558
Hearnes-NAE171,NAE171/Field Bus2.FEC-LP.LP Parameters.CH1S-T,AV:3050580
Hearnes-NAE171,NAE171/Field Bus2.FEC-LP.LP Parameters.CH2-LP-START,BV:3050572
Hearnes-NAE171,NAE171/Field Bus2.FEC-LP.LP Parameters.CH2-PCWF-Calc,AV:3050568
Hearnes-NAE171,NAE171/Field Bus2.FEC-LP.LP Parameters.CH2-PCWF-WSP,AV:3050569
Hearnes-NAE171,NAE171/Field Bus2.FEC-LP.LP Parameters.CH2-PRIMARY-F,AV:3050557
Hearnes-NAE171,NAE171/Field Bus2.FEC-LP.LP Parameters.CH2S-T,AV:3050576
Hearnes-NAE171,NAE171/Field Bus2.FEC-LP.LP Parameters.CH3-LP-START,BV:3050561
Hearnes-NAE171,NAE171/Field Bus2.FEC-LP.LP Parameters.CH3-PCWF-Calc,AV:3050565
Hearnes-NAE171,NAE171/Field Bus2.FEC-LP.LP Parameters.CH3-PCWF-WSP,AV:3050566
Hearnes-NAE171,NAE171/Field Bus2.FEC-LP.LP Parameters.CH3-PRIMARY-F,AV:3050559
Hearnes-NAE171,NAE171/Field Bus2.FEC-LP.LP Parameters.CH3S-T,AV:3050564
Hearnes-NAE171,NAE171/Field Bus2.FEC-LP.LP Parameters.ICA-F,AV:3050573
Hearnes-NAE171,NAE171/Field Bus2.FEC-LP.LP Parameters.LP1-SS-HWO,MV:3050578
Hearnes-NAE171,NAE171/Field Bus2.FEC-LP.LP Parameters.LP1-STR,MV:3050588
Hearnes-NAE171,NAE171/Field Bus2.FEC-LP.LP Parameters.LP2-SS-HWO,MV:3050579
Hearnes-NAE171,NAE171/Field Bus2.FEC-LP.LP Parameters.LP2-STR,MV:3050587
Hearnes-NAE171,NAE171/Field Bus2.FEC-LP.LP Parameters.LP3-SS-HWO,MV:3050574
Hearnes-NAE171,NAE171/Field Bus2.FEC-LP.LP Parameters.LP3-STR,MV:3050586
Hearnes-NAE171,NAE171/Field Bus2.FEC-LP.LP Parameters.LP Pre PID LPSC-PB,AV:3050581
Hearnes-NAE171,NAE171/Field Bus2.FEC-LP.LP Parameters.LP-MINLP-DP,AV:3050584
Hearnes-NAE171,NAE171/Field Bus2.FEC-LP.LP Parameters.LP-MINLPDP-RS,AV:3050560
Hearnes-NAE171,NAE171/Field Bus2.FEC-LP.LP Parameters.LP-SC PID Present Value,AV:3067593
Hearnes-NAE171,NAE171/Field Bus2.FEC-LP.LP Parameters.LP-SC SL-OUTSTATE,MV:3053164
Hearnes-NAE171,NAE171/Field Bus2.FEC-LP.LP Parameters.LP-SC SWO Check,BV:3067592
Hearnes-NAE171,NAE171/Field Bus2.FEC-LP.LP Parameters.LPSC TUNING-RESET,BV:3050589
Hearnes-NAE171,NAE171/Field Bus2.FEC-LP.LP Parameters.LPSC-HIL,AV:3050590
Hearnes-NAE171,NAE171/Field Bus2.FEC-LP.LP Parameters.LPSC-LOL,AV:3050575
Hearnes-NAE171,NAE171/Field Bus2.FEC-LP.LP Parameters.LPSC-Time Constant,AV:3050591
Hearnes-NAE171,NAE171/Field Bus2.FEC-LP.LP Parameters.LPSC-WSP Rate Limiter,AV:3053143
Hearnes-NAE171,NAE171/Field Bus2.FEC-LP.LP Parameters.MOI PCWS-T Control,BV:3050562
Hearnes-NAE171,NAE171/Field Bus2.FEC-LP.LP Parameters.MOI-PCWF-SP-LIMIT,AV:3050563
Hearnes-NAE171,NAE171/Field Bus2.FEC-LP.LP Parameters.PCWF-SP Limit Active,BV:3050583
Hearnes-NAE171,NAE171/Field Bus2.FEC-LP.OA-T,AI:3050495
Hearnes-NAE171,NAE171/Field Bus2.FEC-LP.OADB-T,AV:3050595
Hearnes-NAE171,NAE171/Field Bus2.FEC-LP.OAWB-T,AV:3050596
Hearnes-NAE171,NAE171/Field Bus2.FEC-LP.PCW-F,AI:3050499
Hearnes-NAE171,NAE171/Field Bus2.FEC-LP.PCWR-T,AI:3050502
Hearnes-NAE171,NAE171/Field Bus2.FEC-LP.PCWS-T,AI:3050500
Hearnes-NAE171,NAE171/Field Bus2.FEC-TRT.CW-SANDFILT-BW,BI:3059463
Hearnes-NAE171,NAE171/Field Bus2.FEC-TRT.CW-SANDFILT-ENB,BO:3059465
Hearnes-NAE171,NAE171/Field Bus2.FEC-TRT.CW-SANDFILT-PUMP,BI:3059464
Hearnes-NAE171,NAE171/Field Bus2.FEC-TRT.EF1-S,BI:3050931
Hearnes-NAE171,NAE171/Field Bus2.FEC-TRT.EF1-SS,BO:3050943
Hearnes-NAE171,NAE171/Field Bus2.FEC-TRT.MR-T,AI:3050930
Hearnes-NAE171,NAE171/Field Bus2.FEC-TRT.Parameters.Day of Week,AV:3062839
Hearnes-NAE171,NAE171/Field Bus2.FEC-TRT.Parameters.Hour of Day,AV:3062834
Hearnes-NAE171,NAE171/Field Bus2.FEC-TRT.Parameters.LP-S,MV:3059471
Hearnes-NAE171,NAE171/Field Bus2.FEC-TRT.Parameters.TOWER-CIRC,MV:3051472
Hearnes-NAE171,NAE171/Field Bus2.FEC-TRT.Parameters.TP-S,MV:3051473
Hearnes-NAE171,NAE171/Field Bus2.FEC-TRT.Parameters.TW-BLWDWN-COND-DF,AV:3064316
Hearnes-NAE171,NAE171/Field Bus2.FEC-TRT.Parameters.TW-BLWDWN-COND-SP,AV:3064315
Hearnes-NAE171,NAE171/Field Bus2.FEC-TRT.Parameters.TW-BLWDWN-LOCKOUT,BV:3064314
Hearnes-NAE171,NAE171/Field Bus2.FEC-TRT.Parameters.TW-BLWDWN-PREBLEED,BV:3064313
Hearnes-NAE171,NAE171/Field Bus2.FEC-TRT.Parameters.TW-GLUT-LOCK-DAY,AV:3062835
Hearnes-NAE171,NAE171/Field Bus2.FEC-TRT.Parameters.TW-GLUT-LOCK-DELAY-OFF,AV:3062836
Hearnes-NAE171,NAE171/Field Bus2.FEC-TRT.Parameters.TW-GLUT-LOCK-HR,AV:3062833
Hearnes-NAE171,NAE171/Field Bus2.FEC-TRT.Parameters.TW-GLUT-LOCKOUT,BV:3062979
Hearnes-NAE171,NAE171/Field Bus2.FEC-TRT.Parameters.TW-LVL,AV:3051471
Hearnes-NAE171,NAE171/Field Bus2.FEC-TRT.Parameters.TW-OX-FEED,MV:3051417
Hearnes-NAE171,NAE171/Field Bus2.FEC-TRT.Parameters.TW-OX-LOCK,MV:3051420
Hearnes-NAE171,NAE171/Field Bus2.FEC-TRT.Parameters.TW-OX-RESET,MV:3051418
Hearnes-NAE171,NAE171/Field Bus2.FEC-TRT.Parameters.TW-OX-RUNTIME,AV:3051416
Hearnes-NAE171,NAE171/Field Bus2.FEC-TRT.Parameters.TW-OX-RUNTIME-REMAINING,AV:3051415
Hearnes-NAE171,NAE171/Field Bus2.FEC-TRT.Parameters.TW-OX-SS-OUT,MV:3051419
Hearnes-NAE171,NAE171/Field Bus2.FEC-TRT.SMH633-A,BI:3058690
Hearnes-NAE171,NAE171/Field Bus2.FEC-TRT.TW-ACID-S,BI:3050933
Hearnes-NAE171,NAE171/Field Bus2.FEC-TRT.TW-BLWDWN,BO:3050942
Hearnes-NAE171,NAE171/Field Bus2.FEC-TRT.TW-BLWDWN-S,BI:3050928
Hearnes-NAE171,NAE171/Field Bus2.FEC-TRT.TW-CHMP-S,BI:3050929
Hearnes-NAE171,NAE171/Field Bus2.FEC-TRT.TW-CHMP-SS,BO:3050941
Hearnes-NAE171,NAE171/Field Bus2.FEC-TRT.TW-COND,AI:3050939
Hearnes-NAE171,NAE171/Field Bus2.FEC-TRT.TW-FCL,AI:3050932
Hearnes-NAE171,NAE171/Field Bus2.FEC-TRT.TW-FCL-OUT,AO:3060621
Hearnes-NAE171,NAE171/Field Bus2.FEC-TRT.TW-INHIB,AI:3052293
Hearnes-NAE171,NAE171/Field Bus2.FEC-TRT.TW-INHIB-S,BI:3050934
Hearnes-NAE171,NAE171/Field Bus2.FEC-TRT.TW-NONOX-S,BI:3050937
Hearnes-NAE171,NAE171/Field Bus2.FEC-TRT.TW-ORP,AI:3050940
Hearnes-NAE171,NAE171/Field Bus2.FEC-TRT.TW-OX-S,BI:3050935
Hearnes-NAE171,NAE171/Field Bus2.FEC-TRT.TW-OX-SS,BO:3050936
Hearnes-NAE171,NAE171/Field Bus2.FEC-TRT.TW-PH,AI:3050938
Hearnes-NAE171,NAE171/Field Bus2.KW-CH1.AI-5,AI:3051771
Hearnes-NAE171,NAE171/Field Bus2.KW-CH1.AI-8,AI:3051774
Hearnes-NAE171,NAE171/Field Bus2.KW-CH1.AI-9,AI:3051775
Hearnes-NAE171,NAE171/Field Bus2.KW-CH1.AI-10,AI:3051776
Hearnes-NAE171,NAE171/Field Bus2.KW-CH1.AI-11,AI:3051777
Hearnes-NAE171,NAE171/Field Bus2.KW-CH1.AI-12,AI:3051778
Hearnes-NAE171,NAE171/Field Bus2.KW-CH1.AI-13,AI:3051779
Hearnes-NAE171,NAE171/Field Bus2.KW-CH1.AI-14,AI:3051780
Hearnes-NAE171,NAE171/Field Bus2.KW-CH1.AI-15,AI:3051781
Hearnes-NAE171,NAE171/Field Bus2.KW-CH1.AI-16,AI:3051782
Hearnes-NAE171,NAE171/Field Bus2.KW-CH1.AI-17,AI:3051783
Hearnes-NAE171,NAE171/Field Bus2.KW-CH1.AI-24,AI:3051790
Hearnes-NAE171,NAE171/Field Bus2.KW-CH1.AI-25,AI:3051791
Hearnes-NAE171,NAE171/Field Bus2.KW-CH1.AI-26,AI:3051792
Hearnes-NAE171,NAE171/Field Bus2.KW-CH1.AI-27,AI:3051793
Hearnes-NAE171,NAE171/Field Bus2.KW-CH1.AI-28,AI:3051794
Hearnes-NAE171,NAE171/Field Bus2.KW-CH1.AI-29,AI:3051795
Hearnes-NAE171,NAE171/Field Bus2.KW-CH1.AI-30,AI:3051796
Hearnes-NAE171,NAE171/Field Bus2.KW-CH1.AI-31,AI:3051797
Hearnes-NAE171,NAE171/Field Bus2.KW-CH1.AI-32,AI:3051798
Hearnes-NAE171,NAE171/Field Bus2.KW-CH1.AI-33,AI:3051799
Hearnes-NAE171,NAE171/Field Bus2.KW-CH1.AI-34,AI:3051800
Hearnes-NAE171,NAE171/Field Bus2.KW-CH1.AI-35,AI:3051801
Hearnes-NAE171,NAE171/Field Bus2.KW-CH2.AI-5,AI:3051805
Hearnes-NAE171,NAE171/Field Bus2.KW-CH2.AI-8,AI:3051806
Hearnes-NAE171,NAE171/Field Bus2.KW-CH2.AI-9,AI:3051807
Hearnes-NAE171,NAE171/Field Bus2.KW-CH2.AI-10,AI:3051808
Hearnes-NAE171,NAE171/Field Bus2.KW-CH2.AI-11,AI:3051809
Hearnes-NAE171,NAE171/Field Bus2.KW-CH2.AI-12,AI:3051810
Hearnes-NAE171,NAE171/Field Bus2.KW-CH2.AI-13,AI:3051811
Hearnes-NAE171,NAE171/Field Bus2.KW-CH2.AI-14,AI:3051812
Hearnes-NAE171,NAE171/Field Bus2.KW-CH2.AI-15,AI:3051813
Hearnes-NAE171,NAE171/Field Bus2.KW-CH2.AI-16,AI:3051814
Hearnes-NAE171,NAE171/Field Bus2.KW-CH2.AI-17,AI:3051815
Hearnes-NAE171,NAE171/Field Bus2.KW-CH2.AI-18,AI:3051816
Hearnes-NAE171,NAE171/Field Bus2.KW-CH2.AI-19,AI:3051817
Hearnes-NAE171,NAE171/Field Bus2.KW-CH2.AI-20,AI:3051818
Hearnes-NAE171,NAE171/Field Bus2.KW-CH2.AI-21,AI:3051819
Hearnes-NAE171,NAE171/Field Bus2.KW-CH2.AI-22,AI:3051820
Hearnes-NAE171,NAE171/Field Bus2.KW-CH2.AI-23,AI:3051821
Hearnes-NAE171,NAE171/Field Bus2.KW-CH2.AI-24,AI:3051822
Hearnes-NAE171,NAE171/Field Bus2.KW-CH2.AI-25,AI:3051823
Hearnes-NAE171,NAE171/Field Bus2.KW-CH2.AI-26,AI:3051824
Hearnes-NAE171,NAE171/Field Bus2.KW-CH2.AI-27,AI:3051825
Hearnes-NAE171,NAE171/Field Bus2.KW-CH2.AI-28,AI:3051826
Hearnes-NAE171,NAE171/Field Bus2.KW-CH2.AI-29,AI:3051827
Hearnes-NAE171,NAE171/Field Bus2.KW-CH2.AI-30,AI:3051828
Hearnes-NAE171,NAE171/Field Bus2.KW-CH2.AI-31,AI:3051829
Hearnes-NAE171,NAE171/Field Bus2.KW-CH2.AI-32,AI:3051830
Hearnes-NAE171,NAE171/Field Bus2.KW-CH2.AI-33,AI:3051831
Hearnes-NAE171,NAE171/Field Bus2.KW-CH2.AI-34,AI:3051832
Hearnes-NAE171,NAE171/Field Bus2.KW-CH2.AI-35,AI:3051833
Hearnes-NAE171,NAE171/Field Bus2.KW-CH3.AI-5,AI:3051834
Hearnes-NAE171,NAE171/Field Bus2.KW-CH3.AI-8,AI:3051835
Hearnes-NAE171,NAE171/Field Bus2.KW-CH3.AI-9,AI:3051836
Hearnes-NAE171,NAE171/Field Bus2.KW-CH3.AI-10,AI:3051837
Hearnes-NAE171,NAE171/Field Bus2.KW-CH3.AI-11,AI:3051838
Hearnes-NAE171,NAE171/Field Bus2.KW-CH3.AI-12,AI:3051839
Hearnes-NAE171,NAE171/Field Bus2.KW-CH3.AI-13,AI:3051840
Hearnes-NAE171,NAE171/Field Bus2.KW-CH3.AI-14,AI:3051841
Hearnes-NAE171,NAE171/Field Bus2.KW-CH3.AI-15,AI:3051842
Hearnes-NAE171,NAE171/Field Bus2.KW-CH3.AI-16,AI:3051843
Hearnes-NAE171,NAE171/Field Bus2.KW-CH3.AI-17,AI:3051844
Hearnes-NAE171,NAE171/Field Bus2.KW-CH3.AI-24,AI:3051845
Hearnes-NAE171,NAE171/Field Bus2.KW-CH3.AI-25,AI:3051846
Hearnes-NAE171,NAE171/Field Bus2.KW-CH3.AI-26,AI:3051847
Hearnes-NAE171,NAE171/Field Bus2.KW-CH3.AI-27,AI:3051848
Hearnes-NAE171,NAE171/Field Bus2.KW-CH3.AI-28,AI:3051849
Hearnes-NAE171,NAE171/Field Bus2.KW-CH3.AI-29,AI:3051850
Hearnes-NAE171,NAE171/Field Bus2.KW-CH3.AI-30,AI:3051851
Hearnes-NAE171,NAE171/Field Bus2.KW-CH3.AI-31,AI:3051852
Hearnes-NAE171,NAE171/Field Bus2.KW-CH3.AI-32,AI:3051853
Hearnes-NAE171,NAE171/Field Bus2.KW-CH3.AI-33,AI:3051854
Hearnes-NAE171,NAE171/Field Bus2.KW-CH3.AI-34,AI:3051855
Hearnes-NAE171,NAE171/Field Bus2.KW-CH3.AI-35,AI:3051856
Hearnes-NAE171,NAE171/Field Bus2.KW-CP1.AI-5,AI:3051946
Hearnes-NAE171,NAE171/Field Bus2.KW-CP1.AI-8,AI:3051947
Hearnes-NAE171,NAE171/Field Bus2.KW-CP1.AI-9,AI:3051948
Hearnes-NAE171,NAE171/Field Bus2.KW-CP1.AI-10,AI:3051949
Hearnes-NAE171,NAE171/Field Bus2.KW-CP1.AI-11,AI:3051950
Hearnes-NAE171,NAE171/Field Bus2.KW-CP1.AI-12,AI:3051951
Hearnes-NAE171,NAE171/Field Bus2.KW-CP1.AI-13,AI:3051952
Hearnes-NAE171,NAE171/Field Bus2.KW-CP1.AI-14,AI:3051953
Hearnes-NAE171,NAE171/Field Bus2.KW-CP1.AI-15,AI:3051954
Hearnes-NAE171,NAE171/Field Bus2.KW-CP1.AI-16,AI:3051955
Hearnes-NAE171,NAE171/Field Bus2.KW-CP1.AI-17,AI:3051956
Hearnes-NAE171,NAE171/Field Bus2.KW-CP1.AI-24,AI:3051957
Hearnes-NAE171,NAE171/Field Bus2.KW-CP1.AI-25,AI:3051958
Hearnes-NAE171,NAE171/Field Bus2.KW-CP1.AI-26,AI:3051959
Hearnes-NAE171,NAE171/Field Bus2.KW-CP1.AI-27,AI:3051960
Hearnes-NAE171,NAE171/Field Bus2.KW-CP1.AI-28,AI:3051961
Hearnes-NAE171,NAE171/Field Bus2.KW-CP1.AI-29,AI:3051962
Hearnes-NAE171,NAE171/Field Bus2.KW-CP1.AI-30,AI:3051963
Hearnes-NAE171,NAE171/Field Bus2.KW-CP1.AI-31,AI:3051964
Hearnes-NAE171,NAE171/Field Bus2.KW-CP1.AI-32,AI:3051965
Hearnes-NAE171,NAE171/Field Bus2.KW-CP1.AI-33,AI:3051966
Hearnes-NAE171,NAE171/Field Bus2.KW-CP1.AI-34,AI:3051967
Hearnes-NAE171,NAE171/Field Bus2.KW-CP1.AI-35,AI:3051968
Hearnes-NAE171,NAE171/Field Bus2.KW-CP2.AI-5,AI:3056366
Hearnes-NAE171,NAE171/Field Bus2.KW-CP2.AI-8,AI:3056367
Hearnes-NAE171,NAE171/Field Bus2.KW-CP2.AI-9,AI:3056368
Hearnes-NAE171,NAE171/Field Bus2.KW-CP2.AI-10,AI:3056369
Hearnes-NAE171,NAE171/Field Bus2.KW-CP2.AI-11,AI:3056370
Hearnes-NAE171,NAE171/Field Bus2.KW-CP2.AI-12,AI:3056371
Hearnes-NAE171,NAE171/Field Bus2.KW-CP2.AI-13,AI:3056372
Hearnes-NAE171,NAE171/Field Bus2.KW-CP2.AI-14,AI:3056373
Hearnes-NAE171,NAE171/Field Bus2.KW-CP2.AI-15,AI:3056374
Hearnes-NAE171,NAE171/Field Bus2.KW-CP2.AI-16,AI:3056375
Hearnes-NAE171,NAE171/Field Bus2.KW-CP2.AI-17,AI:3056376
Hearnes-NAE171,NAE171/Field Bus2.KW-CP2.AI-24,AI:3056377
Hearnes-NAE171,NAE171/Field Bus2.KW-CP2.AI-25,AI:3056378
Hearnes-NAE171,NAE171/Field Bus2.KW-CP2.AI-26,AI:3056379
Hearnes-NAE171,NAE171/Field Bus2.KW-CP2.AI-27,AI:3056380
Hearnes-NAE171,NAE171/Field Bus2.KW-CP2.AI-28,AI:3056381
Hearnes-NAE171,NAE171/Field Bus2.KW-CP2.AI-29,AI:3056382
Hearnes-NAE171,NAE171/Field Bus2.KW-CP2.AI-30,AI:3056383
Hearnes-NAE171,NAE171/Field Bus2.KW-CP2.AI-31,AI:3056384
Hearnes-NAE171,NAE171/Field Bus2.KW-CP2.AI-32,AI:3056385
Hearnes-NAE171,NAE171/Field Bus2.KW-CP2.AI-33,AI:3056386
Hearnes-NAE171,NAE171/Field Bus2.KW-CP2.AI-34,AI:3056387
Hearnes-NAE171,NAE171/Field Bus2.KW-CP2.AI-35,AI:3056388
Hearnes-NAE171,NAE171/Field Bus2.KW-CP3.AI-5,AI:3056390
Hearnes-NAE171,NAE171/Field Bus2.KW-CP3.AI-8,AI:3056391
Hearnes-NAE171,NAE171/Field Bus2.KW-CP3.AI-9,AI:3056392
Hearnes-NAE171,NAE171/Field Bus2.KW-CP3.AI-10,AI:3056393
Hearnes-NAE171,NAE171/Field Bus2.KW-CP3.AI-11,AI:3056394
Hearnes-NAE171,NAE171/Field Bus2.KW-CP3.AI-12,AI:3056395
Hearnes-NAE171,NAE171/Field Bus2.KW-CP3.AI-13,AI:3056396
Hearnes-NAE171,NAE171/Field Bus2.KW-CP3.AI-14,AI:3056397
Hearnes-NAE171,NAE171/Field Bus2.KW-CP3.AI-15,AI:3056398
Hearnes-NAE171,NAE171/Field Bus2.KW-CP3.AI-16,AI:3056399
Hearnes-NAE171,NAE171/Field Bus2.KW-CP3.AI-17,AI:3056400
Hearnes-NAE171,NAE171/Field Bus2.KW-CP3.AI-24,AI:3056401
Hearnes-NAE171,NAE171/Field Bus2.KW-CP3.AI-25,AI:3056402
Hearnes-NAE171,NAE171/Field Bus2.KW-CP3.AI-26,AI:3056403
Hearnes-NAE171,NAE171/Field Bus2.KW-CP3.AI-27,AI:3056404
Hearnes-NAE171,NAE171/Field Bus2.KW-CP3.AI-28,AI:3056405
Hearnes-NAE171,NAE171/Field Bus2.KW-CP3.AI-29,AI:3056406
Hearnes-NAE171,NAE171/Field Bus2.KW-CP3.AI-30,AI:3056407
Hearnes-NAE171,NAE171/Field Bus2.KW-CP3.AI-31,AI:3056408
Hearnes-NAE171,NAE171/Field Bus2.KW-CP3.AI-32,AI:3056409
Hearnes-NAE171,NAE171/Field Bus2.KW-CP3.AI-33,AI:3056410
Hearnes-NAE171,NAE171/Field Bus2.KW-CP3.AI-34,AI:3056411
Hearnes-NAE171,NAE171/Field Bus2.KW-CP3.AI-35,AI:3056412
Hearnes-NAE171,NAE171/Field Bus2.KW-LP1.AI-5,AI:3051857
Hearnes-NAE171,NAE171/Field Bus2.KW-LP1.AI-8,AI:3051858
Hearnes-NAE171,NAE171/Field Bus2.KW-LP1.AI-9,AI:3051859
Hearnes-NAE171,NAE171/Field Bus2.KW-LP1.AI-10,AI:3051860
Hearnes-NAE171,NAE171/Field Bus2.KW-LP1.AI-11,AI:3051861
Hearnes-NAE171,NAE171/Field Bus2.KW-LP1.AI-12,AI:3051862
Hearnes-NAE171,NAE171/Field Bus2.KW-LP1.AI-13,AI:3051863
Hearnes-NAE171,NAE171/Field Bus2.KW-LP1.AI-14,AI:3051864
Hearnes-NAE171,NAE171/Field Bus2.KW-LP1.AI-15,AI:3051865
Hearnes-NAE171,NAE171/Field Bus2.KW-LP1.AI-16,AI:3051866
Hearnes-NAE171,NAE171/Field Bus2.KW-LP1.AI-17,AI:3051867
Hearnes-NAE171,NAE171/Field Bus2.KW-LP1.AI-24,AI:3051868
Hearnes-NAE171,NAE171/Field Bus2.KW-LP1.AI-25,AI:3051869
Hearnes-NAE171,NAE171/Field Bus2.KW-LP1.AI-26,AI:3051870
Hearnes-NAE171,NAE171/Field Bus2.KW-LP1.AI-27,AI:3051871
Hearnes-NAE171,NAE171/Field Bus2.KW-LP1.AI-28,AI:3051872
Hearnes-NAE171,NAE171/Field Bus2.KW-LP1.AI-29,AI:3051873
Hearnes-NAE171,NAE171/Field Bus2.KW-LP1.AI-30,AI:3051874
Hearnes-NAE171,NAE171/Field Bus2.KW-LP1.AI-31,AI:3051875
Hearnes-NAE171,NAE171/Field Bus2.KW-LP1.AI-32,AI:3051876
Hearnes-NAE171,NAE171/Field Bus2.KW-LP1.AI-33,AI:3051877
Hearnes-NAE171,NAE171/Field Bus2.KW-LP1.AI-34,AI:3051878
Hearnes-NAE171,NAE171/Field Bus2.KW-LP1.AI-35,AI:3051879
Hearnes-NAE171,NAE171/Field Bus2.KW-LP2.AI-5,AI:3051884
Hearnes-NAE171,NAE171/Field Bus2.KW-LP2.AI-8,AI:3051885
Hearnes-NAE171,NAE171/Field Bus2.KW-LP2.AI-9,AI:3051886
Hearnes-NAE171,NAE171/Field Bus2.KW-LP2.AI-10,AI:3051887
Hearnes-NAE171,NAE171/Field Bus2.KW-LP2.AI-11,AI:3051888
Hearnes-NAE171,NAE171/Field Bus2.KW-LP2.AI-12,AI:3051889
Hearnes-NAE171,NAE171/Field Bus2.KW-LP2.AI-13,AI:3051890
Hearnes-NAE171,NAE171/Field Bus2.KW-LP2.AI-14,AI:3051891
Hearnes-NAE171,NAE171/Field Bus2.KW-LP2.AI-15,AI:3051892
Hearnes-NAE171,NAE171/Field Bus2.KW-LP2.AI-16,AI:3051893
Hearnes-NAE171,NAE171/Field Bus2.KW-LP2.AI-17,AI:3051894
Hearnes-NAE171,NAE171/Field Bus2.KW-LP2.AI-18,AI:3051895
Hearnes-NAE171,NAE171/Field Bus2.KW-LP2.AI-19,AI:3051896
Hearnes-NAE171,NAE171/Field Bus2.KW-LP2.AI-20,AI:3051897
Hearnes-NAE171,NAE171/Field Bus2.KW-LP2.AI-21,AI:3051898
Hearnes-NAE171,NAE171/Field Bus2.KW-LP2.AI-22,AI:3051899
Hearnes-NAE171,NAE171/Field Bus2.KW-LP2.AI-23,AI:3051900
Hearnes-NAE171,NAE171/Field Bus2.KW-LP2.AI-24,AI:3051901
Hearnes-NAE171,NAE171/Field Bus2.KW-LP2.AI-25,AI:3051902
Hearnes-NAE171,NAE171/Field Bus2.KW-LP2.AI-26,AI:3051903
Hearnes-NAE171,NAE171/Field Bus2.KW-LP2.AI-27,AI:3051904
Hearnes-NAE171,NAE171/Field Bus2.KW-LP2.AI-28,AI:3051905
Hearnes-NAE171,NAE171/Field Bus2.KW-LP2.AI-29,AI:3051906
Hearnes-NAE171,NAE171/Field Bus2.KW-LP2.AI-30,AI:3051907
Hearnes-NAE171,NAE171/Field Bus2.KW-LP2.AI-31,AI:3051908
Hearnes-NAE171,NAE171/Field Bus2.KW-LP2.AI-32,AI:3051909
Hearnes-NAE171,NAE171/Field Bus2.KW-LP2.AI-33,AI:3051910
Hearnes-NAE171,NAE171/Field Bus2.KW-LP2.AI-34,AI:3051911
Hearnes-NAE171,NAE171/Field Bus2.KW-LP2.AI-35,AI:3051912
Hearnes-NAE171,NAE171/Field Bus2.KW-LP3.AI-5,AI:3051919
Hearnes-NAE171,NAE171/Field Bus2.KW-LP3.AI-8,AI:3051920
Hearnes-NAE171,NAE171/Field Bus2.KW-LP3.AI-9,AI:3051921
Hearnes-NAE171,NAE171/Field Bus2.KW-LP3.AI-10,AI:3051922
Hearnes-NAE171,NAE171/Field Bus2.KW-LP3.AI-11,AI:3051923
Hearnes-NAE171,NAE171/Field Bus2.KW-LP3.AI-12,AI:3051924
Hearnes-NAE171,NAE171/Field Bus2.KW-LP3.AI-13,AI:3051925
Hearnes-NAE171,NAE171/Field Bus2.KW-LP3.AI-14,AI:3051926
Hearnes-NAE171,NAE171/Field Bus2.KW-LP3.AI-15,AI:3051927
Hearnes-NAE171,NAE171/Field Bus2.KW-LP3.AI-16,AI:3051928
Hearnes-NAE171,NAE171/Field Bus2.KW-LP3.AI-17,AI:3051929
Hearnes-NAE171,NAE171/Field Bus2.KW-LP3.AI-24,AI:3051930
Hearnes-NAE171,NAE171/Field Bus2.KW-LP3.AI-25,AI:3051931
Hearnes-NAE171,NAE171/Field Bus2.KW-LP3.AI-26,AI:3051932
Hearnes-NAE171,NAE171/Field Bus2.KW-LP3.AI-27,AI:3051933
Hearnes-NAE171,NAE171/Field Bus2.KW-LP3.AI-28,AI:3051934
Hearnes-NAE171,NAE171/Field Bus2.KW-LP3.AI-29,AI:3051935
Hearnes-NAE171,NAE171/Field Bus2.KW-LP3.AI-30,AI:3051936
Hearnes-NAE171,NAE171/Field Bus2.KW-LP3.AI-31,AI:3051937
Hearnes-NAE171,NAE171/Field Bus2.KW-LP3.AI-32,AI:3051938
Hearnes-NAE171,NAE171/Field Bus2.KW-LP3.AI-33,AI:3051939
Hearnes-NAE171,NAE171/Field Bus2.KW-LP3.AI-34,AI:3051940
Hearnes-NAE171,NAE171/Field Bus2.KW-LP3.AI-35,AI:3051941
Hearnes-NAE171,NAE171/Field Bus2.KW-TF1.AI-5,AI:3052015
Hearnes-NAE171,NAE171/Field Bus2.KW-TF1.AI-8,AI:3052016
Hearnes-NAE171,NAE171/Field Bus2.KW-TF1.AI-9,AI:3052017
Hearnes-NAE171,NAE171/Field Bus2.KW-TF1.AI-10,AI:3052018
Hearnes-NAE171,NAE171/Field Bus2.KW-TF1.AI-11,AI:3052019
Hearnes-NAE171,NAE171/Field Bus2.KW-TF1.AI-12,AI:3052020
Hearnes-NAE171,NAE171/Field Bus2.KW-TF1.AI-13,AI:3052021
Hearnes-NAE171,NAE171/Field Bus2.KW-TF1.AI-14,AI:3052022
Hearnes-NAE171,NAE171/Field Bus2.KW-TF1.AI-15,AI:3052023
Hearnes-NAE171,NAE171/Field Bus2.KW-TF1.AI-16,AI:3052024
Hearnes-NAE171,NAE171/Field Bus2.KW-TF1.AI-17,AI:3052025
Hearnes-NAE171,NAE171/Field Bus2.KW-TF1.AI-24,AI:3052026
Hearnes-NAE171,NAE171/Field Bus2.KW-TF1.AI-25,AI:3052027
Hearnes-NAE171,NAE171/Field Bus2.KW-TF1.AI-26,AI:3052028
Hearnes-NAE171,NAE171/Field Bus2.KW-TF1.AI-27,AI:3052029
Hearnes-NAE171,NAE171/Field Bus2.KW-TF1.AI-28,AI:3052030
Hearnes-NAE171,NAE171/Field Bus2.KW-TF1.AI-29,AI:3052031
Hearnes-NAE171,NAE171/Field Bus2.KW-TF1.AI-30,AI:3052032
Hearnes-NAE171,NAE171/Field Bus2.KW-TF1.AI-31,AI:3052033
Hearnes-NAE171,NAE171/Field Bus2.KW-TF1.AI-32,AI:3052034
Hearnes-NAE171,NAE171/Field Bus2.KW-TF1.AI-33,AI:3052035
Hearnes-NAE171,NAE171/Field Bus2.KW-TF1.AI-34,AI:3052036
Hearnes-NAE171,NAE171/Field Bus2.KW-TF1.AI-35,AI:3052037
Hearnes-NAE171,NAE171/Field Bus2.KW-TF2.AI-5,AI:3052038
Hearnes-NAE171,NAE171/Field Bus2.KW-TF2.AI-8,AI:3052039
Hearnes-NAE171,NAE171/Field Bus2.KW-TF2.AI-9,AI:3052040
Hearnes-NAE171,NAE171/Field Bus2.KW-TF2.AI-10,AI:3052041
Hearnes-NAE171,NAE171/Field Bus2.KW-TF2.AI-11,AI:3052042
Hearnes-NAE171,NAE171/Field Bus2.KW-TF2.AI-12,AI:3052043
Hearnes-NAE171,NAE171/Field Bus2.KW-TF2.AI-13,AI:3052044
Hearnes-NAE171,NAE171/Field Bus2.KW-TF2.AI-14,AI:3052045
Hearnes-NAE171,NAE171/Field Bus2.KW-TF2.AI-15,AI:3052046
Hearnes-NAE171,NAE171/Field Bus2.KW-TF2.AI-16,AI:3052047
Hearnes-NAE171,NAE171/Field Bus2.KW-TF2.AI-17,AI:3052048
Hearnes-NAE171,NAE171/Field Bus2.KW-TF2.AI-18,AI:3052049
Hearnes-NAE171,NAE171/Field Bus2.KW-TF2.AI-19,AI:3052050
Hearnes-NAE171,NAE171/Field Bus2.KW-TF2.AI-20,AI:3052051
Hearnes-NAE171,NAE171/Field Bus2.KW-TF2.AI-21,AI:3052052
Hearnes-NAE171,NAE171/Field Bus2.KW-TF2.AI-22,AI:3052053
Hearnes-NAE171,NAE171/Field Bus2.KW-TF2.AI-23,AI:3052054
Hearnes-NAE171,NAE171/Field Bus2.KW-TF2.AI-24,AI:3052055
Hearnes-NAE171,NAE171/Field Bus2.KW-TF2.AI-25,AI:3052056
Hearnes-NAE171,NAE171/Field Bus2.KW-TF2.AI-26,AI:3052057
Hearnes-NAE171,NAE171/Field Bus2.KW-TF2.AI-27,AI:3052058
Hearnes-NAE171,NAE171/Field Bus2.KW-TF2.AI-28,AI:3052059
Hearnes-NAE171,NAE171/Field Bus2.KW-TF2.AI-29,AI:3052060
Hearnes-NAE171,NAE171/Field Bus2.KW-TF2.AI-30,AI:3052061
Hearnes-NAE171,NAE171/Field Bus2.KW-TF2.AI-31,AI:3052062
Hearnes-NAE171,NAE171/Field Bus2.KW-TF2.AI-32,AI:3052063
Hearnes-NAE171,NAE171/Field Bus2.KW-TF2.AI-33,AI:3052064
Hearnes-NAE171,NAE171/Field Bus2.KW-TF2.AI-34,AI:3052065
Hearnes-NAE171,NAE171/Field Bus2.KW-TF2.AI-35,AI:3052066
Hearnes-NAE171,NAE171/Field Bus2.KW-TF3.AI-5,AI:3052067
Hearnes-NAE171,NAE171/Field Bus2.KW-TF3.AI-8,AI:3052068
Hearnes-NAE171,NAE171/Field Bus2.KW-TF3.AI-9,AI:3052069
Hearnes-NAE171,NAE171/Field Bus2.KW-TF3.AI-10,AI:3052070
Hearnes-NAE171,NAE171/Field Bus2.KW-TF3.AI-11,AI:3052071
Hearnes-NAE171,NAE171/Field Bus2.KW-TF3.AI-12,AI:3052072
Hearnes-NAE171,NAE171/Field Bus2.KW-TF3.AI-13,AI:3052073
Hearnes-NAE171,NAE171/Field Bus2.KW-TF3.AI-14,AI:3052074
Hearnes-NAE171,NAE171/Field Bus2.KW-TF3.AI-15,AI:3052075
Hearnes-NAE171,NAE171/Field Bus2.KW-TF3.AI-16,AI:3052076
Hearnes-NAE171,NAE171/Field Bus2.KW-TF3.AI-17,AI:3052077
Hearnes-NAE171,NAE171/Field Bus2.KW-TF3.AI-24,AI:3052078
Hearnes-NAE171,NAE171/Field Bus2.KW-TF3.AI-25,AI:3052079
Hearnes-NAE171,NAE171/Field Bus2.KW-TF3.AI-26,AI:3052080
Hearnes-NAE171,NAE171/Field Bus2.KW-TF3.AI-27,AI:3052081
Hearnes-NAE171,NAE171/Field Bus2.KW-TF3.AI-28,AI:3052082
Hearnes-NAE171,NAE171/Field Bus2.KW-TF3.AI-29,AI:3052083
Hearnes-NAE171,NAE171/Field Bus2.KW-TF3.AI-30,AI:3052084
Hearnes-NAE171,NAE171/Field Bus2.KW-TF3.AI-31,AI:3052085
Hearnes-NAE171,NAE171/Field Bus2.KW-TF3.AI-32,AI:3052086
Hearnes-NAE171,NAE171/Field Bus2.KW-TF3.AI-33,AI:3052087
Hearnes-NAE171,NAE171/Field Bus2.KW-TF3.AI-34,AI:3052088
Hearnes-NAE171,NAE171/Field Bus2.KW-TF3.AI-35,AI:3052089
Hearnes-NAE171,NAE171/Field Bus2.KW-TF3.AI-36,AI:3052090
Hearnes-NAE171,NAE171/Field Bus2.KW-TF3.AI-37,AI:3052091
Hearnes-NAE171,NAE171/Field Bus2.KW-TF3.AI-38,AI:3052092
Hearnes-NAE171,NAE171/Field Bus2.KW-TF4.AI-5,AI:3052093
Hearnes-NAE171,NAE171/Field Bus2.KW-TF4.AI-8,AI:3052094
Hearnes-NAE171,NAE171/Field Bus2.KW-TF4.AI-9,AI:3052095
Hearnes-NAE171,NAE171/Field Bus2.KW-TF4.AI-10,AI:3052096
Hearnes-NAE171,NAE171/Field Bus2.KW-TF4.AI-11,AI:3052097
Hearnes-NAE171,NAE171/Field Bus2.KW-TF4.AI-12,AI:3052098
Hearnes-NAE171,NAE171/Field Bus2.KW-TF4.AI-13,AI:3052099
Hearnes-NAE171,NAE171/Field Bus2.KW-TF4.AI-14,AI:3052100
Hearnes-NAE171,NAE171/Field Bus2.KW-TF4.AI-15,AI:3052101
Hearnes-NAE171,NAE171/Field Bus2.KW-TF4.AI-16,AI:3052102
Hearnes-NAE171,NAE171/Field Bus2.KW-TF4.AI-17,AI:3052103
Hearnes-NAE171,NAE171/Field Bus2.KW-TF4.AI-24,AI:3052104
Hearnes-NAE171,NAE171/Field Bus2.KW-TF4.AI-25,AI:3052105
Hearnes-NAE171,NAE171/Field Bus2.KW-TF4.AI-26,AI:3052106
Hearnes-NAE171,NAE171/Field Bus2.KW-TF4.AI-27,AI:3052107
Hearnes-NAE171,NAE171/Field Bus2.KW-TF4.AI-28,AI:3052108
Hearnes-NAE171,NAE171/Field Bus2.KW-TF4.AI-29,AI:3052109
Hearnes-NAE171,NAE171/Field Bus2.KW-TF4.AI-30,AI:3052110
Hearnes-NAE171,NAE171/Field Bus2.KW-TF4.AI-31,AI:3052111
Hearnes-NAE171,NAE171/Field Bus2.KW-TF4.AI-32,AI:3052112
Hearnes-NAE171,NAE171/Field Bus2.KW-TF4.AI-33,AI:3052113
Hearnes-NAE171,NAE171/Field Bus2.KW-TF4.AI-34,AI:3052114
Hearnes-NAE171,NAE171/Field Bus2.KW-TF4.AI-35,AI:3052115
Hearnes-NAE171,NAE171/Field Bus2.KW-TP1.AI-5,AI:3051674
Hearnes-NAE171,NAE171/Field Bus2.KW-TP1.AI-8,AI:3051677
Hearnes-NAE171,NAE171/Field Bus2.KW-TP1.AI-9,AI:3051678
Hearnes-NAE171,NAE171/Field Bus2.KW-TP1.AI-10,AI:3051679
Hearnes-NAE171,NAE171/Field Bus2.KW-TP1.AI-11,AI:3051680
Hearnes-NAE171,NAE171/Field Bus2.KW-TP1.AI-12,AI:3051681
Hearnes-NAE171,NAE171/Field Bus2.KW-TP1.AI-13,AI:3051682
Hearnes-NAE171,NAE171/Field Bus2.KW-TP1.AI-14,AI:3051683
Hearnes-NAE171,NAE171/Field Bus2.KW-TP1.AI-15,AI:3051684
Hearnes-NAE171,NAE171/Field Bus2.KW-TP1.AI-16,AI:3051685
Hearnes-NAE171,NAE171/Field Bus2.KW-TP1.AI-17,AI:3051686
Hearnes-NAE171,NAE171/Field Bus2.KW-TP1.AI-24,AI:3051693
Hearnes-NAE171,NAE171/Field Bus2.KW-TP1.AI-25,AI:3051694
Hearnes-NAE171,NAE171/Field Bus2.KW-TP1.AI-26,AI:3051695
Hearnes-NAE171,NAE171/Field Bus2.KW-TP1.AI-27,AI:3051696
Hearnes-NAE171,NAE171/Field Bus2.KW-TP1.AI-28,AI:3051697
Hearnes-NAE171,NAE171/Field Bus2.KW-TP1.AI-29,AI:3051698
Hearnes-NAE171,NAE171/Field Bus2.KW-TP1.AI-30,AI:3051699
Hearnes-NAE171,NAE171/Field Bus2.KW-TP1.AI-31,AI:3051700
Hearnes-NAE171,NAE171/Field Bus2.KW-TP1.AI-32,AI:3051701
Hearnes-NAE171,NAE171/Field Bus2.KW-TP1.AI-33,AI:3051702
Hearnes-NAE171,NAE171/Field Bus2.KW-TP1.AI-34,AI:3051703
Hearnes-NAE171,NAE171/Field Bus2.KW-TP1.AI-35,AI:3051704
Hearnes-NAE171,NAE171/Field Bus2.KW-TP2.AI-5,AI:3051717
Hearnes-NAE171,NAE171/Field Bus2.KW-TP2.AI-8,AI:3051720
Hearnes-NAE171,NAE171/Field Bus2.KW-TP2.AI-9,AI:3051721
Hearnes-NAE171,NAE171/Field Bus2.KW-TP2.AI-10,AI:3051722
Hearnes-NAE171,NAE171/Field Bus2.KW-TP2.AI-11,AI:3051723
Hearnes-NAE171,NAE171/Field Bus2.KW-TP2.AI-12,AI:3051724
Hearnes-NAE171,NAE171/Field Bus2.KW-TP2.AI-13,AI:3051725
Hearnes-NAE171,NAE171/Field Bus2.KW-TP2.AI-14,AI:3051726
Hearnes-NAE171,NAE171/Field Bus2.KW-TP2.AI-15,AI:3051727
Hearnes-NAE171,NAE171/Field Bus2.KW-TP2.AI-16,AI:3051728
Hearnes-NAE171,NAE171/Field Bus2.KW-TP2.AI-17,AI:3051729
Hearnes-NAE171,NAE171/Field Bus2.KW-TP2.AI-24,AI:3051736
Hearnes-NAE171,NAE171/Field Bus2.KW-TP2.AI-25,AI:3051737
Hearnes-NAE171,NAE171/Field Bus2.KW-TP2.AI-26,AI:3051738
Hearnes-NAE171,NAE171/Field Bus2.KW-TP2.AI-27,AI:3051739
Hearnes-NAE171,NAE171/Field Bus2.KW-TP2.AI-28,AI:3051740
Hearnes-NAE171,NAE171/Field Bus2.KW-TP2.AI-29,AI:3051741
Hearnes-NAE171,NAE171/Field Bus2.KW-TP2.AI-30,AI:3051742
Hearnes-NAE171,NAE171/Field Bus2.KW-TP2.AI-31,AI:3051743
Hearnes-NAE171,NAE171/Field Bus2.KW-TP2.AI-32,AI:3051744
Hearnes-NAE171,NAE171/Field Bus2.KW-TP2.AI-33,AI:3051745
Hearnes-NAE171,NAE171/Field Bus2.KW-TP2.AI-34,AI:3051746
Hearnes-NAE171,NAE171/Field Bus2.KW-TP2.AI-35,AI:3051747
Hearnes-NAE171,NAE171/Programming.Chlr Plant Programming.Chiller Sequence.HRN-CH-SEQ,AV:3058923
Hearnes-NAE171,NAE171/Programming.Chlr Plant Programming.Data Points.HRN1-Cond-App,AV:3056586
Hearnes-NAE171,NAE171/Programming.Chlr Plant Programming.Data Points.HRN1-Evap-App,AV:3056580
Hearnes-NAE171,NAE171/Programming.Chlr Plant Programming.Data Points.HRN2-Cond-App,AV:3056588
Hearnes-NAE171,NAE171/Programming.Chlr Plant Programming.Data Points.HRN2-Evap-App,AV:3056582
Hearnes-NAE171,NAE171/Programming.Chlr Plant Programming.Data Points.HRN3-Cond-App,AV:3056590
Hearnes-NAE171,NAE171/Programming.Chlr Plant Programming.Data Points.HRN3-Evap-App,AV:3056584
Hearnes-NAE171,NAE171/Programming.Chlr Plant Programming.LP-SC Control.LCW-DP-CALC,AV:3058989
Hearnes-NAE171,NAE171/Programming.Chlr Plant Programming.LP-SC Control.LP1-SC Start Ramp,BV:3067553
Hearnes-NAE171,NAE171/Programming.Chlr Plant Programming.LP-SC Control.LP2-SC Start Ramp,BV:3067589
Hearnes-NAE171,NAE171/Programming.Chlr Plant Programming.LP-SC Control.LP3-SC Start Ramp,BV:3067591
Hearnes-NAE171,NAE171/Programming.Chlr Plant Programming.LP-SC Control.LP-DP Hi In,AV:3051012
Hearnes-NAE171,NAE171/Programming.Chlr Plant Programming.LP-SC Control.LP-DP Hi Reset,AV:3051014
Hearnes-NAE171,NAE171/Programming.Chlr Plant Programming.LP-SC Control.LP-DP Lo In,AV:3051011
Hearnes-NAE171,NAE171/Programming.Chlr Plant Programming.LP-SC Control.LP-DP Lo Reset,AV:3051013
Hearnes-NAE171,NAE171/Programming.Chlr Plant Programming.LP-SC Control.LP-MINLP-DP-Reset,AV:3054922
Hearnes-NAE171,NAE171/Programming.Chlr Plant Programming.LP-SC Control.LPs-ON,AV:3067570
Hearnes-NAE171,NAE171/Programming.Chlr Plant Programming.PCW Data.HRN1-AUX-KW,AV:3050627
Hearnes-NAE171,NAE171/Programming.Chlr Plant Programming.PCW Data.HRN2-AUX-KW,AV:3050628
Hearnes-NAE171,NAE171/Programming.Chlr Plant Programming.PCW Data.HRN3-AUX-KW,AV:3050629
Hearnes-NAE171,NAE171/Programming.Chlr Plant Programming.PCW Data.HRN-AUX-KWpTon,AV:3050633
Hearnes-NAE171,NAE171/Programming.Chlr Plant Programming.PCW Data.HRN-COMP-HkWpTon,AV:3052258
Hearnes-NAE171,NAE171/Programming.Chlr Plant Programming.PCW Data.HRN-CP-KWpTon,AV:3050635
Hearnes-NAE171,NAE171/Programming.Chlr Plant Programming.PCW Data.HRN-LP-KWpTon,AV:3050636
Hearnes-NAE171,NAE171/Programming.Chlr Plant Programming.PCW Data.HRN-PCW-HkWpTon,AV:3050634
Hearnes-NAE171,NAE171/Programming.Chlr Plant Programming.PCW Data.HRN-PCW-LD,AV:3051247
Hearnes-NAE171,NAE171/Programming.Chlr Plant Programming.PCW Data.HRN-TF-KWpTon,AV:3050638
Hearnes-NAE171,NAE171/Programming.Chlr Plant Programming.PCW Data.HRN-TP-KWpTon,AV:3050637
Hearnes-NAE171,NAE171/Programming.Chlr Plant Programming.PCW Data.HRN-TRT-KW,AV:3050639
Hearnes-NAE171,NAE171/Programming.Chlr Plant Programming.Water Treatment.HRN SANDFILT DAILY,AV:3059473
Hearnes-NAE171,NAE171/Programming.Chlr Plant Programming.Water Treatment.HRN-CHEM-FEED-ALARM,BV:3061239
Hearnes-NAE171,NAE171/Programming.Chlr Plant Programming.Water Treatment.HRN-CIRC-HR,AV:3051174
Hearnes-NAE171,NAE171/Programming.Chlr Plant Programming.Water Treatment.HRN-GLUT-ALARM,BV:3061706
Hearnes-NAE171,NAE171/Programming.Chlr Plant Programming.Water Treatment.HRN-TOWER-CIRC,BV:3053966
Hearnes-NAE171,NAE171/Programming.Chlr Plant Programming.Water Treatment.TW-FCL-ALARM-ENB,BV:3066193
Hearnes-NAE171,NAE171/Programming.Chlr Plant Programming.Water Treatment.TW-FCL-SP,AV:3051421
Hearnes-NAE171,NAE171/Programming.Chlr Plant Programming.Water Treatment.TW-ORP-HiLimit,AV:3054873
Hearnes-NAE171,NAE171/Programming.Chlr Plant Programming.Water Treatment.TW-PH_COND-ALARM-ENB,BV:3066539
Hearnes-NAE171,NAE171/Programming.Chlr Plant Programming.Water Treatment.TWBYP-CIRC,BV:3058113
Hearnes-NAE171,NAE171/Programming.Chlr Plant Programming.Weather Station.HRN-OADB-T,AV:3058928
Hearnes-NAE171,NAE171/Programming.Chlr Plant Programming.Weather Station.HRN-OAWB-T,AV:3058930
Hearnes-NAE171,NAE171/Programming.Data Points.Hearnes CW-Totalization,AV:3061502
Hearnes-NAE171,NAE171/Programming.Data Points.HRN CW-PEAK,AV:3050671
Hearnes-NAE171,NAE171/Programming.Data Points.HRN-TWMU-F Totalization,AV:3060638
LSCP-NAE167,NAE167/Field Bus1.AH9.AH9 CLG-VLV,AO:3001358
LSCP-NAE167,NAE167/Field Bus1.AH9.AH9 CW-F,AI:3001347
LSCP-NAE167,NAE167/Field Bus1.AH9.AH9 CWP-S,BI:3001402
LSCP-NAE167,NAE167/Field Bus1.AH9.AH9 CWP-SC,AO:3001353
LSCP-NAE167,NAE167/Field Bus1.AH9.AH9 CWP-SS,BO:3001355
LSCP-NAE167,NAE167/Field Bus1.AH9.AH9 CWR-T,AI:3001348
LSCP-NAE167,NAE167/Field Bus1.AH9.AH9 HTG-VLV,AO:3001359
LSCP-NAE167,NAE167/Field Bus1.AH9.AH9 HWP-S,BI:3001352
LSCP-NAE167,NAE167/Field Bus1.AH9.AH9 HWP-SS,BO:3001356
LSCP-NAE167,NAE167/Field Bus1.AH9.AH9 SA-T,AI:3001349
LSCP-NAE167,NAE167/Field Bus1.AH9.AH9 SF-S,BI:3001351
LSCP-NAE167,NAE167/Field Bus1.AH9.AH9 SF-SC,AO:3001357
LSCP-NAE167,NAE167/Field Bus1.AH9.AH9 SF-SS,BO:3001354
LSCP-NAE167,NAE167/Field Bus1.AH9.AH9 ZN-T,AI:3001350
LSCP-NAE167,NAE167/Field Bus1.AH9.BCU101 CLG-VLV,AO:3003588
LSCP-NAE167,NAE167/Field Bus1.AH9.BCU101 CWP-S,BI:3001341
LSCP-NAE167,NAE167/Field Bus1.AH9.BCU101 CWP-SS,BO:3001345
LSCP-NAE167,NAE167/Field Bus1.AH9.BCU101 HTG-SS,BO:3001344
LSCP-NAE167,NAE167/Field Bus1.AH9.BCU101 SA-T,AI:3001338
LSCP-NAE167,NAE167/Field Bus1.AH9.BCU101 SF-S,BI:3001340
LSCP-NAE167,NAE167/Field Bus1.AH9.BCU101 SF-SS,BO:3001342
LSCP-NAE167,NAE167/Field Bus1.AH9.BCU101 ZN-T,AI:3001339
LSCP-NAE167,NAE167/Field Bus1.AH9.CH3 EF-S,BI:3001346
LSCP-NAE167,NAE167/Field Bus1.AH9.CH3 EF-SS,BO:3001360
LSCP-NAE167,NAE167/Field Bus1.AH9.Parameters.AH9 CLG-VLV SL-OUTSTATE,MV:3001399
LSCP-NAE167,NAE167/Field Bus1.AH9.Parameters.AH9 CLG-VLV TUNING-RESET,BV:3001398
LSCP-NAE167,NAE167/Field Bus1.AH9.Parameters.AH9 CLGOA-SP,AV:3001378
LSCP-NAE167,NAE167/Field Bus1.AH9.Parameters.AH9 HTG-CLG-DB,AV:3001371
LSCP-NAE167,NAE167/Field Bus1.AH9.Parameters.AH9 HTG-VLV SL-OUTSTATE,MV:3001401
LSCP-NAE167,NAE167/Field Bus1.AH9.Parameters.AH9 HTG-VLV TUNING-RESET,BV:3001400
LSCP-NAE167,NAE167/Field Bus1.AH9.Parameters.AH9 OCC,BV:3001377
LSCP-NAE167,NAE167/Field Bus1.AH9.Parameters.AH9 SAT-CLGSP1,AV:3001385
LSCP-NAE167,NAE167/Field Bus1.AH9.Parameters.AH9 SAT-CLGSP2,AV:3001386
LSCP-NAE167,NAE167/Field Bus1.AH9.Parameters.AH9 SAT-DEWPT1,AV:3001383
LSCP-NAE167,NAE167/Field Bus1.AH9.Parameters.AH9 SAT-DEWPT2,AV:3001384
LSCP-NAE167,NAE167/Field Bus1.AH9.Parameters.AH9 SAT-HTGSP1,AV:3001389
LSCP-NAE167,NAE167/Field Bus1.AH9.Parameters.AH9 SAT-HTGSP2,AV:3001390
LSCP-NAE167,NAE167/Field Bus1.AH9.Parameters.AH9 SAT-OADB1,AV:3001387
LSCP-NAE167,NAE167/Field Bus1.AH9.Parameters.AH9 SAT-OADB2,AV:3001388
LSCP-NAE167,NAE167/Field Bus1.AH9.Parameters.AH9 SFSC SL-OUTSTATE,MV:3001393
LSCP-NAE167,NAE167/Field Bus1.AH9.Parameters.AH9 SFSC TUNING-RESET,BV:3001392
LSCP-NAE167,NAE167/Field Bus1.AH9.Parameters.AH9 ZNT-CLGSP-OCC,AV:3001372
LSCP-NAE167,NAE167/Field Bus1.AH9.Parameters.AH9 ZNT-CLGSP-UNOC,AV:3001375
LSCP-NAE167,NAE167/Field Bus1.AH9.Parameters.AH9 ZNT-HTGSP-OCC,AV:3001373
LSCP-NAE167,NAE167/Field Bus1.AH9.Parameters.AH9 ZNT-HTGSP-UNOC,AV:3001391
LSCP-NAE167,NAE167/Field Bus1.AH9.Parameters.AH9-HTG-CLG-DB,AV:3001376
LSCP-NAE167,NAE167/Field Bus1.AH9.Parameters.AH9-SFSC-HIL,AV:3001395
LSCP-NAE167,NAE167/Field Bus1.AH9.Parameters.AH9-SFSC-LOL,AV:3001394
LSCP-NAE167,NAE167/Field Bus1.AH9.Parameters.AH9-SFSC-PID-PB,AV:3001396
LSCP-NAE167,NAE167/Field Bus1.AH9.Parameters.AH9-SFSC-PRE-PB,AV:3001397
LSCP-NAE167,NAE167/Field Bus1.AH9.Parameters.BCW-LOAD,AV:3002175
LSCP-NAE167,NAE167/Field Bus1.AH9.Parameters.BCWS-T,AV:3002174
LSCP-NAE167,NAE167/Field Bus1.AH9.Parameters.CWPSS-DF,AV:3001380
LSCP-NAE167,NAE167/Field Bus1.AH9.Parameters.CWPSS-DLOFF,AV:3001381
LSCP-NAE167,NAE167/Field Bus1.AH9.Parameters.CWPSS-DLON,AV:3001382
LSCP-NAE167,NAE167/Field Bus1.AH9.Parameters.CWPSS-SP,AV:3001379
LSCP-NAE167,NAE167/Field Bus1.AH9.Parameters.ELCRM-CLG-DF,AV:3001363
LSCP-NAE167,NAE167/Field Bus1.AH9.Parameters.ELCRM-CLG-SP,AV:3001362
LSCP-NAE167,NAE167/Field Bus1.AH9.Parameters.ELCRM-HTG-DF,AV:3001365
LSCP-NAE167,NAE167/Field Bus1.AH9.Parameters.ELCRM-HTG-SP,AV:3001364
LSCP-NAE167,NAE167/Field Bus1.AH9.Parameters.HWPSS-DF,AV:3001367
LSCP-NAE167,NAE167/Field Bus1.AH9.Parameters.HWPSS-DLOFF,AV:3001368
LSCP-NAE167,NAE167/Field Bus1.AH9.Parameters.HWPSS-DLON,AV:3001369
LSCP-NAE167,NAE167/Field Bus1.AH9.Parameters.HWPSS-SP,AV:3001366
LSCP-NAE167,NAE167/Field Bus1.AH9.Parameters.OADB-T,AV:3001370
LSCP-NAE167,NAE167/Field Bus1.AH9.Parameters.OADP-T,AV:3001374
LSCP-NAE167,NAE167/Field Bus1.AH9.Parameters.REF-ALARM-MODE,MV:3001361
LSCP-NAE167,NAE167/Field Bus1.BCW-MTR.AI-0,AI:3013184
LSCP-NAE167,NAE167/Field Bus1.BCW-MTR.BI-1,BI:3013185
LSCP-NAE167,NAE167/Field Bus1.BNET-CH2.AV-1,AV:3000067
LSCP-NAE167,NAE167/Field Bus1.BNET-CH2.AV-2,AV:3000066
LSCP-NAE167,NAE167/Field Bus1.BNET-CH2.AV-3,AV:3000065
LSCP-NAE167,NAE167/Field Bus1.BNET-CH2.AV-5,AV:3000064
LSCP-NAE167,NAE167/Field Bus1.BNET-CH2.AV-6,AV:3000063
LSCP-NAE167,NAE167/Field Bus1.BNET-CH2.AV-7,AV:3000062
LSCP-NAE167,NAE167/Field Bus1.BNET-CH2.AV-8,AV:3000061
LSCP-NAE167,NAE167/Field Bus1.BNET-CH2.AV-9,AV:3000060
LSCP-NAE167,NAE167/Field Bus1.BNET-CH2.AV-10,AV:3000059
LSCP-NAE167,NAE167/Field Bus1.BNET-CH2.AV-11,AV:3000058
LSCP-NAE167,NAE167/Field Bus1.BNET-CH2.AV-12,AV:3000057
LSCP-NAE167,NAE167/Field Bus1.BNET-CH2.AV-13,AV:3000056
LSCP-NAE167,NAE167/Field Bus1.BNET-CH2.AV-14,AV:3000055
LSCP-NAE167,NAE167/Field Bus1.BNET-CH2.AV-15,AV:3000054
LSCP-NAE167,NAE167/Field Bus1.BNET-CH2.AV-19,AV:3000078
LSCP-NAE167,NAE167/Field Bus1.BNET-CH2.AV-20,AV:3000077
LSCP-NAE167,NAE167/Field Bus1.BNET-CH2.AV-21,AV:3000053
LSCP-NAE167,NAE167/Field Bus1.BNET-CH2.AV-22,AV:3000052
LSCP-NAE167,NAE167/Field Bus1.BNET-CH2.AV-23,AV:3000076
LSCP-NAE167,NAE167/Field Bus1.BNET-CH2.AV-24,AV:3000075
LSCP-NAE167,NAE167/Field Bus1.BNET-CH2.AV-25,AV:3000074
LSCP-NAE167,NAE167/Field Bus1.BNET-CH2.AV-26,AV:3000073
LSCP-NAE167,NAE167/Field Bus1.BNET-CH2.AV-27,AV:3000072
LSCP-NAE167,NAE167/Field Bus1.BNET-CH2.AV-28,AV:3000071
LSCP-NAE167,NAE167/Field Bus1.BNET-CH2.AV-29,AV:3000070
LSCP-NAE167,NAE167/Field Bus1.BNET-CH2.AV-30,AV:3000069
LSCP-NAE167,NAE167/Field Bus1.BNET-CH2.AV-31,AV:3000068
LSCP-NAE167,NAE167/Field Bus1.BNET-CH2.AV-32,AV:3000090
LSCP-NAE167,NAE167/Field Bus1.BNET-CH2.AV-33,AV:3000089
LSCP-NAE167,NAE167/Field Bus1.BNET-CH2.AV-34,AV:3000088
LSCP-NAE167,NAE167/Field Bus1.BNET-CH2.AV-35,AV:3000087
LSCP-NAE167,NAE167/Field Bus1.BNET-CH2.AV-36,AV:3000086
LSCP-NAE167,NAE167/Field Bus1.BNET-CH2.AV-37,AV:3000085
LSCP-NAE167,NAE167/Field Bus1.BNET-CH2.AV-38,AV:3000084
LSCP-NAE167,NAE167/Field Bus1.BNET-CH2.AV-39,AV:3000083
LSCP-NAE167,NAE167/Field Bus1.BNET-CH2.AV-40,AV:3000082
LSCP-NAE167,NAE167/Field Bus1.BNET-CH2.AV-41,AV:3000081
LSCP-NAE167,NAE167/Field Bus1.BNET-CH2.AV-42,AV:3000080
LSCP-NAE167,NAE167/Field Bus1.BNET-CH2.AV-43,AV:3000079
LSCP-NAE167,NAE167/Field Bus1.BNET-CH2.AV-105,AV:3000097
LSCP-NAE167,NAE167/Field Bus1.BNET-CH2.AV-106,AV:3000096
LSCP-NAE167,NAE167/Field Bus1.BNET-CH2.AV-107,AV:3000095
LSCP-NAE167,NAE167/Field Bus1.BNET-CH2.AV-108,AV:3000094
LSCP-NAE167,NAE167/Field Bus1.BNET-CH2.AV-109,AV:3000093
LSCP-NAE167,NAE167/Field Bus1.BNET-CH2.AV-110,AV:3000092
LSCP-NAE167,NAE167/Field Bus1.BNET-CH2.AV-111,AV:3000091
LSCP-NAE167,NAE167/Field Bus1.BNET-CH2.AV-112,AV:3000101
LSCP-NAE167,NAE167/Field Bus1.BNET-CH2.AV-113,AV:3000100
LSCP-NAE167,NAE167/Field Bus1.BNET-CH2.AV-114,AV:3000099
LSCP-NAE167,NAE167/Field Bus1.BNET-CH2.AV-115,AV:3000098
LSCP-NAE167,NAE167/Field Bus1.BNET-CH2.BO-1,BO:3000102
LSCP-NAE167,NAE167/Field Bus1.BNET-CH2.BV-1,BV:3000109
LSCP-NAE167,NAE167/Field Bus1.BNET-CH2.BV-3,BV:3000108
LSCP-NAE167,NAE167/Field Bus1.BNET-CH2.BV-5,BV:3000107
LSCP-NAE167,NAE167/Field Bus1.BNET-CH2.BV-6,BV:3000106
LSCP-NAE167,NAE167/Field Bus1.BNET-CH2.BV-7,BV:3000105
LSCP-NAE167,NAE167/Field Bus1.BNET-CH2.BV-8,BV:3000104
LSCP-NAE167,NAE167/Field Bus1.BNET-CH2.BV-9,BV:3000103
LSCP-NAE167,NAE167/Field Bus1.BNET-CH2.BV-17,BV:3000114
LSCP-NAE167,NAE167/Field Bus1.BNET-CH2.BV-18,BV:3000113
LSCP-NAE167,NAE167/Field Bus1.BNET-CH2.BV-19,BV:3000112
LSCP-NAE167,NAE167/Field Bus1.BNET-CH2.BV-20,BV:3000111
LSCP-NAE167,NAE167/Field Bus1.BNET-CH2.BV-21,BV:3000110
LSCP-NAE167,NAE167/Field Bus1.BNET-CH2.CH2 CONTROL SOURCE,AV:3000119
LSCP-NAE167,NAE167/Field Bus1.BNET-CH2.CH2 CYCLE CODE,AV:3000117
LSCP-NAE167,NAE167/Field Bus1.BNET-CH2.CH2 OP CODE,AV:3000115
LSCP-NAE167,NAE167/Field Bus1.BNET-CH2.CH2 SAFETY CODE,AV:3000116
LSCP-NAE167,NAE167/Field Bus1.BNET-CH2.CH2 WARNING CODE,AV:3000118
LSCP-NAE167,NAE167/Field Bus1.BNET-CH3.AV-1,AV:3002540
LSCP-NAE167,NAE167/Field Bus1.BNET-CH3.AV-2,AV:3002541
LSCP-NAE167,NAE167/Field Bus1.BNET-CH3.AV-5,AV:3002542
LSCP-NAE167,NAE167/Field Bus1.BNET-CH3.AV-6,AV:3002543
LSCP-NAE167,NAE167/Field Bus1.BNET-CH3.AV-7,AV:3002544
LSCP-NAE167,NAE167/Field Bus1.BNET-CH3.AV-8,AV:3002545
LSCP-NAE167,NAE167/Field Bus1.BNET-CH3.AV-9,AV:3002546
LSCP-NAE167,NAE167/Field Bus1.BNET-CH3.AV-10,AV:3002547
LSCP-NAE167,NAE167/Field Bus1.BNET-CH3.AV-11,AV:3002548
LSCP-NAE167,NAE167/Field Bus1.BNET-CH3.AV-12,AV:3002549
LSCP-NAE167,NAE167/Field Bus1.BNET-CH3.AV-13,AV:3002550
LSCP-NAE167,NAE167/Field Bus1.BNET-CH3.AV-14,AV:3002551
LSCP-NAE167,NAE167/Field Bus1.BNET-CH3.AV-15,AV:3002552
LSCP-NAE167,NAE167/Field Bus1.BNET-CH3.AV-19,AV:3002553
LSCP-NAE167,NAE167/Field Bus1.BNET-CH3.AV-20,AV:3002554
LSCP-NAE167,NAE167/Field Bus1.BNET-CH3.AV-21,AV:3002555
LSCP-NAE167,NAE167/Field Bus1.BNET-CH3.AV-22,AV:3002556
LSCP-NAE167,NAE167/Field Bus1.BNET-CH3.AV-23,AV:3002557
LSCP-NAE167,NAE167/Field Bus1.BNET-CH3.AV-24,AV:3002558
LSCP-NAE167,NAE167/Field Bus1.BNET-CH3.AV-25,AV:3002559
LSCP-NAE167,NAE167/Field Bus1.BNET-CH3.AV-26,AV:3002560
LSCP-NAE167,NAE167/Field Bus1.BNET-CH3.AV-27,AV:3002561
LSCP-NAE167,NAE167/Field Bus1.BNET-CH3.AV-28,AV:3002562
LSCP-NAE167,NAE167/Field Bus1.BNET-CH3.AV-29,AV:3002563
LSCP-NAE167,NAE167/Field Bus1.BNET-CH3.AV-30,AV:3002564
LSCP-NAE167,NAE167/Field Bus1.BNET-CH3.AV-31,AV:3002565
LSCP-NAE167,NAE167/Field Bus1.BNET-CH3.AV-32,AV:3002566
LSCP-NAE167,NAE167/Field Bus1.BNET-CH3.AV-34,AV:3002567
LSCP-NAE167,NAE167/Field Bus1.BNET-CH3.AV-35,AV:3002568
LSCP-NAE167,NAE167/Field Bus1.BNET-CH3.AV-36,AV:3002569
LSCP-NAE167,NAE167/Field Bus1.BNET-CH3.AV-37,AV:3002570
LSCP-NAE167,NAE167/Field Bus1.BNET-CH3.AV-38,AV:3002571
LSCP-NAE167,NAE167/Field Bus1.BNET-CH3.AV-39,AV:3002572
LSCP-NAE167,NAE167/Field Bus1.BNET-CH3.AV-40,AV:3002573
LSCP-NAE167,NAE167/Field Bus1.BNET-CH3.AV-112,AV:3002574
LSCP-NAE167,NAE167/Field Bus1.BNET-CH3.AV-113,AV:3002575
LSCP-NAE167,NAE167/Field Bus1.BNET-CH3.AV-114,AV:3002576
LSCP-NAE167,NAE167/Field Bus1.BNET-CH3.AV-115,AV:3002577
LSCP-NAE167,NAE167/Field Bus1.BNET-CH3.AV-121,AV:3002578
LSCP-NAE167,NAE167/Field Bus1.BNET-CH3.AV-122,AV:3002579
LSCP-NAE167,NAE167/Field Bus1.BNET-CH3.AV-123,AV:3002580
LSCP-NAE167,NAE167/Field Bus1.BNET-CH3.AV-124,AV:3002581
LSCP-NAE167,NAE167/Field Bus1.BNET-CH3.AV-128,AV:3002582
LSCP-NAE167,NAE167/Field Bus1.BNET-CH3.AV-136,AV:3002583
LSCP-NAE167,NAE167/Field Bus1.BNET-CH3.AV-401,AV:3002584
LSCP-NAE167,NAE167/Field Bus1.BNET-CH3.AV-402,AV:3002585
LSCP-NAE167,NAE167/Field Bus1.BNET-CH3.AV-403,AV:3002586
LSCP-NAE167,NAE167/Field Bus1.BNET-CH3.AV-404,AV:3002587
LSCP-NAE167,NAE167/Field Bus1.BNET-CH3.AV-405,AV:3002588
LSCP-NAE167,NAE167/Field Bus1.BNET-CH3.AV-406,AV:3002589
LSCP-NAE167,NAE167/Field Bus1.BNET-CH3.AV-407,AV:3002590
LSCP-NAE167,NAE167/Field Bus1.BNET-CH3.AV-408,AV:3002591
LSCP-NAE167,NAE167/Field Bus1.BNET-CH3.BV-1,BV:3002592
LSCP-NAE167,NAE167/Field Bus1.BNET-CH3.BV-5,BV:3002593
LSCP-NAE167,NAE167/Field Bus1.BNET-CH3.BV-6,BV:3002594
LSCP-NAE167,NAE167/Field Bus1.BNET-CH3.BV-7,BV:3002595
LSCP-NAE167,NAE167/Field Bus1.BNET-CH3.BV-8,BV:3002596
LSCP-NAE167,NAE167/Field Bus1.BNET-CH3.BV-9,BV:3002597
LSCP-NAE167,NAE167/Field Bus1.BNET-CH3.BV-10,BV:3002598
LSCP-NAE167,NAE167/Field Bus1.BNET-CH3.BV-11,BV:3002599
LSCP-NAE167,NAE167/Field Bus1.BNET-CH3.BV-19,BV:3002600
LSCP-NAE167,NAE167/Field Bus1.BNET-CH3.BV-20,BV:3002601
LSCP-NAE167,NAE167/Field Bus1.BNET-CH3.BV-105,BV:3002602
LSCP-NAE167,NAE167/Field Bus1.BNET-CH3.BV-209,BV:3002603
LSCP-NAE167,NAE167/Field Bus1.CH1.CH1-ALARM,BI:3005864
LSCP-NAE167,NAE167/Field Bus1.CH1.CH1-AUTO,BI:3005870
LSCP-NAE167,NAE167/Field Bus1.CH1.CH1-CISO-V,BO:3005861
LSCP-NAE167,NAE167/Field Bus1.CH1.CH1-CP1-S,BI:3005868
LSCP-NAE167,NAE167/Field Bus1.CH1.CH1-CP1-SS,BO:3027322
LSCP-NAE167,NAE167/Field Bus1.CH1.CH1-ENABLE,BO:3005874
LSCP-NAE167,NAE167/Field Bus1.CH1.CH1-F,AI:3005852
LSCP-NAE167,NAE167/Field Bus1.CH1.CH1-HAND,BI:3005869
LSCP-NAE167,NAE167/Field Bus1.CH1.CH1-KW1,AI:3005850
LSCP-NAE167,NAE167/Field Bus1.CH1.CH1-KW2,AI:3005851
LSCP-NAE167,NAE167/Field Bus1.CH1.CH1-S,BI:3005866
LSCP-NAE167,NAE167/Field Bus1.CH1.CH1-TF1-S,BI:3005862
LSCP-NAE167,NAE167/Field Bus1.CH1.CH1-TF1-SC,AO:3005871
LSCP-NAE167,NAE167/Field Bus1.CH1.CH1-TF1-SS,BO:3005875
LSCP-NAE167,NAE167/Field Bus1.CH1.CH1-TF2-S,BI:3005863
LSCP-NAE167,NAE167/Field Bus1.CH1.CH1-TF2-SC,AO:3005872
LSCP-NAE167,NAE167/Field Bus1.CH1.CH1-TF2-SS,BO:3005865
LSCP-NAE167,NAE167/Field Bus1.CH1.CH1-TP1-S,BI:3005867
LSCP-NAE167,NAE167/Field Bus1.CH1.CH1-TP1-SC,AO:3027320
LSCP-NAE167,NAE167/Field Bus1.CH1.CH1-TP1-SS,BO:3005876
LSCP-NAE167,NAE167/Field Bus1.CH1.CH1-TW1-F,AI:3005855
LSCP-NAE167,NAE167/Field Bus1.CH1.CH1-TW1-LVL,AI:3005859
LSCP-NAE167,NAE167/Field Bus1.CH1.CH1-TW1MU-F,AI:3005858
LSCP-NAE167,NAE167/Field Bus1.CH1.CH1-TWBYP-V,AO:3005873
LSCP-NAE167,NAE167/Field Bus1.CH1.CH1-TWMU-V,AO:3005860
LSCP-NAE167,NAE167/Field Bus1.CH1.CH1-TWR-T,AI:3005857
LSCP-NAE167,NAE167/Field Bus1.CH1.CH1-TWS-T,AI:3005856
LSCP-NAE167,NAE167/Field Bus1.CH1.CH1R-T,AI:3005854
LSCP-NAE167,NAE167/Field Bus1.CH1.CH1S-T,AI:3005853
LSCP-NAE167,NAE167/Field Bus1.CH1.CP1-SC,AO:3027321
LSCP-NAE167,NAE167/Field Bus1.CH1.Parameters.Alarm Reset,MV:3005969
LSCP-NAE167,NAE167/Field Bus1.CH1.Parameters.CH1-%LOAD,AV:3005966
LSCP-NAE167,NAE167/Field Bus1.CH1.Parameters.CH1-CHLR-ON,MV:3005951
LSCP-NAE167,NAE167/Field Bus1.CH1.Parameters.CH1-eRATE,AV:3005967
LSCP-NAE167,NAE167/Field Bus1.CH1.Parameters.CH1-F temp calc,AV:3042759
LSCP-NAE167,NAE167/Field Bus1.CH1.Parameters.CH1-LOAD,AV:3005965
LSCP-NAE167,NAE167/Field Bus1.CH1.Parameters.CH1-LP-START,MV:3005952
LSCP-NAE167,NAE167/Field Bus1.CH1.Parameters.CH1-SMRT-ALARM,MV:3005972
LSCP-NAE167,NAE167/Field Bus1.CH1.Parameters.CH-SEQ,AV:3005978
LSCP-NAE167,NAE167/Field Bus1.CH1.Parameters.CHLR-ENB,MV:3005973
LSCP-NAE167,NAE167/Field Bus1.CH1.Parameters.CHLR-STR,MV:3005975
LSCP-NAE167,NAE167/Field Bus1.CH1.Parameters.CMP1-S,MV:3024909
LSCP-NAE167,NAE167/Field Bus1.CH1.Parameters.CMP2-S,MV:3024910
LSCP-NAE167,NAE167/Field Bus1.CH1.Parameters.CP1SC SL-OUTSTATE,MV:3027339
LSCP-NAE167,NAE167/Field Bus1.CH1.Parameters.CP1SC TUNING-RESET,BV:3027338
LSCP-NAE167,NAE167/Field Bus1.CH1.Parameters.CP1SC-GPM-SP,AV:3027342
LSCP-NAE167,NAE167/Field Bus1.CH1.Parameters.CSYSENB,MV:3005974
LSCP-NAE167,NAE167/Field Bus1.CH1.Parameters.KWin,AV:3005971
LSCP-NAE167,NAE167/Field Bus1.CH1.Parameters.LSC1-NDX,AV:3005977
LSCP-NAE167,NAE167/Field Bus1.CH1.Parameters.NDX-SS,MV:3005976
LSCP-NAE167,NAE167/Field Bus1.CH1.Parameters.OAWB-T,AV:3005953
LSCP-NAE167,NAE167/Field Bus1.CH1.Parameters.Pre PID TFSC-PB,AV:3005982
LSCP-NAE167,NAE167/Field Bus1.CH1.Parameters.Pre PID TWMU-PB,AV:3005985
LSCP-NAE167,NAE167/Field Bus1.CH1.Parameters.TF-SC SL-OUTSTATE,MV:3005981
LSCP-NAE167,NAE167/Field Bus1.CH1.Parameters.TF-SC TUNING-RESET,BV:3005980
LSCP-NAE167,NAE167/Field Bus1.CH1.Parameters.TF-TWST-SP,AV:3005964
LSCP-NAE167,NAE167/Field Bus1.CH1.Parameters.Tower-Circ,MV:3005979
LSCP-NAE167,NAE167/Field Bus1.CH1.Parameters.TP1-SC SL-OUTSTATE,MV:3027341
LSCP-NAE167,NAE167/Field Bus1.CH1.Parameters.TP1-SC TUNING-RESET,BV:3027340
LSCP-NAE167,NAE167/Field Bus1.CH1.Parameters.TP1SC-LOL,AV:3042760
LSCP-NAE167,NAE167/Field Bus1.CH1.Parameters.TW-LVL-DF,AV:3005970
LSCP-NAE167,NAE167/Field Bus1.CH1.Parameters.TWBYP-V TUNING-RESET,BV:3027337
LSCP-NAE167,NAE167/Field Bus1.CH1.Parameters.TWBYPV-DIF,AV:3005963
LSCP-NAE167,NAE167/Field Bus1.CH1.Parameters.TWBYPV-TWST-SP,AV:3005961
LSCP-NAE167,NAE167/Field Bus1.CH1.Parameters.TWFlow-GPM1,AV:3027330
LSCP-NAE167,NAE167/Field Bus1.CH1.Parameters.TWFlow-GPM2,AV:3027329
LSCP-NAE167,NAE167/Field Bus1.CH1.Parameters.TWFlow-GPM3,AV:3027331
LSCP-NAE167,NAE167/Field Bus1.CH1.Parameters.TWFlow-GPM4,AV:3027333
LSCP-NAE167,NAE167/Field Bus1.CH1.Parameters.TWFlow-GPM-WSP,AV:3027335
LSCP-NAE167,NAE167/Field Bus1.CH1.Parameters.TWFlow-WB1,AV:3027336
LSCP-NAE167,NAE167/Field Bus1.CH1.Parameters.TWFlow-WB2,AV:3027328
LSCP-NAE167,NAE167/Field Bus1.CH1.Parameters.TWFlow-WB3,AV:3027334
LSCP-NAE167,NAE167/Field Bus1.CH1.Parameters.TWFlow-WB4,AV:3027332
LSCP-NAE167,NAE167/Field Bus1.CH1.Parameters.TWMU SL-OUTSTATE,MV:3005984
LSCP-NAE167,NAE167/Field Bus1.CH1.Parameters.TWMU TUNING-RESET,BV:3005983
LSCP-NAE167,NAE167/Field Bus1.CH1.Parameters.TWMU-LVL-SP,AV:3005968
LSCP-NAE167,NAE167/Field Bus1.CH1.Parameters.TWMU-USER-ENB,MV:3005950
LSCP-NAE167,NAE167/Field Bus1.CH1.Parameters.TWST-SP1,AV:3005956
LSCP-NAE167,NAE167/Field Bus1.CH1.Parameters.TWST-SP2,AV:3005958
LSCP-NAE167,NAE167/Field Bus1.CH1.Parameters.TWST-SP3,AV:3005957
LSCP-NAE167,NAE167/Field Bus1.CH1.Parameters.TWST-SP4,AV:3005955
LSCP-NAE167,NAE167/Field Bus1.CH1.Parameters.TWST-WB1,AV:3005959
LSCP-NAE167,NAE167/Field Bus1.CH1.Parameters.TWST-WB2,AV:3005962
LSCP-NAE167,NAE167/Field Bus1.CH1.Parameters.TWST-WB3,AV:3005960
LSCP-NAE167,NAE167/Field Bus1.CH1.Parameters.TWST-WB4,AV:3005954
LSCP-NAE167,NAE167/Field Bus1.CH2.CH2-ALARM,BI:3005826
LSCP-NAE167,NAE167/Field Bus1.CH2.CH2-AUTO,BI:3005838
LSCP-NAE167,NAE167/Field Bus1.CH2.CH2-BASIN-T,AI:3005819
LSCP-NAE167,NAE167/Field Bus1.CH2.CH2-BSNHT-V,BO:3005813
LSCP-NAE167,NAE167/Field Bus1.CH2.CH2-CISO-V,BO:3005824
LSCP-NAE167,NAE167/Field Bus1.CH2.CH2-CP2-S,BI:3005836
LSCP-NAE167,NAE167/Field Bus1.CH2.CH2-CP2-SC,AO:3005839
LSCP-NAE167,NAE167/Field Bus1.CH2.CH2-CP2-SS,BO:3005844
LSCP-NAE167,NAE167/Field Bus1.CH2.CH2-EF-SS,BO:3005810
LSCP-NAE167,NAE167/Field Bus1.CH2.CH2-ENABLE,BO:3005845
LSCP-NAE167,NAE167/Field Bus1.CH2.CH2-F,AI:3005829
LSCP-NAE167,NAE167/Field Bus1.CH2.CH2-HAND,BI:3005837
LSCP-NAE167,NAE167/Field Bus1.CH2.CH2-REF-ALARM,BI:3005817
LSCP-NAE167,NAE167/Field Bus1.CH2.CH2-RLF-DMPR,BO:3005811
LSCP-NAE167,NAE167/Field Bus1.CH2.CH2-S,BI:3005834
LSCP-NAE167,NAE167/Field Bus1.CH2.CH2-TF1-S,BI:3005814
LSCP-NAE167,NAE167/Field Bus1.CH2.CH2-TF1-SC,AO:3005841
LSCP-NAE167,NAE167/Field Bus1.CH2.CH2-TF1-SS,BO:3005846
LSCP-NAE167,NAE167/Field Bus1.CH2.CH2-TF2-S,BI:3005815
LSCP-NAE167,NAE167/Field Bus1.CH2.CH2-TF2-SC,AO:3005843
LSCP-NAE167,NAE167/Field Bus1.CH2.CH2-TF2-SS,BO:3005812
LSCP-NAE167,NAE167/Field Bus1.CH2.CH2-TISO-V,AO:3005848
LSCP-NAE167,NAE167/Field Bus1.CH2.CH2-TP2-S,BI:3005835
LSCP-NAE167,NAE167/Field Bus1.CH2.CH2-TP2-SC,AO:3005840
LSCP-NAE167,NAE167/Field Bus1.CH2.CH2-TP2-SS,BO:3005847
LSCP-NAE167,NAE167/Field Bus1.CH2.CH2-TW2-F,AI:3005832
LSCP-NAE167,NAE167/Field Bus1.CH2.CH2-TW2-LVL,AI:3005828
LSCP-NAE167,NAE167/Field Bus1.CH2.CH2-TW2-VIB,BI:3005816
LSCP-NAE167,NAE167/Field Bus1.CH2.CH2-TW2MU-F,AI:3005827
LSCP-NAE167,NAE167/Field Bus1.CH2.CH2-TWBYP-V,AO:3005821
LSCP-NAE167,NAE167/Field Bus1.CH2.CH2-TWMU-V,AO:3005820
LSCP-NAE167,NAE167/Field Bus1.CH2.CH2-TWR-T,AI:3005842
LSCP-NAE167,NAE167/Field Bus1.CH2.CH2-TWS-T,AI:3005833
LSCP-NAE167,NAE167/Field Bus1.CH2.CH2R-T,AI:3005831
LSCP-NAE167,NAE167/Field Bus1.CH2.CH2S-T,AI:3005830
LSCP-NAE167,NAE167/Field Bus1.CH2.FX-CISO-V,BO:3005825
LSCP-NAE167,NAE167/Field Bus1.CH2.FX-TISO-V,AO:3005849
LSCP-NAE167,NAE167/Field Bus1.CH2.FXCWR-T,AI:3005818
LSCP-NAE167,NAE167/Field Bus1.CH2.FXCWS-T,AI:3005822
LSCP-NAE167,NAE167/Field Bus1.CH2.FXTW-F,AI:3005823
LSCP-NAE167,NAE167/Field Bus1.CH2.OA-T,AI:3005809
LSCP-NAE167,NAE167/Field Bus1.CH2.Parameters.Alarm Reset,MV:3005923
LSCP-NAE167,NAE167/Field Bus1.CH2.Parameters.BASIN-HT-DF,AV:3005884
LSCP-NAE167,NAE167/Field Bus1.CH2.Parameters.BASIN-HT-SP,AV:3005883
LSCP-NAE167,NAE167/Field Bus1.CH2.Parameters.CH2-%LOAD,AV:3005920
LSCP-NAE167,NAE167/Field Bus1.CH2.Parameters.CH2-CPSC-SP,AV:3005918
LSCP-NAE167,NAE167/Field Bus1.CH2.Parameters.CH2-eRATE,AV:3005921
LSCP-NAE167,NAE167/Field Bus1.CH2.Parameters.CH2-LOAD,AV:3005919
LSCP-NAE167,NAE167/Field Bus1.CH2.Parameters.CH2-LP-START,MV:3005889
LSCP-NAE167,NAE167/Field Bus1.CH2.Parameters.CH2-SMRT-ALARM,MV:3005928
LSCP-NAE167,NAE167/Field Bus1.CH2.Parameters.CH2-TISO-V-Input,AV:3005886
LSCP-NAE167,NAE167/Field Bus1.CH2.Parameters.CH-KWin,AV:3005927
LSCP-NAE167,NAE167/Field Bus1.CH2.Parameters.CH-SEQ,AV:3005934
LSCP-NAE167,NAE167/Field Bus1.CH2.Parameters.CH-TPSC-LOL,AV:3005878
LSCP-NAE167,NAE167/Field Bus1.CH2.Parameters.CH-TWFlow-WSP,AV:3005899
LSCP-NAE167,NAE167/Field Bus1.CH2.Parameters.CHLR-ENB,MV:3005929
LSCP-NAE167,NAE167/Field Bus1.CH2.Parameters.CHLR-ON,MV:3005887
LSCP-NAE167,NAE167/Field Bus1.CH2.Parameters.CHLR-STR,MV:3005931
LSCP-NAE167,NAE167/Field Bus1.CH2.Parameters.CSYSENB,MV:3005930
LSCP-NAE167,NAE167/Field Bus1.CH2.Parameters.FX-AVAIL,MV:3005890
LSCP-NAE167,NAE167/Field Bus1.CH2.Parameters.FX-CPSC-SP,AV:3005893
LSCP-NAE167,NAE167/Field Bus1.CH2.Parameters.FX-ENB,MV:3008039
LSCP-NAE167,NAE167/Field Bus1.CH2.Parameters.FX-eRATE,AV:3008038
LSCP-NAE167,NAE167/Field Bus1.CH2.Parameters.FX-KWin,AV:3005880
LSCP-NAE167,NAE167/Field Bus1.CH2.Parameters.FX-LOAD,AV:3008037
LSCP-NAE167,NAE167/Field Bus1.CH2.Parameters.FX-LP-START,MV:3005888
LSCP-NAE167,NAE167/Field Bus1.CH2.Parameters.FX-OADB-DF,AV:3008036
LSCP-NAE167,NAE167/Field Bus1.CH2.Parameters.FX-OADB-SP,AV:3005892
LSCP-NAE167,NAE167/Field Bus1.CH2.Parameters.FX-OASTART,MV:3008034
LSCP-NAE167,NAE167/Field Bus1.CH2.Parameters.FX-OAWB-DF,AV:3008035
LSCP-NAE167,NAE167/Field Bus1.CH2.Parameters.FX-OAWB-SP,AV:3005891
LSCP-NAE167,NAE167/Field Bus1.CH2.Parameters.FX-TF-StartUp,MV:3005936
LSCP-NAE167,NAE167/Field Bus1.CH2.Parameters.FX-TISO-V-Input,AV:3005885
LSCP-NAE167,NAE167/Field Bus1.CH2.Parameters.FX-TPSC-LOL,AV:3005877
LSCP-NAE167,NAE167/Field Bus1.CH2.Parameters.FX-TWFlow-GPM1,AV:3006039
LSCP-NAE167,NAE167/Field Bus1.CH2.Parameters.FX-TWFlow-GPM2,AV:3006040
LSCP-NAE167,NAE167/Field Bus1.CH2.Parameters.FX-TWFlow-WB1,AV:3005900
LSCP-NAE167,NAE167/Field Bus1.CH2.Parameters.FX-TWFlow-WB2,AV:3005897
LSCP-NAE167,NAE167/Field Bus1.CH2.Parameters.FX-TWFlow-WSP,AV:3005898
LSCP-NAE167,NAE167/Field Bus1.CH2.Parameters.FX-TWST-SP,AV:3005905
LSCP-NAE167,NAE167/Field Bus1.CH2.Parameters.LSC2-NDX,AV:3005933
LSCP-NAE167,NAE167/Field Bus1.CH2.Parameters.NDX-SS,MV:3005932
LSCP-NAE167,NAE167/Field Bus1.CH2.Parameters.OADB-T,AV:3005895
LSCP-NAE167,NAE167/Field Bus1.CH2.Parameters.OAWB-T,AV:3005906
LSCP-NAE167,NAE167/Field Bus1.CH2.Parameters.Pre PID TFSC-PB,AV:3005942
LSCP-NAE167,NAE167/Field Bus1.CH2.Parameters.Pre PID TPSC-PB,AV:3005939
LSCP-NAE167,NAE167/Field Bus1.CH2.Parameters.TF-SC SL-OUTSTATE,MV:3005941
LSCP-NAE167,NAE167/Field Bus1.CH2.Parameters.TF-SC TUNING-RESET,BV:3005940
LSCP-NAE167,NAE167/Field Bus1.CH2.Parameters.TF-TWST-SP,AV:3005917
LSCP-NAE167,NAE167/Field Bus1.CH2.Parameters.Tower Evaporation,AV:3005924
LSCP-NAE167,NAE167/Field Bus1.CH2.Parameters.Tower-Circ,MV:3005935
LSCP-NAE167,NAE167/Field Bus1.CH2.Parameters.TP2-RESET,MV:3021501
LSCP-NAE167,NAE167/Field Bus1.CH2.Parameters.TP-SC SL-OUTSTATE,MV:3005938
LSCP-NAE167,NAE167/Field Bus1.CH2.Parameters.TP-SC TUNING-RESET,BV:3005937
LSCP-NAE167,NAE167/Field Bus1.CH2.Parameters.TW-LVL-DF,AV:3005926
LSCP-NAE167,NAE167/Field Bus1.CH2.Parameters.TWBYP-DIF,AV:3005907
LSCP-NAE167,NAE167/Field Bus1.CH2.Parameters.TWBYP-V SL-OUTSTATE,MV:3005949
LSCP-NAE167,NAE167/Field Bus1.CH2.Parameters.TWBYP-V TUNING-RESET,BV:3005948
LSCP-NAE167,NAE167/Field Bus1.CH2.Parameters.TWBYPV-TWST-SP,AV:3005915
LSCP-NAE167,NAE167/Field Bus1.CH2.Parameters.TWFlow-GPM1,AV:3006043
LSCP-NAE167,NAE167/Field Bus1.CH2.Parameters.TWFlow-GPM2,AV:3006041
LSCP-NAE167,NAE167/Field Bus1.CH2.Parameters.TWFlow-GPM3,AV:3006042
LSCP-NAE167,NAE167/Field Bus1.CH2.Parameters.TWFlow-GPM4,AV:3006037
LSCP-NAE167,NAE167/Field Bus1.CH2.Parameters.TWFlow-GPMSP,AV:3005902
LSCP-NAE167,NAE167/Field Bus1.CH2.Parameters.TWFlow-WB1,AV:3005903
LSCP-NAE167,NAE167/Field Bus1.CH2.Parameters.TWFlow-WB2,AV:3005904
LSCP-NAE167,NAE167/Field Bus1.CH2.Parameters.TWFlow-WB3,AV:3005901
LSCP-NAE167,NAE167/Field Bus1.CH2.Parameters.TWFlow-WB4,AV:3006038
LSCP-NAE167,NAE167/Field Bus1.CH2.Parameters.TWMU SL-OUTSTATE,MV:3005944
LSCP-NAE167,NAE167/Field Bus1.CH2.Parameters.TWMU TUNING-RESET,BV:3005943
LSCP-NAE167,NAE167/Field Bus1.CH2.Parameters.TWMU-GPM-WSP,AV:3005925
LSCP-NAE167,NAE167/Field Bus1.CH2.Parameters.TWMU-LVL-SP,AV:3005922
LSCP-NAE167,NAE167/Field Bus1.CH2.Parameters.TWMU-USER-ENB,MV:3005879
LSCP-NAE167,NAE167/Field Bus1.CH2.Parameters.TWMU-VLV-HIL,AV:3045546
LSCP-NAE167,NAE167/Field Bus1.CH2.Parameters.TWMU-VLV-LOL,AV:3045547
LSCP-NAE167,NAE167/Field Bus1.CH2.Parameters.TWMU-VLV-PB,AV:3045548
LSCP-NAE167,NAE167/Field Bus1.CH2.Parameters.TWST-SP1,AV:3005910
LSCP-NAE167,NAE167/Field Bus1.CH2.Parameters.TWST-SP2,AV:3005912
LSCP-NAE167,NAE167/Field Bus1.CH2.Parameters.TWST-SP3,AV:3005911
LSCP-NAE167,NAE167/Field Bus1.CH2.Parameters.TWST-SP4,AV:3005909
LSCP-NAE167,NAE167/Field Bus1.CH2.Parameters.TWST-WB1,AV:3005913
LSCP-NAE167,NAE167/Field Bus1.CH2.Parameters.TWST-WB2,AV:3005916
LSCP-NAE167,NAE167/Field Bus1.CH2.Parameters.TWST-WB3,AV:3005914
LSCP-NAE167,NAE167/Field Bus1.CH2.Parameters.TWST-WB4,AV:3005908
LSCP-NAE167,NAE167/Field Bus1.CH3.CH3-ALARM,BI:3001199
LSCP-NAE167,NAE167/Field Bus1.CH3.CH3-AUTO,BI:3001224
LSCP-NAE167,NAE167/Field Bus1.CH3.CH3-BLW-F,AI:3001202
LSCP-NAE167,NAE167/Field Bus1.CH3.CH3-CP3-S,BI:3001222
LSCP-NAE167,NAE167/Field Bus1.CH3.CH3-CP3-SC,AO:3001225
LSCP-NAE167,NAE167/Field Bus1.CH3.CH3-CP3-SS,BO:3001231
LSCP-NAE167,NAE167/Field Bus1.CH3.CH3-DS-BLW,BO:3001191
LSCP-NAE167,NAE167/Field Bus1.CH3.CH3-ENABLE,BO:3001232
LSCP-NAE167,NAE167/Field Bus1.CH3.CH3-F,AI:3001211
LSCP-NAE167,NAE167/Field Bus1.CH3.CH3-HAND,BI:3001223
LSCP-NAE167,NAE167/Field Bus1.CH3.CH3-LCWR-P,AI:3028079
LSCP-NAE167,NAE167/Field Bus1.CH3.CH3-LP3-S,BI:3001220
LSCP-NAE167,NAE167/Field Bus1.CH3.CH3-LP3-SC,AO:3021545
LSCP-NAE167,NAE167/Field Bus1.CH3.CH3-LP3-SS,BO:3001233
LSCP-NAE167,NAE167/Field Bus1.CH3.CH3-LP3-VLV,BO:3001234
LSCP-NAE167,NAE167/Field Bus1.CH3.CH3-NTH-OA-DB,AI:3001205
LSCP-NAE167,NAE167/Field Bus1.CH3.CH3-NTH-OA-RH,AI:3001206
LSCP-NAE167,NAE167/Field Bus1.CH3.CH3-PCW-F,AI:3001214
LSCP-NAE167,NAE167/Field Bus1.CH3.CH3-PCWR-T,AI:3001216
LSCP-NAE167,NAE167/Field Bus1.CH3.CH3-PCWS-T,AI:3001215
LSCP-NAE167,NAE167/Field Bus1.CH3.CH3-REF-ALARM,BI:3001200
LSCP-NAE167,NAE167/Field Bus1.CH3.CH3-S,BI:3001219
LSCP-NAE167,NAE167/Field Bus1.CH3.CH3-STH-OA-DB,AI:3001207
LSCP-NAE167,NAE167/Field Bus1.CH3.CH3-STH-OA-RH,AI:3001208
LSCP-NAE167,NAE167/Field Bus1.CH3.CH3-TF1-OIL,BI:3001196
LSCP-NAE167,NAE167/Field Bus1.CH3.CH3-TF1-S,BI:3001193
LSCP-NAE167,NAE167/Field Bus1.CH3.CH3-TF1-SC,AO:3001228
LSCP-NAE167,NAE167/Field Bus1.CH3.CH3-TF1-SS,BO:3001235
LSCP-NAE167,NAE167/Field Bus1.CH3.CH3-TF1-VIB,BI:3001195
LSCP-NAE167,NAE167/Field Bus1.CH3.CH3-TF2-OIL,BI:3001198
LSCP-NAE167,NAE167/Field Bus1.CH3.CH3-TF2-S,BI:3001194
LSCP-NAE167,NAE167/Field Bus1.CH3.CH3-TF2-SC,AO:3001229
LSCP-NAE167,NAE167/Field Bus1.CH3.CH3-TF2-SS,BO:3001192
LSCP-NAE167,NAE167/Field Bus1.CH3.CH3-TF2-VIB,BI:3001197
LSCP-NAE167,NAE167/Field Bus1.CH3.CH3-TP3-S,BI:3001221
LSCP-NAE167,NAE167/Field Bus1.CH3.CH3-TP3-SC,AO:3001227
LSCP-NAE167,NAE167/Field Bus1.CH3.CH3-TP3-SS,BO:3001236
LSCP-NAE167,NAE167/Field Bus1.CH3.CH3-TW-F,AI:3001217
LSCP-NAE167,NAE167/Field Bus1.CH3.CH3-TW-LVL,AI:3001203
LSCP-NAE167,NAE167/Field Bus1.CH3.CH3-TWBYP-V,AO:3001230
LSCP-NAE167,NAE167/Field Bus1.CH3.CH3-TWMU-F,AI:3001201
LSCP-NAE167,NAE167/Field Bus1.CH3.CH3-TWMU-V1,AO:3001209
LSCP-NAE167,NAE167/Field Bus1.CH3.CH3-TWMU-V2,AO:3001210
LSCP-NAE167,NAE167/Field Bus1.CH3.CH3-TWR-T,AI:3001204
LSCP-NAE167,NAE167/Field Bus1.CH3.CH3-TWS-T,AI:3001218
LSCP-NAE167,NAE167/Field Bus1.CH3.CH3R-T,AI:3001213
LSCP-NAE167,NAE167/Field Bus1.CH3.CH3S-T,AI:3001212
LSCP-NAE167,NAE167/Field Bus1.CH3.Parameters.%LD-1,AV:3001241
LSCP-NAE167,NAE167/Field Bus1.CH3.Parameters.%LD-2,AV:3001240
LSCP-NAE167,NAE167/Field Bus1.CH3.Parameters.%LD-TW-GPM1,AV:3001243
LSCP-NAE167,NAE167/Field Bus1.CH3.Parameters.%LD-TW-GPM2,AV:3001242
LSCP-NAE167,NAE167/Field Bus1.CH3.Parameters.Alarm Reset,MV:3001265
LSCP-NAE167,NAE167/Field Bus1.CH3.Parameters.CH3-%LOAD,AV:3001262
LSCP-NAE167,NAE167/Field Bus1.CH3.Parameters.CH3-eRATE,AV:3001263
LSCP-NAE167,NAE167/Field Bus1.CH3.Parameters.CH3-LOAD,AV:3001261
LSCP-NAE167,NAE167/Field Bus1.CH3.Parameters.CH3-NTH-OA-WB,AV:3001277
LSCP-NAE167,NAE167/Field Bus1.CH3.Parameters.CH3-PCWF-WSP,AV:3001283
LSCP-NAE167,NAE167/Field Bus1.CH3.Parameters.CH3-SMRT-ALARM,MV:3001270
LSCP-NAE167,NAE167/Field Bus1.CH3.Parameters.CH3-STH-OA-WB,AV:3001278
LSCP-NAE167,NAE167/Field Bus1.CH3.Parameters.CH-SEQ,AV:3001275
LSCP-NAE167,NAE167/Field Bus1.CH3.Parameters.CHLR-STR,MV:3001272
LSCP-NAE167,NAE167/Field Bus1.CH3.Parameters.CPSC-SP,AV:3001260
LSCP-NAE167,NAE167/Field Bus1.CH3.Parameters.CSYSENB,MV:3001271
LSCP-NAE167,NAE167/Field Bus1.CH3.Parameters.KWin,AV:3001269
LSCP-NAE167,NAE167/Field Bus1.CH3.Parameters.LP-SC SL-OUTSTATE,MV:3001280
LSCP-NAE167,NAE167/Field Bus1.CH3.Parameters.LP-SC TUNING-RESET,BV:3001279
LSCP-NAE167,NAE167/Field Bus1.CH3.Parameters.LPSC-HIL,AV:3002026
LSCP-NAE167,NAE167/Field Bus1.CH3.Parameters.LPSC-LOL,AV:3002030
LSCP-NAE167,NAE167/Field Bus1.CH3.Parameters.LSC3-NDX,AV:3001274
LSCP-NAE167,NAE167/Field Bus1.CH3.Parameters.NDX-SS,MV:3001273
LSCP-NAE167,NAE167/Field Bus1.CH3.Parameters.OAWB-T,AV:3001248
LSCP-NAE167,NAE167/Field Bus1.CH3.Parameters.Pre PID LPSC-PB,AV:3001293
LSCP-NAE167,NAE167/Field Bus1.CH3.Parameters.Pre PID TFSC-PB,AV:3001289
LSCP-NAE167,NAE167/Field Bus1.CH3.Parameters.Pre PID TPSC-PB,AV:3001286
LSCP-NAE167,NAE167/Field Bus1.CH3.Parameters.Pre PID TWMU-PB,AV:3001292
LSCP-NAE167,NAE167/Field Bus1.CH3.Parameters.TBV-TWST-SP,AV:3001256
LSCP-NAE167,NAE167/Field Bus1.CH3.Parameters.TF-SC SL-OUTSTATE,MV:3001288
LSCP-NAE167,NAE167/Field Bus1.CH3.Parameters.TF-SC TUNING-RESET,BV:3001287
LSCP-NAE167,NAE167/Field Bus1.CH3.Parameters.TF-TWST-SP,AV:3001259
LSCP-NAE167,NAE167/Field Bus1.CH3.Parameters.Tower Evaporation,AV:3001266
LSCP-NAE167,NAE167/Field Bus1.CH3.Parameters.Tower-Circ,MV:3001276
LSCP-NAE167,NAE167/Field Bus1.CH3.Parameters.TP-SC SL-OUTSTATE,MV:3001285
LSCP-NAE167,NAE167/Field Bus1.CH3.Parameters.TP-SC TUNING-RESET,BV:3001284
LSCP-NAE167,NAE167/Field Bus1.CH3.Parameters.TPSC-HIL,AV:3002025
LSCP-NAE167,NAE167/Field Bus1.CH3.Parameters.TPSC-LOL,AV:3002027
LSCP-NAE167,NAE167/Field Bus1.CH3.Parameters.TPSC-LOL-CIRC,AV:3002018
LSCP-NAE167,NAE167/Field Bus1.CH3.Parameters.TW-LVL-DF,AV:3001268
LSCP-NAE167,NAE167/Field Bus1.CH3.Parameters.TWBYP-DIF,AV:3001258
LSCP-NAE167,NAE167/Field Bus1.CH3.Parameters.TWBYP-V SL-OUTSTATE,MV:3002024
LSCP-NAE167,NAE167/Field Bus1.CH3.Parameters.TWBYP-V TUNING-RESET,BV:3002023
LSCP-NAE167,NAE167/Field Bus1.CH3.Parameters.TWBYPV-HIL,AV:3002022
LSCP-NAE167,NAE167/Field Bus1.CH3.Parameters.TWBYPV-LOL,AV:3002021
LSCP-NAE167,NAE167/Field Bus1.CH3.Parameters.TWFlow-GPM1,AV:3001239
LSCP-NAE167,NAE167/Field Bus1.CH3.Parameters.TWFlow-GPM2,AV:3001237
LSCP-NAE167,NAE167/Field Bus1.CH3.Parameters.TWFlow-GPM3,AV:3001238
LSCP-NAE167,NAE167/Field Bus1.CH3.Parameters.TWFlow-GPMSP,AV:3001245
LSCP-NAE167,NAE167/Field Bus1.CH3.Parameters.TWFlow-WB1,AV:3001246
LSCP-NAE167,NAE167/Field Bus1.CH3.Parameters.TWFlow-WB2,AV:3001247
LSCP-NAE167,NAE167/Field Bus1.CH3.Parameters.TWFlow-WB3,AV:3001244
LSCP-NAE167,NAE167/Field Bus1.CH3.Parameters.TWMU SL-OUTSTATE,MV:3001291
LSCP-NAE167,NAE167/Field Bus1.CH3.Parameters.TWMU TUNING-RESET,BV:3001290
LSCP-NAE167,NAE167/Field Bus1.CH3.Parameters.TWMU-GPM-WSP,AV:3001267
LSCP-NAE167,NAE167/Field Bus1.CH3.Parameters.TWMU-LVL-SP,AV:3001264
LSCP-NAE167,NAE167/Field Bus1.CH3.Parameters.TWMUV-HIL,AV:3002029
LSCP-NAE167,NAE167/Field Bus1.CH3.Parameters.TWMUV-LOL,AV:3002028
LSCP-NAE167,NAE167/Field Bus1.CH3.Parameters.TWST-SP1,AV:3001251
LSCP-NAE167,NAE167/Field Bus1.CH3.Parameters.TWST-SP2,AV:3001253
LSCP-NAE167,NAE167/Field Bus1.CH3.Parameters.TWST-SP3,AV:3001252
LSCP-NAE167,NAE167/Field Bus1.CH3.Parameters.TWST-SP4,AV:3001250
LSCP-NAE167,NAE167/Field Bus1.CH3.Parameters.TWST-WB1,AV:3001254
LSCP-NAE167,NAE167/Field Bus1.CH3.Parameters.TWST-WB2,AV:3001257
LSCP-NAE167,NAE167/Field Bus1.CH3.Parameters.TWST-WB3,AV:3001255
LSCP-NAE167,NAE167/Field Bus1.CH3.Parameters.TWST-WB4,AV:3001249
LSCP-NAE167,NAE167/Field Bus1.KW-CH3.AI-1,AI:3004360
LSCP-NAE167,NAE167/Field Bus1.KW-CH3.AI-2,AI:3004361
LSCP-NAE167,NAE167/Field Bus1.KW-CH3.AI-3,AI:3004362
LSCP-NAE167,NAE167/Field Bus1.KW-CH3.AI-4,AI:3004363
LSCP-NAE167,NAE167/Field Bus1.KW-CH3.AI-5,AI:3004364
LSCP-NAE167,NAE167/Field Bus1.KW-CH3.AI-6,AI:3004365
LSCP-NAE167,NAE167/Field Bus1.KW-CH3.AI-7,AI:3004366
LSCP-NAE167,NAE167/Field Bus1.KW-CH3.AI-8,AI:3004367
LSCP-NAE167,NAE167/Field Bus1.KW-CH3.AI-9,AI:3004368
LSCP-NAE167,NAE167/Field Bus1.KW-CH3.AI-10,AI:3004369
LSCP-NAE167,NAE167/Field Bus1.KW-CH3.AI-11,AI:3004370
LSCP-NAE167,NAE167/Field Bus1.KW-CH3.AI-12,AI:3004371
LSCP-NAE167,NAE167/Field Bus1.KW-CH3.AI-13,AI:3004372
LSCP-NAE167,NAE167/Field Bus1.KW-CH3.AI-14,AI:3004373
LSCP-NAE167,NAE167/Field Bus1.KW-CH3.AI-15,AI:3004374
LSCP-NAE167,NAE167/Field Bus1.KW-CH3.AI-16,AI:3004375
LSCP-NAE167,NAE167/Field Bus1.KW-CH3.AI-17,AI:3004376
LSCP-NAE167,NAE167/Field Bus1.KW-CH3.AI-18,AI:3004377
LSCP-NAE167,NAE167/Field Bus1.KW-CH3.AI-19,AI:3004378
LSCP-NAE167,NAE167/Field Bus1.KW-CH3.AI-20,AI:3004379
LSCP-NAE167,NAE167/Field Bus1.KW-CH3.AI-21,AI:3004380
LSCP-NAE167,NAE167/Field Bus1.KW-CH3.AI-22,AI:3004381
LSCP-NAE167,NAE167/Field Bus1.KW-CH3.AI-23,AI:3004382
LSCP-NAE167,NAE167/Field Bus1.KW-CH3.AI-24,AI:3004383
LSCP-NAE167,NAE167/Field Bus1.KW-CH3.AI-25,AI:3004384
LSCP-NAE167,NAE167/Field Bus1.KW-CH3.AI-26,AI:3004385
LSCP-NAE167,NAE167/Field Bus1.KW-CH3.AI-27,AI:3004386
LSCP-NAE167,NAE167/Field Bus1.KW-CH3.AI-28,AI:3004387
LSCP-NAE167,NAE167/Field Bus1.KW-CH3.AI-29,AI:3004388
LSCP-NAE167,NAE167/Field Bus1.KW-CH3.AI-30,AI:3004389
LSCP-NAE167,NAE167/Field Bus1.KW-CH3.AI-31,AI:3004390
LSCP-NAE167,NAE167/Field Bus1.KW-CH3.AI-32,AI:3004391
LSCP-NAE167,NAE167/Field Bus1.KW-CH3.AI-33,AI:3004392
LSCP-NAE167,NAE167/Field Bus1.KW-CH3.AI-34,AI:3004393
LSCP-NAE167,NAE167/Field Bus1.KW-CH3.AI-35,AI:3004394
LSCP-NAE167,NAE167/Field Bus1.KW-CH3.AI-36,AI:3004395
LSCP-NAE167,NAE167/Field Bus1.KW-CH3.AI-37,AI:3004396
LSCP-NAE167,NAE167/Field Bus1.KW-CH3.AI-38,AI:3004397
LSCP-NAE167,NAE167/Field Bus1.KW-CH3.AI-39,AI:3004398
LSCP-NAE167,NAE167/Field Bus1.KW-CH3.AI-40,AI:3004399
LSCP-NAE167,NAE167/Field Bus1.KW-CH3.AI-41,AI:3004400
LSCP-NAE167,NAE167/Field Bus1.KW-CH3.AI-42,AI:3004401
LSCP-NAE167,NAE167/Field Bus1.KW-CH3.AI-43,AI:3004402
LSCP-NAE167,NAE167/Field Bus1.KW-CP3.AI-1,AI:3000244
LSCP-NAE167,NAE167/Field Bus1.KW-CP3.AI-2,AI:3000243
LSCP-NAE167,NAE167/Field Bus1.KW-CP3.AI-3,AI:3000242
LSCP-NAE167,NAE167/Field Bus1.KW-CP3.AI-4,AI:3000241
LSCP-NAE167,NAE167/Field Bus1.KW-CP3.AI-5,AI:3000240
LSCP-NAE167,NAE167/Field Bus1.KW-CP3.AI-6,AI:3000239
LSCP-NAE167,NAE167/Field Bus1.KW-CP3.AI-7,AI:3000238
LSCP-NAE167,NAE167/Field Bus1.KW-CP3.AI-8,AI:3000237
LSCP-NAE167,NAE167/Field Bus1.KW-CP3.AI-9,AI:3000236
LSCP-NAE167,NAE167/Field Bus1.KW-CP3.AI-10,AI:3000235
LSCP-NAE167,NAE167/Field Bus1.KW-CP3.AI-11,AI:3000234
LSCP-NAE167,NAE167/Field Bus1.KW-CP3.AI-12,AI:3000233
LSCP-NAE167,NAE167/Field Bus1.KW-CP3.AI-13,AI:3000232
LSCP-NAE167,NAE167/Field Bus1.KW-CP3.AI-14,AI:3000231
LSCP-NAE167,NAE167/Field Bus1.KW-CP3.AI-15,AI:3000230
LSCP-NAE167,NAE167/Field Bus1.KW-CP3.AI-16,AI:3000260
LSCP-NAE167,NAE167/Field Bus1.KW-CP3.AI-17,AI:3000259
LSCP-NAE167,NAE167/Field Bus1.KW-CP3.AI-18,AI:3000258
LSCP-NAE167,NAE167/Field Bus1.KW-CP3.AI-19,AI:3000257
LSCP-NAE167,NAE167/Field Bus1.KW-CP3.AI-20,AI:3000256
LSCP-NAE167,NAE167/Field Bus1.KW-CP3.AI-21,AI:3000255
LSCP-NAE167,NAE167/Field Bus1.KW-CP3.AI-22,AI:3000254
LSCP-NAE167,NAE167/Field Bus1.KW-CP3.AI-23,AI:3000253
LSCP-NAE167,NAE167/Field Bus1.KW-CP3.AI-24,AI:3000252
LSCP-NAE167,NAE167/Field Bus1.KW-CP3.AI-25,AI:3000251
LSCP-NAE167,NAE167/Field Bus1.KW-CP3.AI-26,AI:3000250
LSCP-NAE167,NAE167/Field Bus1.KW-CP3.AI-27,AI:3000249
LSCP-NAE167,NAE167/Field Bus1.KW-CP3.AI-28,AI:3000248
LSCP-NAE167,NAE167/Field Bus1.KW-CP3.AI-29,AI:3000247
LSCP-NAE167,NAE167/Field Bus1.KW-CP3.AI-30,AI:3000246
LSCP-NAE167,NAE167/Field Bus1.KW-CP3.AI-31,AI:3000245
LSCP-NAE167,NAE167/Field Bus1.KW-CP3.AI-32,AI:3000272
LSCP-NAE167,NAE167/Field Bus1.KW-CP3.AI-33,AI:3000271
LSCP-NAE167,NAE167/Field Bus1.KW-CP3.AI-34,AI:3000270
LSCP-NAE167,NAE167/Field Bus1.KW-CP3.AI-35,AI:3000269
LSCP-NAE167,NAE167/Field Bus1.KW-CP3.AI-36,AI:3000268
LSCP-NAE167,NAE167/Field Bus1.KW-CP3.AI-37,AI:3000267
LSCP-NAE167,NAE167/Field Bus1.KW-CP3.AI-38,AI:3000266
LSCP-NAE167,NAE167/Field Bus1.KW-CP3.AI-39,AI:3000265
LSCP-NAE167,NAE167/Field Bus1.KW-CP3.AI-40,AI:3000264
LSCP-NAE167,NAE167/Field Bus1.KW-CP3.AI-41,AI:3000263
LSCP-NAE167,NAE167/Field Bus1.KW-CP3.AI-42,AI:3000262
LSCP-NAE167,NAE167/Field Bus1.KW-CP3.AI-43,AI:3000261
LSCP-NAE167,NAE167/Field Bus1.KW-LP3.AI-1,AI:3000287
LSCP-NAE167,NAE167/Field Bus1.KW-LP3.AI-2,AI:3000286
LSCP-NAE167,NAE167/Field Bus1.KW-LP3.AI-3,AI:3000285
LSCP-NAE167,NAE167/Field Bus1.KW-LP3.AI-4,AI:3000284
LSCP-NAE167,NAE167/Field Bus1.KW-LP3.AI-5,AI:3000283
LSCP-NAE167,NAE167/Field Bus1.KW-LP3.AI-6,AI:3000282
LSCP-NAE167,NAE167/Field Bus1.KW-LP3.AI-7,AI:3000281
LSCP-NAE167,NAE167/Field Bus1.KW-LP3.AI-8,AI:3000280
LSCP-NAE167,NAE167/Field Bus1.KW-LP3.AI-9,AI:3000279
LSCP-NAE167,NAE167/Field Bus1.KW-LP3.AI-10,AI:3000278
LSCP-NAE167,NAE167/Field Bus1.KW-LP3.AI-11,AI:3000277
LSCP-NAE167,NAE167/Field Bus1.KW-LP3.AI-12,AI:3000276
LSCP-NAE167,NAE167/Field Bus1.KW-LP3.AI-13,AI:3000275
LSCP-NAE167,NAE167/Field Bus1.KW-LP3.AI-14,AI:3000274
LSCP-NAE167,NAE167/Field Bus1.KW-LP3.AI-15,AI:3000273
LSCP-NAE167,NAE167/Field Bus1.KW-LP3.AI-16,AI:3000303
LSCP-NAE167,NAE167/Field Bus1.KW-LP3.AI-17,AI:3000302
LSCP-NAE167,NAE167/Field Bus1.KW-LP3.AI-18,AI:3000301
LSCP-NAE167,NAE167/Field Bus1.KW-LP3.AI-19,AI:3000300
LSCP-NAE167,NAE167/Field Bus1.KW-LP3.AI-20,AI:3000299
LSCP-NAE167,NAE167/Field Bus1.KW-LP3.AI-21,AI:3000298
LSCP-NAE167,NAE167/Field Bus1.KW-LP3.AI-22,AI:3000297
LSCP-NAE167,NAE167/Field Bus1.KW-LP3.AI-23,AI:3000296
LSCP-NAE167,NAE167/Field Bus1.KW-LP3.AI-24,AI:3000295
LSCP-NAE167,NAE167/Field Bus1.KW-LP3.AI-25,AI:3000294
LSCP-NAE167,NAE167/Field Bus1.KW-LP3.AI-26,AI:3000293
LSCP-NAE167,NAE167/Field Bus1.KW-LP3.AI-27,AI:3000292
LSCP-NAE167,NAE167/Field Bus1.KW-LP3.AI-28,AI:3000291
LSCP-NAE167,NAE167/Field Bus1.KW-LP3.AI-29,AI:3000290
LSCP-NAE167,NAE167/Field Bus1.KW-LP3.AI-30,AI:3000289
LSCP-NAE167,NAE167/Field Bus1.KW-LP3.AI-31,AI:3000288
LSCP-NAE167,NAE167/Field Bus1.KW-LP3.AI-32,AI:3000315
LSCP-NAE167,NAE167/Field Bus1.KW-LP3.AI-33,AI:3000314
LSCP-NAE167,NAE167/Field Bus1.KW-LP3.AI-34,AI:3000313
LSCP-NAE167,NAE167/Field Bus1.KW-LP3.AI-35,AI:3000312
LSCP-NAE167,NAE167/Field Bus1.KW-LP3.AI-36,AI:3000311
LSCP-NAE167,NAE167/Field Bus1.KW-LP3.AI-37,AI:3000310
LSCP-NAE167,NAE167/Field Bus1.KW-LP3.AI-38,AI:3000309
LSCP-NAE167,NAE167/Field Bus1.KW-LP3.AI-39,AI:3000308
LSCP-NAE167,NAE167/Field Bus1.KW-LP3.AI-40,AI:3000307
LSCP-NAE167,NAE167/Field Bus1.KW-LP3.AI-41,AI:3000306
LSCP-NAE167,NAE167/Field Bus1.KW-LP3.AI-42,AI:3000305
LSCP-NAE167,NAE167/Field Bus1.KW-LP3.AI-43,AI:3000304
LSCP-NAE167,NAE167/Field Bus1.KW-T3F1.AI-1,AI:3000373
LSCP-NAE167,NAE167/Field Bus1.KW-T3F1.AI-2,AI:3000372
LSCP-NAE167,NAE167/Field Bus1.KW-T3F1.AI-3,AI:3000371
LSCP-NAE167,NAE167/Field Bus1.KW-T3F1.AI-4,AI:3000370
LSCP-NAE167,NAE167/Field Bus1.KW-T3F1.AI-5,AI:3000369
LSCP-NAE167,NAE167/Field Bus1.KW-T3F1.AI-6,AI:3000368
LSCP-NAE167,NAE167/Field Bus1.KW-T3F1.AI-7,AI:3000367
LSCP-NAE167,NAE167/Field Bus1.KW-T3F1.AI-8,AI:3000366
LSCP-NAE167,NAE167/Field Bus1.KW-T3F1.AI-9,AI:3000365
LSCP-NAE167,NAE167/Field Bus1.KW-T3F1.AI-10,AI:3000364
LSCP-NAE167,NAE167/Field Bus1.KW-T3F1.AI-11,AI:3000363
LSCP-NAE167,NAE167/Field Bus1.KW-T3F1.AI-12,AI:3000362
LSCP-NAE167,NAE167/Field Bus1.KW-T3F1.AI-13,AI:3000361
LSCP-NAE167,NAE167/Field Bus1.KW-T3F1.AI-14,AI:3000360
LSCP-NAE167,NAE167/Field Bus1.KW-T3F1.AI-15,AI:3000359
LSCP-NAE167,NAE167/Field Bus1.KW-T3F1.AI-16,AI:3000389
LSCP-NAE167,NAE167/Field Bus1.KW-T3F1.AI-17,AI:3000388
LSCP-NAE167,NAE167/Field Bus1.KW-T3F1.AI-18,AI:3000387
LSCP-NAE167,NAE167/Field Bus1.KW-T3F1.AI-19,AI:3000386
LSCP-NAE167,NAE167/Field Bus1.KW-T3F1.AI-20,AI:3000385
LSCP-NAE167,NAE167/Field Bus1.KW-T3F1.AI-21,AI:3000384
LSCP-NAE167,NAE167/Field Bus1.KW-T3F1.AI-22,AI:3000383
LSCP-NAE167,NAE167/Field Bus1.KW-T3F1.AI-23,AI:3000382
LSCP-NAE167,NAE167/Field Bus1.KW-T3F1.AI-24,AI:3000381
LSCP-NAE167,NAE167/Field Bus1.KW-T3F1.AI-25,AI:3000380
LSCP-NAE167,NAE167/Field Bus1.KW-T3F1.AI-26,AI:3000379
LSCP-NAE167,NAE167/Field Bus1.KW-T3F1.AI-27,AI:3000378
LSCP-NAE167,NAE167/Field Bus1.KW-T3F1.AI-28,AI:3000377
LSCP-NAE167,NAE167/Field Bus1.KW-T3F1.AI-29,AI:3000376
LSCP-NAE167,NAE167/Field Bus1.KW-T3F1.AI-30,AI:3000375
LSCP-NAE167,NAE167/Field Bus1.KW-T3F1.AI-31,AI:3000374
LSCP-NAE167,NAE167/Field Bus1.KW-T3F1.AI-32,AI:3000401
LSCP-NAE167,NAE167/Field Bus1.KW-T3F1.AI-33,AI:3000400
LSCP-NAE167,NAE167/Field Bus1.KW-T3F1.AI-34,AI:3000399
LSCP-NAE167,NAE167/Field Bus1.KW-T3F1.AI-35,AI:3000398
LSCP-NAE167,NAE167/Field Bus1.KW-T3F1.AI-36,AI:3000397
LSCP-NAE167,NAE167/Field Bus1.KW-T3F1.AI-37,AI:3000396
LSCP-NAE167,NAE167/Field Bus1.KW-T3F1.AI-38,AI:3000395
LSCP-NAE167,NAE167/Field Bus1.KW-T3F1.AI-39,AI:3000394
LSCP-NAE167,NAE167/Field Bus1.KW-T3F1.AI-40,AI:3000393
LSCP-NAE167,NAE167/Field Bus1.KW-T3F1.AI-41,AI:3000392
LSCP-NAE167,NAE167/Field Bus1.KW-T3F1.AI-42,AI:3000391
LSCP-NAE167,NAE167/Field Bus1.KW-T3F1.AI-43,AI:3000390
LSCP-NAE167,NAE167/Field Bus1.KW-T3F2.AI-1,AI:3000416
LSCP-NAE167,NAE167/Field Bus1.KW-T3F2.AI-2,AI:3000415
LSCP-NAE167,NAE167/Field Bus1.KW-T3F2.AI-3,AI:3000414
LSCP-NAE167,NAE167/Field Bus1.KW-T3F2.AI-4,AI:3000413
LSCP-NAE167,NAE167/Field Bus1.KW-T3F2.AI-5,AI:3000412
LSCP-NAE167,NAE167/Field Bus1.KW-T3F2.AI-6,AI:3000411
LSCP-NAE167,NAE167/Field Bus1.KW-T3F2.AI-7,AI:3000410
LSCP-NAE167,NAE167/Field Bus1.KW-T3F2.AI-8,AI:3000409
LSCP-NAE167,NAE167/Field Bus1.KW-T3F2.AI-9,AI:3000408
LSCP-NAE167,NAE167/Field Bus1.KW-T3F2.AI-10,AI:3000407
LSCP-NAE167,NAE167/Field Bus1.KW-T3F2.AI-11,AI:3000406
LSCP-NAE167,NAE167/Field Bus1.KW-T3F2.AI-12,AI:3000405
LSCP-NAE167,NAE167/Field Bus1.KW-T3F2.AI-13,AI:3000404
LSCP-NAE167,NAE167/Field Bus1.KW-T3F2.AI-14,AI:3000403
LSCP-NAE167,NAE167/Field Bus1.KW-T3F2.AI-15,AI:3000402
LSCP-NAE167,NAE167/Field Bus1.KW-T3F2.AI-16,AI:3000432
LSCP-NAE167,NAE167/Field Bus1.KW-T3F2.AI-17,AI:3000431
LSCP-NAE167,NAE167/Field Bus1.KW-T3F2.AI-18,AI:3000430
LSCP-NAE167,NAE167/Field Bus1.KW-T3F2.AI-19,AI:3000429
LSCP-NAE167,NAE167/Field Bus1.KW-T3F2.AI-20,AI:3000428
LSCP-NAE167,NAE167/Field Bus1.KW-T3F2.AI-21,AI:3000427
LSCP-NAE167,NAE167/Field Bus1.KW-T3F2.AI-22,AI:3000426
LSCP-NAE167,NAE167/Field Bus1.KW-T3F2.AI-23,AI:3000425
LSCP-NAE167,NAE167/Field Bus1.KW-T3F2.AI-24,AI:3000424
LSCP-NAE167,NAE167/Field Bus1.KW-T3F2.AI-25,AI:3000423
LSCP-NAE167,NAE167/Field Bus1.KW-T3F2.AI-26,AI:3000422
LSCP-NAE167,NAE167/Field Bus1.KW-T3F2.AI-27,AI:3000421
LSCP-NAE167,NAE167/Field Bus1.KW-T3F2.AI-28,AI:3000420
LSCP-NAE167,NAE167/Field Bus1.KW-T3F2.AI-29,AI:3000419
LSCP-NAE167,NAE167/Field Bus1.KW-T3F2.AI-30,AI:3000418
LSCP-NAE167,NAE167/Field Bus1.KW-T3F2.AI-31,AI:3000417
LSCP-NAE167,NAE167/Field Bus1.KW-T3F2.AI-32,AI:3000444
LSCP-NAE167,NAE167/Field Bus1.KW-T3F2.AI-33,AI:3000443
LSCP-NAE167,NAE167/Field Bus1.KW-T3F2.AI-34,AI:3000442
LSCP-NAE167,NAE167/Field Bus1.KW-T3F2.AI-35,AI:3000441
LSCP-NAE167,NAE167/Field Bus1.KW-T3F2.AI-36,AI:3000440
LSCP-NAE167,NAE167/Field Bus1.KW-T3F2.AI-37,AI:3000439
LSCP-NAE167,NAE167/Field Bus1.KW-T3F2.AI-38,AI:3000438
LSCP-NAE167,NAE167/Field Bus1.KW-T3F2.AI-39,AI:3000437
LSCP-NAE167,NAE167/Field Bus1.KW-T3F2.AI-40,AI:3000436
LSCP-NAE167,NAE167/Field Bus1.KW-T3F2.AI-41,AI:3000435
LSCP-NAE167,NAE167/Field Bus1.KW-T3F2.AI-42,AI:3000434
LSCP-NAE167,NAE167/Field Bus1.KW-T3F2.AI-43,AI:3000433
LSCP-NAE167,NAE167/Field Bus1.KW-TP3.AI-1,AI:3000330
LSCP-NAE167,NAE167/Field Bus1.KW-TP3.AI-2,AI:3000329
LSCP-NAE167,NAE167/Field Bus1.KW-TP3.AI-3,AI:3000328
LSCP-NAE167,NAE167/Field Bus1.KW-TP3.AI-4,AI:3000327
LSCP-NAE167,NAE167/Field Bus1.KW-TP3.AI-5,AI:3000326
LSCP-NAE167,NAE167/Field Bus1.KW-TP3.AI-6,AI:3000325
LSCP-NAE167,NAE167/Field Bus1.KW-TP3.AI-7,AI:3000324
LSCP-NAE167,NAE167/Field Bus1.KW-TP3.AI-8,AI:3000323
LSCP-NAE167,NAE167/Field Bus1.KW-TP3.AI-9,AI:3000322
LSCP-NAE167,NAE167/Field Bus1.KW-TP3.AI-10,AI:3000321
LSCP-NAE167,NAE167/Field Bus1.KW-TP3.AI-11,AI:3000320
LSCP-NAE167,NAE167/Field Bus1.KW-TP3.AI-12,AI:3000319
LSCP-NAE167,NAE167/Field Bus1.KW-TP3.AI-13,AI:3000318
LSCP-NAE167,NAE167/Field Bus1.KW-TP3.AI-14,AI:3000317
LSCP-NAE167,NAE167/Field Bus1.KW-TP3.AI-15,AI:3000316
LSCP-NAE167,NAE167/Field Bus1.KW-TP3.AI-16,AI:3000346
LSCP-NAE167,NAE167/Field Bus1.KW-TP3.AI-17,AI:3000345
LSCP-NAE167,NAE167/Field Bus1.KW-TP3.AI-18,AI:3000344
LSCP-NAE167,NAE167/Field Bus1.KW-TP3.AI-19,AI:3000343
LSCP-NAE167,NAE167/Field Bus1.KW-TP3.AI-20,AI:3000342
LSCP-NAE167,NAE167/Field Bus1.KW-TP3.AI-21,AI:3000341
LSCP-NAE167,NAE167/Field Bus1.KW-TP3.AI-22,AI:3000340
LSCP-NAE167,NAE167/Field Bus1.KW-TP3.AI-23,AI:3000339
LSCP-NAE167,NAE167/Field Bus1.KW-TP3.AI-24,AI:3000338
LSCP-NAE167,NAE167/Field Bus1.KW-TP3.AI-25,AI:3000337
LSCP-NAE167,NAE167/Field Bus1.KW-TP3.AI-26,AI:3000336
LSCP-NAE167,NAE167/Field Bus1.KW-TP3.AI-27,AI:3000335
LSCP-NAE167,NAE167/Field Bus1.KW-TP3.AI-28,AI:3000334
LSCP-NAE167,NAE167/Field Bus1.KW-TP3.AI-29,AI:3000333
LSCP-NAE167,NAE167/Field Bus1.KW-TP3.AI-30,AI:3000332
LSCP-NAE167,NAE167/Field Bus1.KW-TP3.AI-31,AI:3000331
LSCP-NAE167,NAE167/Field Bus1.KW-TP3.AI-32,AI:3000358
LSCP-NAE167,NAE167/Field Bus1.KW-TP3.AI-33,AI:3000357
LSCP-NAE167,NAE167/Field Bus1.KW-TP3.AI-34,AI:3000356
LSCP-NAE167,NAE167/Field Bus1.KW-TP3.AI-35,AI:3000355
LSCP-NAE167,NAE167/Field Bus1.KW-TP3.AI-36,AI:3000354
LSCP-NAE167,NAE167/Field Bus1.KW-TP3.AI-37,AI:3000353
LSCP-NAE167,NAE167/Field Bus1.KW-TP3.AI-38,AI:3000352
LSCP-NAE167,NAE167/Field Bus1.KW-TP3.AI-39,AI:3000351
LSCP-NAE167,NAE167/Field Bus1.KW-TP3.AI-40,AI:3000350
LSCP-NAE167,NAE167/Field Bus1.KW-TP3.AI-41,AI:3000349
LSCP-NAE167,NAE167/Field Bus1.KW-TP3.AI-42,AI:3000348
LSCP-NAE167,NAE167/Field Bus1.KW-TP3.AI-43,AI:3000347
LSCP-NAE167,NAE167/Field Bus1.LP12.ADS-BLW,BO:3005759
LSCP-NAE167,NAE167/Field Bus1.LP12.BCWR-T,AI:3005758
LSCP-NAE167,NAE167/Field Bus1.LP12.BCWS-T,AI:3005757
LSCP-NAE167,NAE167/Field Bus1.LP12.CWMU-F,AI:3028083
LSCP-NAE167,NAE167/Field Bus1.LP12.CWMU-V,BO:3028082
LSCP-NAE167,NAE167/Field Bus1.LP12.DCPLR-V1,AO:3005754
LSCP-NAE167,NAE167/Field Bus1.LP12.LCW-DP,AI:3005743
LSCP-NAE167,NAE167/Field Bus1.LP12.LCWR-T,AI:3005748
LSCP-NAE167,NAE167/Field Bus1.LP12.LCWS-T,AI:3005747
LSCP-NAE167,NAE167/Field Bus1.LP12.LP1-S,BI:3005749
LSCP-NAE167,NAE167/Field Bus1.LP12.LP1-SC,AO:3005755
LSCP-NAE167,NAE167/Field Bus1.LP12.LP1-SS,BO:3005751
LSCP-NAE167,NAE167/Field Bus1.LP12.LP1-VLV,BO:3005744
LSCP-NAE167,NAE167/Field Bus1.LP12.LP2-S,BI:3005750
LSCP-NAE167,NAE167/Field Bus1.LP12.LP2-SC,AO:3005753
LSCP-NAE167,NAE167/Field Bus1.LP12.LP2-SS,BO:3005752
LSCP-NAE167,NAE167/Field Bus1.LP12.LP2-VLV,BO:3005745
LSCP-NAE167,NAE167/Field Bus1.LP12.Parameters.ANYLP-ON,MV:3005782
LSCP-NAE167,NAE167/Field Bus1.LP12.Parameters.BCW-F,AV:3013188
LSCP-NAE167,NAE167/Field Bus1.LP12.Parameters.BCW-LOAD,AV:3005766
LSCP-NAE167,NAE167/Field Bus1.LP12.Parameters.C-PFWSP-CH1,AV:3005773
LSCP-NAE167,NAE167/Field Bus1.LP12.Parameters.C-PFWSP-CH2,AV:3005761
LSCP-NAE167,NAE167/Field Bus1.LP12.Parameters.CH1-LP-START,MV:3005783
LSCP-NAE167,NAE167/Field Bus1.LP12.Parameters.CH2-LP-START,MV:3005784
LSCP-NAE167,NAE167/Field Bus1.LP12.Parameters.CH3-LCWR-P,AV:3028090
LSCP-NAE167,NAE167/Field Bus1.LP12.Parameters.CH3-LP3-S,MV:3028089
LSCP-NAE167,NAE167/Field Bus1.LP12.Parameters.CH12-PCWF-WSP,AV:3005779
LSCP-NAE167,NAE167/Field Bus1.LP12.Parameters.CWMU-V-PRS-DF,AV:3028091
LSCP-NAE167,NAE167/Field Bus1.LP12.Parameters.CWMU-V-PRS-SP,AV:3028092
LSCP-NAE167,NAE167/Field Bus1.LP12.Parameters.FX-ENB,MV:3005765
LSCP-NAE167,NAE167/Field Bus1.LP12.Parameters.FX-LP-START,MV:3005763
LSCP-NAE167,NAE167/Field Bus1.LP12.Parameters.FX-PFWSP,AV:3006901
LSCP-NAE167,NAE167/Field Bus1.LP12.Parameters.FXCP-SC Mulitplier,AV:3005788
LSCP-NAE167,NAE167/Field Bus1.LP12.Parameters.FXDES-FL,AV:3005760
LSCP-NAE167,NAE167/Field Bus1.LP12.Parameters.FXPROD-CNST,AV:3005770
LSCP-NAE167,NAE167/Field Bus1.LP12.Parameters.FXPROD-WCNST,AV:3005775
LSCP-NAE167,NAE167/Field Bus1.LP12.Parameters.GC-CWF,AV:3008026
LSCP-NAE167,NAE167/Field Bus1.LP12.Parameters.GC-LOAD,AV:3005764
LSCP-NAE167,NAE167/Field Bus1.LP12.Parameters.LP1-SS-HWO,MV:3005768
LSCP-NAE167,NAE167/Field Bus1.LP12.Parameters.LP1-STR,MV:3005785
LSCP-NAE167,NAE167/Field Bus1.LP12.Parameters.LP2-SS-HWO,MV:3005769
LSCP-NAE167,NAE167/Field Bus1.LP12.Parameters.LP2-STR,MV:3005786
LSCP-NAE167,NAE167/Field Bus1.LP12.Parameters.LPSC TUNING-RESET,BV:3005787
LSCP-NAE167,NAE167/Field Bus1.LP12.Parameters.LPSC-HIL,AV:3005791
LSCP-NAE167,NAE167/Field Bus1.LP12.Parameters.LPSC-IT,AV:3005793
LSCP-NAE167,NAE167/Field Bus1.LP12.Parameters.LPSC-LOL,AV:3012800
LSCP-NAE167,NAE167/Field Bus1.LP12.Parameters.LPSC-PB,AV:3005792
LSCP-NAE167,NAE167/Field Bus1.LP12.Parameters.MINLP-DP,AV:3005780
LSCP-NAE167,NAE167/Field Bus1.LP12.Parameters.OAWB-T,AV:3005781
LSCP-NAE167,NAE167/Field Bus1.LP12.Parameters.PCWR-T,AV:3005767
LSCP-NAE167,NAE167/Field Bus1.LP12.Parameters.Pre PID LPSC-PB,AV:3005778
LSCP-NAE167,NAE167/Field Bus1.LP12.Parameters.SideLoop SL-OUTSTATE,MV:3005789
LSCP-NAE167,NAE167/Field Bus1.LP12.PCW-F,AI:3005746
LSCP-NAE167,NAE167/Field Bus1.TRT-CH3.Parameters.CH3-%LOAD,AV:3037996
LSCP-NAE167,NAE167/Field Bus1.TRT-CH3.Parameters.CH3-S,MV:3039105
LSCP-NAE167,NAE167/Field Bus1.TRT-CH3.Parameters.Day of Week,AV:3037994
LSCP-NAE167,NAE167/Field Bus1.TRT-CH3.Parameters.Hour of Day,AV:3037998
LSCP-NAE167,NAE167/Field Bus1.TRT-CH3.Parameters.LSC3-ACID-LOCK,MV:3038016
LSCP-NAE167,NAE167/Field Bus1.TRT-CH3.Parameters.LSC3-OX-LOCK,MV:3038015
LSCP-NAE167,NAE167/Field Bus1.TRT-CH3.Parameters.NONOX-SC-SP,AV:3038013
LSCP-NAE167,NAE167/Field Bus1.TRT-CH3.Parameters.Tower Circ,BV:3038000
LSCP-NAE167,NAE167/Field Bus1.TRT-CH3.Parameters.TP3-S,MV:3038019
LSCP-NAE167,NAE167/Field Bus1.TRT-CH3.Parameters.TW3-ACID-PH-SP,AV:3037999
LSCP-NAE167,NAE167/Field Bus1.TRT-CH3.Parameters.TW3-ACID-RESET,MV:3037991
LSCP-NAE167,NAE167/Field Bus1.TRT-CH3.Parameters.TW3-ACID-RUNTIME,AV:3038020
LSCP-NAE167,NAE167/Field Bus1.TRT-CH3.Parameters.TW3-ACID-SC-SP,AV:3038011
LSCP-NAE167,NAE167/Field Bus1.TRT-CH3.Parameters.TW3-BLWDWN-COND-DF,AV:3037995
LSCP-NAE167,NAE167/Field Bus1.TRT-CH3.Parameters.TW3-BLWDWN-COND-SP,AV:3038001
LSCP-NAE167,NAE167/Field Bus1.TRT-CH3.Parameters.TW3-BLWDWN-LOCKOUT,BV:3037992
LSCP-NAE167,NAE167/Field Bus1.TRT-CH3.Parameters.TW3-BLWDWN-PREBLEED,BV:3038002
LSCP-NAE167,NAE167/Field Bus1.TRT-CH3.Parameters.TW3-GLUT-FEED,MV:3038018
LSCP-NAE167,NAE167/Field Bus1.TRT-CH3.Parameters.TW3-GLUT-LOCKOUT,BV:3037993
LSCP-NAE167,NAE167/Field Bus1.TRT-CH3.Parameters.TW3-GLUT-RUNTIME,AV:3038007
LSCP-NAE167,NAE167/Field Bus1.TRT-CH3.Parameters.TW3-ORP-HiLimit,AV:3038004
LSCP-NAE167,NAE167/Field Bus1.TRT-CH3.Parameters.TW3-OX-FCL-SP,AV:3038005
LSCP-NAE167,NAE167/Field Bus1.TRT-CH3.Parameters.TW3-OX-FEED-RUNTIME,AV:3038008
LSCP-NAE167,NAE167/Field Bus1.TRT-CH3.Parameters.TW3-OX-RESET,MV:3038003
LSCP-NAE167,NAE167/Field Bus1.TRT-CH3.Parameters.TW3-OX-SC-SP,AV:3038012
LSCP-NAE167,NAE167/Field Bus1.TRT-CH3.TW3-ACID-S,BI:3001310
LSCP-NAE167,NAE167/Field Bus1.TRT-CH3.TW3-ACID-SC,AO:3001298
LSCP-NAE167,NAE167/Field Bus1.TRT-CH3.TW3-ACID-SS,BO:3001312
LSCP-NAE167,NAE167/Field Bus1.TRT-CH3.TW3-BLWDWN,BO:3001313
LSCP-NAE167,NAE167/Field Bus1.TRT-CH3.TW3-BLWDWN-S,BI:3001296
LSCP-NAE167,NAE167/Field Bus1.TRT-CH3.TW3-CHMP-S,BI:3003459
LSCP-NAE167,NAE167/Field Bus1.TRT-CH3.TW3-CHMP-SS,BO:3001311
LSCP-NAE167,NAE167/Field Bus1.TRT-CH3.TW3-COND,AI:3001304
LSCP-NAE167,NAE167/Field Bus1.TRT-CH3.TW3-FCL,AI:3001305
LSCP-NAE167,NAE167/Field Bus1.TRT-CH3.TW3-FCL-OUT,AO:3033797
LSCP-NAE167,NAE167/Field Bus1.TRT-CH3.TW3-INHB,AI:3001299
LSCP-NAE167,NAE167/Field Bus1.TRT-CH3.TW3-INHIB-S,BI:3001309
LSCP-NAE167,NAE167/Field Bus1.TRT-CH3.TW3-NONOX-S,BI:3001307
LSCP-NAE167,NAE167/Field Bus1.TRT-CH3.TW3-NONOX-SC,AO:3001317
LSCP-NAE167,NAE167/Field Bus1.TRT-CH3.TW3-NONOX-SS,BO:3001315
LSCP-NAE167,NAE167/Field Bus1.TRT-CH3.TW3-ORP,AI:3001306
LSCP-NAE167,NAE167/Field Bus1.TRT-CH3.TW3-OX-S,BI:3001308
LSCP-NAE167,NAE167/Field Bus1.TRT-CH3.TW3-OX-SC,AO:3001316
LSCP-NAE167,NAE167/Field Bus1.TRT-CH3.TW3-OX-SS,BO:3001314
LSCP-NAE167,NAE167/Field Bus1.TRT-CH3.TW3-PH,AI:3001303
LSCP-NAE167,NAE167/Field Bus1.TRT-CH12.CW-SANDFILT-ENB,BO:3026672
LSCP-NAE167,NAE167/Field Bus1.TRT-CH12.CW-SANDFILT-PUMP,BI:3026671
LSCP-NAE167,NAE167/Field Bus1.TRT-CH12.CW-SANDFLTR-BW,BI:3026673
LSCP-NAE167,NAE167/Field Bus1.TRT-CH12.CW-SNDFLTR-BW-F,AI:3011907
LSCP-NAE167,NAE167/Field Bus1.TRT-CH12.Parameters.LP-S,MV:3026674
LSCP-NAE167,NAE167/Field Bus1.TRT-CH12.Parameters.TW1-BLWDWN-COND-DF,AV:3040488
LSCP-NAE167,NAE167/Field Bus1.TRT-CH12.Parameters.TW1-BLWDWN-COND-SP,AV:3040485
LSCP-NAE167,NAE167/Field Bus1.TRT-CH12.Parameters.TW1-BLWDWN-LOCKOUT,BV:3040486
LSCP-NAE167,NAE167/Field Bus1.TRT-CH12.Parameters.TW1-BLWDWN-PREBLEED,BV:3040484
LSCP-NAE167,NAE167/Field Bus1.TRT-CH12.Parameters.TW1-OX-FEED,BV:3040481
LSCP-NAE167,NAE167/Field Bus1.TRT-CH12.Parameters.TW1-OX-LOCK,MV:3040479
LSCP-NAE167,NAE167/Field Bus1.TRT-CH12.Parameters.TW1-OX-RESET,MV:3040482
LSCP-NAE167,NAE167/Field Bus1.TRT-CH12.Parameters.TW1-OX-RUNTIME,AV:3040483
LSCP-NAE167,NAE167/Field Bus1.TRT-CH12.Parameters.TW1-TP1-S,MV:3032282
LSCP-NAE167,NAE167/Field Bus1.TRT-CH12.Parameters.TW2-BLWDWN-COND-DF,AV:3038396
LSCP-NAE167,NAE167/Field Bus1.TRT-CH12.Parameters.TW2-BLWDWN-COND-SP,AV:3038393
LSCP-NAE167,NAE167/Field Bus1.TRT-CH12.Parameters.TW2-BLWDWN-LOCKOUT,BV:3038397
LSCP-NAE167,NAE167/Field Bus1.TRT-CH12.Parameters.TW2-BLWDWN-PREBLEED,BV:3038395
LSCP-NAE167,NAE167/Field Bus1.TRT-CH12.Parameters.TW2-OX-FEED,BV:3040480
LSCP-NAE167,NAE167/Field Bus1.TRT-CH12.Parameters.TW2-OX-LOCK,MV:3018217
LSCP-NAE167,NAE167/Field Bus1.TRT-CH12.Parameters.TW2-OX-RESET,MV:3018215
LSCP-NAE167,NAE167/Field Bus1.TRT-CH12.Parameters.TW2-OX-RUNTIME,AV:3018213
LSCP-NAE167,NAE167/Field Bus1.TRT-CH12.Parameters.TW2-TP2-S,MV:3038394
LSCP-NAE167,NAE167/Field Bus1.TRT-CH12.TW1-ACID-S,BI:3006000
LSCP-NAE167,NAE167/Field Bus1.TRT-CH12.TW1-BLWDWN,BO:3032125
LSCP-NAE167,NAE167/Field Bus1.TRT-CH12.TW1-BLWDWN-S,BI:3005986
LSCP-NAE167,NAE167/Field Bus1.TRT-CH12.TW1-COND,AI:3032321
LSCP-NAE167,NAE167/Field Bus1.TRT-CH12.TW1-FCL,AI:3030757
LSCP-NAE167,NAE167/Field Bus1.TRT-CH12.TW1-FCL-OUT,AO:3030758
LSCP-NAE167,NAE167/Field Bus1.TRT-CH12.TW1-INHIB-S,BI:3005999
LSCP-NAE167,NAE167/Field Bus1.TRT-CH12.TW1-NONOX-S,BI:3005988
LSCP-NAE167,NAE167/Field Bus1.TRT-CH12.TW1-ORP,AI:3005998
LSCP-NAE167,NAE167/Field Bus1.TRT-CH12.TW1-OX-S,BI:3005989
LSCP-NAE167,NAE167/Field Bus1.TRT-CH12.TW1-OX-SS,BO:3032123
LSCP-NAE167,NAE167/Field Bus1.TRT-CH12.TW1-PH,AI:3032320
LSCP-NAE167,NAE167/Field Bus1.TRT-CH12.TW2-ACID-S,BI:3005990
LSCP-NAE167,NAE167/Field Bus1.TRT-CH12.TW2-BLWDWN,BO:3038391
LSCP-NAE167,NAE167/Field Bus1.TRT-CH12.TW2-BLWDWN-S,BI:3005994
LSCP-NAE167,NAE167/Field Bus1.TRT-CH12.TW2-COND,AI:3006003
LSCP-NAE167,NAE167/Field Bus1.TRT-CH12.TW2-FCL,AI:3005987
LSCP-NAE167,NAE167/Field Bus1.TRT-CH12.TW2-FCL-OUT,AO:3033790
LSCP-NAE167,NAE167/Field Bus1.TRT-CH12.TW2-INHIB-S,BI:3005991
LSCP-NAE167,NAE167/Field Bus1.TRT-CH12.TW2-NONOX-S,BI:3005993
LSCP-NAE167,NAE167/Field Bus1.TRT-CH12.TW2-ORP,AI:3006004
LSCP-NAE167,NAE167/Field Bus1.TRT-CH12.TW2-OX-S,BI:3005992
LSCP-NAE167,NAE167/Field Bus1.TRT-CH12.TW2-OX-SS,BO:3006001
LSCP-NAE167,NAE167/Field Bus1.TRT-CH12.TW2-PH,AI:3006002
LSCP-NAE167,NAE167/Programming.CH3-EMON.CH3-EMON-Amps,AV:3004407
LSCP-NAE167,NAE167/Programming.CH3-EMON.CH3-EMON-Real Power,AV:3004405
LSCP-NAE167,NAE167/Programming.CH3-EMON.CH3-EMON-Volts,AV:3004406
LSCP-NAE167,NAE167/Programming.Chiller 1 Auto Run.LSC-CH1-AutoRun,BV:3024358
LSCP-NAE167,NAE167/Programming.Chiller Sequence.LSC-CH-SEQ,AV:3025790
LSCP-NAE167,NAE167/Programming.Data Points.CH2-CMP-DP,AV:3012783
LSCP-NAE167,NAE167/Programming.Data Points.CH3-AVG-AMPS,AV:3002606
LSCP-NAE167,NAE167/Programming.Data Points.LSC1-TWMU-F Totalization,AV:3033773
LSCP-NAE167,NAE167/Programming.Data Points.LSC2-Cond-App,AV:3000542
LSCP-NAE167,NAE167/Programming.Data Points.LSC2-Evap-App,AV:3000540
LSCP-NAE167,NAE167/Programming.Data Points.LSC2-TWMU-F Totalization,AV:3033774
LSCP-NAE167,NAE167/Programming.Data Points.LSC3 AH9 CW Totalization,AV:3041366
LSCP-NAE167,NAE167/Programming.Data Points.LSC3 AH9 CW-PEAK,AV:3003706
LSCP-NAE167,NAE167/Programming.Data Points.LSC3 CH3-SUPERHEAT,AV:3003708
LSCP-NAE167,NAE167/Programming.Data Points.LSC3-BACnet-Tons,AV:3004646
LSCP-NAE167,NAE167/Programming.Data Points.LSC3-Cond-App,AV:3004272
LSCP-NAE167,NAE167/Programming.Data Points.LSC3-Evap-App,AV:3004271
LSCP-NAE167,NAE167/Programming.Data Points.LSC3-TW-BLW-F Totalization,AV:3033784
LSCP-NAE167,NAE167/Programming.Data Points.LSC3-TWMU-F Totalization,AV:3033775
LSCP-NAE167,NAE167/Programming.Data Points.LSC BCW CW-Totalization,AV:3033787
LSCP-NAE167,NAE167/Programming.Data Points.LSC BCW-F FPS,AV:3012941
LSCP-NAE167,NAE167/Programming.Data Points.LSC SANDFILT DAILY,AV:3012895
LSCP-NAE167,NAE167/Programming.Data Points.LSC-FCHX-App,AV:3021394
LSCP-NAE167,NAE167/Programming.Data Points.LSC-SNDFLT-BW-Totalization,AV:3033776
LSCP-NAE167,NAE167/Programming.LP-SC Control.DP Hi In,AV:3000583
LSCP-NAE167,NAE167/Programming.LP-SC Control.DP Hi Reset,AV:3000584
LSCP-NAE167,NAE167/Programming.LP-SC Control.DP Lo In,AV:3000581
LSCP-NAE167,NAE167/Programming.LP-SC Control.DP Lo Reset,AV:3000582
LSCP-NAE167,NAE167/Programming.LP-SC Control.LCW-DP-CALC,AV:3026030
LSCP-NAE167,NAE167/Programming.LP-SC Control.LP3-PCWFSP-Calc,AV:3001143
LSCP-NAE167,NAE167/Programming.LP-SC Control.LP12-C1PCWF-Calc,AV:3006987
LSCP-NAE167,NAE167/Programming.LP-SC Control.LP12-C2PCWF-Calc,AV:3006988
LSCP-NAE167,NAE167/Programming.LP-SC Control.LP12-DP Hi In,AV:3005462
LSCP-NAE167,NAE167/Programming.LP-SC Control.LP12-DP Hi Reset,AV:3005463
LSCP-NAE167,NAE167/Programming.LP-SC Control.LP12-DP Lo In,AV:3005460
LSCP-NAE167,NAE167/Programming.LP-SC Control.LP12-DP Lo Reset,AV:3005461
LSCP-NAE167,NAE167/Programming.LP-SC Control.LP12-FXPCWF-Calc,AV:3007565
LSCP-NAE167,NAE167/Programming.LP-SC Control.LP12-MINLPDP-RS,AV:3005459
LSCP-NAE167,NAE167/Programming.LP-SC Control.LP12-PCWFSP-Calc,AV:3005458
LSCP-NAE167,NAE167/Programming.LP-SC Control.MINLPDP-RS,AV:3000580
LSCP-NAE167,NAE167/Programming.PCW Data.LSC1-AUX-KW,AV:3000515
LSCP-NAE167,NAE167/Programming.PCW Data.LSC1-AUX-KWpTon,AV:3000518
LSCP-NAE167,NAE167/Programming.PCW Data.LSC1-PCW-HkWpTon,AV:3000521
LSCP-NAE167,NAE167/Programming.PCW Data.LSC1-TRT-KW,AV:3012779
LSCP-NAE167,NAE167/Programming.PCW Data.LSC2-AUX-KW,AV:3000516
LSCP-NAE167,NAE167/Programming.PCW Data.LSC2-AUX-KWpTon,AV:3000519
LSCP-NAE167,NAE167/Programming.PCW Data.LSC2-PCW-HkWpTon,AV:3000523
LSCP-NAE167,NAE167/Programming.PCW Data.LSC2-TRT-KW,AV:3000531
LSCP-NAE167,NAE167/Programming.PCW Data.LSC3-AUX-KW,AV:3000517
LSCP-NAE167,NAE167/Programming.PCW Data.LSC3-AUX-KWpTon,AV:3000520
LSCP-NAE167,NAE167/Programming.PCW Data.LSC3-CP-KWpTon,AV:3001092
LSCP-NAE167,NAE167/Programming.PCW Data.LSC3-LP-KWpTon,AV:3001094
LSCP-NAE167,NAE167/Programming.PCW Data.LSC3-PCW-HkWpTon,AV:3000525
LSCP-NAE167,NAE167/Programming.PCW Data.LSC3-TF-KWpTon,AV:3001098
LSCP-NAE167,NAE167/Programming.PCW Data.LSC3-TP-KWpTon,AV:3001096
LSCP-NAE167,NAE167/Programming.PCW Data.LSC3-TRT-KW,AV:3000536
LSCP-NAE167,NAE167/Programming.PCW Data.LSC12-CP-KWpTon,AV:3000550
LSCP-NAE167,NAE167/Programming.PCW Data.LSC12-LP-KWpTon,AV:3000552
LSCP-NAE167,NAE167/Programming.PCW Data.LSC12-TF-KWpTon,AV:3000556
LSCP-NAE167,NAE167/Programming.PCW Data.LSC12-TP-KWpTon,AV:3000554
LSCP-NAE167,NAE167/Programming.Water Treatment.C1-TOWER-CIRC,BV:3000558
LSCP-NAE167,NAE167/Programming.Water Treatment.C2+FX-TOWER-CIRC,BV:3002016
LSCP-NAE167,NAE167/Programming.Water Treatment.C2-TOWER-CIRC,BV:3002012
LSCP-NAE167,NAE167/Programming.Water Treatment.C3-TOWER-CIRC,BV:3001756
LSCP-NAE167,NAE167/Programming.Water Treatment.FX-TOWER-CIRC,BV:3000564
LSCP-NAE167,NAE167/Programming.Water Treatment.FX-XW-CIRC,BV:3000566
LSCP-NAE167,NAE167/Programming.Water Treatment.LSC1-CHEM-FEED-ALARM,BV:3035446
LSCP-NAE167,NAE167/Programming.Water Treatment.LSC1-CIRC-HR,AV:3000568
LSCP-NAE167,NAE167/Programming.Water Treatment.LSC1-FCL-SP,AV:3040672
LSCP-NAE167,NAE167/Programming.Water Treatment.LSC1-GLUT-ALARM,BV:3036612
LSCP-NAE167,NAE167/Programming.Water Treatment.LSC1-GLUT-LOCK-DAY,AV:3036847
LSCP-NAE167,NAE167/Programming.Water Treatment.LSC1-GLUT-LOCK-DELAY-OFF,AV:3036851
LSCP-NAE167,NAE167/Programming.Water Treatment.LSC1-GLUT-LOCK-HR,AV:3036849
LSCP-NAE167,NAE167/Programming.Water Treatment.LSC1-GLUT-LOCKOUT,BV:3036845
LSCP-NAE167,NAE167/Programming.Water Treatment.LSC1-ORP-HiLimit,AV:3040674
LSCP-NAE167,NAE167/Programming.Water Treatment.LSC2-CHEM-FEED-ALARM,BV:3035449
LSCP-NAE167,NAE167/Programming.Water Treatment.LSC2-CIRC-HR,AV:3000570
LSCP-NAE167,NAE167/Programming.Water Treatment.LSC2-FCL-SP,AV:3009183
LSCP-NAE167,NAE167/Programming.Water Treatment.LSC2-GLUT-ALARM,BV:3036615
LSCP-NAE167,NAE167/Programming.Water Treatment.LSC2-GLUT-LOCK-DAY,AV:3036855
LSCP-NAE167,NAE167/Programming.Water Treatment.LSC2-GLUT-LOCK-DELAY-OFF,AV:3036859
LSCP-NAE167,NAE167/Programming.Water Treatment.LSC2-GLUT-LOCK-HR,AV:3036857
LSCP-NAE167,NAE167/Programming.Water Treatment.LSC2-GLUT-LOCKOUT,BV:3036853
LSCP-NAE167,NAE167/Programming.Water Treatment.LSC2-ORP-HiLimit,AV:3038440
LSCP-NAE167,NAE167/Programming.Water Treatment.LSC3-CHEM-FEED-ALARM,BV:3035452
LSCP-NAE167,NAE167/Programming.Water Treatment.LSC3-CIRC-HR,AV:3001759
LSCP-NAE167,NAE167/Programming.Water Treatment.LSC3-GLUT-ALARM,BV:3036618
LSCP-NAE167,NAE167/Programming.Water Treatment.LSC3-GLUT-LOCK-DAY,AV:3036862
LSCP-NAE167,NAE167/Programming.Water Treatment.LSC3-GLUT-LOCK-DELAY-OFF,AV:3036866
LSCP-NAE167,NAE167/Programming.Water Treatment.LSC3-GLUT-LOCK-HR,AV:3036864
LSCP-NAE167,NAE167/Programming.Water Treatment.LSC3-GLUT-LOCKOUT,BV:3036860
LSCP-NAE167,NAE167/Programming.Water Treatment.LSC-FCHX-S,BV:3002014
LSCP-NAE167,NAE167/Programming.Water Treatment.NONOX Run Time 0,AV:3003005
LSCP-NAE167,NAE167/Programming.Water Treatment.TW1-FCL-ALARM-ENB,BV:3043089
LSCP-NAE167,NAE167/Programming.Water Treatment.TW1-PH_COND-ALARM-ENB,BV:3043582
LSCP-NAE167,NAE167/Programming.Water Treatment.TW2-FCL-ALARM-ENB,BV:3043091
LSCP-NAE167,NAE167/Programming.Water Treatment.TW2-PH_COND-ALARM-ENB,BV:3043584
LSCP-NAE167,NAE167/Programming.Water Treatment.TW3-FCL-ALARM-ENB,BV:3043093
LSCP-NAE167,NAE167/Programming.Water Treatment.TW3-PH_COND-ALARM-ENB,BV:3043586
LSCP-NAE167,NAE167/Programming.Weather Station.LSC-OADB-T,AV:3025795
LSCP-NAE167,NAE167/Programming.Weather Station.LSC-OADewPT,AV:3025887
LSCP-NAE167,NAE167/Programming.Weather Station.LSC-OAWB-T,AV:3025797
SRC-NAE5,NAE5/Field Bus2.SRC-BLCW.BCW-DP,AI:3028204
SRC-NAE5,NAE5/Field Bus2.SRC-BLCW.BCW-F,AI:3028201
SRC-NAE5,NAE5/Field Bus2.SRC-BLCW.BCWR-T,AI:3028200
SRC-NAE5,NAE5/Field Bus2.SRC-BLCW.BCWS-T,AI:3028199
SRC-NAE5,NAE5/Field Bus2.SRC-BLCW.BP1-C,BO:3028197
SRC-NAE5,NAE5/Field Bus2.SRC-BLCW.BP1-O,AO:3028202
SRC-NAE5,NAE5/Field Bus2.SRC-BLCW.BP1-S,BI:3028198
SRC-NAE5,NAE5/Field Bus2.SRC-BLCW.BP2-C,BO:3028206
SRC-NAE5,NAE5/Field Bus2.SRC-BLCW.BP2-O,AO:3028207
SRC-NAE5,NAE5/Field Bus2.SRC-BLCW.BP2-S,BI:3028205
SRC-NAE5,NAE5/Field Bus2.SRC-BLCW.BPV-O,AO:3028203
SRC-NAE5,NAE5/Field Bus2.SRC-BLCW.CHP1-S,MV:3028216
SRC-NAE5,NAE5/Field Bus2.SRC-BLCW.CHP2-S,MV:3028215
SRC-NAE5,NAE5/Field Bus2.SRC-BLCW.LCW-DP,AI:3028209
SRC-NAE5,NAE5/Field Bus2.SRC-BLCW.LCW-F,AV:3028219
SRC-NAE5,NAE5/Field Bus2.SRC-BLCW.LCWS-T,AI:3028194
SRC-NAE5,NAE5/Field Bus2.SRC-BLCW.LP1-C,BO:3028212
SRC-NAE5,NAE5/Field Bus2.SRC-BLCW.LP1-O,AO:3028208
SRC-NAE5,NAE5/Field Bus2.SRC-BLCW.LP1-S,BI:3028191
SRC-NAE5,NAE5/Field Bus2.SRC-BLCW.LP1VLV-C,BO:3028195
SRC-NAE5,NAE5/Field Bus2.SRC-BLCW.LP2-C,BO:3028213
SRC-NAE5,NAE5/Field Bus2.SRC-BLCW.LP2-O,AO:3028210
SRC-NAE5,NAE5/Field Bus2.SRC-BLCW.LP2-S,BI:3028192
SRC-NAE5,NAE5/Field Bus2.SRC-BLCW.LP2VLV-C,BO:3028196
SRC-NAE5,NAE5/Field Bus2.SRC-BLCW.OA-T,AV:3028217
SRC-NAE5,NAE5/Field Bus2.SRC-BLCW.Parameters.BP TUNING-RESET,BV:3028249
SRC-NAE5,NAE5/Field Bus2.SRC-BLCW.Parameters.BP-LDLG,MV:3028236
SRC-NAE5,NAE5/Field Bus2.SRC-BLCW.Parameters.BP-OUTSTATE,MV:3028250
SRC-NAE5,NAE5/Field Bus2.SRC-BLCW.Parameters.BPFL-DLY,AV:3028242
SRC-NAE5,NAE5/Field Bus2.SRC-BLCW.Parameters.BPLG-DLY,AV:3028243
SRC-NAE5,NAE5/Field Bus2.SRC-BLCW.Parameters.BPLGOFF-SP,AV:3028241
SRC-NAE5,NAE5/Field Bus2.SRC-BLCW.Parameters.BPLGON-SP,AV:3028244
SRC-NAE5,NAE5/Field Bus2.SRC-BLCW.Parameters.BPOFF-DLY,AV:3028240
SRC-NAE5,NAE5/Field Bus2.SRC-BLCW.Parameters.BPOFF-SP,AV:3028239
SRC-NAE5,NAE5/Field Bus2.SRC-BLCW.Parameters.BPON-DLY,AV:3028238
SRC-NAE5,NAE5/Field Bus2.SRC-BLCW.Parameters.BPON-SP,AV:3028237
SRC-NAE5,NAE5/Field Bus2.SRC-BLCW.Parameters.BV TUNING-RESET,BV:3028251
SRC-NAE5,NAE5/Field Bus2.SRC-BLCW.Parameters.BV-OUTSTATE,MV:3028252
SRC-NAE5,NAE5/Field Bus2.SRC-BLCW.Parameters.CLGOA-SP,AV:3028235
SRC-NAE5,NAE5/Field Bus2.SRC-BLCW.Parameters.CLGONVLV-SP,AV:3028245
SRC-NAE5,NAE5/Field Bus2.SRC-BLCW.Parameters.CW-LOAD,AV:3028246
SRC-NAE5,NAE5/Field Bus2.SRC-BLCW.Parameters.CW-PEAK,AV:3028222
SRC-NAE5,NAE5/Field Bus2.SRC-BLCW.Parameters.CW-PEAK-RESET,MV:3028223
SRC-NAE5,NAE5/Field Bus2.SRC-BLCW.Parameters.CW-TOTAL,AV:3028224
SRC-NAE5,NAE5/Field Bus2.SRC-BLCW.Parameters.CWDP-SP0,AV:3028229
SRC-NAE5,NAE5/Field Bus2.SRC-BLCW.Parameters.CWDP-SPactive,AV:3028231
SRC-NAE5,NAE5/Field Bus2.SRC-BLCW.Parameters.CWDP-SPmax,AV:3028226
SRC-NAE5,NAE5/Field Bus2.SRC-BLCW.Parameters.CWDP-SPmin,AV:3028228
SRC-NAE5,NAE5/Field Bus2.SRC-BLCW.Parameters.CWDP-SPres,AV:3028232
SRC-NAE5,NAE5/Field Bus2.SRC-BLCW.Parameters.CWDP-SPstatus,MV:3028225
SRC-NAE5,NAE5/Field Bus2.SRC-BLCW.Parameters.CWDP-SPtrim,AV:3028230
SRC-NAE5,NAE5/Field Bus2.SRC-BLCW.Parameters.CWDP-T,AV:3028227
SRC-NAE5,NAE5/Field Bus2.SRC-BLCW.Parameters.CWDP-Td,AV:3028233
SRC-NAE5,NAE5/Field Bus2.SRC-BLCW.Parameters.Delta-T,AV:3028248
SRC-NAE5,NAE5/Field Bus2.SRC-BLCW.Parameters.HICLG-O,AV:3028247
SRC-NAE5,NAE5/Field Bus2.SRC-BLCW.Parameters.LP TUNING-RESET,BV:3028253
SRC-NAE5,NAE5/Field Bus2.SRC-BLCW.Parameters.LP-OUTSTATE,MV:3028254
SRC-NAE5,NAE5/Field Bus2.SRC-BLCW.Parameters.LPFLW-SP,AV:3028259
SRC-NAE5,NAE5/Field Bus2.SRC-BLCW.Parameters.LPPID-LOL,AV:3028287
SRC-NAE5,NAE5/Field Bus2.SRC-BLCW.Parameters.LPPID-PB,AV:3028286
SRC-NAE5,NAE5/Field Bus2.SRC-BLCW.Parameters.TOT-INIT,AV:3028221
SRC-NAE5,NAE5/Field Bus2.SRC-BLCW.PCW-F,AI:3028211
SRC-NAE5,NAE5/Field Bus2.SRC-BLCW.PCWR-T,AI:3028214
SRC-NAE5,NAE5/Field Bus2.SRC-HWS.HW-DP,AI:3029028
SRC-NAE5,NAE5/Field Bus2.SRC-HWS.HWP1-C,BO:3029026
SRC-NAE5,NAE5/Field Bus2.SRC-HWS.HWP1-O,AO:3029024
SRC-NAE5,NAE5/Field Bus2.SRC-HWS.HWP1-S,BI:3029020
SRC-NAE5,NAE5/Field Bus2.SRC-HWS.HWP2-C,BO:3029027
SRC-NAE5,NAE5/Field Bus2.SRC-HWS.HWP2-O,AO:3029025
SRC-NAE5,NAE5/Field Bus2.SRC-HWS.HWP2-S,BI:3029023
SRC-NAE5,NAE5/Field Bus2.SRC-HWS.HWR-T,AI:3029022
SRC-NAE5,NAE5/Field Bus2.SRC-HWS.HX1-V13,AO:3029031
SRC-NAE5,NAE5/Field Bus2.SRC-HWS.HX1-V23,AO:3029030
SRC-NAE5,NAE5/Field Bus2.SRC-HWS.HX1S-T,AI:3029021
SRC-NAE5,NAE5/Field Bus2.SRC-HWS.HX2-V13,AO:3029032
SRC-NAE5,NAE5/Field Bus2.SRC-HWS.HX2-V23,AO:3029033
SRC-NAE5,NAE5/Field Bus2.SRC-HWS.HX2S-T,AI:3029029
SRC-NAE5,NAE5/Field Bus2.SRC-HWS.OA-T,AV:3029063
SRC-NAE5,NAE5/Field Bus2.SRC-HWS.Parameters.AHUHTG-O,AV:3031065
SRC-NAE5,NAE5/Field Bus2.SRC-HWS.Parameters.HEX TUNING-RESET,BV:3029061
SRC-NAE5,NAE5/Field Bus2.SRC-HWS.Parameters.HEX-OUTSTATE,MV:3029062
SRC-NAE5,NAE5/Field Bus2.SRC-HWS.Parameters.HIHTG-O,AV:3031064
SRC-NAE5,NAE5/Field Bus2.SRC-HWS.Parameters.HTGOA-SP,AV:3029035
SRC-NAE5,NAE5/Field Bus2.SRC-HWS.Parameters.HTGONVLV-SP,AV:3029034
SRC-NAE5,NAE5/Field Bus2.SRC-HWS.Parameters.HW-SP,AV:3029055
SRC-NAE5,NAE5/Field Bus2.SRC-HWS.Parameters.HW-SP1,AV:3029051
SRC-NAE5,NAE5/Field Bus2.SRC-HWS.Parameters.HW-SP2,AV:3029053
SRC-NAE5,NAE5/Field Bus2.SRC-HWS.Parameters.HW-SP3,AV:3029050
SRC-NAE5,NAE5/Field Bus2.SRC-HWS.Parameters.HWDP-SP0,AV:3029040
SRC-NAE5,NAE5/Field Bus2.SRC-HWS.Parameters.HWDP-SPactive,AV:3029042
SRC-NAE5,NAE5/Field Bus2.SRC-HWS.Parameters.HWDP-SPmax,AV:3029037
SRC-NAE5,NAE5/Field Bus2.SRC-HWS.Parameters.HWDP-SPmin,AV:3029039
SRC-NAE5,NAE5/Field Bus2.SRC-HWS.Parameters.HWDP-SPres,AV:3029043
SRC-NAE5,NAE5/Field Bus2.SRC-HWS.Parameters.HWDP-SPstatus,MV:3029036
SRC-NAE5,NAE5/Field Bus2.SRC-HWS.Parameters.HWDP-SPtrim,AV:3029041
SRC-NAE5,NAE5/Field Bus2.SRC-HWS.Parameters.HWDP-T,AV:3029038
SRC-NAE5,NAE5/Field Bus2.SRC-HWS.Parameters.HWDP-Td,AV:3029044
SRC-NAE5,NAE5/Field Bus2.SRC-HWS.Parameters.HWP TUNING-RESET,BV:3029057
SRC-NAE5,NAE5/Field Bus2.SRC-HWS.Parameters.HWP-LDLG,MV:3029056
SRC-NAE5,NAE5/Field Bus2.SRC-HWS.Parameters.HWP-OUTSTATE,MV:3029058
SRC-NAE5,NAE5/Field Bus2.SRC-HWS.Parameters.HWPFL-DLY,AV:3029046
SRC-NAE5,NAE5/Field Bus2.SRC-HWS.Parameters.HWPLG-DLY,AV:3029047
SRC-NAE5,NAE5/Field Bus2.SRC-HWS.Parameters.HWPLGOFF-SP,AV:3029045
SRC-NAE5,NAE5/Field Bus2.SRC-HWS.Parameters.HWPLGON-SP,AV:3029048
SRC-NAE5,NAE5/Field Bus2.SRC-HWS.Parameters.OA-SP1,AV:3029054
SRC-NAE5,NAE5/Field Bus2.SRC-HWS.Parameters.OA-SP2,AV:3029052
SRC-NAE5,NAE5/Field Bus2.SRC-HWS.Parameters.OA-SP3,AV:3029049
SRC-NAE5,NAE5/Field Bus2.SRC-HWS.Parameters.POOLHTG-O,AV:3031066
SRC-NAE5,NAE5/Field Bus2.SRC-OFC.HTG1-C,BO:3027202
SRC-NAE5,NAE5/Field Bus2.SRC-OFC.HTG2-C,BO:3027201
SRC-NAE5,NAE5/Field Bus2.SRC-OFC.OA-T,AV:3027203
SRC-NAE5,NAE5/Field Bus2.SRC-OFC.OCC-S,BI:3027200
SRC-NAE5,NAE5/Field Bus2.SRC-OFC.Parameters.HTG1-SP,AV:3027207
SRC-NAE5,NAE5/Field Bus2.SRC-OFC.Parameters.HTG2-SP,AV:3027206
SRC-NAE5,NAE5/Field Bus2.SRC-OFC.Parameters.HTG OUTSTATE,MV:3027205
SRC-NAE5,NAE5/Field Bus2.SRC-OFC.Parameters.HTGENLO-SP,AV:3031205
SRC-NAE5,NAE5/Field Bus2.SRC-OFC.Parameters.HVLS SL-OUTA,AV:3027212
SRC-NAE5,NAE5/Field Bus2.SRC-OFC.Parameters.HVLS SL-OUTB,AV:3027213
SRC-NAE5,NAE5/Field Bus2.SRC-OFC.Parameters.HVLS SL-OUTSTATE,MV:3027209
SRC-NAE5,NAE5/Field Bus2.SRC-OFC.Parameters.HVLS-EN-SP,AV:3027208
SRC-NAE5,NAE5/Field Bus2.SRC-OFC.Parameters.HVLS-RSTA,AV:3027210
SRC-NAE5,NAE5/Field Bus2.SRC-OFC.Parameters.HVLS-RSTB,AV:3027211
SRC-NAE5,NAE5/Field Bus2.SRC-OFC.Parameters.OCC-SCHEDULE,MV:3027222
SRC-NAE5,NAE5/Field Bus2.SRC-OFC.SF-O,AO:3027199
SRC-NAE5,NAE5/Field Bus2.SRC-PAU1.BLDG-P,AI:3030029
SRC-NAE5,NAE5/Field Bus2.SRC-PAU1.CC-T,AI:3030030
SRC-NAE5,NAE5/Field Bus2.SRC-PAU1.CLG-O,AO:3030020
SRC-NAE5,NAE5/Field Bus2.SRC-PAU1.CW-F,AI:3030325
SRC-NAE5,NAE5/Field Bus2.SRC-PAU1.DA1-P,AI:3030031
SRC-NAE5,NAE5/Field Bus2.SRC-PAU1.DA-DP,AV:3030099
SRC-NAE5,NAE5/Field Bus2.SRC-PAU1.DA-H,AI:3030005
SRC-NAE5,NAE5/Field Bus2.SRC-PAU1.DA-T,AI:3030032
SRC-NAE5,NAE5/Field Bus2.SRC-PAU1.DAPHI-A,BI:3030008
SRC-NAE5,NAE5/Field Bus2.SRC-PAU1.EA-T,AI:3030006
SRC-NAE5,NAE5/Field Bus2.SRC-PAU1.EAD36-O,AO:3030472
SRC-NAE5,NAE5/Field Bus2.SRC-PAU1.EAD37-O,AO:3030473
SRC-NAE5,NAE5/Field Bus2.SRC-PAU1.EF36-C,BO:3030466
SRC-NAE5,NAE5/Field Bus2.SRC-PAU1.EF36-O,AO:3030467
SRC-NAE5,NAE5/Field Bus2.SRC-PAU1.EF36-S,BI:3030468
SRC-NAE5,NAE5/Field Bus2.SRC-PAU1.EF37-C,BO:3030470
SRC-NAE5,NAE5/Field Bus2.SRC-PAU1.EF37-O,AO:3030471
SRC-NAE5,NAE5/Field Bus2.SRC-PAU1.EF37-S,BI:3030469
SRC-NAE5,NAE5/Field Bus2.SRC-PAU1.HR-O,AO:3030010
SRC-NAE5,NAE5/Field Bus2.SRC-PAU1.HR-T,AI:3030017
SRC-NAE5,NAE5/Field Bus2.SRC-PAU1.HRP-C,BO:3030033
SRC-NAE5,NAE5/Field Bus2.SRC-PAU1.HRP-S,BI:3030007
SRC-NAE5,NAE5/Field Bus2.SRC-PAU1.LT-A,BI:3030025
SRC-NAE5,NAE5/Field Bus2.SRC-PAU1.MA-T,AI:3030034
SRC-NAE5,NAE5/Field Bus2.SRC-PAU1.MOAD-O,AO:3030028
SRC-NAE5,NAE5/Field Bus2.SRC-PAU1.OA-DP,AV:3030100
SRC-NAE5,NAE5/Field Bus2.SRC-PAU1.OA-T,AV:3030044
SRC-NAE5,NAE5/Field Bus2.SRC-PAU1.OAD-O,AO:3030035
SRC-NAE5,NAE5/Field Bus2.SRC-PAU1.Parameters.AHU-STATE,MV:3030097
SRC-NAE5,NAE5/Field Bus2.SRC-PAU1.Parameters.BLDGP-SP,AV:3030062
SRC-NAE5,NAE5/Field Bus2.SRC-PAU1.Parameters.CLG-OUTSTATE,MV:3030081
SRC-NAE5,NAE5/Field Bus2.SRC-PAU1.Parameters.CLGOATLOCKOUT-SP,AV:3030078
SRC-NAE5,NAE5/Field Bus2.SRC-PAU1.Parameters.CLGOCC-SP,AV:3030088
SRC-NAE5,NAE5/Field Bus2.SRC-PAU1.Parameters.DADP-SP0,AV:3030055
SRC-NAE5,NAE5/Field Bus2.SRC-PAU1.Parameters.DADP-SPactive,AV:3030057
SRC-NAE5,NAE5/Field Bus2.SRC-PAU1.Parameters.DADP-SPmax,AV:3030052
SRC-NAE5,NAE5/Field Bus2.SRC-PAU1.Parameters.DADP-SPmin,AV:3030054
SRC-NAE5,NAE5/Field Bus2.SRC-PAU1.Parameters.DADP-SPres,AV:3030058
SRC-NAE5,NAE5/Field Bus2.SRC-PAU1.Parameters.DADP-SPstatus,MV:3030051
SRC-NAE5,NAE5/Field Bus2.SRC-PAU1.Parameters.DADP-SPtrim,AV:3030056
SRC-NAE5,NAE5/Field Bus2.SRC-PAU1.Parameters.DADP-T,AV:3030053
SRC-NAE5,NAE5/Field Bus2.SRC-PAU1.Parameters.DADP-Td,AV:3030059
SRC-NAE5,NAE5/Field Bus2.SRC-PAU1.Parameters.DAP-SP,AV:3030070
SRC-NAE5,NAE5/Field Bus2.SRC-PAU1.Parameters.DAT-SP,AV:3030067
SRC-NAE5,NAE5/Field Bus2.SRC-PAU1.Parameters.DATCLGMIN-SP,AV:3030065
SRC-NAE5,NAE5/Field Bus2.SRC-PAU1.Parameters.DATHTGMAX-SP,AV:3030063
SRC-NAE5,NAE5/Field Bus2.SRC-PAU1.Parameters.DATSATISFIED-SP,AV:3030064
SRC-NAE5,NAE5/Field Bus2.SRC-PAU1.Parameters.DATSP-STATE,MV:3030066
SRC-NAE5,NAE5/Field Bus2.SRC-PAU1.Parameters.ECONSWO-DF,AV:3030071
SRC-NAE5,NAE5/Field Bus2.SRC-PAU1.Parameters.EF-LDLG,MV:3030060
SRC-NAE5,NAE5/Field Bus2.SRC-PAU1.Parameters.EFFCLG-SP,AV:3030090
SRC-NAE5,NAE5/Field Bus2.SRC-PAU1.Parameters.EFFDAT-SP,AV:3030069
SRC-NAE5,NAE5/Field Bus2.SRC-PAU1.Parameters.EFFHTG-SP,AV:3030091
SRC-NAE5,NAE5/Field Bus2.SRC-PAU1.Parameters.HR-OUTSTATE,MV:3030072
SRC-NAE5,NAE5/Field Bus2.SRC-PAU1.Parameters.HRLL-SP,AV:3030073
SRC-NAE5,NAE5/Field Bus2.SRC-PAU1.Parameters.HRLL-STATE,MV:3030095
SRC-NAE5,NAE5/Field Bus2.SRC-PAU1.Parameters.HRP-IA,MV:3030074
SRC-NAE5,NAE5/Field Bus2.SRC-PAU1.Parameters.HRT-SP,AV:3030094
SRC-NAE5,NAE5/Field Bus2.SRC-PAU1.Parameters.HTGOCC-SP,AV:3030089
SRC-NAE5,NAE5/Field Bus2.SRC-PAU1.Parameters.LT-PB,AV:3030075
SRC-NAE5,NAE5/Field Bus2.SRC-PAU1.Parameters.LT-SP,AV:3030076
SRC-NAE5,NAE5/Field Bus2.SRC-PAU1.Parameters.MAD-OUTSTATE,MV:3030080
SRC-NAE5,NAE5/Field Bus2.SRC-PAU1.Parameters.OAD-MINPOS,AV:3030079
SRC-NAE5,NAE5/Field Bus2.SRC-PAU1.Parameters.OALT-SP,AV:3030077
SRC-NAE5,NAE5/Field Bus2.SRC-PAU1.Parameters.PHT-OUTSTATE,MV:3030049
SRC-NAE5,NAE5/Field Bus2.SRC-PAU1.Parameters.PHT-SP,AV:3030048
SRC-NAE5,NAE5/Field Bus2.SRC-PAU1.Parameters.POOL-SP,AV:3030050
SRC-NAE5,NAE5/Field Bus2.SRC-PAU1.Parameters.RAD-MINPOS,AV:3030047
SRC-NAE5,NAE5/Field Bus2.SRC-PAU1.Parameters.RADP-SP,AV:3030068
SRC-NAE5,NAE5/Field Bus2.SRC-PAU1.Parameters.RAT-SP,AV:3030084
SRC-NAE5,NAE5/Field Bus2.SRC-PAU1.Parameters.RH-OUTSTATE,MV:3030082
SRC-NAE5,NAE5/Field Bus2.SRC-PAU1.Parameters.RLF-OUTSTATE,MV:3030083
SRC-NAE5,NAE5/Field Bus2.SRC-PAU1.Parameters.SF-OUTSTATE,MV:3030085
SRC-NAE5,NAE5/Field Bus2.SRC-PAU1.Parameters.STARTSTOP-STATE,MV:3030092
SRC-NAE5,NAE5/Field Bus2.SRC-PAU1.Parameters.SYS-RESET,MV:3030086
SRC-NAE5,NAE5/Field Bus2.SRC-PAU1.Parameters.TUNING-RESET,BV:3030061
SRC-NAE5,NAE5/Field Bus2.SRC-PAU1.Parameters.UNITEN-MODE,MV:3030087
SRC-NAE5,NAE5/Field Bus2.SRC-PAU1.Parameters.UNITEN-STATE,MV:3030093
SRC-NAE5,NAE5/Field Bus2.SRC-PAU1.Parameters.ZNT-STATE,MV:3030096
SRC-NAE5,NAE5/Field Bus2.SRC-PAU1.PH-O,AO:3030024
SRC-NAE5,NAE5/Field Bus2.SRC-PAU1.PH-T,AI:3030323
SRC-NAE5,NAE5/Field Bus2.SRC-PAU1.PHP-C,BO:3030040
SRC-NAE5,NAE5/Field Bus2.SRC-PAU1.PHP-S,BI:3030022
SRC-NAE5,NAE5/Field Bus2.SRC-PAU1.PURGE-S,BI:3030458
SRC-NAE5,NAE5/Field Bus2.SRC-PAU1.RA-DP,AV:3030098
SRC-NAE5,NAE5/Field Bus2.SRC-PAU1.RA-H,AI:3030009
SRC-NAE5,NAE5/Field Bus2.SRC-PAU1.RA-T,AI:3030037
SRC-NAE5,NAE5/Field Bus2.SRC-PAU1.RAD1-O,AO:3030041
SRC-NAE5,NAE5/Field Bus2.SRC-PAU1.RAD2-O,AO:3030026
SRC-NAE5,NAE5/Field Bus2.SRC-PAU1.RH-O,AO:3030021
SRC-NAE5,NAE5/Field Bus2.SRC-PAU1.RHC-T,AI:3030036
SRC-NAE5,NAE5/Field Bus2.SRC-PAU1.SF1-S,BI:3030460
SRC-NAE5,NAE5/Field Bus2.SRC-PAU1.SF2-S,BI:3030459
SRC-NAE5,NAE5/Field Bus2.SRC-PAU1.SF-C,BO:3030038
SRC-NAE5,NAE5/Field Bus2.SRC-PAU1.SF-O,AO:3030019
SRC-NAE5,NAE5/Field Bus2.SRC-PAU1.UNITEN-S,BI:3030027
SRC-NAE5,NAE5/Field Bus2.SRC-PAU2.AVGRA-H,AV:3031108
SRC-NAE5,NAE5/Field Bus2.SRC-PAU2.AVGRA-T,AV:3031107
SRC-NAE5,NAE5/Field Bus2.SRC-PAU2.BLDG-P,AV:3030488
SRC-NAE5,NAE5/Field Bus2.SRC-PAU2.CC-T,AI:3030127
SRC-NAE5,NAE5/Field Bus2.SRC-PAU2.CLG-O,AO:3030117
SRC-NAE5,NAE5/Field Bus2.SRC-PAU2.CW-F,AI:3030327
SRC-NAE5,NAE5/Field Bus2.SRC-PAU2.DA1-P,AI:3030128
SRC-NAE5,NAE5/Field Bus2.SRC-PAU2.DA-DP,AV:3030142
SRC-NAE5,NAE5/Field Bus2.SRC-PAU2.DA-H,AI:3030102
SRC-NAE5,NAE5/Field Bus2.SRC-PAU2.DA-T,AI:3030129
SRC-NAE5,NAE5/Field Bus2.SRC-PAU2.DAPHI-A,BI:3030105
SRC-NAE5,NAE5/Field Bus2.SRC-PAU2.EA-T,AI:3030103
SRC-NAE5,NAE5/Field Bus2.SRC-PAU2.EAD1-O,AO:3030139
SRC-NAE5,NAE5/Field Bus2.SRC-PAU2.EAD2-O,AO:3030140
SRC-NAE5,NAE5/Field Bus2.SRC-PAU2.EF1-C,BO:3030108
SRC-NAE5,NAE5/Field Bus2.SRC-PAU2.EF1-O,AO:3030109
SRC-NAE5,NAE5/Field Bus2.SRC-PAU2.EF1-S,BI:3030110
SRC-NAE5,NAE5/Field Bus2.SRC-PAU2.EF2-C,BO:3030112
SRC-NAE5,NAE5/Field Bus2.SRC-PAU2.EF2-O,AO:3030113
SRC-NAE5,NAE5/Field Bus2.SRC-PAU2.EF2-S,BI:3030111
SRC-NAE5,NAE5/Field Bus2.SRC-PAU2.EVENT-S,BI:3030486
SRC-NAE5,NAE5/Field Bus2.SRC-PAU2.HR-O,AO:3030107
SRC-NAE5,NAE5/Field Bus2.SRC-PAU2.HR-T,AI:3030114
SRC-NAE5,NAE5/Field Bus2.SRC-PAU2.HRP-C,BO:3030130
SRC-NAE5,NAE5/Field Bus2.SRC-PAU2.HRP-S,BI:3030104
SRC-NAE5,NAE5/Field Bus2.SRC-PAU2.LT-A,BI:3030122
SRC-NAE5,NAE5/Field Bus2.SRC-PAU2.MA-T,AI:3030131
SRC-NAE5,NAE5/Field Bus2.SRC-PAU2.MOAD-O,AO:3030125
SRC-NAE5,NAE5/Field Bus2.SRC-PAU2.OA-DP,AV:3030143
SRC-NAE5,NAE5/Field Bus2.SRC-PAU2.OA-T,AV:3030144
SRC-NAE5,NAE5/Field Bus2.SRC-PAU2.OAD-O,AO:3030132
SRC-NAE5,NAE5/Field Bus2.SRC-PAU2.Parameters.AHU-STATE,MV:3030195
SRC-NAE5,NAE5/Field Bus2.SRC-PAU2.Parameters.CLG-OUTSTATE,MV:3030182
SRC-NAE5,NAE5/Field Bus2.SRC-PAU2.Parameters.CLGOATLOCKOUT-SP,AV:3030179
SRC-NAE5,NAE5/Field Bus2.SRC-PAU2.Parameters.CLGOCC-SP,AV:3030188
SRC-NAE5,NAE5/Field Bus2.SRC-PAU2.Parameters.DADP-SP0,AV:3030157
SRC-NAE5,NAE5/Field Bus2.SRC-PAU2.Parameters.DADP-SPactive,AV:3030159
SRC-NAE5,NAE5/Field Bus2.SRC-PAU2.Parameters.DADP-SPmax,AV:3030154
SRC-NAE5,NAE5/Field Bus2.SRC-PAU2.Parameters.DADP-SPmin,AV:3030156
SRC-NAE5,NAE5/Field Bus2.SRC-PAU2.Parameters.DADP-SPres,AV:3030160
SRC-NAE5,NAE5/Field Bus2.SRC-PAU2.Parameters.DADP-SPstatus,MV:3030153
SRC-NAE5,NAE5/Field Bus2.SRC-PAU2.Parameters.DADP-SPtrim,AV:3030158
SRC-NAE5,NAE5/Field Bus2.SRC-PAU2.Parameters.DADP-T,AV:3030155
SRC-NAE5,NAE5/Field Bus2.SRC-PAU2.Parameters.DADP-Td,AV:3030161
SRC-NAE5,NAE5/Field Bus2.SRC-PAU2.Parameters.DAP-SP,AV:3030171
SRC-NAE5,NAE5/Field Bus2.SRC-PAU2.Parameters.DAT-SP,AV:3030168
SRC-NAE5,NAE5/Field Bus2.SRC-PAU2.Parameters.DATCLGMIN-SP,AV:3030166
SRC-NAE5,NAE5/Field Bus2.SRC-PAU2.Parameters.DATHTGMAX-SP,AV:3030164
SRC-NAE5,NAE5/Field Bus2.SRC-PAU2.Parameters.DATSATISFIED-SP,AV:3030165
SRC-NAE5,NAE5/Field Bus2.SRC-PAU2.Parameters.DATSP-STATE,MV:3030167
SRC-NAE5,NAE5/Field Bus2.SRC-PAU2.Parameters.ECONSWO-DF,AV:3030172
SRC-NAE5,NAE5/Field Bus2.SRC-PAU2.Parameters.EF1-IA,MV:3030146
SRC-NAE5,NAE5/Field Bus2.SRC-PAU2.Parameters.EF2-IA,MV:3030145
SRC-NAE5,NAE5/Field Bus2.SRC-PAU2.Parameters.EF-LDLG,MV:3030162
SRC-NAE5,NAE5/Field Bus2.SRC-PAU2.Parameters.EFFCLG-SP,AV:3030190
SRC-NAE5,NAE5/Field Bus2.SRC-PAU2.Parameters.EFFDAT-SP,AV:3030170
SRC-NAE5,NAE5/Field Bus2.SRC-PAU2.Parameters.EFFHTG-SP,AV:3030191
SRC-NAE5,NAE5/Field Bus2.SRC-PAU2.Parameters.EFPIDL-OUT,AV:3030147
SRC-NAE5,NAE5/Field Bus2.SRC-PAU2.Parameters.Event Econ OA Dmpr Pos,AV:3031089
SRC-NAE5,NAE5/Field Bus2.SRC-PAU2.Parameters.Event Min OA Dmpr Pos,AV:3031090
SRC-NAE5,NAE5/Field Bus2.SRC-PAU2.Parameters.HR-OUTSTATE,MV:3030173
SRC-NAE5,NAE5/Field Bus2.SRC-PAU2.Parameters.HRLL-SP,AV:3030174
SRC-NAE5,NAE5/Field Bus2.SRC-PAU2.Parameters.HRP-IA,MV:3030175
SRC-NAE5,NAE5/Field Bus2.SRC-PAU2.Parameters.HRT-SP,AV:3030193
SRC-NAE5,NAE5/Field Bus2.SRC-PAU2.Parameters.HTGOCC-SP,AV:3030189
SRC-NAE5,NAE5/Field Bus2.SRC-PAU2.Parameters.LT-PB,AV:3030176
SRC-NAE5,NAE5/Field Bus2.SRC-PAU2.Parameters.LT-SP,AV:3030177
SRC-NAE5,NAE5/Field Bus2.SRC-PAU2.Parameters.MAD-OUTSTATE,MV:3031095
SRC-NAE5,NAE5/Field Bus2.SRC-PAU2.Parameters.OAD-MINPOS,AV:3030180
SRC-NAE5,NAE5/Field Bus2.SRC-PAU2.Parameters.OALT-SP,AV:3030178
SRC-NAE5,NAE5/Field Bus2.SRC-PAU2.Parameters.PHT-OUTSTATE,MV:3030151
SRC-NAE5,NAE5/Field Bus2.SRC-PAU2.Parameters.PHT-SP,AV:3030150
SRC-NAE5,NAE5/Field Bus2.SRC-PAU2.Parameters.POOL-SP,AV:3030152
SRC-NAE5,NAE5/Field Bus2.SRC-PAU2.Parameters.RAD1-MAXPOS,AV:3031100
SRC-NAE5,NAE5/Field Bus2.SRC-PAU2.Parameters.RAD-MINPOS,AV:3030149
SRC-NAE5,NAE5/Field Bus2.SRC-PAU2.Parameters.RADP-SP,AV:3030169
SRC-NAE5,NAE5/Field Bus2.SRC-PAU2.Parameters.RAT-SP,AV:3030184
SRC-NAE5,NAE5/Field Bus2.SRC-PAU2.Parameters.RH-OUTSTATE,MV:3030183
SRC-NAE5,NAE5/Field Bus2.SRC-PAU2.Parameters.SF-OUTSTATE,MV:3030185
SRC-NAE5,NAE5/Field Bus2.SRC-PAU2.Parameters.STARTSTOP-STATE,MV:3030192
SRC-NAE5,NAE5/Field Bus2.SRC-PAU2.Parameters.SYS-RESET,MV:3030186
SRC-NAE5,NAE5/Field Bus2.SRC-PAU2.Parameters.TUNING-RESET,BV:3030163
SRC-NAE5,NAE5/Field Bus2.SRC-PAU2.Parameters.UNITEN-MODE,MV:3030187
SRC-NAE5,NAE5/Field Bus2.SRC-PAU2.Parameters.ZNSQ-OUT,MV:3031109
SRC-NAE5,NAE5/Field Bus2.SRC-PAU2.Parameters.ZNT-STATE,MV:3030194
SRC-NAE5,NAE5/Field Bus2.SRC-PAU2.PH-O,AO:3030121
SRC-NAE5,NAE5/Field Bus2.SRC-PAU2.PH-T,AI:3030120
SRC-NAE5,NAE5/Field Bus2.SRC-PAU2.PHP-C,BO:3030137
SRC-NAE5,NAE5/Field Bus2.SRC-PAU2.PHP-S,BI:3030119
SRC-NAE5,NAE5/Field Bus2.SRC-PAU2.PURGE-S,BI:3030485
SRC-NAE5,NAE5/Field Bus2.SRC-PAU2.RA-DP,AV:3030141
SRC-NAE5,NAE5/Field Bus2.SRC-PAU2.RA-H,AI:3030106
SRC-NAE5,NAE5/Field Bus2.SRC-PAU2.RA-T,AI:3030134
SRC-NAE5,NAE5/Field Bus2.SRC-PAU2.RAD1-O,AO:3030138
SRC-NAE5,NAE5/Field Bus2.SRC-PAU2.RAD2-O,AO:3030123
SRC-NAE5,NAE5/Field Bus2.SRC-PAU2.RH-O,AO:3030118
SRC-NAE5,NAE5/Field Bus2.SRC-PAU2.RHC-T,AI:3030133
SRC-NAE5,NAE5/Field Bus2.SRC-PAU2.SF2-S,BI:3030487
SRC-NAE5,NAE5/Field Bus2.SRC-PAU2.SF-C,BO:3030135
SRC-NAE5,NAE5/Field Bus2.SRC-PAU2.SF-O,AO:3030116
SRC-NAE5,NAE5/Field Bus2.SRC-PAU2.SF-S,BI:3030136
SRC-NAE5,NAE5/Field Bus2.SRC-PAU2.UNITEN-S,BI:3030124
SRC-NAE5,NAE5/Field Bus2.SRC-PAU2.ZN-T,AI:3030115
SRC-NAE5,NAE5/Field Bus2.SRC-PAU3.AVGRA-H,AV:3031111
SRC-NAE5,NAE5/Field Bus2.SRC-PAU3.AVGRA-T,AV:3031110
SRC-NAE5,NAE5/Field Bus2.SRC-PAU3.CC-T,AI:3030929
SRC-NAE5,NAE5/Field Bus2.SRC-PAU3.CLG-O,AO:3030919
SRC-NAE5,NAE5/Field Bus2.SRC-PAU3.CW-F,AI:3030924
SRC-NAE5,NAE5/Field Bus2.SRC-PAU3.DA1-P,AI:3030930
SRC-NAE5,NAE5/Field Bus2.SRC-PAU3.DA-DP,AV:3030957
SRC-NAE5,NAE5/Field Bus2.SRC-PAU3.DA-H,AI:3030915
SRC-NAE5,NAE5/Field Bus2.SRC-PAU3.DA-T,AI:3030931
SRC-NAE5,NAE5/Field Bus2.SRC-PAU3.DAPHI-A,BI:3030916
SRC-NAE5,NAE5/Field Bus2.SRC-PAU3.EVENT-S,BI:3030922
SRC-NAE5,NAE5/Field Bus2.SRC-PAU3.LT-A,BI:3030942
SRC-NAE5,NAE5/Field Bus2.SRC-PAU3.MA-T,AI:3030932
SRC-NAE5,NAE5/Field Bus2.SRC-PAU3.MOAD-O,AO:3030928
SRC-NAE5,NAE5/Field Bus2.SRC-PAU3.OA-DP,AV:3030958
SRC-NAE5,NAE5/Field Bus2.SRC-PAU3.OA-T,AV:3030975
SRC-NAE5,NAE5/Field Bus2.SRC-PAU3.OAD-O,AO:3030933
SRC-NAE5,NAE5/Field Bus2.SRC-PAU3.Parameters.AHU-STATE,MV:3031030
SRC-NAE5,NAE5/Field Bus2.SRC-PAU3.Parameters.CLG-OUTSTATE,MV:3031019
SRC-NAE5,NAE5/Field Bus2.SRC-PAU3.Parameters.CLGOATLOCKOUT-SP,AV:3031016
SRC-NAE5,NAE5/Field Bus2.SRC-PAU3.Parameters.CLGOCC-SP,AV:3031024
SRC-NAE5,NAE5/Field Bus2.SRC-PAU3.Parameters.DADP-SP0,AV:3030997
SRC-NAE5,NAE5/Field Bus2.SRC-PAU3.Parameters.DADP-SPactive,AV:3030999
SRC-NAE5,NAE5/Field Bus2.SRC-PAU3.Parameters.DADP-SPmax,AV:3030994
SRC-NAE5,NAE5/Field Bus2.SRC-PAU3.Parameters.DADP-SPmin,AV:3030996
SRC-NAE5,NAE5/Field Bus2.SRC-PAU3.Parameters.DADP-SPres,AV:3031000
SRC-NAE5,NAE5/Field Bus2.SRC-PAU3.Parameters.DADP-SPstatus,MV:3030993
SRC-NAE5,NAE5/Field Bus2.SRC-PAU3.Parameters.DADP-SPtrim,AV:3030998
SRC-NAE5,NAE5/Field Bus2.SRC-PAU3.Parameters.DADP-T,AV:3030995
SRC-NAE5,NAE5/Field Bus2.SRC-PAU3.Parameters.DADP-Td,AV:3031001
SRC-NAE5,NAE5/Field Bus2.SRC-PAU3.Parameters.DAP-SP,AV:3031011
SRC-NAE5,NAE5/Field Bus2.SRC-PAU3.Parameters.DAT-SP,AV:3031006
SRC-NAE5,NAE5/Field Bus2.SRC-PAU3.Parameters.DATCLGMIN-SP,AV:3031005
SRC-NAE5,NAE5/Field Bus2.SRC-PAU3.Parameters.DATHTGMAX-SP,AV:3031003
SRC-NAE5,NAE5/Field Bus2.SRC-PAU3.Parameters.DATSATISFIED-SP,AV:3031004
SRC-NAE5,NAE5/Field Bus2.SRC-PAU3.Parameters.DATSP-STATE,MV:3031094
SRC-NAE5,NAE5/Field Bus2.SRC-PAU3.Parameters.ECONSWO-DF,AV:3031012
SRC-NAE5,NAE5/Field Bus2.SRC-PAU3.Parameters.EFFCLG-SP,AV:3031026
SRC-NAE5,NAE5/Field Bus2.SRC-PAU3.Parameters.EFFHTG-SP,AV:3031027
SRC-NAE5,NAE5/Field Bus2.SRC-PAU3.Parameters.Event Econ OA Dmpr Pos,AV:3031099
SRC-NAE5,NAE5/Field Bus2.SRC-PAU3.Parameters.EVENTDAT-SP,AV:3031073
SRC-NAE5,NAE5/Field Bus2.SRC-PAU3.Parameters.EVENTMOA-POS,AV:3031007
SRC-NAE5,NAE5/Field Bus2.SRC-PAU3.Parameters.HTGOCC-SP,AV:3031025
SRC-NAE5,NAE5/Field Bus2.SRC-PAU3.Parameters.LT-PB,AV:3031013
SRC-NAE5,NAE5/Field Bus2.SRC-PAU3.Parameters.LT-SP,AV:3031014
SRC-NAE5,NAE5/Field Bus2.SRC-PAU3.Parameters.MAD-OUTSTATE,MV:3031096
SRC-NAE5,NAE5/Field Bus2.SRC-PAU3.Parameters.OAD-MINPOS,AV:3031017
SRC-NAE5,NAE5/Field Bus2.SRC-PAU3.Parameters.OALT-SP,AV:3031015
SRC-NAE5,NAE5/Field Bus2.SRC-PAU3.Parameters.PHT-OUTSTATE,MV:3030991
SRC-NAE5,NAE5/Field Bus2.SRC-PAU3.Parameters.PHT-SP,AV:3030990
SRC-NAE5,NAE5/Field Bus2.SRC-PAU3.Parameters.POOL-SP,AV:3030992
SRC-NAE5,NAE5/Field Bus2.SRC-PAU3.Parameters.RAD1-MAXPOS,AV:3031098
SRC-NAE5,NAE5/Field Bus2.SRC-PAU3.Parameters.RAD-MINPOS,AV:3030989
SRC-NAE5,NAE5/Field Bus2.SRC-PAU3.Parameters.RADP-SP,AV:3031008
SRC-NAE5,NAE5/Field Bus2.SRC-PAU3.Parameters.RAT-SP,AV:3031021
SRC-NAE5,NAE5/Field Bus2.SRC-PAU3.Parameters.RH-OUTSTATE,MV:3031020
SRC-NAE5,NAE5/Field Bus2.SRC-PAU3.Parameters.SF-OUTSTATE,MV:3031022
SRC-NAE5,NAE5/Field Bus2.SRC-PAU3.Parameters.STARTSTOP-STATE,MV:3031028
SRC-NAE5,NAE5/Field Bus2.SRC-PAU3.Parameters.TUNING-RESET,BV:3031002
SRC-NAE5,NAE5/Field Bus2.SRC-PAU3.Parameters.UNITEN-MODE,MV:3031023
SRC-NAE5,NAE5/Field Bus2.SRC-PAU3.Parameters.ZNSQ-OUT,MV:3031112
SRC-NAE5,NAE5/Field Bus2.SRC-PAU3.Parameters.ZNT-STATE,MV:3031029
SRC-NAE5,NAE5/Field Bus2.SRC-PAU3.PH-O,AO:3030941
SRC-NAE5,NAE5/Field Bus2.SRC-PAU3.PH-T,AI:3030940
SRC-NAE5,NAE5/Field Bus2.SRC-PAU3.PHP-C,BO:3030938
SRC-NAE5,NAE5/Field Bus2.SRC-PAU3.PHP-S,BI:3030921
SRC-NAE5,NAE5/Field Bus2.SRC-PAU3.PURGE-S,BI:3030923
SRC-NAE5,NAE5/Field Bus2.SRC-PAU3.RA-DP,AV:3030956
SRC-NAE5,NAE5/Field Bus2.SRC-PAU3.RA-H,AI:3030917
SRC-NAE5,NAE5/Field Bus2.SRC-PAU3.RA-T,AI:3030935
SRC-NAE5,NAE5/Field Bus2.SRC-PAU3.RAD1-O,AO:3030939
SRC-NAE5,NAE5/Field Bus2.SRC-PAU3.RAD2-O,AO:3030926
SRC-NAE5,NAE5/Field Bus2.SRC-PAU3.RH-O,AO:3030920
SRC-NAE5,NAE5/Field Bus2.SRC-PAU3.RHC-T,AI:3030934
SRC-NAE5,NAE5/Field Bus2.SRC-PAU3.SF1-S,BI:3030937
SRC-NAE5,NAE5/Field Bus2.SRC-PAU3.SF2-S,BI:3030925
SRC-NAE5,NAE5/Field Bus2.SRC-PAU3.SF-C,BO:3030936
SRC-NAE5,NAE5/Field Bus2.SRC-PAU3.SF-O,AO:3030927
SRC-NAE5,NAE5/Field Bus2.SRC-PAU3.UNITEN-S,BI:3030918
SRC-NAE5,NAE5/Field Bus2.SRC-PAU4.AVGRA-H,AV:3031104
SRC-NAE5,NAE5/Field Bus2.SRC-PAU4.AVGRA-T,AV:3031103
SRC-NAE5,NAE5/Field Bus2.SRC-PAU4.BLDG-P,AI:3028902
SRC-NAE5,NAE5/Field Bus2.SRC-PAU4.CC-T,AI:3028903
SRC-NAE5,NAE5/Field Bus2.SRC-PAU4.CLG-O,AO:3028904
SRC-NAE5,NAE5/Field Bus2.SRC-PAU4.CLGFBD-O,AO:3028900
SRC-NAE5,NAE5/Field Bus2.SRC-PAU4.CW-F,AI:3031074
SRC-NAE5,NAE5/Field Bus2.SRC-PAU4.DA1-P,AI:3028905
SRC-NAE5,NAE5/Field Bus2.SRC-PAU4.DA-DP,AV:3028917
SRC-NAE5,NAE5/Field Bus2.SRC-PAU4.DA-H,AI:3028880
SRC-NAE5,NAE5/Field Bus2.SRC-PAU4.DA-T,AI:3028906
SRC-NAE5,NAE5/Field Bus2.SRC-PAU4.DAPHI-A,BI:3028883
SRC-NAE5,NAE5/Field Bus2.SRC-PAU4.EA-T,AI:3028881
SRC-NAE5,NAE5/Field Bus2.SRC-PAU4.EF32-C,BO:3028886
SRC-NAE5,NAE5/Field Bus2.SRC-PAU4.EF32-O,AO:3028887
SRC-NAE5,NAE5/Field Bus2.SRC-PAU4.EF32-S,BI:3028888
SRC-NAE5,NAE5/Field Bus2.SRC-PAU4.EF32D-O,AO:3028893
SRC-NAE5,NAE5/Field Bus2.SRC-PAU4.EF34-C,BO:3028891
SRC-NAE5,NAE5/Field Bus2.SRC-PAU4.EF34-O,AO:3028892
SRC-NAE5,NAE5/Field Bus2.SRC-PAU4.EF34-S,BI:3028890
SRC-NAE5,NAE5/Field Bus2.SRC-PAU4.EF34D-O,AO:3028894
SRC-NAE5,NAE5/Field Bus2.SRC-PAU4.EVENT-S,BI:3031082
SRC-NAE5,NAE5/Field Bus2.SRC-PAU4.HR-O,AO:3028885
SRC-NAE5,NAE5/Field Bus2.SRC-PAU4.HR-T,AI:3028895
SRC-NAE5,NAE5/Field Bus2.SRC-PAU4.HRP-C,BO:3028907
SRC-NAE5,NAE5/Field Bus2.SRC-PAU4.HRP-S,BI:3028882
SRC-NAE5,NAE5/Field Bus2.SRC-PAU4.MA-T,AI:3028908
SRC-NAE5,NAE5/Field Bus2.SRC-PAU4.MOAD-O,AO:3028901
SRC-NAE5,NAE5/Field Bus2.SRC-PAU4.OA-DP,AV:3028918
SRC-NAE5,NAE5/Field Bus2.SRC-PAU4.OA-T,AV:3028919
SRC-NAE5,NAE5/Field Bus2.SRC-PAU4.OAD-O,AO:3028909
SRC-NAE5,NAE5/Field Bus2.SRC-PAU4.Parameters.AHU-STATE,MV:3028967
SRC-NAE5,NAE5/Field Bus2.SRC-PAU4.Parameters.BLDGP-SP,AV:3028935
SRC-NAE5,NAE5/Field Bus2.SRC-PAU4.Parameters.CLG-OUTSTATE,MV:3028953
SRC-NAE5,NAE5/Field Bus2.SRC-PAU4.Parameters.CLGOATLOCKOUT-SP,AV:3028950
SRC-NAE5,NAE5/Field Bus2.SRC-PAU4.Parameters.CLGOCC-SP,AV:3028960
SRC-NAE5,NAE5/Field Bus2.SRC-PAU4.Parameters.DADP-SP0,AV:3028925
SRC-NAE5,NAE5/Field Bus2.SRC-PAU4.Parameters.DADP-SPactive,AV:3028927
SRC-NAE5,NAE5/Field Bus2.SRC-PAU4.Parameters.DADP-SPmax,AV:3028922
SRC-NAE5,NAE5/Field Bus2.SRC-PAU4.Parameters.DADP-SPmin,AV:3028924
SRC-NAE5,NAE5/Field Bus2.SRC-PAU4.Parameters.DADP-SPres,AV:3028928
SRC-NAE5,NAE5/Field Bus2.SRC-PAU4.Parameters.DADP-SPstatus,MV:3028921
SRC-NAE5,NAE5/Field Bus2.SRC-PAU4.Parameters.DADP-SPtrim,AV:3028926
SRC-NAE5,NAE5/Field Bus2.SRC-PAU4.Parameters.DADP-T,AV:3028923
SRC-NAE5,NAE5/Field Bus2.SRC-PAU4.Parameters.DADP-Td,AV:3028929
SRC-NAE5,NAE5/Field Bus2.SRC-PAU4.Parameters.DAP-SP,AV:3028942
SRC-NAE5,NAE5/Field Bus2.SRC-PAU4.Parameters.DAT-SP,AV:3028940
SRC-NAE5,NAE5/Field Bus2.SRC-PAU4.Parameters.DATCLGMIN-SP,AV:3028938
SRC-NAE5,NAE5/Field Bus2.SRC-PAU4.Parameters.DATHTGMAX-SP,AV:3028936
SRC-NAE5,NAE5/Field Bus2.SRC-PAU4.Parameters.DATSATISFIED-SP,AV:3028937
SRC-NAE5,NAE5/Field Bus2.SRC-PAU4.Parameters.DATSP-STATE,MV:3028939
SRC-NAE5,NAE5/Field Bus2.SRC-PAU4.Parameters.ECONSWO-DF,AV:3028943
SRC-NAE5,NAE5/Field Bus2.SRC-PAU4.Parameters.EF32-IA,MV:3029268
SRC-NAE5,NAE5/Field Bus2.SRC-PAU4.Parameters.EF34-IA,MV:3029267
SRC-NAE5,NAE5/Field Bus2.SRC-PAU4.Parameters.EF-LDLG,MV:3028933
SRC-NAE5,NAE5/Field Bus2.SRC-PAU4.Parameters.EFFCLG-SP,AV:3028962
SRC-NAE5,NAE5/Field Bus2.SRC-PAU4.Parameters.EFFHTG-SP,AV:3028963
SRC-NAE5,NAE5/Field Bus2.SRC-PAU4.Parameters.EFPIDL-OUT,AV:3029266
SRC-NAE5,NAE5/Field Bus2.SRC-PAU4.Parameters.Event Min OA Dmpr Pos,AV:3031087
SRC-NAE5,NAE5/Field Bus2.SRC-PAU4.Parameters.Event OA Dmpr Pos,AV:3031106
SRC-NAE5,NAE5/Field Bus2.SRC-PAU4.Parameters.HR-OUTSTATE,MV:3028944
SRC-NAE5,NAE5/Field Bus2.SRC-PAU4.Parameters.HRLL-SP,AV:3028945
SRC-NAE5,NAE5/Field Bus2.SRC-PAU4.Parameters.HRP-IA,MV:3028946
SRC-NAE5,NAE5/Field Bus2.SRC-PAU4.Parameters.HRT-SP,AV:3028965
SRC-NAE5,NAE5/Field Bus2.SRC-PAU4.Parameters.HTGOCC-SP,AV:3028961
SRC-NAE5,NAE5/Field Bus2.SRC-PAU4.Parameters.LT-PB,AV:3028947
SRC-NAE5,NAE5/Field Bus2.SRC-PAU4.Parameters.LT-SP,AV:3028948
SRC-NAE5,NAE5/Field Bus2.SRC-PAU4.Parameters.MAD-OUTSTATE,MV:3028952
SRC-NAE5,NAE5/Field Bus2.SRC-PAU4.Parameters.OAD-MINPOS,AV:3028951
SRC-NAE5,NAE5/Field Bus2.SRC-PAU4.Parameters.OALT-SP,AV:3028949
SRC-NAE5,NAE5/Field Bus2.SRC-PAU4.Parameters.PAU-S,MV:3029269
SRC-NAE5,NAE5/Field Bus2.SRC-PAU4.Parameters.POOL-SP,AV:3028920
SRC-NAE5,NAE5/Field Bus2.SRC-PAU4.Parameters.RADP-SP,AV:3028941
SRC-NAE5,NAE5/Field Bus2.SRC-PAU4.Parameters.RAT-SP,AV:3028956
SRC-NAE5,NAE5/Field Bus2.SRC-PAU4.Parameters.RH-OUTSTATE,MV:3028954
SRC-NAE5,NAE5/Field Bus2.SRC-PAU4.Parameters.RLF-OUTSTATE,MV:3028955
SRC-NAE5,NAE5/Field Bus2.SRC-PAU4.Parameters.SF-OUTSTATE,MV:3028957
SRC-NAE5,NAE5/Field Bus2.SRC-PAU4.Parameters.STARTSTOP-STATE,MV:3028964
SRC-NAE5,NAE5/Field Bus2.SRC-PAU4.Parameters.SYS-RESET,MV:3028958
SRC-NAE5,NAE5/Field Bus2.SRC-PAU4.Parameters.TUNING-RESET,BV:3028934
SRC-NAE5,NAE5/Field Bus2.SRC-PAU4.Parameters.UNITEN-MODE,MV:3028959
SRC-NAE5,NAE5/Field Bus2.SRC-PAU4.Parameters.ZNSQ-OUT,MV:3031105
SRC-NAE5,NAE5/Field Bus2.SRC-PAU4.Parameters.ZNT-STATE,MV:3028966
SRC-NAE5,NAE5/Field Bus2.SRC-PAU4.PURGE-S,BI:3031081
SRC-NAE5,NAE5/Field Bus2.SRC-PAU4.RA-DP,AV:3028916
SRC-NAE5,NAE5/Field Bus2.SRC-PAU4.RA-H,AI:3028884
SRC-NAE5,NAE5/Field Bus2.SRC-PAU4.RA-T,AI:3028912
SRC-NAE5,NAE5/Field Bus2.SRC-PAU4.RAD-O,AO:3028889
SRC-NAE5,NAE5/Field Bus2.SRC-PAU4.RH-O,AO:3028911
SRC-NAE5,NAE5/Field Bus2.SRC-PAU4.RHC-T,AI:3028910
SRC-NAE5,NAE5/Field Bus2.SRC-PAU4.RHP-C,BO:3028915
SRC-NAE5,NAE5/Field Bus2.SRC-PAU4.RHP-S,BI:3028897
SRC-NAE5,NAE5/Field Bus2.SRC-PAU4.SF-C,BO:3028913
SRC-NAE5,NAE5/Field Bus2.SRC-PAU4.SF-O,AO:3028898
SRC-NAE5,NAE5/Field Bus2.SRC-PAU4.SF-S,BI:3028914
SRC-NAE5,NAE5/Field Bus2.SRC-PAU4.UNITEN-S,BI:3028899
SRC-NAE5,NAE5/Field Bus2.SRC-PAU4.ZN-T,AI:3028896
SRC-NAE5,NAE5/Field Bus2.SRC-PAU5.AVGRA-H,AV:3031115
SRC-NAE5,NAE5/Field Bus2.SRC-PAU5.AVGRA-T,AV:3031116
SRC-NAE5,NAE5/Field Bus2.SRC-PAU5.BLDG-P,AV:3029140
SRC-NAE5,NAE5/Field Bus2.SRC-PAU5.CC-T,AI:3029126
SRC-NAE5,NAE5/Field Bus2.SRC-PAU5.CLG-O,AO:3029127
SRC-NAE5,NAE5/Field Bus2.SRC-PAU5.CLGBD-O,AO:3029124
SRC-NAE5,NAE5/Field Bus2.SRC-PAU5.CW-F,AI:3029120
SRC-NAE5,NAE5/Field Bus2.SRC-PAU5.DA1-P,AI:3029128
SRC-NAE5,NAE5/Field Bus2.SRC-PAU5.DA-DP,AV:3029142
SRC-NAE5,NAE5/Field Bus2.SRC-PAU5.DA-H,AI:3029103
SRC-NAE5,NAE5/Field Bus2.SRC-PAU5.DA-T,AI:3029129
SRC-NAE5,NAE5/Field Bus2.SRC-PAU5.DAPHI-A,BI:3029106
SRC-NAE5,NAE5/Field Bus2.SRC-PAU5.EA-T,AI:3029104
SRC-NAE5,NAE5/Field Bus2.SRC-PAU5.EF33-C,BO:3029109
SRC-NAE5,NAE5/Field Bus2.SRC-PAU5.EF33-O,AO:3029110
SRC-NAE5,NAE5/Field Bus2.SRC-PAU5.EF33-S,BI:3029111
SRC-NAE5,NAE5/Field Bus2.SRC-PAU5.EF33D-O,AO:3029116
SRC-NAE5,NAE5/Field Bus2.SRC-PAU5.EF35-C,BO:3029114
SRC-NAE5,NAE5/Field Bus2.SRC-PAU5.EF35-O,AO:3029115
SRC-NAE5,NAE5/Field Bus2.SRC-PAU5.EF35-S,BI:3029113
SRC-NAE5,NAE5/Field Bus2.SRC-PAU5.EF35D-O,AO:3029117
SRC-NAE5,NAE5/Field Bus2.SRC-PAU5.EVENT-S,BI:3031085
SRC-NAE5,NAE5/Field Bus2.SRC-PAU5.HR-O,AO:3029108
SRC-NAE5,NAE5/Field Bus2.SRC-PAU5.HR-T,AI:3029118
SRC-NAE5,NAE5/Field Bus2.SRC-PAU5.HRP-C,BO:3029130
SRC-NAE5,NAE5/Field Bus2.SRC-PAU5.HRP-S,BI:3029105
SRC-NAE5,NAE5/Field Bus2.SRC-PAU5.HW-F,AI:3029121
SRC-NAE5,NAE5/Field Bus2.SRC-PAU5.MA-T,AI:3029131
SRC-NAE5,NAE5/Field Bus2.SRC-PAU5.MOAD-O,AO:3029125
SRC-NAE5,NAE5/Field Bus2.SRC-PAU5.OA-DP,AV:3029143
SRC-NAE5,NAE5/Field Bus2.SRC-PAU5.OA-T,AV:3029144
SRC-NAE5,NAE5/Field Bus2.SRC-PAU5.OAD-O,AO:3029132
SRC-NAE5,NAE5/Field Bus2.SRC-PAU5.Parameters.AHU-STATE,MV:3029193
SRC-NAE5,NAE5/Field Bus2.SRC-PAU5.Parameters.CLG-OUTSTATE,MV:3029179
SRC-NAE5,NAE5/Field Bus2.SRC-PAU5.Parameters.CLGOATLOCKOUT-SP,AV:3029176
SRC-NAE5,NAE5/Field Bus2.SRC-PAU5.Parameters.CLGOCC-SP,AV:3029186
SRC-NAE5,NAE5/Field Bus2.SRC-PAU5.Parameters.DADP-SP0,AV:3029151
SRC-NAE5,NAE5/Field Bus2.SRC-PAU5.Parameters.DADP-SPactive,AV:3029153
SRC-NAE5,NAE5/Field Bus2.SRC-PAU5.Parameters.DADP-SPmax,AV:3029148
SRC-NAE5,NAE5/Field Bus2.SRC-PAU5.Parameters.DADP-SPmin,AV:3029150
SRC-NAE5,NAE5/Field Bus2.SRC-PAU5.Parameters.DADP-SPres,AV:3029154
SRC-NAE5,NAE5/Field Bus2.SRC-PAU5.Parameters.DADP-SPstatus,MV:3029147
SRC-NAE5,NAE5/Field Bus2.SRC-PAU5.Parameters.DADP-SPtrim,AV:3029152
SRC-NAE5,NAE5/Field Bus2.SRC-PAU5.Parameters.DADP-T,AV:3029149
SRC-NAE5,NAE5/Field Bus2.SRC-PAU5.Parameters.DADP-Td,AV:3029155
SRC-NAE5,NAE5/Field Bus2.SRC-PAU5.Parameters.DAP-SP,AV:3029168
SRC-NAE5,NAE5/Field Bus2.SRC-PAU5.Parameters.DAT-SP,AV:3029166
SRC-NAE5,NAE5/Field Bus2.SRC-PAU5.Parameters.DATCLGMIN-SP,AV:3029164
SRC-NAE5,NAE5/Field Bus2.SRC-PAU5.Parameters.DATHTGMAX-SP,AV:3029162
SRC-NAE5,NAE5/Field Bus2.SRC-PAU5.Parameters.DATSATISFIED-SP,AV:3029163
SRC-NAE5,NAE5/Field Bus2.SRC-PAU5.Parameters.DATSP-STATE,MV:3029165
SRC-NAE5,NAE5/Field Bus2.SRC-PAU5.Parameters.ECONSWO-DF,AV:3029169
SRC-NAE5,NAE5/Field Bus2.SRC-PAU5.Parameters.EF33-IA,MV:3029274
SRC-NAE5,NAE5/Field Bus2.SRC-PAU5.Parameters.EF35-IA,MV:3029275
SRC-NAE5,NAE5/Field Bus2.SRC-PAU5.Parameters.EF-LDLG,MV:3029159
SRC-NAE5,NAE5/Field Bus2.SRC-PAU5.Parameters.EFFCLG-SP,AV:3029188
SRC-NAE5,NAE5/Field Bus2.SRC-PAU5.Parameters.EFFHTG-SP,AV:3029189
SRC-NAE5,NAE5/Field Bus2.SRC-PAU5.Parameters.EFPIDL-OUT,AV:3029276
SRC-NAE5,NAE5/Field Bus2.SRC-PAU5.Parameters.Event Econ OA Dmpr Pos,AV:3031084
SRC-NAE5,NAE5/Field Bus2.SRC-PAU5.Parameters.Event Min OA Damper Pos,AV:3031083
SRC-NAE5,NAE5/Field Bus2.SRC-PAU5.Parameters.HR-OUTSTATE,MV:3029170
SRC-NAE5,NAE5/Field Bus2.SRC-PAU5.Parameters.HRLL-SP,AV:3029171
SRC-NAE5,NAE5/Field Bus2.SRC-PAU5.Parameters.HRP-IA,MV:3029172
SRC-NAE5,NAE5/Field Bus2.SRC-PAU5.Parameters.HRT-SP,AV:3029191
SRC-NAE5,NAE5/Field Bus2.SRC-PAU5.Parameters.HTGOCC-SP,AV:3029187
SRC-NAE5,NAE5/Field Bus2.SRC-PAU5.Parameters.LT-PB,AV:3029173
SRC-NAE5,NAE5/Field Bus2.SRC-PAU5.Parameters.LT-SP,AV:3029174
SRC-NAE5,NAE5/Field Bus2.SRC-PAU5.Parameters.MAD-OUTSTATE,MV:3029178
SRC-NAE5,NAE5/Field Bus2.SRC-PAU5.Parameters.OAD-MINPOS,AV:3029177
SRC-NAE5,NAE5/Field Bus2.SRC-PAU5.Parameters.OALT-SP,AV:3029175
SRC-NAE5,NAE5/Field Bus2.SRC-PAU5.Parameters.POOL-SP,AV:3029146
SRC-NAE5,NAE5/Field Bus2.SRC-PAU5.Parameters.RADP-SP,AV:3029167
SRC-NAE5,NAE5/Field Bus2.SRC-PAU5.Parameters.RAT-SP,AV:3029182
SRC-NAE5,NAE5/Field Bus2.SRC-PAU5.Parameters.RH-OUTSTATE,MV:3029180
SRC-NAE5,NAE5/Field Bus2.SRC-PAU5.Parameters.SF-OUTSTATE,MV:3029183
SRC-NAE5,NAE5/Field Bus2.SRC-PAU5.Parameters.STARTSTOP-STATE,MV:3029190
SRC-NAE5,NAE5/Field Bus2.SRC-PAU5.Parameters.SYS-RESET,MV:3029184
SRC-NAE5,NAE5/Field Bus2.SRC-PAU5.Parameters.TUNING-RESET,BV:3029160
SRC-NAE5,NAE5/Field Bus2.SRC-PAU5.Parameters.UNITEN-MODE,MV:3029185
SRC-NAE5,NAE5/Field Bus2.SRC-PAU5.Parameters.ZNSQ-OUT,MV:3031117
SRC-NAE5,NAE5/Field Bus2.SRC-PAU5.Parameters.ZNT-STATE,MV:3029192
SRC-NAE5,NAE5/Field Bus2.SRC-PAU5.PURGE-S,BI:3031086
SRC-NAE5,NAE5/Field Bus2.SRC-PAU5.RA-DP,AV:3029141
SRC-NAE5,NAE5/Field Bus2.SRC-PAU5.RA-H,AI:3029107
SRC-NAE5,NAE5/Field Bus2.SRC-PAU5.RA-T,AI:3029135
SRC-NAE5,NAE5/Field Bus2.SRC-PAU5.RAD-O,AO:3029112
SRC-NAE5,NAE5/Field Bus2.SRC-PAU5.RH-O,AO:3029134
SRC-NAE5,NAE5/Field Bus2.SRC-PAU5.RHC-T,AI:3029133
SRC-NAE5,NAE5/Field Bus2.SRC-PAU5.RHP-C,BO:3029138
SRC-NAE5,NAE5/Field Bus2.SRC-PAU5.RHP-S,BI:3029119
SRC-NAE5,NAE5/Field Bus2.SRC-PAU5.SF-C,BO:3029136
SRC-NAE5,NAE5/Field Bus2.SRC-PAU5.SF-O,AO:3029122
SRC-NAE5,NAE5/Field Bus2.SRC-PAU5.SF-S,BI:3029137
SRC-NAE5,NAE5/Field Bus2.SRC-PAU5.UNITEN-S,BI:3029123
SRC-NAE5,NAE5/Field Bus2.SRC-PAU5.ZN-T,AV:3029139
SRC-NAE5,NAE5/N2 Trunk 1.AH-14.CA-ALM,BI:3007539
SRC-NAE5,NAE5/N2 Trunk 1.AH-14.CLG-ENB,BO:3007550
SRC-NAE5,NAE5/N2 Trunk 1.AH-14.CLG-VLV,AO:3007525
SRC-NAE5,NAE5/N2 Trunk 1.AH-14.EF-S,BI:3007530
SRC-NAE5,NAE5/N2 Trunk 1.AH-14.EF-SS,BO:3007546
SRC-NAE5,NAE5/N2 Trunk 1.AH-14.HTG-VLV,BO:3007542
SRC-NAE5,NAE5/N2 Trunk 1.AH-14.IFBP-D,AO:3007523
SRC-NAE5,NAE5/N2 Trunk 1.AH-14.OA-T,AO:3007303
SRC-NAE5,NAE5/N2 Trunk 1.AH-14.Parameters.DCDB,AO:3010067
SRC-NAE5,NAE5/N2 Trunk 1.AH-14.Parameters.DCIT,AO:3010065
SRC-NAE5,NAE5/N2 Trunk 1.AH-14.Parameters.DCPB,AO:3010066
SRC-NAE5,NAE5/N2 Trunk 1.AH-14.Parameters.DCSP,AO:3010064
SRC-NAE5,NAE5/N2 Trunk 1.AH-14.Parameters.DHDB,AO:3010058
SRC-NAE5,NAE5/N2 Trunk 1.AH-14.Parameters.DHIT,AO:3010060
SRC-NAE5,NAE5/N2 Trunk 1.AH-14.Parameters.DHPB,AO:3010059
SRC-NAE5,NAE5/N2 Trunk 1.AH-14.Parameters.DHSP,AO:3010057
SRC-NAE5,NAE5/N2 Trunk 1.AH-14.Parameters.HTEN2PV,AO:3010061
SRC-NAE5,NAE5/N2 Trunk 1.AH-14.Parameters.HTOADF,AO:3010063
SRC-NAE5,NAE5/N2 Trunk 1.AH-14.Parameters.HTOASP,AO:3010062
SRC-NAE5,NAE5/N2 Trunk 1.AH-14.Parameters.SDWN-C,BO:3010056
SRC-NAE5,NAE5/N2 Trunk 1.AH-14.Parameters.ZNCLGDF,AO:3010069
SRC-NAE5,NAE5/N2 Trunk 1.AH-14.Parameters.ZNCLGSP,AO:3010068
SRC-NAE5,NAE5/N2 Trunk 1.AH-14.SA-T,AI:3007289
SRC-NAE5,NAE5/N2 Trunk 1.AH-14.SF-S,BI:3007527
SRC-NAE5,NAE5/N2 Trunk 1.AH-14.SF-SS,BO:3007544
SRC-NAE5,NAE5/N2 Trunk 1.AH-14.SMP-ALM,BI:3007536
SRC-NAE5,NAE5/N2 Trunk 1.AH-14.SNOW-MELT,BO:3007548
SRC-NAE5,NAE5/N2 Trunk 1.AH-14.TEMP-LL,BI:3007533
SRC-NAE5,NAE5/N2 Trunk 1.AH-14.ZN-T,AI:3007301
SRC-NAE5,NAE5/N2 Trunk 1.DX-50MDP.50MFP-S,BI:3007938
SRC-NAE5,NAE5/N2 Trunk 1.DX-50MDP.50MHP-S,BI:3007940
SRC-NAE5,NAE5/N2 Trunk 1.DX-50MDP.50MHP-SS,BO:3007949
SRC-NAE5,NAE5/N2 Trunk 1.DX-50MDP.50MP-VLV,AO:3007927
SRC-NAE5,NAE5/N2 Trunk 1.DX-50MDP.50MPR-T,AI:3007919
SRC-NAE5,NAE5/N2 Trunk 1.DX-50MDP.50MPS-T1,AI:3007921
SRC-NAE5,NAE5/N2 Trunk 1.DX-50MDP.50MPS-T2,AI:3007923
SRC-NAE5,NAE5/N2 Trunk 1.DX-50MDP.DPFP-S,BI:3007929
SRC-NAE5,NAE5/N2 Trunk 1.DX-50MDP.DPHP-S,BI:3007931
SRC-NAE5,NAE5/N2 Trunk 1.DX-50MDP.DPHP-SC,AO:3029097
SRC-NAE5,NAE5/N2 Trunk 1.DX-50MDP.DPHP-SS,BO:3007947
SRC-NAE5,NAE5/N2 Trunk 1.DX-50MDP.DPHX-VLV,AO:3007925
SRC-NAE5,NAE5/N2 Trunk 1.DX-50MDP.DPR-T,AI:3007900
SRC-NAE5,NAE5/N2 Trunk 1.DX-50MDP.DPS-T1,AI:3007915
SRC-NAE5,NAE5/N2 Trunk 1.DX-50MDP.DPS-T2,AI:3007917
SRC-NAE5,NAE5/N2 Trunk 1.DX-50MDP.Parameters.50M-ENB,BO:3011813
SRC-NAE5,NAE5/N2 Trunk 1.DX-50MDP.Parameters.50M-PB,AO:3011810
SRC-NAE5,NAE5/N2 Trunk 1.DX-50MDP.Parameters.50M-SP,AO:3011809
SRC-NAE5,NAE5/N2 Trunk 1.DX-50MDP.Parameters.50M-TI,AO:3011811
SRC-NAE5,NAE5/N2 Trunk 1.DX-50MDP.Parameters.DIV-ENB,BO:3011812
SRC-NAE5,NAE5/N2 Trunk 1.DX-50MDP.Parameters.DIV-PB,AO:3011807
SRC-NAE5,NAE5/N2 Trunk 1.DX-50MDP.Parameters.DIV-SP,AO:3011806
SRC-NAE5,NAE5/N2 Trunk 1.DX-50MDP.Parameters.DIV-TI,AO:3011808
SRC-NAE5,NAE5/N2 Trunk 1.DX-50MDP.Parameters.DIVHP-SPD,AO:3029091
SRC-NAE5,NAE5/N2 Trunk 1.DX-50MDP.PAU2-AUX,BI:3007943
SRC-NAE5,NAE5/N2 Trunk 1.DX-50MDP.PAU3-AUX,BI:3007945
SRC-NAE5,NAE5/N2 Trunk 1.DX-50MDP.PAU4-AUX,BI:3007934
SRC-NAE5,NAE5/N2 Trunk 1.DX-50MDP.PAU5-AUX,BI:3007936
SRC-NAE5,NAE5/N2 Trunk 1.DX-AH1.CLG-VLV,AO:3006647
SRC-NAE5,NAE5/N2 Trunk 1.DX-AH1.DS-ALM,BI:3006657
SRC-NAE5,NAE5/N2 Trunk 1.DX-AH1.MA-PRS,AI:3006639
SRC-NAE5,NAE5/N2 Trunk 1.DX-AH1.MA-T,AI:3006631
SRC-NAE5,NAE5/N2 Trunk 1.DX-AH1.MINOA-D,BO:3006662
SRC-NAE5,NAE5/N2 Trunk 1.DX-AH1.OA-D,AO:3006643
SRC-NAE5,NAE5/N2 Trunk 1.DX-AH1.Parameters.CCT-PB,AO:3006669
SRC-NAE5,NAE5/N2 Trunk 1.DX-AH1.Parameters.CCT-SP,AO:3006668
SRC-NAE5,NAE5/N2 Trunk 1.DX-AH1.Parameters.CCT-TI,AO:3006670
SRC-NAE5,NAE5/N2 Trunk 1.DX-AH1.Parameters.CCZN-PB,AO:3006672
SRC-NAE5,NAE5/N2 Trunk 1.DX-AH1.Parameters.CCZN-SP,AO:3006671
SRC-NAE5,NAE5/N2 Trunk 1.DX-AH1.Parameters.CCZN-TI,AO:3006673
SRC-NAE5,NAE5/N2 Trunk 1.DX-AH1.Parameters.CLGLK-DF,AO:3007426
SRC-NAE5,NAE5/N2 Trunk 1.DX-AH1.Parameters.CLGLK-SP,AO:3007425
SRC-NAE5,NAE5/N2 Trunk 1.DX-AH1.Parameters.ECON-DF,AO:3007428
SRC-NAE5,NAE5/N2 Trunk 1.DX-AH1.Parameters.ECON-SP,AO:3007427
SRC-NAE5,NAE5/N2 Trunk 1.DX-AH1.Parameters.MAT-PB,AO:3006675
SRC-NAE5,NAE5/N2 Trunk 1.DX-AH1.Parameters.MAT-SP,AO:3006674
SRC-NAE5,NAE5/N2 Trunk 1.DX-AH1.Parameters.MAT-TI,AO:3006676
SRC-NAE5,NAE5/N2 Trunk 1.DX-AH1.Parameters.OA-H,AO:3006666
SRC-NAE5,NAE5/N2 Trunk 1.DX-AH1.Parameters.OA-T,AO:3006665
SRC-NAE5,NAE5/N2 Trunk 1.DX-AH1.Parameters.OCC-UNOC,BO:3007429
SRC-NAE5,NAE5/N2 Trunk 1.DX-AH1.Parameters.PHT-PB,AO:3006678
SRC-NAE5,NAE5/N2 Trunk 1.DX-AH1.Parameters.PHT-SP,AO:3006677
SRC-NAE5,NAE5/N2 Trunk 1.DX-AH1.Parameters.PHT-TI,AO:3006679
SRC-NAE5,NAE5/N2 Trunk 1.DX-AH1.Parameters.SFSC-PB,AO:3006681
SRC-NAE5,NAE5/N2 Trunk 1.DX-AH1.Parameters.SFSC-SP,AO:3006680
SRC-NAE5,NAE5/N2 Trunk 1.DX-AH1.Parameters.SFSC-TI,AO:3006682
SRC-NAE5,NAE5/N2 Trunk 1.DX-AH1.Parameters.ZN-HI,AO:3006667
SRC-NAE5,NAE5/N2 Trunk 1.DX-AH1.PH-T,AI:3006635
SRC-NAE5,NAE5/N2 Trunk 1.DX-AH1.PHT-VLV,AO:3006645
SRC-NAE5,NAE5/N2 Trunk 1.DX-AH1.RA-D,AO:3006641
SRC-NAE5,NAE5/N2 Trunk 1.DX-AH1.RA-T,AI:3006629
SRC-NAE5,NAE5/N2 Trunk 1.DX-AH1.SA-T,AI:3006633
SRC-NAE5,NAE5/N2 Trunk 1.DX-AH1.SF-PRS,AI:3006637
SRC-NAE5,NAE5/N2 Trunk 1.DX-AH1.SF-S,BI:3006651
SRC-NAE5,NAE5/N2 Trunk 1.DX-AH1.SF-SC,AO:3006649
SRC-NAE5,NAE5/N2 Trunk 1.DX-AH1.SF-SS,BO:3006660
SRC-NAE5,NAE5/N2 Trunk 1.DX-AH1.TEMP-LL,BI:3006654
SRC-NAE5,NAE5/N2 Trunk 1.DX-AH2.CC-T,AI:3006688
SRC-NAE5,NAE5/N2 Trunk 1.DX-AH2.CLG-VLV,AO:3006714
SRC-NAE5,NAE5/N2 Trunk 1.DX-AH2.CO2,AI:3006700
SRC-NAE5,NAE5/N2 Trunk 1.DX-AH2.DS-ALM,BI:3006734
SRC-NAE5,NAE5/N2 Trunk 1.DX-AH2.EF2A-S,BI:3006725
SRC-NAE5,NAE5/N2 Trunk 1.DX-AH2.EF2A-SC,AO:3006718
SRC-NAE5,NAE5/N2 Trunk 1.DX-AH2.EF2A-SS,BO:3006741
SRC-NAE5,NAE5/N2 Trunk 1.DX-AH2.EF2B-S,BI:3006728
SRC-NAE5,NAE5/N2 Trunk 1.DX-AH2.EF2B-SC,AO:3006720
SRC-NAE5,NAE5/N2 Trunk 1.DX-AH2.EF2B-SS,BO:3006743
SRC-NAE5,NAE5/N2 Trunk 1.DX-AH2.MA-PRS,AI:3006702
SRC-NAE5,NAE5/N2 Trunk 1.DX-AH2.MA-T,AI:3006686
SRC-NAE5,NAE5/N2 Trunk 1.DX-AH2.MINOA-D,BO:3006739
SRC-NAE5,NAE5/N2 Trunk 1.DX-AH2.OA-D,AO:3006708
SRC-NAE5,NAE5/N2 Trunk 1.DX-AH2.Parameters.%AH10-SP,AO:3007436
SRC-NAE5,NAE5/N2 Trunk 1.DX-AH2.Parameters.AH10SF-SC,AO:3007437
SRC-NAE5,NAE5/N2 Trunk 1.DX-AH2.Parameters.CCRAH-OUT,AO:3007462
SRC-NAE5,NAE5/N2 Trunk 1.DX-AH2.Parameters.CCRAH-PB,AO:3007460
SRC-NAE5,NAE5/N2 Trunk 1.DX-AH2.Parameters.CCRAH-SP,AO:3007459
SRC-NAE5,NAE5/N2 Trunk 1.DX-AH2.Parameters.CCRAH-TI,AO:3007461
SRC-NAE5,NAE5/N2 Trunk 1.DX-AH2.Parameters.CCT-OUT,AO:3007466
SRC-NAE5,NAE5/N2 Trunk 1.DX-AH2.Parameters.CCT-PB,AO:3007464
SRC-NAE5,NAE5/N2 Trunk 1.DX-AH2.Parameters.CCT-SP,AO:3007463
SRC-NAE5,NAE5/N2 Trunk 1.DX-AH2.Parameters.CCT-TI,AO:3007465
SRC-NAE5,NAE5/N2 Trunk 1.DX-AH2.Parameters.CCZT-OUT,AO:3007458
SRC-NAE5,NAE5/N2 Trunk 1.DX-AH2.Parameters.CCZT-PB,AO:3007456
SRC-NAE5,NAE5/N2 Trunk 1.DX-AH2.Parameters.CCZT-TI,AO:3007457
SRC-NAE5,NAE5/N2 Trunk 1.DX-AH2.Parameters.CCZT-WSP,AO:3007455
SRC-NAE5,NAE5/N2 Trunk 1.DX-AH2.Parameters.CLGLK-DF,AO:3007478
SRC-NAE5,NAE5/N2 Trunk 1.DX-AH2.Parameters.CLGLK-SP,AO:3007477
SRC-NAE5,NAE5/N2 Trunk 1.DX-AH2.Parameters.CO2-OUT,AO:3007445
SRC-NAE5,NAE5/N2 Trunk 1.DX-AH2.Parameters.CO2-PB,AO:3007443
SRC-NAE5,NAE5/N2 Trunk 1.DX-AH2.Parameters.CO2-SP,AO:3007442
SRC-NAE5,NAE5/N2 Trunk 1.DX-AH2.Parameters.CO2-TI,AO:3007444
SRC-NAE5,NAE5/N2 Trunk 1.DX-AH2.Parameters.ECON-DF,AO:3007476
SRC-NAE5,NAE5/N2 Trunk 1.DX-AH2.Parameters.ECON-SP,AO:3007475
SRC-NAE5,NAE5/N2 Trunk 1.DX-AH2.Parameters.EF%SS-DF,AO:3007474
SRC-NAE5,NAE5/N2 Trunk 1.DX-AH2.Parameters.EF%SS-SP,AO:3007473
SRC-NAE5,NAE5/N2 Trunk 1.DX-AH2.Parameters.EFSC-PB,AO:3007471
SRC-NAE5,NAE5/N2 Trunk 1.DX-AH2.Parameters.EFSC-SP,AO:3007470
SRC-NAE5,NAE5/N2 Trunk 1.DX-AH2.Parameters.EFSC-TI,AO:3007472
SRC-NAE5,NAE5/N2 Trunk 1.DX-AH2.Parameters.OA-H,AO:3007432
SRC-NAE5,NAE5/N2 Trunk 1.DX-AH2.Parameters.OA-T,AO:3007431
SRC-NAE5,NAE5/N2 Trunk 1.DX-AH2.Parameters.OAD-OUT,AO:3007441
SRC-NAE5,NAE5/N2 Trunk 1.DX-AH2.Parameters.OAD-PB,AO:3007439
SRC-NAE5,NAE5/N2 Trunk 1.DX-AH2.Parameters.OAD-SP,AO:3007438
SRC-NAE5,NAE5/N2 Trunk 1.DX-AH2.Parameters.OAD-TI,AO:3007440
SRC-NAE5,NAE5/N2 Trunk 1.DX-AH2.Parameters.OCC-UNOC,BO:3007483
SRC-NAE5,NAE5/N2 Trunk 1.DX-AH2.Parameters.PHT-PB,AO:3007450
SRC-NAE5,NAE5/N2 Trunk 1.DX-AH2.Parameters.PHT-SP,AO:3007449
SRC-NAE5,NAE5/N2 Trunk 1.DX-AH2.Parameters.PHT-TI,AO:3007451
SRC-NAE5,NAE5/N2 Trunk 1.DX-AH2.Parameters.RAD-PB,AO:3007447
SRC-NAE5,NAE5/N2 Trunk 1.DX-AH2.Parameters.RAD-SP,AO:3007446
SRC-NAE5,NAE5/N2 Trunk 1.DX-AH2.Parameters.RAD-TI,AO:3007448
SRC-NAE5,NAE5/N2 Trunk 1.DX-AH2.Parameters.RHT-PB,AO:3007453
SRC-NAE5,NAE5/N2 Trunk 1.DX-AH2.Parameters.RHT-TI,AO:3007454
SRC-NAE5,NAE5/N2 Trunk 1.DX-AH2.Parameters.RHT-WSP,AO:3007452
SRC-NAE5,NAE5/N2 Trunk 1.DX-AH2.Parameters.SFSC-LOL,AO:3012785
SRC-NAE5,NAE5/N2 Trunk 1.DX-AH2.Parameters.SFSC-PB,AO:3007468
SRC-NAE5,NAE5/N2 Trunk 1.DX-AH2.Parameters.SFSC-TI,AO:3007469
SRC-NAE5,NAE5/N2 Trunk 1.DX-AH2.Parameters.SFSC-WSP,AO:3007467
SRC-NAE5,NAE5/N2 Trunk 1.DX-AH2.Parameters.UNOCHIDF,AO:3007480
SRC-NAE5,NAE5/N2 Trunk 1.DX-AH2.Parameters.UNOCHISP,AO:3007479
SRC-NAE5,NAE5/N2 Trunk 1.DX-AH2.Parameters.UNOCLODF,AO:3007482
SRC-NAE5,NAE5/N2 Trunk 1.DX-AH2.Parameters.UNOCLOSP,AO:3007481
SRC-NAE5,NAE5/N2 Trunk 1.DX-AH2.Parameters.ZN-SP,AO:3007433
SRC-NAE5,NAE5/N2 Trunk 1.DX-AH2.Parameters.ZNCC-DF,AO:3007434
SRC-NAE5,NAE5/N2 Trunk 1.DX-AH2.Parameters.ZNRHT-DF,AO:3007435
SRC-NAE5,NAE5/N2 Trunk 1.DX-AH2.PH-T,AI:3006692
SRC-NAE5,NAE5/N2 Trunk 1.DX-AH2.PHT-VLV,AO:3006710
SRC-NAE5,NAE5/N2 Trunk 1.DX-AH2.RA-D,AO:3006706
SRC-NAE5,NAE5/N2 Trunk 1.DX-AH2.RA-H,AI:3006698
SRC-NAE5,NAE5/N2 Trunk 1.DX-AH2.RA-PRS,AI:3006704
SRC-NAE5,NAE5/N2 Trunk 1.DX-AH2.RA-T,AI:3006684
SRC-NAE5,NAE5/N2 Trunk 1.DX-AH2.RHT-VLV,AO:3006712
SRC-NAE5,NAE5/N2 Trunk 1.DX-AH2.SA-T,AI:3006690
SRC-NAE5,NAE5/N2 Trunk 1.DX-AH2.SF-S,BI:3006722
SRC-NAE5,NAE5/N2 Trunk 1.DX-AH2.SF-SC,AO:3006716
SRC-NAE5,NAE5/N2 Trunk 1.DX-AH2.SF-SS,BO:3006737
SRC-NAE5,NAE5/N2 Trunk 1.DX-AH2.TEMP-LL,BI:3006731
SRC-NAE5,NAE5/N2 Trunk 1.DX-AH2.ZN-H,AI:3006696
SRC-NAE5,NAE5/N2 Trunk 1.DX-AH2.ZN-T,AI:3006694
SRC-NAE5,NAE5/N2 Trunk 1.DX-AH3.CC-T,AI:3006751
SRC-NAE5,NAE5/N2 Trunk 1.DX-AH3.CLG-VLV,AO:3006777
SRC-NAE5,NAE5/N2 Trunk 1.DX-AH3.CO2,AI:3006763
SRC-NAE5,NAE5/N2 Trunk 1.DX-AH3.DS-ALM,BI:3006797
SRC-NAE5,NAE5/N2 Trunk 1.DX-AH3.EF3A-S,BI:3006788
SRC-NAE5,NAE5/N2 Trunk 1.DX-AH3.EF3A-SC,AO:3006781
SRC-NAE5,NAE5/N2 Trunk 1.DX-AH3.EF3A-SS,BO:3006804
SRC-NAE5,NAE5/N2 Trunk 1.DX-AH3.EF3B-S,BI:3006791
SRC-NAE5,NAE5/N2 Trunk 1.DX-AH3.EF3B-SC,AO:3006783
SRC-NAE5,NAE5/N2 Trunk 1.DX-AH3.EF3B-SS,BO:3006806
SRC-NAE5,NAE5/N2 Trunk 1.DX-AH3.MA-PRS,AI:3006765
SRC-NAE5,NAE5/N2 Trunk 1.DX-AH3.MA-T,AI:3006749
SRC-NAE5,NAE5/N2 Trunk 1.DX-AH3.MINOA-D,BO:3006802
SRC-NAE5,NAE5/N2 Trunk 1.DX-AH3.OA-D,AO:3006771
SRC-NAE5,NAE5/N2 Trunk 1.DX-AH3.Parameters.%AH10-SP,AO:3007561
SRC-NAE5,NAE5/N2 Trunk 1.DX-AH3.Parameters.AH10SF-SC,AO:3007562
SRC-NAE5,NAE5/N2 Trunk 1.DX-AH3.Parameters.CCRAH-OUT,AO:3007587
SRC-NAE5,NAE5/N2 Trunk 1.DX-AH3.Parameters.CCRAH-PB,AO:3007585
SRC-NAE5,NAE5/N2 Trunk 1.DX-AH3.Parameters.CCRAH-SP,AO:3007584
SRC-NAE5,NAE5/N2 Trunk 1.DX-AH3.Parameters.CCRAH-TI,AO:3007586
SRC-NAE5,NAE5/N2 Trunk 1.DX-AH3.Parameters.CCT-OUT,AO:3007591
SRC-NAE5,NAE5/N2 Trunk 1.DX-AH3.Parameters.CCT-PB,AO:3007589
SRC-NAE5,NAE5/N2 Trunk 1.DX-AH3.Parameters.CCT-SP,AO:3007588
SRC-NAE5,NAE5/N2 Trunk 1.DX-AH3.Parameters.CCT-TI,AO:3007590
SRC-NAE5,NAE5/N2 Trunk 1.DX-AH3.Parameters.CCZT-OUT,AO:3007583
SRC-NAE5,NAE5/N2 Trunk 1.DX-AH3.Parameters.CCZT-PB,AO:3007581
SRC-NAE5,NAE5/N2 Trunk 1.DX-AH3.Parameters.CCZT-TI,AO:3007582
SRC-NAE5,NAE5/N2 Trunk 1.DX-AH3.Parameters.CCZT-WSP,AO:3007580
SRC-NAE5,NAE5/N2 Trunk 1.DX-AH3.Parameters.CLGLK-DF,AO:3007603
SRC-NAE5,NAE5/N2 Trunk 1.DX-AH3.Parameters.CLGLK-SP,AO:3007602
SRC-NAE5,NAE5/N2 Trunk 1.DX-AH3.Parameters.CO2-OUT,AO:3007570
SRC-NAE5,NAE5/N2 Trunk 1.DX-AH3.Parameters.CO2-PB,AO:3007568
SRC-NAE5,NAE5/N2 Trunk 1.DX-AH3.Parameters.CO2-SP,AO:3007567
SRC-NAE5,NAE5/N2 Trunk 1.DX-AH3.Parameters.CO2-TI,AO:3007569
SRC-NAE5,NAE5/N2 Trunk 1.DX-AH3.Parameters.ECON-DF,AO:3007601
SRC-NAE5,NAE5/N2 Trunk 1.DX-AH3.Parameters.ECON-SP,AO:3007600
SRC-NAE5,NAE5/N2 Trunk 1.DX-AH3.Parameters.EF%SS-DF,AO:3007599
SRC-NAE5,NAE5/N2 Trunk 1.DX-AH3.Parameters.EF%SS-SP,AO:3007598
SRC-NAE5,NAE5/N2 Trunk 1.DX-AH3.Parameters.EFSC-PB,AO:3007596
SRC-NAE5,NAE5/N2 Trunk 1.DX-AH3.Parameters.EFSC-SP,AO:3007595
SRC-NAE5,NAE5/N2 Trunk 1.DX-AH3.Parameters.EFSC-TI,AO:3007597
SRC-NAE5,NAE5/N2 Trunk 1.DX-AH3.Parameters.OA-H,AO:3007557
SRC-NAE5,NAE5/N2 Trunk 1.DX-AH3.Parameters.OA-T,AO:3007556
SRC-NAE5,NAE5/N2 Trunk 1.DX-AH3.Parameters.OAD-OUT,AO:3007566
SRC-NAE5,NAE5/N2 Trunk 1.DX-AH3.Parameters.OAD-PB,AO:3007564
SRC-NAE5,NAE5/N2 Trunk 1.DX-AH3.Parameters.OAD-SP,AO:3007563
SRC-NAE5,NAE5/N2 Trunk 1.DX-AH3.Parameters.OAD-TI,AO:3007565
SRC-NAE5,NAE5/N2 Trunk 1.DX-AH3.Parameters.OCC-UNOC,BO:3007608
SRC-NAE5,NAE5/N2 Trunk 1.DX-AH3.Parameters.PHT-PB,AO:3007575
SRC-NAE5,NAE5/N2 Trunk 1.DX-AH3.Parameters.PHT-SP,AO:3007574
SRC-NAE5,NAE5/N2 Trunk 1.DX-AH3.Parameters.PHT-TI,AO:3007576
SRC-NAE5,NAE5/N2 Trunk 1.DX-AH3.Parameters.RAD-PB,AO:3007572
SRC-NAE5,NAE5/N2 Trunk 1.DX-AH3.Parameters.RAD-SP,AO:3007571
SRC-NAE5,NAE5/N2 Trunk 1.DX-AH3.Parameters.RAD-TI,AO:3007573
SRC-NAE5,NAE5/N2 Trunk 1.DX-AH3.Parameters.RHT-PB,AO:3007578
SRC-NAE5,NAE5/N2 Trunk 1.DX-AH3.Parameters.RHT-TI,AO:3007579
SRC-NAE5,NAE5/N2 Trunk 1.DX-AH3.Parameters.RHT-WSP,AO:3007577
SRC-NAE5,NAE5/N2 Trunk 1.DX-AH3.Parameters.SFSC-LOL,AO:3012784
SRC-NAE5,NAE5/N2 Trunk 1.DX-AH3.Parameters.SFSC-PB,AO:3007593
SRC-NAE5,NAE5/N2 Trunk 1.DX-AH3.Parameters.SFSC-TI,AO:3007594
SRC-NAE5,NAE5/N2 Trunk 1.DX-AH3.Parameters.SFSC-WSP,AO:3007592
SRC-NAE5,NAE5/N2 Trunk 1.DX-AH3.Parameters.UNOCHIDF,AO:3007605
SRC-NAE5,NAE5/N2 Trunk 1.DX-AH3.Parameters.UNOCHISP,AO:3007604
SRC-NAE5,NAE5/N2 Trunk 1.DX-AH3.Parameters.UNOCLODF,AO:3007607
SRC-NAE5,NAE5/N2 Trunk 1.DX-AH3.Parameters.UNOCLOSP,AO:3007606
SRC-NAE5,NAE5/N2 Trunk 1.DX-AH3.Parameters.ZN-SP,AO:3007558
SRC-NAE5,NAE5/N2 Trunk 1.DX-AH3.Parameters.ZNCC-DF,AO:3007559
SRC-NAE5,NAE5/N2 Trunk 1.DX-AH3.Parameters.ZNRHT-DF,AO:3007560
SRC-NAE5,NAE5/N2 Trunk 1.DX-AH3.PH-T,AI:3006755
SRC-NAE5,NAE5/N2 Trunk 1.DX-AH3.PHT-VLV,AO:3006773
SRC-NAE5,NAE5/N2 Trunk 1.DX-AH3.RA-D,AO:3006769
SRC-NAE5,NAE5/N2 Trunk 1.DX-AH3.RA-H,AI:3006761
SRC-NAE5,NAE5/N2 Trunk 1.DX-AH3.RA-PRS,AI:3006767
SRC-NAE5,NAE5/N2 Trunk 1.DX-AH3.RA-T,AI:3006747
SRC-NAE5,NAE5/N2 Trunk 1.DX-AH3.RHT-VLV,AO:3006775
SRC-NAE5,NAE5/N2 Trunk 1.DX-AH3.SA-T,AI:3006753
SRC-NAE5,NAE5/N2 Trunk 1.DX-AH3.SF-S,BI:3006785
SRC-NAE5,NAE5/N2 Trunk 1.DX-AH3.SF-SC,AO:3006779
SRC-NAE5,NAE5/N2 Trunk 1.DX-AH3.SF-SS,BO:3006800
SRC-NAE5,NAE5/N2 Trunk 1.DX-AH3.TEMP-LL,BI:3006794
SRC-NAE5,NAE5/N2 Trunk 1.DX-AH3.ZN-H,AI:3006759
SRC-NAE5,NAE5/N2 Trunk 1.DX-AH3.ZN-T,AI:3006757
SRC-NAE5,NAE5/N2 Trunk 1.DX-AH4.CC-T,AI:3006814
SRC-NAE5,NAE5/N2 Trunk 1.DX-AH4.CLG-VLV,AO:3006840
SRC-NAE5,NAE5/N2 Trunk 1.DX-AH4.CO2,AI:3006826
SRC-NAE5,NAE5/N2 Trunk 1.DX-AH4.DS-ALM,BI:3010749
SRC-NAE5,NAE5/N2 Trunk 1.DX-AH4.EF4-S,BI:3006937
SRC-NAE5,NAE5/N2 Trunk 1.DX-AH4.EF4-SC,AO:3006932
SRC-NAE5,NAE5/N2 Trunk 1.DX-AH4.EF4-SS,BO:3007318
SRC-NAE5,NAE5/N2 Trunk 1.DX-AH4.EF31-S,BI:3007305
SRC-NAE5,NAE5/N2 Trunk 1.DX-AH4.EF31-SS,BO:3007320
SRC-NAE5,NAE5/N2 Trunk 1.DX-AH4.MA-PRS,AI:3006828
SRC-NAE5,NAE5/N2 Trunk 1.DX-AH4.MA-T,AI:3006812
SRC-NAE5,NAE5/N2 Trunk 1.DX-AH4.MINOA-D,BO:3007316
SRC-NAE5,NAE5/N2 Trunk 1.DX-AH4.OA-D,AO:3006834
SRC-NAE5,NAE5/N2 Trunk 1.DX-AH4.Parameters.%AH10-SP,AO:3007615
SRC-NAE5,NAE5/N2 Trunk 1.DX-AH4.Parameters.AH10SF-SC,AO:3007616
SRC-NAE5,NAE5/N2 Trunk 1.DX-AH4.Parameters.CCRAH-OUT,AO:3007641
SRC-NAE5,NAE5/N2 Trunk 1.DX-AH4.Parameters.CCRAH-PB,AO:3007639
SRC-NAE5,NAE5/N2 Trunk 1.DX-AH4.Parameters.CCRAH-SP,AO:3007638
SRC-NAE5,NAE5/N2 Trunk 1.DX-AH4.Parameters.CCRAH-TI,AO:3007640
SRC-NAE5,NAE5/N2 Trunk 1.DX-AH4.Parameters.CCT-OUT,AO:3007645
SRC-NAE5,NAE5/N2 Trunk 1.DX-AH4.Parameters.CCT-PB,AO:3007643
SRC-NAE5,NAE5/N2 Trunk 1.DX-AH4.Parameters.CCT-SP,AO:3007642
SRC-NAE5,NAE5/N2 Trunk 1.DX-AH4.Parameters.CCT-TI,AO:3007644
SRC-NAE5,NAE5/N2 Trunk 1.DX-AH4.Parameters.CCZT-OUT,AO:3007637
SRC-NAE5,NAE5/N2 Trunk 1.DX-AH4.Parameters.CCZT-PB,AO:3007635
SRC-NAE5,NAE5/N2 Trunk 1.DX-AH4.Parameters.CCZT-TI,AO:3007636
SRC-NAE5,NAE5/N2 Trunk 1.DX-AH4.Parameters.CCZT-WSP,AO:3007634
SRC-NAE5,NAE5/N2 Trunk 1.DX-AH4.Parameters.CLGLK-DF,AO:3007657
SRC-NAE5,NAE5/N2 Trunk 1.DX-AH4.Parameters.CLGLK-SP,AO:3007656
SRC-NAE5,NAE5/N2 Trunk 1.DX-AH4.Parameters.CO2-OUT,AO:3007624
SRC-NAE5,NAE5/N2 Trunk 1.DX-AH4.Parameters.CO2-PB,AO:3007622
SRC-NAE5,NAE5/N2 Trunk 1.DX-AH4.Parameters.CO2-SP,AO:3007621
SRC-NAE5,NAE5/N2 Trunk 1.DX-AH4.Parameters.CO2-TI,AO:3007623
SRC-NAE5,NAE5/N2 Trunk 1.DX-AH4.Parameters.ECON-DF,AO:3007655
SRC-NAE5,NAE5/N2 Trunk 1.DX-AH4.Parameters.ECON-SP,AO:3007654
SRC-NAE5,NAE5/N2 Trunk 1.DX-AH4.Parameters.EF%SS-DF,AO:3007653
SRC-NAE5,NAE5/N2 Trunk 1.DX-AH4.Parameters.EF%SS-SP,AO:3007652
SRC-NAE5,NAE5/N2 Trunk 1.DX-AH4.Parameters.EFSC-PB,AO:3007650
SRC-NAE5,NAE5/N2 Trunk 1.DX-AH4.Parameters.EFSC-SP,AO:3007649
SRC-NAE5,NAE5/N2 Trunk 1.DX-AH4.Parameters.EFSC-TI,AO:3007651
SRC-NAE5,NAE5/N2 Trunk 1.DX-AH4.Parameters.OA-H,AO:3007611
SRC-NAE5,NAE5/N2 Trunk 1.DX-AH4.Parameters.OA-T,AO:3007610
SRC-NAE5,NAE5/N2 Trunk 1.DX-AH4.Parameters.OAD-OUT,AO:3007620
SRC-NAE5,NAE5/N2 Trunk 1.DX-AH4.Parameters.OAD-PB,AO:3007618
SRC-NAE5,NAE5/N2 Trunk 1.DX-AH4.Parameters.OAD-SP,AO:3007617
SRC-NAE5,NAE5/N2 Trunk 1.DX-AH4.Parameters.OAD-TI,AO:3007619
SRC-NAE5,NAE5/N2 Trunk 1.DX-AH4.Parameters.OCC-UNOC,BO:3007662
SRC-NAE5,NAE5/N2 Trunk 1.DX-AH4.Parameters.PHT-PB,AO:3007629
SRC-NAE5,NAE5/N2 Trunk 1.DX-AH4.Parameters.PHT-SP,AO:3007628
SRC-NAE5,NAE5/N2 Trunk 1.DX-AH4.Parameters.PHT-TI,AO:3007630
SRC-NAE5,NAE5/N2 Trunk 1.DX-AH4.Parameters.RAD-PB,AO:3007626
SRC-NAE5,NAE5/N2 Trunk 1.DX-AH4.Parameters.RAD-SP,AO:3007625
SRC-NAE5,NAE5/N2 Trunk 1.DX-AH4.Parameters.RAD-TI,AO:3007627
SRC-NAE5,NAE5/N2 Trunk 1.DX-AH4.Parameters.RHT-PB,AO:3007632
SRC-NAE5,NAE5/N2 Trunk 1.DX-AH4.Parameters.RHT-TI,AO:3007633
SRC-NAE5,NAE5/N2 Trunk 1.DX-AH4.Parameters.RHT-WSP,AO:3007631
SRC-NAE5,NAE5/N2 Trunk 1.DX-AH4.Parameters.SFSC-LOL,AO:3021024
SRC-NAE5,NAE5/N2 Trunk 1.DX-AH4.Parameters.SFSC-PB,AO:3007647
SRC-NAE5,NAE5/N2 Trunk 1.DX-AH4.Parameters.SFSC-TI,AO:3007648
SRC-NAE5,NAE5/N2 Trunk 1.DX-AH4.Parameters.SFSC-WSP,AO:3007646
SRC-NAE5,NAE5/N2 Trunk 1.DX-AH4.Parameters.UNOCHIDF,AO:3007659
SRC-NAE5,NAE5/N2 Trunk 1.DX-AH4.Parameters.UNOCHISP,AO:3007658
SRC-NAE5,NAE5/N2 Trunk 1.DX-AH4.Parameters.UNOCLODF,AO:3007661
SRC-NAE5,NAE5/N2 Trunk 1.DX-AH4.Parameters.UNOCLOSP,AO:3007660
SRC-NAE5,NAE5/N2 Trunk 1.DX-AH4.Parameters.ZN-SP,AO:3007612
SRC-NAE5,NAE5/N2 Trunk 1.DX-AH4.Parameters.ZNCC-DF,AO:3007613
SRC-NAE5,NAE5/N2 Trunk 1.DX-AH4.Parameters.ZNRHT-DF,AO:3007614
SRC-NAE5,NAE5/N2 Trunk 1.DX-AH4.PH-T,AI:3006818
SRC-NAE5,NAE5/N2 Trunk 1.DX-AH4.PHT-VLV,AO:3006836
SRC-NAE5,NAE5/N2 Trunk 1.DX-AH4.RA-D,AO:3006832
SRC-NAE5,NAE5/N2 Trunk 1.DX-AH4.RA-H,AI:3006824
SRC-NAE5,NAE5/N2 Trunk 1.DX-AH4.RA-PRS,AI:3006830
SRC-NAE5,NAE5/N2 Trunk 1.DX-AH4.RA-T,AI:3006810
SRC-NAE5,NAE5/N2 Trunk 1.DX-AH4.RHT-VLV,AO:3006838
SRC-NAE5,NAE5/N2 Trunk 1.DX-AH4.SA-T,AI:3006816
SRC-NAE5,NAE5/N2 Trunk 1.DX-AH4.SF-S,BI:3006934
SRC-NAE5,NAE5/N2 Trunk 1.DX-AH4.SF-SC,AO:3006842
SRC-NAE5,NAE5/N2 Trunk 1.DX-AH4.SF-SS,BO:3007314
SRC-NAE5,NAE5/N2 Trunk 1.DX-AH4.TEMP-LL,BI:3007308
SRC-NAE5,NAE5/N2 Trunk 1.DX-AH4.ZN-H,AI:3006822
SRC-NAE5,NAE5/N2 Trunk 1.DX-AH4.ZN-T,AI:3006820
SRC-NAE5,NAE5/N2 Trunk 1.DX-AH5.CC-T,AI:3006850
SRC-NAE5,NAE5/N2 Trunk 1.DX-AH5.CLG-VLV,AO:3006950
SRC-NAE5,NAE5/N2 Trunk 1.DX-AH5.CO2,AI:3006862
SRC-NAE5,NAE5/N2 Trunk 1.DX-AH5.DS-ALM,BI:3010755
SRC-NAE5,NAE5/N2 Trunk 1.DX-AH5.EF5-S,BI:3006959
SRC-NAE5,NAE5/N2 Trunk 1.DX-AH5.EF5-SC,AO:3006954
SRC-NAE5,NAE5/N2 Trunk 1.DX-AH5.EF5-SS,BO:3006972
SRC-NAE5,NAE5/N2 Trunk 1.DX-AH5.MA-PRS,AI:3006864
SRC-NAE5,NAE5/N2 Trunk 1.DX-AH5.MA-T,AI:3006848
SRC-NAE5,NAE5/N2 Trunk 1.DX-AH5.MINOA-D,BO:3006970
SRC-NAE5,NAE5/N2 Trunk 1.DX-AH5.OA-D,AO:3006944
SRC-NAE5,NAE5/N2 Trunk 1.DX-AH5.OA-T,AI:3006940
SRC-NAE5,NAE5/N2 Trunk 1.DX-AH5.Parameters.%AH10-SP,AO:3007669
SRC-NAE5,NAE5/N2 Trunk 1.DX-AH5.Parameters.AH10SF-SC,AO:3007670
SRC-NAE5,NAE5/N2 Trunk 1.DX-AH5.Parameters.CCRAH-OUT,AO:3007695
SRC-NAE5,NAE5/N2 Trunk 1.DX-AH5.Parameters.CCRAH-PB,AO:3007693
SRC-NAE5,NAE5/N2 Trunk 1.DX-AH5.Parameters.CCRAH-SP,AO:3007692
SRC-NAE5,NAE5/N2 Trunk 1.DX-AH5.Parameters.CCRAH-TI,AO:3007694
SRC-NAE5,NAE5/N2 Trunk 1.DX-AH5.Parameters.CCT-OUT,AO:3007699
SRC-NAE5,NAE5/N2 Trunk 1.DX-AH5.Parameters.CCT-PB,AO:3007697
SRC-NAE5,NAE5/N2 Trunk 1.DX-AH5.Parameters.CCT-SP,AO:3007696
SRC-NAE5,NAE5/N2 Trunk 1.DX-AH5.Parameters.CCT-TI,AO:3007698
SRC-NAE5,NAE5/N2 Trunk 1.DX-AH5.Parameters.CCZT-OUT,AO:3007691
SRC-NAE5,NAE5/N2 Trunk 1.DX-AH5.Parameters.CCZT-PB,AO:3007689
SRC-NAE5,NAE5/N2 Trunk 1.DX-AH5.Parameters.CCZT-TI,AO:3007690
SRC-NAE5,NAE5/N2 Trunk 1.DX-AH5.Parameters.CCZT-WSP,AO:3007688
SRC-NAE5,NAE5/N2 Trunk 1.DX-AH5.Parameters.CLGLK-DF,AO:3007711
SRC-NAE5,NAE5/N2 Trunk 1.DX-AH5.Parameters.CLGLK-SP,AO:3007710
SRC-NAE5,NAE5/N2 Trunk 1.DX-AH5.Parameters.CO2-OUT,AO:3007678
SRC-NAE5,NAE5/N2 Trunk 1.DX-AH5.Parameters.CO2-PB,AO:3007676
SRC-NAE5,NAE5/N2 Trunk 1.DX-AH5.Parameters.CO2-SP,AO:3007675
SRC-NAE5,NAE5/N2 Trunk 1.DX-AH5.Parameters.CO2-TI,AO:3007677
SRC-NAE5,NAE5/N2 Trunk 1.DX-AH5.Parameters.ECON-DF,AO:3007709
SRC-NAE5,NAE5/N2 Trunk 1.DX-AH5.Parameters.ECON-SP,AO:3007708
SRC-NAE5,NAE5/N2 Trunk 1.DX-AH5.Parameters.EF%SS-DF,AO:3007707
SRC-NAE5,NAE5/N2 Trunk 1.DX-AH5.Parameters.EF%SS-SP,AO:3007706
SRC-NAE5,NAE5/N2 Trunk 1.DX-AH5.Parameters.EFSC-PB,AO:3007704
SRC-NAE5,NAE5/N2 Trunk 1.DX-AH5.Parameters.EFSC-SP,AO:3007703
SRC-NAE5,NAE5/N2 Trunk 1.DX-AH5.Parameters.EFSC-TI,AO:3007705
SRC-NAE5,NAE5/N2 Trunk 1.DX-AH5.Parameters.OA-H,AO:3007665
SRC-NAE5,NAE5/N2 Trunk 1.DX-AH5.Parameters.OA-T,AO:3007664
SRC-NAE5,NAE5/N2 Trunk 1.DX-AH5.Parameters.OAD-OUT,AO:3007674
SRC-NAE5,NAE5/N2 Trunk 1.DX-AH5.Parameters.OAD-PB,AO:3007672
SRC-NAE5,NAE5/N2 Trunk 1.DX-AH5.Parameters.OAD-SP,AO:3007671
SRC-NAE5,NAE5/N2 Trunk 1.DX-AH5.Parameters.OAD-TI,AO:3007673
SRC-NAE5,NAE5/N2 Trunk 1.DX-AH5.Parameters.OCC-UNOC,BO:3007716
SRC-NAE5,NAE5/N2 Trunk 1.DX-AH5.Parameters.PHT-PB,AO:3007683
SRC-NAE5,NAE5/N2 Trunk 1.DX-AH5.Parameters.PHT-SP,AO:3007682
SRC-NAE5,NAE5/N2 Trunk 1.DX-AH5.Parameters.PHT-TI,AO:3007684
SRC-NAE5,NAE5/N2 Trunk 1.DX-AH5.Parameters.RAD-PB,AO:3007680
SRC-NAE5,NAE5/N2 Trunk 1.DX-AH5.Parameters.RAD-SP,AO:3007679
SRC-NAE5,NAE5/N2 Trunk 1.DX-AH5.Parameters.RAD-TI,AO:3007681
SRC-NAE5,NAE5/N2 Trunk 1.DX-AH5.Parameters.RHT-PB,AO:3007686
SRC-NAE5,NAE5/N2 Trunk 1.DX-AH5.Parameters.RHT-TI,AO:3007687
SRC-NAE5,NAE5/N2 Trunk 1.DX-AH5.Parameters.RHT-WSP,AO:3007685
SRC-NAE5,NAE5/N2 Trunk 1.DX-AH5.Parameters.SFSC-LOL,AO:3021025
SRC-NAE5,NAE5/N2 Trunk 1.DX-AH5.Parameters.SFSC-PB,AO:3007701
SRC-NAE5,NAE5/N2 Trunk 1.DX-AH5.Parameters.SFSC-TI,AO:3007702
SRC-NAE5,NAE5/N2 Trunk 1.DX-AH5.Parameters.SFSC-WSP,AO:3007700
SRC-NAE5,NAE5/N2 Trunk 1.DX-AH5.Parameters.UNOCHIDF,AO:3007713
SRC-NAE5,NAE5/N2 Trunk 1.DX-AH5.Parameters.UNOCHISP,AO:3007712
SRC-NAE5,NAE5/N2 Trunk 1.DX-AH5.Parameters.UNOCLODF,AO:3007715
SRC-NAE5,NAE5/N2 Trunk 1.DX-AH5.Parameters.UNOCLOSP,AO:3007714
SRC-NAE5,NAE5/N2 Trunk 1.DX-AH5.Parameters.ZN-SP,AO:3007666
SRC-NAE5,NAE5/N2 Trunk 1.DX-AH5.Parameters.ZNCC-DF,AO:3007667
SRC-NAE5,NAE5/N2 Trunk 1.DX-AH5.Parameters.ZNRHT-DF,AO:3007668
SRC-NAE5,NAE5/N2 Trunk 1.DX-AH5.PH-T,AI:3006854
SRC-NAE5,NAE5/N2 Trunk 1.DX-AH5.PHT-VLV,AO:3006946
SRC-NAE5,NAE5/N2 Trunk 1.DX-AH5.RA-D,AO:3006942
SRC-NAE5,NAE5/N2 Trunk 1.DX-AH5.RA-H,AI:3006860
SRC-NAE5,NAE5/N2 Trunk 1.DX-AH5.RA-PRS,AI:3006866
SRC-NAE5,NAE5/N2 Trunk 1.DX-AH5.RA-T,AI:3006846
SRC-NAE5,NAE5/N2 Trunk 1.DX-AH5.RHT-VLV,AO:3006948
SRC-NAE5,NAE5/N2 Trunk 1.DX-AH5.SA-T,AI:3006852
SRC-NAE5,NAE5/N2 Trunk 1.DX-AH5.SF-S,BI:3006956
SRC-NAE5,NAE5/N2 Trunk 1.DX-AH5.SF-SC,AO:3006952
SRC-NAE5,NAE5/N2 Trunk 1.DX-AH5.SF-SS,BO:3006968
SRC-NAE5,NAE5/N2 Trunk 1.DX-AH5.TEMP-LL,BI:3010752
SRC-NAE5,NAE5/N2 Trunk 1.DX-AH5.ZN-H,AI:3006858
SRC-NAE5,NAE5/N2 Trunk 1.DX-AH5.ZN-T,AI:3006856
SRC-NAE5,NAE5/N2 Trunk 1.DX-AH6.CLG-VLV,AO:3006894
SRC-NAE5,NAE5/N2 Trunk 1.DX-AH6.DS-ALM,BI:3006907
SRC-NAE5,NAE5/N2 Trunk 1.DX-AH6.MA-PRS,AI:3006880
SRC-NAE5,NAE5/N2 Trunk 1.DX-AH6.MA-T,AI:3006872
SRC-NAE5,NAE5/N2 Trunk 1.DX-AH6.MINOA-D,BO:3006912
SRC-NAE5,NAE5/N2 Trunk 1.DX-AH6.OA-D,AO:3006890
SRC-NAE5,NAE5/N2 Trunk 1.DX-AH6.Parameters.CLG-PB,AO:3007729
SRC-NAE5,NAE5/N2 Trunk 1.DX-AH6.Parameters.CLG-SP,AO:3007728
SRC-NAE5,NAE5/N2 Trunk 1.DX-AH6.Parameters.CLG-TI,AO:3007730
SRC-NAE5,NAE5/N2 Trunk 1.DX-AH6.Parameters.CLGLK-DF,AO:3007749
SRC-NAE5,NAE5/N2 Trunk 1.DX-AH6.Parameters.CLGLK-SP,AO:3007748
SRC-NAE5,NAE5/N2 Trunk 1.DX-AH6.Parameters.ECON-DF,AO:3007747
SRC-NAE5,NAE5/N2 Trunk 1.DX-AH6.Parameters.ECON-SP,AO:3007746
SRC-NAE5,NAE5/N2 Trunk 1.DX-AH6.Parameters.HTGLK-DF,AO:3007751
SRC-NAE5,NAE5/N2 Trunk 1.DX-AH6.Parameters.HTGLK-SP,AO:3007750
SRC-NAE5,NAE5/N2 Trunk 1.DX-AH6.Parameters.OA-H,AO:3007724
SRC-NAE5,NAE5/N2 Trunk 1.DX-AH6.Parameters.OA-T,AO:3007723
SRC-NAE5,NAE5/N2 Trunk 1.DX-AH6.Parameters.OAD-PB,AO:3007738
SRC-NAE5,NAE5/N2 Trunk 1.DX-AH6.Parameters.OAD-SP,AO:3007737
SRC-NAE5,NAE5/N2 Trunk 1.DX-AH6.Parameters.OAD-TI,AO:3007739
SRC-NAE5,NAE5/N2 Trunk 1.DX-AH6.Parameters.OADP-T,AO:3007725
SRC-NAE5,NAE5/N2 Trunk 1.DX-AH6.Parameters.OCC-UNOC,BO:3007756
SRC-NAE5,NAE5/N2 Trunk 1.DX-AH6.Parameters.PHT-PB,AO:3007732
SRC-NAE5,NAE5/N2 Trunk 1.DX-AH6.Parameters.PHT-SP,AO:3007731
SRC-NAE5,NAE5/N2 Trunk 1.DX-AH6.Parameters.PHT-TI,AO:3007733
SRC-NAE5,NAE5/N2 Trunk 1.DX-AH6.Parameters.RAD-PB,AO:3007741
SRC-NAE5,NAE5/N2 Trunk 1.DX-AH6.Parameters.RAD-SP,AO:3007740
SRC-NAE5,NAE5/N2 Trunk 1.DX-AH6.Parameters.RAD-TI,AO:3007742
SRC-NAE5,NAE5/N2 Trunk 1.DX-AH6.Parameters.RFD-PB,AO:3007735
SRC-NAE5,NAE5/N2 Trunk 1.DX-AH6.Parameters.RFD-SP,AO:3007734
SRC-NAE5,NAE5/N2 Trunk 1.DX-AH6.Parameters.RFD-TI,AO:3007736
SRC-NAE5,NAE5/N2 Trunk 1.DX-AH6.Parameters.SFSC-PB,AO:3007744
SRC-NAE5,NAE5/N2 Trunk 1.DX-AH6.Parameters.SFSC-SP,AO:3007743
SRC-NAE5,NAE5/N2 Trunk 1.DX-AH6.Parameters.SFSC-TI,AO:3007745
SRC-NAE5,NAE5/N2 Trunk 1.DX-AH6.Parameters.UNOCHIDF,AO:3007753
SRC-NAE5,NAE5/N2 Trunk 1.DX-AH6.Parameters.UNOCHISP,AO:3007752
SRC-NAE5,NAE5/N2 Trunk 1.DX-AH6.Parameters.UNOCLODF,AO:3007755
SRC-NAE5,NAE5/N2 Trunk 1.DX-AH6.Parameters.UNOCLOSP,AO:3007754
SRC-NAE5,NAE5/N2 Trunk 1.DX-AH6.Parameters.ZNHI-T,AO:3007726
SRC-NAE5,NAE5/N2 Trunk 1.DX-AH6.Parameters.ZNLO-T,AO:3007727
SRC-NAE5,NAE5/N2 Trunk 1.DX-AH6.PH-T,AI:3006876
SRC-NAE5,NAE5/N2 Trunk 1.DX-AH6.PHT-VLV,AO:3006892
SRC-NAE5,NAE5/N2 Trunk 1.DX-AH6.RA-D,AO:3006888
SRC-NAE5,NAE5/N2 Trunk 1.DX-AH6.RA-PRS,AI:3006882
SRC-NAE5,NAE5/N2 Trunk 1.DX-AH6.RA-T,AI:3006870
SRC-NAE5,NAE5/N2 Trunk 1.DX-AH6.RF-S,BI:3006901
SRC-NAE5,NAE5/N2 Trunk 1.DX-AH6.RLF-D,AO:3006886
SRC-NAE5,NAE5/N2 Trunk 1.DX-AH6.SA-T,AI:3006874
SRC-NAE5,NAE5/N2 Trunk 1.DX-AH6.SF-PRS,AI:3006878
SRC-NAE5,NAE5/N2 Trunk 1.DX-AH6.SF-S,BI:3006898
SRC-NAE5,NAE5/N2 Trunk 1.DX-AH6.SF-SC,AO:3006896
SRC-NAE5,NAE5/N2 Trunk 1.DX-AH6.SF-SS,BO:3006910
SRC-NAE5,NAE5/N2 Trunk 1.DX-AH6.TEMP-LL,BI:3006904
SRC-NAE5,NAE5/N2 Trunk 1.DX-AH6.ZNRA-PRS,AI:3006884
SRC-NAE5,NAE5/N2 Trunk 1.DX-AH7.CLG-VLV,AO:3006992
SRC-NAE5,NAE5/N2 Trunk 1.DX-AH7.DS-ALM,BI:3007011
SRC-NAE5,NAE5/N2 Trunk 1.DX-AH7.MA-PRS,AI:3006925
SRC-NAE5,NAE5/N2 Trunk 1.DX-AH7.MA-T,AI:3006917
SRC-NAE5,NAE5/N2 Trunk 1.DX-AH7.MINOA-D,BO:3007016
SRC-NAE5,NAE5/N2 Trunk 1.DX-AH7.OA-D,AO:3006988
SRC-NAE5,NAE5/N2 Trunk 1.DX-AH7.Parameters.CLG-PB,AO:3009580
SRC-NAE5,NAE5/N2 Trunk 1.DX-AH7.Parameters.CLG-SP,AO:3009579
SRC-NAE5,NAE5/N2 Trunk 1.DX-AH7.Parameters.CLG-TI,AO:3009581
SRC-NAE5,NAE5/N2 Trunk 1.DX-AH7.Parameters.CLGLK-DF,AO:3009594
SRC-NAE5,NAE5/N2 Trunk 1.DX-AH7.Parameters.CLGLK-SP,AO:3009593
SRC-NAE5,NAE5/N2 Trunk 1.DX-AH7.Parameters.ECON-DF,AO:3009592
SRC-NAE5,NAE5/N2 Trunk 1.DX-AH7.Parameters.ECON-SP,AO:3009591
SRC-NAE5,NAE5/N2 Trunk 1.DX-AH7.Parameters.HTGLK-DF,AO:3009596
SRC-NAE5,NAE5/N2 Trunk 1.DX-AH7.Parameters.HTGLK-SP,AO:3009595
SRC-NAE5,NAE5/N2 Trunk 1.DX-AH7.Parameters.OA-H,AO:3009560
SRC-NAE5,NAE5/N2 Trunk 1.DX-AH7.Parameters.OA-T,AO:3009559
SRC-NAE5,NAE5/N2 Trunk 1.DX-AH7.Parameters.OAD-PB,AO:3009574
SRC-NAE5,NAE5/N2 Trunk 1.DX-AH7.Parameters.OAD-SP,AO:3009573
SRC-NAE5,NAE5/N2 Trunk 1.DX-AH7.Parameters.OAD-TI,AO:3009575
SRC-NAE5,NAE5/N2 Trunk 1.DX-AH7.Parameters.OADP-T,AO:3009561
SRC-NAE5,NAE5/N2 Trunk 1.DX-AH7.Parameters.OCC-UNOC,BO:3009601
SRC-NAE5,NAE5/N2 Trunk 1.DX-AH7.Parameters.PHT-PB,AO:3009577
SRC-NAE5,NAE5/N2 Trunk 1.DX-AH7.Parameters.PHT-SP,AO:3009576
SRC-NAE5,NAE5/N2 Trunk 1.DX-AH7.Parameters.PHT-TI,AO:3009578
SRC-NAE5,NAE5/N2 Trunk 1.DX-AH7.Parameters.RAD-PB,AO:3009571
SRC-NAE5,NAE5/N2 Trunk 1.DX-AH7.Parameters.RAD-SP,AO:3009570
SRC-NAE5,NAE5/N2 Trunk 1.DX-AH7.Parameters.RAD-TI,AO:3009572
SRC-NAE5,NAE5/N2 Trunk 1.DX-AH7.Parameters.RHT2-PB,AO:3009586
SRC-NAE5,NAE5/N2 Trunk 1.DX-AH7.Parameters.RHT2-SP,AO:3009585
SRC-NAE5,NAE5/N2 Trunk 1.DX-AH7.Parameters.RHT2-TI,AO:3009587
SRC-NAE5,NAE5/N2 Trunk 1.DX-AH7.Parameters.RHT3-PB,AO:3009589
SRC-NAE5,NAE5/N2 Trunk 1.DX-AH7.Parameters.RHT3-SP,AO:3009588
SRC-NAE5,NAE5/N2 Trunk 1.DX-AH7.Parameters.RHT3-TI,AO:3009590
SRC-NAE5,NAE5/N2 Trunk 1.DX-AH7.Parameters.RLF-PB,AO:3009568
SRC-NAE5,NAE5/N2 Trunk 1.DX-AH7.Parameters.RLF-SP,AO:3009567
SRC-NAE5,NAE5/N2 Trunk 1.DX-AH7.Parameters.RLF-TI,AO:3009569
SRC-NAE5,NAE5/N2 Trunk 1.DX-AH7.Parameters.SFSC-PB,AO:3009565
SRC-NAE5,NAE5/N2 Trunk 1.DX-AH7.Parameters.SFSC-SP,AO:3009564
SRC-NAE5,NAE5/N2 Trunk 1.DX-AH7.Parameters.SFSC-TI,AO:3009566
SRC-NAE5,NAE5/N2 Trunk 1.DX-AH7.Parameters.UNOCHIDF,AO:3009598
SRC-NAE5,NAE5/N2 Trunk 1.DX-AH7.Parameters.UNOCHISP,AO:3009597
SRC-NAE5,NAE5/N2 Trunk 1.DX-AH7.Parameters.UNOCLODF,AO:3009600
SRC-NAE5,NAE5/N2 Trunk 1.DX-AH7.Parameters.UNOCLOSP,AO:3009599
SRC-NAE5,NAE5/N2 Trunk 1.DX-AH7.Parameters.ZN2D-PB,AO:3009583
SRC-NAE5,NAE5/N2 Trunk 1.DX-AH7.Parameters.ZN2D-SP,AO:3009582
SRC-NAE5,NAE5/N2 Trunk 1.DX-AH7.Parameters.ZN2D-TI,AO:3009584
SRC-NAE5,NAE5/N2 Trunk 1.DX-AH7.Parameters.ZNHI-T,AO:3009562
SRC-NAE5,NAE5/N2 Trunk 1.DX-AH7.Parameters.ZNLO-T,AO:3009563
SRC-NAE5,NAE5/N2 Trunk 1.DX-AH7.PH-T,AI:3006921
SRC-NAE5,NAE5/N2 Trunk 1.DX-AH7.PHT-VLV,AO:3006990
SRC-NAE5,NAE5/N2 Trunk 1.DX-AH7.RA-D,AO:3006986
SRC-NAE5,NAE5/N2 Trunk 1.DX-AH7.RA-PRS,AI:3006927
SRC-NAE5,NAE5/N2 Trunk 1.DX-AH7.RA-T,AI:3006915
SRC-NAE5,NAE5/N2 Trunk 1.DX-AH7.RF-S,BI:3007005
SRC-NAE5,NAE5/N2 Trunk 1.DX-AH7.RLF-D,AO:3006984
SRC-NAE5,NAE5/N2 Trunk 1.DX-AH7.SA-T,AI:3006919
SRC-NAE5,NAE5/N2 Trunk 1.DX-AH7.SF-PRS,AI:3006923
SRC-NAE5,NAE5/N2 Trunk 1.DX-AH7.SF-S,BI:3007002
SRC-NAE5,NAE5/N2 Trunk 1.DX-AH7.SF-SC,AO:3006994
SRC-NAE5,NAE5/N2 Trunk 1.DX-AH7.SF-SS,BO:3007014
SRC-NAE5,NAE5/N2 Trunk 1.DX-AH7.TEMP-LL,BI:3007008
SRC-NAE5,NAE5/N2 Trunk 1.DX-AH7.ZN2-D,AO:3007000
SRC-NAE5,NAE5/N2 Trunk 1.DX-AH7.ZN2-DAT,AI:3006974
SRC-NAE5,NAE5/N2 Trunk 1.DX-AH7.ZN2-PRS,AI:3006982
SRC-NAE5,NAE5/N2 Trunk 1.DX-AH7.ZN2-RHT,AO:3006996
SRC-NAE5,NAE5/N2 Trunk 1.DX-AH7.ZN2-T,AI:3006976
SRC-NAE5,NAE5/N2 Trunk 1.DX-AH7.ZN3-DAT,AI:3006978
SRC-NAE5,NAE5/N2 Trunk 1.DX-AH7.ZN3-RHT,AO:3006998
SRC-NAE5,NAE5/N2 Trunk 1.DX-AH7.ZN3-T,AI:3006980
SRC-NAE5,NAE5/N2 Trunk 1.DX-AH7.ZNRA-PRS,AI:3006929
SRC-NAE5,NAE5/N2 Trunk 1.DX-AH8.CC-T,AI:3007023
SRC-NAE5,NAE5/N2 Trunk 1.DX-AH8.CLG-VLV,AO:3007048
SRC-NAE5,NAE5/N2 Trunk 1.DX-AH8.DS-ALM,BI:3007063
SRC-NAE5,NAE5/N2 Trunk 1.DX-AH8.MA-PRS,AI:3007034
SRC-NAE5,NAE5/N2 Trunk 1.DX-AH8.MA-T,AI:3007021
SRC-NAE5,NAE5/N2 Trunk 1.DX-AH8.MINOA-D,BO:3007068
SRC-NAE5,NAE5/N2 Trunk 1.DX-AH8.OA-D,AO:3007042
SRC-NAE5,NAE5/N2 Trunk 1.DX-AH8.Parameters.CCRH-OUT,AO:3009631
SRC-NAE5,NAE5/N2 Trunk 1.DX-AH8.Parameters.CCRH-PB,AO:3009629
SRC-NAE5,NAE5/N2 Trunk 1.DX-AH8.Parameters.CCRH-SP,AO:3009628
SRC-NAE5,NAE5/N2 Trunk 1.DX-AH8.Parameters.CCRH-TI,AO:3009630
SRC-NAE5,NAE5/N2 Trunk 1.DX-AH8.Parameters.CCT-OUT,AO:3009635
SRC-NAE5,NAE5/N2 Trunk 1.DX-AH8.Parameters.CCT-PB,AO:3009633
SRC-NAE5,NAE5/N2 Trunk 1.DX-AH8.Parameters.CCT-TI,AO:3009634
SRC-NAE5,NAE5/N2 Trunk 1.DX-AH8.Parameters.CCT-WSP,AO:3009632
SRC-NAE5,NAE5/N2 Trunk 1.DX-AH8.Parameters.CCZT-OUT,AO:3009627
SRC-NAE5,NAE5/N2 Trunk 1.DX-AH8.Parameters.CCZT-PB,AO:3009625
SRC-NAE5,NAE5/N2 Trunk 1.DX-AH8.Parameters.CCZT-TI,AO:3009626
SRC-NAE5,NAE5/N2 Trunk 1.DX-AH8.Parameters.CCZT-WSP,AO:3009624
SRC-NAE5,NAE5/N2 Trunk 1.DX-AH8.Parameters.CLGLK-DF,AO:3009642
SRC-NAE5,NAE5/N2 Trunk 1.DX-AH8.Parameters.CLGLK-SP,AO:3009641
SRC-NAE5,NAE5/N2 Trunk 1.DX-AH8.Parameters.ECON-DF,AO:3009640
SRC-NAE5,NAE5/N2 Trunk 1.DX-AH8.Parameters.ECON-SP,AO:3009639
SRC-NAE5,NAE5/N2 Trunk 1.DX-AH8.Parameters.OA-H,AO:3009605
SRC-NAE5,NAE5/N2 Trunk 1.DX-AH8.Parameters.OA-T,AO:3009604
SRC-NAE5,NAE5/N2 Trunk 1.DX-AH8.Parameters.OAD-PB,AO:3009616
SRC-NAE5,NAE5/N2 Trunk 1.DX-AH8.Parameters.OAD-SP,AO:3009615
SRC-NAE5,NAE5/N2 Trunk 1.DX-AH8.Parameters.OAD-TI,AO:3009617
SRC-NAE5,NAE5/N2 Trunk 1.DX-AH8.Parameters.OCC-UNOC,BO:3009649
SRC-NAE5,NAE5/N2 Trunk 1.DX-AH8.Parameters.PHT-PB,AO:3009619
SRC-NAE5,NAE5/N2 Trunk 1.DX-AH8.Parameters.PHT-SP,AO:3009618
SRC-NAE5,NAE5/N2 Trunk 1.DX-AH8.Parameters.PHT-TI,AO:3009620
SRC-NAE5,NAE5/N2 Trunk 1.DX-AH8.Parameters.PHTLK-DF,AO:3009644
SRC-NAE5,NAE5/N2 Trunk 1.DX-AH8.Parameters.PHTLK-SP,AO:3009643
SRC-NAE5,NAE5/N2 Trunk 1.DX-AH8.Parameters.RAD-PB,AO:3009613
SRC-NAE5,NAE5/N2 Trunk 1.DX-AH8.Parameters.RAD-SP,AO:3009612
SRC-NAE5,NAE5/N2 Trunk 1.DX-AH8.Parameters.RAD-TI,AO:3009614
SRC-NAE5,NAE5/N2 Trunk 1.DX-AH8.Parameters.RFD-PB,AO:3009610
SRC-NAE5,NAE5/N2 Trunk 1.DX-AH8.Parameters.RFD-SP,AO:3009609
SRC-NAE5,NAE5/N2 Trunk 1.DX-AH8.Parameters.RFD-TI,AO:3009611
SRC-NAE5,NAE5/N2 Trunk 1.DX-AH8.Parameters.RHT-PB,AO:3009622
SRC-NAE5,NAE5/N2 Trunk 1.DX-AH8.Parameters.RHT-TI,AO:3009623
SRC-NAE5,NAE5/N2 Trunk 1.DX-AH8.Parameters.RHT-WSP,AO:3009621
SRC-NAE5,NAE5/N2 Trunk 1.DX-AH8.Parameters.SFSC-PB,AO:3009637
SRC-NAE5,NAE5/N2 Trunk 1.DX-AH8.Parameters.SFSC-TI,AO:3009638
SRC-NAE5,NAE5/N2 Trunk 1.DX-AH8.Parameters.SFSC-WSP,AO:3009636
SRC-NAE5,NAE5/N2 Trunk 1.DX-AH8.Parameters.UNOCHIDF,AO:3009646
SRC-NAE5,NAE5/N2 Trunk 1.DX-AH8.Parameters.UNOCHISP,AO:3009645
SRC-NAE5,NAE5/N2 Trunk 1.DX-AH8.Parameters.UNOCLODF,AO:3009648
SRC-NAE5,NAE5/N2 Trunk 1.DX-AH8.Parameters.UNOCLOSP,AO:3009647
SRC-NAE5,NAE5/N2 Trunk 1.DX-AH8.Parameters.ZN-SP,AO:3009606
SRC-NAE5,NAE5/N2 Trunk 1.DX-AH8.Parameters.ZNCC-DF,AO:3009607
SRC-NAE5,NAE5/N2 Trunk 1.DX-AH8.Parameters.ZNRHT-DF,AO:3009608
SRC-NAE5,NAE5/N2 Trunk 1.DX-AH8.PH-T,AI:3007027
SRC-NAE5,NAE5/N2 Trunk 1.DX-AH8.PHT-VLV,AO:3007044
SRC-NAE5,NAE5/N2 Trunk 1.DX-AH8.RA-D,AO:3007040
SRC-NAE5,NAE5/N2 Trunk 1.DX-AH8.RA-PRS,AI:3007036
SRC-NAE5,NAE5/N2 Trunk 1.DX-AH8.RA-T,AI:3007019
SRC-NAE5,NAE5/N2 Trunk 1.DX-AH8.RF-S,BI:3007057
SRC-NAE5,NAE5/N2 Trunk 1.DX-AH8.RF-SC,AO:3007052
SRC-NAE5,NAE5/N2 Trunk 1.DX-AH8.RHT-VLV,AO:3007046
SRC-NAE5,NAE5/N2 Trunk 1.DX-AH8.RLF-D,AO:3007038
SRC-NAE5,NAE5/N2 Trunk 1.DX-AH8.SA-T,AI:3007025
SRC-NAE5,NAE5/N2 Trunk 1.DX-AH8.SF-S,BI:3007054
SRC-NAE5,NAE5/N2 Trunk 1.DX-AH8.SF-SC,AO:3007050
SRC-NAE5,NAE5/N2 Trunk 1.DX-AH8.SF-SS,BO:3007066
SRC-NAE5,NAE5/N2 Trunk 1.DX-AH8.TEMP-LL,BI:3007060
SRC-NAE5,NAE5/N2 Trunk 1.DX-AH8.ZN-H,AI:3007031
SRC-NAE5,NAE5/N2 Trunk 1.DX-AH8.ZN-T,AI:3007029
SRC-NAE5,NAE5/N2 Trunk 1.DX-AH9.CLG-VLV,AO:3007095
SRC-NAE5,NAE5/N2 Trunk 1.DX-AH9.DS-ALM,BI:3007108
SRC-NAE5,NAE5/N2 Trunk 1.DX-AH9.MA-PRS,AI:3007081
SRC-NAE5,NAE5/N2 Trunk 1.DX-AH9.MA-T,AI:3007073
SRC-NAE5,NAE5/N2 Trunk 1.DX-AH9.MINOA-D,BO:3007113
SRC-NAE5,NAE5/N2 Trunk 1.DX-AH9.OA-D,AO:3007091
SRC-NAE5,NAE5/N2 Trunk 1.DX-AH9.Parameters.CLG-PB,AO:3009658
SRC-NAE5,NAE5/N2 Trunk 1.DX-AH9.Parameters.CLG-SP,AO:3009657
SRC-NAE5,NAE5/N2 Trunk 1.DX-AH9.Parameters.CLG-TI,AO:3009659
SRC-NAE5,NAE5/N2 Trunk 1.DX-AH9.Parameters.CLGLK-DF,AO:3009678
SRC-NAE5,NAE5/N2 Trunk 1.DX-AH9.Parameters.CLGLK-SP,AO:3009677
SRC-NAE5,NAE5/N2 Trunk 1.DX-AH9.Parameters.ECON-DF,AO:3009676
SRC-NAE5,NAE5/N2 Trunk 1.DX-AH9.Parameters.ECON-SP,AO:3009675
SRC-NAE5,NAE5/N2 Trunk 1.DX-AH9.Parameters.HTGLK-DF,AO:3009680
SRC-NAE5,NAE5/N2 Trunk 1.DX-AH9.Parameters.HTGLK-SP,AO:3009679
SRC-NAE5,NAE5/N2 Trunk 1.DX-AH9.Parameters.OA-H,AO:3009653
SRC-NAE5,NAE5/N2 Trunk 1.DX-AH9.Parameters.OA-T,AO:3009652
SRC-NAE5,NAE5/N2 Trunk 1.DX-AH9.Parameters.OAD-PB,AO:3009667
SRC-NAE5,NAE5/N2 Trunk 1.DX-AH9.Parameters.OAD-SP,AO:3009666
SRC-NAE5,NAE5/N2 Trunk 1.DX-AH9.Parameters.OAD-TI,AO:3009668
SRC-NAE5,NAE5/N2 Trunk 1.DX-AH9.Parameters.OADP-T,AO:3009654
SRC-NAE5,NAE5/N2 Trunk 1.DX-AH9.Parameters.OCC-UNOC,BO:3009685
SRC-NAE5,NAE5/N2 Trunk 1.DX-AH9.Parameters.PHT-PB,AO:3009661
SRC-NAE5,NAE5/N2 Trunk 1.DX-AH9.Parameters.PHT-SP,AO:3009660
SRC-NAE5,NAE5/N2 Trunk 1.DX-AH9.Parameters.PHT-TI,AO:3009662
SRC-NAE5,NAE5/N2 Trunk 1.DX-AH9.Parameters.RAD-PB,AO:3009670
SRC-NAE5,NAE5/N2 Trunk 1.DX-AH9.Parameters.RAD-SP,AO:3009669
SRC-NAE5,NAE5/N2 Trunk 1.DX-AH9.Parameters.RAD-TI,AO:3009671
SRC-NAE5,NAE5/N2 Trunk 1.DX-AH9.Parameters.RFD-PB,AO:3009664
SRC-NAE5,NAE5/N2 Trunk 1.DX-AH9.Parameters.RFD-SP,AO:3009663
SRC-NAE5,NAE5/N2 Trunk 1.DX-AH9.Parameters.RFD-TI,AO:3009665
SRC-NAE5,NAE5/N2 Trunk 1.DX-AH9.Parameters.SFSC-PB,AO:3009673
SRC-NAE5,NAE5/N2 Trunk 1.DX-AH9.Parameters.SFSC-SP,AO:3009672
SRC-NAE5,NAE5/N2 Trunk 1.DX-AH9.Parameters.SFSC-TI,AO:3009674
SRC-NAE5,NAE5/N2 Trunk 1.DX-AH9.Parameters.UNOCHIDF,AO:3009682
SRC-NAE5,NAE5/N2 Trunk 1.DX-AH9.Parameters.UNOCHISP,AO:3009681
SRC-NAE5,NAE5/N2 Trunk 1.DX-AH9.Parameters.UNOCLODF,AO:3009684
SRC-NAE5,NAE5/N2 Trunk 1.DX-AH9.Parameters.UNOCLOSP,AO:3009683
SRC-NAE5,NAE5/N2 Trunk 1.DX-AH9.Parameters.ZNHI-T,AO:3009655
SRC-NAE5,NAE5/N2 Trunk 1.DX-AH9.Parameters.ZNLO-T,AO:3009656
SRC-NAE5,NAE5/N2 Trunk 1.DX-AH9.PH-T,AI:3007077
SRC-NAE5,NAE5/N2 Trunk 1.DX-AH9.PHT-VLV,AO:3007093
SRC-NAE5,NAE5/N2 Trunk 1.DX-AH9.RA-D,AO:3007089
SRC-NAE5,NAE5/N2 Trunk 1.DX-AH9.RA-PRS,AI:3007083
SRC-NAE5,NAE5/N2 Trunk 1.DX-AH9.RA-T,AI:3007071
SRC-NAE5,NAE5/N2 Trunk 1.DX-AH9.RF-S,BI:3007102
SRC-NAE5,NAE5/N2 Trunk 1.DX-AH9.RLF-D,AO:3007087
SRC-NAE5,NAE5/N2 Trunk 1.DX-AH9.SA-T,AI:3007075
SRC-NAE5,NAE5/N2 Trunk 1.DX-AH9.SF-PRS,AI:3007079
SRC-NAE5,NAE5/N2 Trunk 1.DX-AH9.SF-S,BI:3007099
SRC-NAE5,NAE5/N2 Trunk 1.DX-AH9.SF-SC,AO:3007097
SRC-NAE5,NAE5/N2 Trunk 1.DX-AH9.SF-SS,BO:3007111
SRC-NAE5,NAE5/N2 Trunk 1.DX-AH9.TEMP-LL,BI:3007105
SRC-NAE5,NAE5/N2 Trunk 1.DX-AH9.ZNRA-PRS,AI:3007085
SRC-NAE5,NAE5/N2 Trunk 1.DX-AH10.CC-T,AI:3007121
SRC-NAE5,NAE5/N2 Trunk 1.DX-AH10.CLG-VLV,AO:3007143
SRC-NAE5,NAE5/N2 Trunk 1.DX-AH10.EF10-S,BI:3007152
SRC-NAE5,NAE5/N2 Trunk 1.DX-AH10.EF10-SC,AO:3007147
SRC-NAE5,NAE5/N2 Trunk 1.DX-AH10.EF10-SS,BO:3007337
SRC-NAE5,NAE5/N2 Trunk 1.DX-AH10.EF30-S,BI:3007332
SRC-NAE5,NAE5/N2 Trunk 1.DX-AH10.EF30-SS,BO:3007339
SRC-NAE5,NAE5/N2 Trunk 1.DX-AH10.HS-ALM,BI:3007155
SRC-NAE5,NAE5/N2 Trunk 1.DX-AH10.HTG-VLV,AO:3007141
SRC-NAE5,NAE5/N2 Trunk 1.DX-AH10.Parameters.CCT-OUT,AO:3012112
SRC-NAE5,NAE5/N2 Trunk 1.DX-AH10.Parameters.CCT-PB,AO:3009691
SRC-NAE5,NAE5/N2 Trunk 1.DX-AH10.Parameters.CCT-SP,AO:3009690
SRC-NAE5,NAE5/N2 Trunk 1.DX-AH10.Parameters.CCT-TI,AO:3009692
SRC-NAE5,NAE5/N2 Trunk 1.DX-AH10.Parameters.CCZH-OUT,AO:3012114
SRC-NAE5,NAE5/N2 Trunk 1.DX-AH10.Parameters.CCZH-PB,AO:3009697
SRC-NAE5,NAE5/N2 Trunk 1.DX-AH10.Parameters.CCZH-SP,AO:3009696
SRC-NAE5,NAE5/N2 Trunk 1.DX-AH10.Parameters.CCZH-TI,AO:3009698
SRC-NAE5,NAE5/N2 Trunk 1.DX-AH10.Parameters.CCZT-OUT,AO:3012113
SRC-NAE5,NAE5/N2 Trunk 1.DX-AH10.Parameters.CCZT-PB,AO:3009694
SRC-NAE5,NAE5/N2 Trunk 1.DX-AH10.Parameters.CCZT-SP,AO:3009693
SRC-NAE5,NAE5/N2 Trunk 1.DX-AH10.Parameters.CCZT-TI,AO:3009695
SRC-NAE5,NAE5/N2 Trunk 1.DX-AH10.Parameters.CLGLK-DF,AO:3009704
SRC-NAE5,NAE5/N2 Trunk 1.DX-AH10.Parameters.CLGLK-SP,AO:3009703
SRC-NAE5,NAE5/N2 Trunk 1.DX-AH10.Parameters.HTG-OUT,AO:3012115
SRC-NAE5,NAE5/N2 Trunk 1.DX-AH10.Parameters.HTG-PB,AO:3009701
SRC-NAE5,NAE5/N2 Trunk 1.DX-AH10.Parameters.HTG-TI,AO:3009702
SRC-NAE5,NAE5/N2 Trunk 1.DX-AH10.Parameters.HTG-WSP,AO:3009699
SRC-NAE5,NAE5/N2 Trunk 1.DX-AH10.Parameters.HTGSP-DF,AO:3009700
SRC-NAE5,NAE5/N2 Trunk 1.DX-AH10.Parameters.OA-H,AO:3009689
SRC-NAE5,NAE5/N2 Trunk 1.DX-AH10.Parameters.OA-T,AO:3009688
SRC-NAE5,NAE5/N2 Trunk 1.DX-AH10.Parameters.OCC-UNOC,BO:3009713
SRC-NAE5,NAE5/N2 Trunk 1.DX-AH10.Parameters.SYS-STRT,BO:3009714
SRC-NAE5,NAE5/N2 Trunk 1.DX-AH10.Parameters.ZN1-MULT,AO:3012116
SRC-NAE5,NAE5/N2 Trunk 1.DX-AH10.Parameters.ZN2-MULT,AO:3012117
SRC-NAE5,NAE5/N2 Trunk 1.DX-AH10.Parameters.ZN3-MULT,AO:3012118
SRC-NAE5,NAE5/N2 Trunk 1.DX-AH10.Parameters.ZN4-MULT,AO:3012119
SRC-NAE5,NAE5/N2 Trunk 1.DX-AH10.Parameters.ZN5-MULT,AO:3012120
SRC-NAE5,NAE5/N2 Trunk 1.DX-AH10.Parameters.ZN6-MULT,AO:3012121
SRC-NAE5,NAE5/N2 Trunk 1.DX-AH10.Parameters.ZN7-MULT,AO:3012122
SRC-NAE5,NAE5/N2 Trunk 1.DX-AH10.RA-T,AI:3007116
SRC-NAE5,NAE5/N2 Trunk 1.DX-AH10.SA-T,AI:3007119
SRC-NAE5,NAE5/N2 Trunk 1.DX-AH10.SF-S,BI:3007149
SRC-NAE5,NAE5/N2 Trunk 1.DX-AH10.SF-SC,AO:3007145
SRC-NAE5,NAE5/N2 Trunk 1.DX-AH10.SF-SS,BO:3007335
SRC-NAE5,NAE5/N2 Trunk 1.DX-AH10.ZN1-H,AI:3007137
SRC-NAE5,NAE5/N2 Trunk 1.DX-AH10.ZN1-T,AI:3007123
SRC-NAE5,NAE5/N2 Trunk 1.DX-AH10.ZN2-H,AI:3007139
SRC-NAE5,NAE5/N2 Trunk 1.DX-AH10.ZN2-T,AI:3007125
SRC-NAE5,NAE5/N2 Trunk 1.DX-AH10.ZN3-T,AI:3007127
SRC-NAE5,NAE5/N2 Trunk 1.DX-AH10.ZN4-T,AI:3007129
SRC-NAE5,NAE5/N2 Trunk 1.DX-AH10.ZN5-T,AI:3007131
SRC-NAE5,NAE5/N2 Trunk 1.DX-AH10.ZN6-T,AI:3007133
SRC-NAE5,NAE5/N2 Trunk 1.DX-AH10.ZN7-T,AI:3007135
SRC-NAE5,NAE5/N2 Trunk 1.DX-AH11.CLG-VLV,AO:3007183
SRC-NAE5,NAE5/N2 Trunk 1.DX-AH11.DS-ALM,BI:3007196
SRC-NAE5,NAE5/N2 Trunk 1.DX-AH11.FA-ALM,BI:3007322
SRC-NAE5,NAE5/N2 Trunk 1.DX-AH11.FA-TRBL,BI:3007325
SRC-NAE5,NAE5/N2 Trunk 1.DX-AH11.MA-PRS,AI:3007169
SRC-NAE5,NAE5/N2 Trunk 1.DX-AH11.MA-T,AI:3007161
SRC-NAE5,NAE5/N2 Trunk 1.DX-AH11.MINOA-D,BO:3007330
SRC-NAE5,NAE5/N2 Trunk 1.DX-AH11.OA-D,AO:3007179
SRC-NAE5,NAE5/N2 Trunk 1.DX-AH11.Parameters.CLG-PB,AO:3009723
SRC-NAE5,NAE5/N2 Trunk 1.DX-AH11.Parameters.CLG-SP,AO:3009722
SRC-NAE5,NAE5/N2 Trunk 1.DX-AH11.Parameters.CLG-TI,AO:3009724
SRC-NAE5,NAE5/N2 Trunk 1.DX-AH11.Parameters.CLGLK-DF,AO:3009743
SRC-NAE5,NAE5/N2 Trunk 1.DX-AH11.Parameters.CLGLK-SP,AO:3009742
SRC-NAE5,NAE5/N2 Trunk 1.DX-AH11.Parameters.ECON-DF,AO:3009741
SRC-NAE5,NAE5/N2 Trunk 1.DX-AH11.Parameters.ECON-SP,AO:3009740
SRC-NAE5,NAE5/N2 Trunk 1.DX-AH11.Parameters.HTGLK-DF,AO:3009745
SRC-NAE5,NAE5/N2 Trunk 1.DX-AH11.Parameters.HTGLK-SP,AO:3009744
SRC-NAE5,NAE5/N2 Trunk 1.DX-AH11.Parameters.OA-H,AO:3009718
SRC-NAE5,NAE5/N2 Trunk 1.DX-AH11.Parameters.OA-T,AO:3009717
SRC-NAE5,NAE5/N2 Trunk 1.DX-AH11.Parameters.OAD-PB,AO:3009732
SRC-NAE5,NAE5/N2 Trunk 1.DX-AH11.Parameters.OAD-SP,AO:3009731
SRC-NAE5,NAE5/N2 Trunk 1.DX-AH11.Parameters.OAD-TI,AO:3009733
SRC-NAE5,NAE5/N2 Trunk 1.DX-AH11.Parameters.OADP-T,AO:3009719
SRC-NAE5,NAE5/N2 Trunk 1.DX-AH11.Parameters.OCC-UNOC,BO:3009750
SRC-NAE5,NAE5/N2 Trunk 1.DX-AH11.Parameters.PHT-PB,AO:3009726
SRC-NAE5,NAE5/N2 Trunk 1.DX-AH11.Parameters.PHT-SP,AO:3009725
SRC-NAE5,NAE5/N2 Trunk 1.DX-AH11.Parameters.PHT-TI,AO:3009727
SRC-NAE5,NAE5/N2 Trunk 1.DX-AH11.Parameters.RAD-PB,AO:3009735
SRC-NAE5,NAE5/N2 Trunk 1.DX-AH11.Parameters.RAD-SP,AO:3009734
SRC-NAE5,NAE5/N2 Trunk 1.DX-AH11.Parameters.RAD-TI,AO:3009736
SRC-NAE5,NAE5/N2 Trunk 1.DX-AH11.Parameters.RFD-PB,AO:3009729
SRC-NAE5,NAE5/N2 Trunk 1.DX-AH11.Parameters.RFD-SP,AO:3009728
SRC-NAE5,NAE5/N2 Trunk 1.DX-AH11.Parameters.RFD-TI,AO:3009730
SRC-NAE5,NAE5/N2 Trunk 1.DX-AH11.Parameters.SFSC-PB,AO:3009738
SRC-NAE5,NAE5/N2 Trunk 1.DX-AH11.Parameters.SFSC-SP,AO:3009737
SRC-NAE5,NAE5/N2 Trunk 1.DX-AH11.Parameters.SFSC-TI,AO:3009739
SRC-NAE5,NAE5/N2 Trunk 1.DX-AH11.Parameters.UNOCHIDF,AO:3009747
SRC-NAE5,NAE5/N2 Trunk 1.DX-AH11.Parameters.UNOCHISP,AO:3009746
SRC-NAE5,NAE5/N2 Trunk 1.DX-AH11.Parameters.UNOCLODF,AO:3009749
SRC-NAE5,NAE5/N2 Trunk 1.DX-AH11.Parameters.UNOCLOSP,AO:3009748
SRC-NAE5,NAE5/N2 Trunk 1.DX-AH11.Parameters.ZNHI-T,AO:3009720
SRC-NAE5,NAE5/N2 Trunk 1.DX-AH11.Parameters.ZNLO-T,AO:3009721
SRC-NAE5,NAE5/N2 Trunk 1.DX-AH11.PH-T,AI:3007165
SRC-NAE5,NAE5/N2 Trunk 1.DX-AH11.PHT-VLV,AO:3007181
SRC-NAE5,NAE5/N2 Trunk 1.DX-AH11.RA-D,AO:3007177
SRC-NAE5,NAE5/N2 Trunk 1.DX-AH11.RA-PRS,AI:3007171
SRC-NAE5,NAE5/N2 Trunk 1.DX-AH11.RA-T,AI:3007159
SRC-NAE5,NAE5/N2 Trunk 1.DX-AH11.RF-S,BI:3007190
SRC-NAE5,NAE5/N2 Trunk 1.DX-AH11.RLF-D,AO:3007175
SRC-NAE5,NAE5/N2 Trunk 1.DX-AH11.SA-T,AI:3007163
SRC-NAE5,NAE5/N2 Trunk 1.DX-AH11.SF-PRS,AI:3007167
SRC-NAE5,NAE5/N2 Trunk 1.DX-AH11.SF-S,BI:3007187
SRC-NAE5,NAE5/N2 Trunk 1.DX-AH11.SF-SC,AO:3007185
SRC-NAE5,NAE5/N2 Trunk 1.DX-AH11.SF-SS,BO:3007328
SRC-NAE5,NAE5/N2 Trunk 1.DX-AH11.SMH305-A,BI:3016286
SRC-NAE5,NAE5/N2 Trunk 1.DX-AH11.SMH306-A,BI:3016289
SRC-NAE5,NAE5/N2 Trunk 1.DX-AH11.SMH307-A,BI:3016292
SRC-NAE5,NAE5/N2 Trunk 1.DX-AH11.SMH357-A,BI:3016280
SRC-NAE5,NAE5/N2 Trunk 1.DX-AH11.STPS-01-A,BI:3025409
SRC-NAE5,NAE5/N2 Trunk 1.DX-AH11.TEMP-LL,BI:3007193
SRC-NAE5,NAE5/N2 Trunk 1.DX-AH11.ZNRA-PRS,AI:3007173
SRC-NAE5,NAE5/N2 Trunk 1.DX-AH12.CLG-VLV,AO:3007224
SRC-NAE5,NAE5/N2 Trunk 1.DX-AH12.DS-ALM,BI:3007237
SRC-NAE5,NAE5/N2 Trunk 1.DX-AH12.EF15-OCC,BI:3007347
SRC-NAE5,NAE5/N2 Trunk 1.DX-AH12.EF15-S,BI:3007350
SRC-NAE5,NAE5/N2 Trunk 1.DX-AH12.EF15-SS,BO:3007361
SRC-NAE5,NAE5/N2 Trunk 1.DX-AH12.EF16-S,BI:3007341
SRC-NAE5,NAE5/N2 Trunk 1.DX-AH12.EF16-SS,BO:3007357
SRC-NAE5,NAE5/N2 Trunk 1.DX-AH12.EF17-S,BI:3007344
SRC-NAE5,NAE5/N2 Trunk 1.DX-AH12.EF17-SS,BO:3007359
SRC-NAE5,NAE5/N2 Trunk 1.DX-AH12.MA-PRS,AI:3007210
SRC-NAE5,NAE5/N2 Trunk 1.DX-AH12.MA-T,AI:3007202
SRC-NAE5,NAE5/N2 Trunk 1.DX-AH12.MINOA-D,BO:3007355
SRC-NAE5,NAE5/N2 Trunk 1.DX-AH12.OA-D,AO:3007220
SRC-NAE5,NAE5/N2 Trunk 1.DX-AH12.Parameters.CLG-PB,AO:3009759
SRC-NAE5,NAE5/N2 Trunk 1.DX-AH12.Parameters.CLG-SP,AO:3009758
SRC-NAE5,NAE5/N2 Trunk 1.DX-AH12.Parameters.CLG-TI,AO:3009760
SRC-NAE5,NAE5/N2 Trunk 1.DX-AH12.Parameters.CLGLK-DF,AO:3009779
SRC-NAE5,NAE5/N2 Trunk 1.DX-AH12.Parameters.CLGLK-SP,AO:3009778
SRC-NAE5,NAE5/N2 Trunk 1.DX-AH12.Parameters.ECON-DF,AO:3009777
SRC-NAE5,NAE5/N2 Trunk 1.DX-AH12.Parameters.ECON-SP,AO:3009776
SRC-NAE5,NAE5/N2 Trunk 1.DX-AH12.Parameters.HTGLK-DF,AO:3009781
SRC-NAE5,NAE5/N2 Trunk 1.DX-AH12.Parameters.HTGLK-SP,AO:3009780
SRC-NAE5,NAE5/N2 Trunk 1.DX-AH12.Parameters.OA-H,AO:3009754
SRC-NAE5,NAE5/N2 Trunk 1.DX-AH12.Parameters.OA-T,AO:3009753
SRC-NAE5,NAE5/N2 Trunk 1.DX-AH12.Parameters.OAD-PB,AO:3009768
SRC-NAE5,NAE5/N2 Trunk 1.DX-AH12.Parameters.OAD-SP,AO:3009767
SRC-NAE5,NAE5/N2 Trunk 1.DX-AH12.Parameters.OAD-TI,AO:3009769
SRC-NAE5,NAE5/N2 Trunk 1.DX-AH12.Parameters.OADP-T,AO:3009755
SRC-NAE5,NAE5/N2 Trunk 1.DX-AH12.Parameters.OCC-UNOC,BO:3009786
SRC-NAE5,NAE5/N2 Trunk 1.DX-AH12.Parameters.PHT-PB,AO:3009762
SRC-NAE5,NAE5/N2 Trunk 1.DX-AH12.Parameters.PHT-SP,AO:3009761
SRC-NAE5,NAE5/N2 Trunk 1.DX-AH12.Parameters.PHT-TI,AO:3009763
SRC-NAE5,NAE5/N2 Trunk 1.DX-AH12.Parameters.RAD-PB,AO:3009771
SRC-NAE5,NAE5/N2 Trunk 1.DX-AH12.Parameters.RAD-SP,AO:3009770
SRC-NAE5,NAE5/N2 Trunk 1.DX-AH12.Parameters.RAD-TI,AO:3009772
SRC-NAE5,NAE5/N2 Trunk 1.DX-AH12.Parameters.RFD-PB,AO:3009765
SRC-NAE5,NAE5/N2 Trunk 1.DX-AH12.Parameters.RFD-SP,AO:3009764
SRC-NAE5,NAE5/N2 Trunk 1.DX-AH12.Parameters.RFD-TI,AO:3009766
SRC-NAE5,NAE5/N2 Trunk 1.DX-AH12.Parameters.SFSC-PB,AO:3009774
SRC-NAE5,NAE5/N2 Trunk 1.DX-AH12.Parameters.SFSC-SP,AO:3009773
SRC-NAE5,NAE5/N2 Trunk 1.DX-AH12.Parameters.SFSC-TI,AO:3009775
SRC-NAE5,NAE5/N2 Trunk 1.DX-AH12.Parameters.UNOCHIDF,AO:3009783
SRC-NAE5,NAE5/N2 Trunk 1.DX-AH12.Parameters.UNOCHISP,AO:3009782
SRC-NAE5,NAE5/N2 Trunk 1.DX-AH12.Parameters.UNOCLODF,AO:3009785
SRC-NAE5,NAE5/N2 Trunk 1.DX-AH12.Parameters.UNOCLOSP,AO:3009784
SRC-NAE5,NAE5/N2 Trunk 1.DX-AH12.Parameters.ZNHI-T,AO:3009756
SRC-NAE5,NAE5/N2 Trunk 1.DX-AH12.Parameters.ZNLO-T,AO:3009757
SRC-NAE5,NAE5/N2 Trunk 1.DX-AH12.PAU3-OA,BO:3007363
SRC-NAE5,NAE5/N2 Trunk 1.DX-AH12.PH-T,AI:3007206
SRC-NAE5,NAE5/N2 Trunk 1.DX-AH12.PHT-VLV,AO:3007222
SRC-NAE5,NAE5/N2 Trunk 1.DX-AH12.RA-D,AO:3007218
SRC-NAE5,NAE5/N2 Trunk 1.DX-AH12.RA-PRS,AI:3007212
SRC-NAE5,NAE5/N2 Trunk 1.DX-AH12.RA-T,AI:3007200
SRC-NAE5,NAE5/N2 Trunk 1.DX-AH12.RF-S,BI:3007231
SRC-NAE5,NAE5/N2 Trunk 1.DX-AH12.RLF-D,AO:3007216
SRC-NAE5,NAE5/N2 Trunk 1.DX-AH12.SA-T,AI:3007204
SRC-NAE5,NAE5/N2 Trunk 1.DX-AH12.SF-PRS,AI:3007208
SRC-NAE5,NAE5/N2 Trunk 1.DX-AH12.SF-S,BI:3007228
SRC-NAE5,NAE5/N2 Trunk 1.DX-AH12.SF-SC,AO:3007226
SRC-NAE5,NAE5/N2 Trunk 1.DX-AH12.SF-SS,BO:3007353
SRC-NAE5,NAE5/N2 Trunk 1.DX-AH12.TEMP-LL,BI:3007234
SRC-NAE5,NAE5/N2 Trunk 1.DX-AH12.ZNRA-PRS,AI:3007214
SRC-NAE5,NAE5/N2 Trunk 1.DX-AH13.CC-T,AI:3007245
SRC-NAE5,NAE5/N2 Trunk 1.DX-AH13.CLG-VLV,AO:3007269
SRC-NAE5,NAE5/N2 Trunk 1.DX-AH13.DS-ALM,BI:3007284
SRC-NAE5,NAE5/N2 Trunk 1.DX-AH13.EF19-S,BI:3007365
SRC-NAE5,NAE5/N2 Trunk 1.DX-AH13.EF19-SS,BO:3007372
SRC-NAE5,NAE5/N2 Trunk 1.DX-AH13.MA-PRS,AI:3007255
SRC-NAE5,NAE5/N2 Trunk 1.DX-AH13.MA-T,AI:3007243
SRC-NAE5,NAE5/N2 Trunk 1.DX-AH13.MINOA-D,BO:3007370
SRC-NAE5,NAE5/N2 Trunk 1.DX-AH13.OA-D,AO:3007263
SRC-NAE5,NAE5/N2 Trunk 1.DX-AH13.Parameters.CCRH-OUT,AO:3009816
SRC-NAE5,NAE5/N2 Trunk 1.DX-AH13.Parameters.CCRH-PB,AO:3009814
SRC-NAE5,NAE5/N2 Trunk 1.DX-AH13.Parameters.CCRH-SP,AO:3009813
SRC-NAE5,NAE5/N2 Trunk 1.DX-AH13.Parameters.CCRH-TI,AO:3009815
SRC-NAE5,NAE5/N2 Trunk 1.DX-AH13.Parameters.CCT-OUT,AO:3009820
SRC-NAE5,NAE5/N2 Trunk 1.DX-AH13.Parameters.CCT-PB,AO:3009818
SRC-NAE5,NAE5/N2 Trunk 1.DX-AH13.Parameters.CCT-TI,AO:3009819
SRC-NAE5,NAE5/N2 Trunk 1.DX-AH13.Parameters.CCT-WSP,AO:3009817
SRC-NAE5,NAE5/N2 Trunk 1.DX-AH13.Parameters.CCZT-OUT,AO:3009812
SRC-NAE5,NAE5/N2 Trunk 1.DX-AH13.Parameters.CCZT-PB,AO:3009810
SRC-NAE5,NAE5/N2 Trunk 1.DX-AH13.Parameters.CCZT-TI,AO:3009811
SRC-NAE5,NAE5/N2 Trunk 1.DX-AH13.Parameters.CCZT-WSP,AO:3009809
SRC-NAE5,NAE5/N2 Trunk 1.DX-AH13.Parameters.CLGLK-DF,AO:3009827
SRC-NAE5,NAE5/N2 Trunk 1.DX-AH13.Parameters.CLGLK-SP,AO:3009826
SRC-NAE5,NAE5/N2 Trunk 1.DX-AH13.Parameters.ECON-DF,AO:3009825
SRC-NAE5,NAE5/N2 Trunk 1.DX-AH13.Parameters.ECON-SP,AO:3009824
SRC-NAE5,NAE5/N2 Trunk 1.DX-AH13.Parameters.OA-H,AO:3009790
SRC-NAE5,NAE5/N2 Trunk 1.DX-AH13.Parameters.OA-T,AO:3009789
SRC-NAE5,NAE5/N2 Trunk 1.DX-AH13.Parameters.OAD-PB,AO:3009801
SRC-NAE5,NAE5/N2 Trunk 1.DX-AH13.Parameters.OAD-SP,AO:3009800
SRC-NAE5,NAE5/N2 Trunk 1.DX-AH13.Parameters.OAD-TI,AO:3009802
SRC-NAE5,NAE5/N2 Trunk 1.DX-AH13.Parameters.OCC-UNOC,BO:3009834
SRC-NAE5,NAE5/N2 Trunk 1.DX-AH13.Parameters.PHT-PB,AO:3009804
SRC-NAE5,NAE5/N2 Trunk 1.DX-AH13.Parameters.PHT-SP,AO:3009803
SRC-NAE5,NAE5/N2 Trunk 1.DX-AH13.Parameters.PHT-TI,AO:3009805
SRC-NAE5,NAE5/N2 Trunk 1.DX-AH13.Parameters.PHTLK-DF,AO:3009829
SRC-NAE5,NAE5/N2 Trunk 1.DX-AH13.Parameters.PHTLK-SP,AO:3009828
SRC-NAE5,NAE5/N2 Trunk 1.DX-AH13.Parameters.RAD-PB,AO:3009798
SRC-NAE5,NAE5/N2 Trunk 1.DX-AH13.Parameters.RAD-SP,AO:3009797
SRC-NAE5,NAE5/N2 Trunk 1.DX-AH13.Parameters.RAD-TI,AO:3009799
SRC-NAE5,NAE5/N2 Trunk 1.DX-AH13.Parameters.RFD-PB,AO:3009795
SRC-NAE5,NAE5/N2 Trunk 1.DX-AH13.Parameters.RFD-SP,AO:3009794
SRC-NAE5,NAE5/N2 Trunk 1.DX-AH13.Parameters.RFD-TI,AO:3009796
SRC-NAE5,NAE5/N2 Trunk 1.DX-AH13.Parameters.RHT-PB,AO:3009807
SRC-NAE5,NAE5/N2 Trunk 1.DX-AH13.Parameters.RHT-TI,AO:3009808
SRC-NAE5,NAE5/N2 Trunk 1.DX-AH13.Parameters.RHT-WSP,AO:3009806
SRC-NAE5,NAE5/N2 Trunk 1.DX-AH13.Parameters.SFSC-PB,AO:3009822
SRC-NAE5,NAE5/N2 Trunk 1.DX-AH13.Parameters.SFSC-TI,AO:3009823
SRC-NAE5,NAE5/N2 Trunk 1.DX-AH13.Parameters.SFSC-WSP,AO:3009821
SRC-NAE5,NAE5/N2 Trunk 1.DX-AH13.Parameters.UNOCHIDF,AO:3009831
SRC-NAE5,NAE5/N2 Trunk 1.DX-AH13.Parameters.UNOCHISP,AO:3009830
SRC-NAE5,NAE5/N2 Trunk 1.DX-AH13.Parameters.UNOCLODF,AO:3009833
SRC-NAE5,NAE5/N2 Trunk 1.DX-AH13.Parameters.UNOCLOSP,AO:3009832
SRC-NAE5,NAE5/N2 Trunk 1.DX-AH13.Parameters.ZN-SP,AO:3009791
SRC-NAE5,NAE5/N2 Trunk 1.DX-AH13.Parameters.ZNCC-DF,AO:3009792
SRC-NAE5,NAE5/N2 Trunk 1.DX-AH13.Parameters.ZNRHT-DF,AO:3009793
SRC-NAE5,NAE5/N2 Trunk 1.DX-AH13.PH-T,AI:3007249
SRC-NAE5,NAE5/N2 Trunk 1.DX-AH13.PHT-VLV,AO:3007265
SRC-NAE5,NAE5/N2 Trunk 1.DX-AH13.RA-D,AO:3007261
SRC-NAE5,NAE5/N2 Trunk 1.DX-AH13.RA-PRS,AI:3007257
SRC-NAE5,NAE5/N2 Trunk 1.DX-AH13.RA-T,AI:3007241
SRC-NAE5,NAE5/N2 Trunk 1.DX-AH13.RF-S,BI:3007278
SRC-NAE5,NAE5/N2 Trunk 1.DX-AH13.RF-SC,AO:3007273
SRC-NAE5,NAE5/N2 Trunk 1.DX-AH13.RHT-VLV,AO:3007267
SRC-NAE5,NAE5/N2 Trunk 1.DX-AH13.RLF-D,AO:3007259
SRC-NAE5,NAE5/N2 Trunk 1.DX-AH13.SA-T,AI:3007247
SRC-NAE5,NAE5/N2 Trunk 1.DX-AH13.SF-S,BI:3007275
SRC-NAE5,NAE5/N2 Trunk 1.DX-AH13.SF-SC,AO:3007271
SRC-NAE5,NAE5/N2 Trunk 1.DX-AH13.SF-SS,BO:3007368
SRC-NAE5,NAE5/N2 Trunk 1.DX-AH13.TEMP-LL,BI:3007281
SRC-NAE5,NAE5/N2 Trunk 1.DX-AH13.ZN-H,AI:3007253
SRC-NAE5,NAE5/N2 Trunk 1.DX-AH13.ZN-T,AI:3007251
SRC-NAE5,NAE5/N2 Trunk 1.DX-BLCW.BCW-DP,AI:3007789
SRC-NAE5,NAE5/N2 Trunk 1.DX-BLCW.BCW-F,AI:3007791
SRC-NAE5,NAE5/N2 Trunk 1.DX-BLCW.BCWR-T,AI:3007787
SRC-NAE5,NAE5/N2 Trunk 1.DX-BLCW.BCWS-T,AI:3007785
SRC-NAE5,NAE5/N2 Trunk 1.DX-BLCW.BP2-S,BI:3028084
SRC-NAE5,NAE5/N2 Trunk 1.DX-BLCW.BP2-SC,AO:3028086
SRC-NAE5,NAE5/N2 Trunk 1.DX-BLCW.BP-S,BI:3007807
SRC-NAE5,NAE5/N2 Trunk 1.DX-BLCW.BP-SC,AO:3007799
SRC-NAE5,NAE5/N2 Trunk 1.DX-BLCW.BP-SS,BO:3007821
SRC-NAE5,NAE5/N2 Trunk 1.DX-BLCW.BP-VLV,AO:3007793
SRC-NAE5,NAE5/N2 Trunk 1.DX-BLCW.FLTRP-S,BI:3007810
SRC-NAE5,NAE5/N2 Trunk 1.DX-BLCW.FLTRP-SS,BO:3007823
SRC-NAE5,NAE5/N2 Trunk 1.DX-BLCW.LCW-DP,AI:3007781
SRC-NAE5,NAE5/N2 Trunk 1.DX-BLCW.LCWS-T,AI:3007777
SRC-NAE5,NAE5/N2 Trunk 1.DX-BLCW.LP1-S,BI:3007801
SRC-NAE5,NAE5/N2 Trunk 1.DX-BLCW.LP1-SC,AO:3007795
SRC-NAE5,NAE5/N2 Trunk 1.DX-BLCW.LP1-SS,BO:3007813
SRC-NAE5,NAE5/N2 Trunk 1.DX-BLCW.LP1-VLV,BO:3007817
SRC-NAE5,NAE5/N2 Trunk 1.DX-BLCW.LP2-S,BI:3007804
SRC-NAE5,NAE5/N2 Trunk 1.DX-BLCW.LP2-SC,AO:3007797
SRC-NAE5,NAE5/N2 Trunk 1.DX-BLCW.LP2-SS,BO:3007815
SRC-NAE5,NAE5/N2 Trunk 1.DX-BLCW.LP2-VLV,BO:3007819
SRC-NAE5,NAE5/N2 Trunk 1.DX-BLCW.Parameters.BPDP-PB,AO:3011749
SRC-NAE5,NAE5/N2 Trunk 1.DX-BLCW.Parameters.BPDP-TI,AO:3011750
SRC-NAE5,NAE5/N2 Trunk 1.DX-BLCW.Parameters.BPDP-WSP,AO:3011748
SRC-NAE5,NAE5/N2 Trunk 1.DX-BLCW.Parameters.BPV-DLY,AO:3011735
SRC-NAE5,NAE5/N2 Trunk 1.DX-BLCW.Parameters.BPV<SP,AO:3011731
SRC-NAE5,NAE5/N2 Trunk 1.DX-BLCW.Parameters.BPV>SP,AO:3011732
SRC-NAE5,NAE5/N2 Trunk 1.DX-BLCW.Parameters.BVDP-PB,AO:3011746
SRC-NAE5,NAE5/N2 Trunk 1.DX-BLCW.Parameters.BVDP-TI,AO:3011747
SRC-NAE5,NAE5/N2 Trunk 1.DX-BLCW.Parameters.BVDP-WSP,AO:3011744
SRC-NAE5,NAE5/N2 Trunk 1.DX-BLCW.Parameters.BVSP-OF,AO:3011745
SRC-NAE5,NAE5/N2 Trunk 1.DX-BLCW.Parameters.CHP1-S,BO:3011768
SRC-NAE5,NAE5/N2 Trunk 1.DX-BLCW.Parameters.CHP2-S,BO:3011769
SRC-NAE5,NAE5/N2 Trunk 1.DX-BLCW.Parameters.CLGOA-DF,AO:3011730
SRC-NAE5,NAE5/N2 Trunk 1.DX-BLCW.Parameters.CLGOA-SP,AO:3011729
SRC-NAE5,NAE5/N2 Trunk 1.DX-BLCW.Parameters.CW-LOAD,AO:3011774
SRC-NAE5,NAE5/N2 Trunk 1.DX-BLCW.Parameters.Delta-T,AO:3012415
SRC-NAE5,NAE5/N2 Trunk 1.DX-BLCW.Parameters.FLTPSS-SP,AO:3011733
SRC-NAE5,NAE5/N2 Trunk 1.DX-BLCW.Parameters.FLTRPSS-DF,AO:3011734
SRC-NAE5,NAE5/N2 Trunk 1.DX-BLCW.Parameters.HI-CVLV,AO:3011657
SRC-NAE5,NAE5/N2 Trunk 1.DX-BLCW.Parameters.HIVLV-X0,AO:3011736
SRC-NAE5,NAE5/N2 Trunk 1.DX-BLCW.Parameters.HIVLV-X1,AO:3011738
SRC-NAE5,NAE5/N2 Trunk 1.DX-BLCW.Parameters.HIVLV-X2,AO:3011740
SRC-NAE5,NAE5/N2 Trunk 1.DX-BLCW.Parameters.HIVLV-X3,AO:3011742
SRC-NAE5,NAE5/N2 Trunk 1.DX-BLCW.Parameters.HIVLV-Y0,AO:3011737
SRC-NAE5,NAE5/N2 Trunk 1.DX-BLCW.Parameters.HIVLV-Y1,AO:3011739
SRC-NAE5,NAE5/N2 Trunk 1.DX-BLCW.Parameters.HIVLV-Y2,AO:3011741
SRC-NAE5,NAE5/N2 Trunk 1.DX-BLCW.Parameters.HIVLV-Y3,AO:3011743
SRC-NAE5,NAE5/N2 Trunk 1.DX-BLCW.Parameters.LPDP-OUT,AO:3011755
SRC-NAE5,NAE5/N2 Trunk 1.DX-BLCW.Parameters.LPDP-PB,AO:3011752
SRC-NAE5,NAE5/N2 Trunk 1.DX-BLCW.Parameters.LPDP-SP,AO:3011751
SRC-NAE5,NAE5/N2 Trunk 1.DX-BLCW.Parameters.LPDP-TI,AO:3011753
SRC-NAE5,NAE5/N2 Trunk 1.DX-BLCW.Parameters.LPFL-OUT,AO:3011760
SRC-NAE5,NAE5/N2 Trunk 1.DX-BLCW.Parameters.LPFL-PB,AO:3011757
SRC-NAE5,NAE5/N2 Trunk 1.DX-BLCW.Parameters.LPFL-TI,AO:3011758
SRC-NAE5,NAE5/N2 Trunk 1.DX-BLCW.Parameters.LPFL-WSP,AO:3011756
SRC-NAE5,NAE5/N2 Trunk 1.DX-BLCW.Parameters.LPSC-LOL,AO:3012610
SRC-NAE5,NAE5/N2 Trunk 1.DX-BLCW.Parameters.MINLP-DP,AO:3011724
SRC-NAE5,NAE5/N2 Trunk 1.DX-BLCW.Parameters.OA-H,AO:3011656
SRC-NAE5,NAE5/N2 Trunk 1.DX-BLCW.Parameters.OA-T,AO:3011655
SRC-NAE5,NAE5/N2 Trunk 1.DX-BLCW.Parameters.PCWF-SP calc,AO:3018050
SRC-NAE5,NAE5/N2 Trunk 1.DX-BLCW.Parameters.PFCNS-RS,AO:3011762
SRC-NAE5,NAE5/N2 Trunk 1.DX-BLCW.Parameters.PFCNST-WSP,AO:3011761
SRC-NAE5,NAE5/N2 Trunk 1.DX-BLCW.Parameters.PRODCNST,AO:3011658
SRC-NAE5,NAE5/N2 Trunk 1.DX-BLCW.Parameters.PRT-Y0,AO:3012412
SRC-NAE5,NAE5/N2 Trunk 1.DX-BLCW.Parameters.PRTHI-X,AO:3012413
SRC-NAE5,NAE5/N2 Trunk 1.DX-BLCW.Parameters.PRTHI-Y,AO:3012414
SRC-NAE5,NAE5/N2 Trunk 1.DX-BLCW.Parameters.PRTLO-X,AO:3012410
SRC-NAE5,NAE5/N2 Trunk 1.DX-BLCW.Parameters.PRTLO-Y,AO:3012411
SRC-NAE5,NAE5/N2 Trunk 1.DX-BLCW.PCW-F,AI:3007783
SRC-NAE5,NAE5/N2 Trunk 1.DX-BLCW.PCWR-T,AI:3007779
SRC-NAE5,NAE5/N2 Trunk 1.DX-CH1.CH1TW-F,AI:3012882
SRC-NAE5,NAE5/N2 Trunk 1.DX-CH1.CH-ALM,BI:3007394
SRC-NAE5,NAE5/N2 Trunk 1.DX-CH1.CH-AUTO,BI:3007392
SRC-NAE5,NAE5/N2 Trunk 1.DX-CH1.CH-ENB,BO:3007397
SRC-NAE5,NAE5/N2 Trunk 1.DX-CH1.CH-F,AI:3007384
SRC-NAE5,NAE5/N2 Trunk 1.DX-CH1.CH-HAND,BI:3007390
SRC-NAE5,NAE5/N2 Trunk 1.DX-CH1.CH-S,BI:3007386
SRC-NAE5,NAE5/N2 Trunk 1.DX-CH1.CHP-S,BI:3007388
SRC-NAE5,NAE5/N2 Trunk 1.DX-CH1.CHR-T,AI:3007378
SRC-NAE5,NAE5/N2 Trunk 1.DX-CH1.CHS-T,AI:3007375
SRC-NAE5,NAE5/N2 Trunk 1.DX-CH1.CST-MTR,AI:3007380
SRC-NAE5,NAE5/N2 Trunk 1.DX-CH1.Parameters.CH-%LOAD,AO:3009844
SRC-NAE5,NAE5/N2 Trunk 1.DX-CH1.Parameters.CH-LOAD,AO:3009841
SRC-NAE5,NAE5/N2 Trunk 1.DX-CH1.Parameters.CH-SEQ,AO:3009837
SRC-NAE5,NAE5/N2 Trunk 1.DX-CH1.Parameters.CH-SRATE,AO:3009843
SRC-NAE5,NAE5/N2 Trunk 1.DX-CH1.Parameters.CHDS-CAP,AO:3009839
SRC-NAE5,NAE5/N2 Trunk 1.DX-CH1.Parameters.CHDS-FLW,AO:3009840
SRC-NAE5,NAE5/N2 Trunk 1.DX-CH1.Parameters.CHLD-FLW,AO:3009845
SRC-NAE5,NAE5/N2 Trunk 1.DX-CH1.Parameters.DELTA-T,AO:3009842
SRC-NAE5,NAE5/N2 Trunk 1.DX-CH1.Parameters.SRC1-NDX,AO:3009838
SRC-NAE5,NAE5/N2 Trunk 1.DX-CH1.STM-PRS,AI:3007382
SRC-NAE5,NAE5/N2 Trunk 1.DX-CH2.CH2TW-F,AI:3012884
SRC-NAE5,NAE5/N2 Trunk 1.DX-CH2.CH-ALM,BI:3007419
SRC-NAE5,NAE5/N2 Trunk 1.DX-CH2.CH-AUTO,BI:3007417
SRC-NAE5,NAE5/N2 Trunk 1.DX-CH2.CH-ENB,BO:3007422
SRC-NAE5,NAE5/N2 Trunk 1.DX-CH2.CH-F,AI:3007409
SRC-NAE5,NAE5/N2 Trunk 1.DX-CH2.CH-HAND,BI:3007415
SRC-NAE5,NAE5/N2 Trunk 1.DX-CH2.CH-S,BI:3007411
SRC-NAE5,NAE5/N2 Trunk 1.DX-CH2.CHP-S,BI:3007413
SRC-NAE5,NAE5/N2 Trunk 1.DX-CH2.CHR-T,AI:3007403
SRC-NAE5,NAE5/N2 Trunk 1.DX-CH2.CHS-T,AI:3007400
SRC-NAE5,NAE5/N2 Trunk 1.DX-CH2.CST-MTR,AI:3007405
SRC-NAE5,NAE5/N2 Trunk 1.DX-CH2.Parameters.CH-%LOAD,AO:3009854
SRC-NAE5,NAE5/N2 Trunk 1.DX-CH2.Parameters.CH-LOAD,AO:3009851
SRC-NAE5,NAE5/N2 Trunk 1.DX-CH2.Parameters.CH-SEQ,AO:3009847
SRC-NAE5,NAE5/N2 Trunk 1.DX-CH2.Parameters.CH-SRATE,AO:3009853
SRC-NAE5,NAE5/N2 Trunk 1.DX-CH2.Parameters.CHDS-CAP,AO:3009849
SRC-NAE5,NAE5/N2 Trunk 1.DX-CH2.Parameters.CHDS-FLW,AO:3009850
SRC-NAE5,NAE5/N2 Trunk 1.DX-CH2.Parameters.CHLD-FLW,AO:3009855
SRC-NAE5,NAE5/N2 Trunk 1.DX-CH2.Parameters.DELTA-T,AO:3009852
SRC-NAE5,NAE5/N2 Trunk 1.DX-CH2.Parameters.SRC2-NDX,AO:3009848
SRC-NAE5,NAE5/N2 Trunk 1.DX-CH2.STM-PRS,AI:3007407
SRC-NAE5,NAE5/N2 Trunk 1.DX-DHW.DHWP-S,BI:3007863
SRC-NAE5,NAE5/N2 Trunk 1.DX-DHW.DHWP-SS,BO:3010747
SRC-NAE5,NAE5/N2 Trunk 1.DX-DHW.DHWR-T,AI:3007857
SRC-NAE5,NAE5/N2 Trunk 1.DX-DHW.DHWR-T2,AI:3025429
SRC-NAE5,NAE5/N2 Trunk 1.DX-DHW.DHWS-T,AI:3025428
SRC-NAE5,NAE5/N2 Trunk 1.DX-DHW.DHX8-VLV,AO:3007859
SRC-NAE5,NAE5/N2 Trunk 1.DX-DHW.DHX8S-T,AI:3007853
SRC-NAE5,NAE5/N2 Trunk 1.DX-DHW.DHX9-VLV,AO:3007861
SRC-NAE5,NAE5/N2 Trunk 1.DX-DHW.DHX9S-T,AI:3007855
SRC-NAE5,NAE5/N2 Trunk 1.DX-DHW.Parameters.HX8-DB,AO:3010075
SRC-NAE5,NAE5/N2 Trunk 1.DX-DHW.Parameters.HX8-IT,AO:3010073
SRC-NAE5,NAE5/N2 Trunk 1.DX-DHW.Parameters.HX8-PB,AO:3010074
SRC-NAE5,NAE5/N2 Trunk 1.DX-DHW.Parameters.HX8-SP,AO:3010072
SRC-NAE5,NAE5/N2 Trunk 1.DX-DHW.Parameters.HX9-DB,AO:3010079
SRC-NAE5,NAE5/N2 Trunk 1.DX-DHW.Parameters.HX9-IT,AO:3010077
SRC-NAE5,NAE5/N2 Trunk 1.DX-DHW.Parameters.HX9-PB,AO:3010078
SRC-NAE5,NAE5/N2 Trunk 1.DX-DHW.Parameters.HX9-SP,AO:3010076
SRC-NAE5,NAE5/N2 Trunk 1.DX-HEX.HW-DP,AI:3007832
SRC-NAE5,NAE5/N2 Trunk 1.DX-HEX.HWP1-S,BI:3007843
SRC-NAE5,NAE5/N2 Trunk 1.DX-HEX.HWP1-SC,AO:3007839
SRC-NAE5,NAE5/N2 Trunk 1.DX-HEX.HWP1-SS,BO:3007849
SRC-NAE5,NAE5/N2 Trunk 1.DX-HEX.HWP2-S,BI:3007846
SRC-NAE5,NAE5/N2 Trunk 1.DX-HEX.HWP2-SC,AO:3007841
SRC-NAE5,NAE5/N2 Trunk 1.DX-HEX.HWP2-SS,BO:3007851
SRC-NAE5,NAE5/N2 Trunk 1.DX-HEX.HWR-T,AI:3007830
SRC-NAE5,NAE5/N2 Trunk 1.DX-HEX.HX1-VLV,AO:3007835
SRC-NAE5,NAE5/N2 Trunk 1.DX-HEX.HX1S-T,AI:3007826
SRC-NAE5,NAE5/N2 Trunk 1.DX-HEX.HX2-VLV,AO:3007837
SRC-NAE5,NAE5/N2 Trunk 1.DX-HEX.HX2S-T,AI:3007828
SRC-NAE5,NAE5/N2 Trunk 1.DX-HEX.Parameters.BCW-F,AO:3009879
SRC-NAE5,NAE5/N2 Trunk 1.DX-HEX.Parameters.HTG-OADF,AO:3009891
SRC-NAE5,NAE5/N2 Trunk 1.DX-HEX.Parameters.HTG-OASP,AO:3009890
SRC-NAE5,NAE5/N2 Trunk 1.DX-HEX.Parameters.HWP2-DF,AO:3009893
SRC-NAE5,NAE5/N2 Trunk 1.DX-HEX.Parameters.HWP2-SP,AO:3009892
SRC-NAE5,NAE5/N2 Trunk 1.DX-HEX.Parameters.HWP-PB,AO:3009882
SRC-NAE5,NAE5/N2 Trunk 1.DX-HEX.Parameters.HWP-SP,AO:3009881
SRC-NAE5,NAE5/N2 Trunk 1.DX-HEX.Parameters.HWP-TI,AO:3009883
SRC-NAE5,NAE5/N2 Trunk 1.DX-HEX.Parameters.HWSP-1,AO:3009895
SRC-NAE5,NAE5/N2 Trunk 1.DX-HEX.Parameters.HWSP-2,AO:3009897
SRC-NAE5,NAE5/N2 Trunk 1.DX-HEX.Parameters.HWSP-3,AO:3009899
SRC-NAE5,NAE5/N2 Trunk 1.DX-HEX.Parameters.HWSP-4,AO:3009901
SRC-NAE5,NAE5/N2 Trunk 1.DX-HEX.Parameters.HX1-PB,AO:3009885
SRC-NAE5,NAE5/N2 Trunk 1.DX-HEX.Parameters.HX1-TI,AO:3009886
SRC-NAE5,NAE5/N2 Trunk 1.DX-HEX.Parameters.HX1-WSP,AO:3009884
SRC-NAE5,NAE5/N2 Trunk 1.DX-HEX.Parameters.HX2-PB,AO:3009888
SRC-NAE5,NAE5/N2 Trunk 1.DX-HEX.Parameters.HX2-TI,AO:3009889
SRC-NAE5,NAE5/N2 Trunk 1.DX-HEX.Parameters.HX2-WSP,AO:3009887
SRC-NAE5,NAE5/N2 Trunk 1.DX-HEX.Parameters.HX2SP-DF,AO:3009880
SRC-NAE5,NAE5/N2 Trunk 1.DX-HEX.Parameters.OA-T,AO:3009878
SRC-NAE5,NAE5/N2 Trunk 1.DX-HEX.Parameters.OASP-1,AO:3009894
SRC-NAE5,NAE5/N2 Trunk 1.DX-HEX.Parameters.OASP-2,AO:3009896
SRC-NAE5,NAE5/N2 Trunk 1.DX-HEX.Parameters.OASP-3,AO:3009898
SRC-NAE5,NAE5/N2 Trunk 1.DX-HEX.Parameters.OASP-4,AO:3009900
SRC-NAE5,NAE5/N2 Trunk 1.DX-LPSPA.LP1S-T,AI:3007871
SRC-NAE5,NAE5/N2 Trunk 1.DX-LPSPA.LP2S-T,AI:3007873
SRC-NAE5,NAE5/N2 Trunk 1.DX-LPSPA.LP-VLV,AO:3007879
SRC-NAE5,NAE5/N2 Trunk 1.DX-LPSPA.LPFP-S,BI:3007883
SRC-NAE5,NAE5/N2 Trunk 1.DX-LPSPA.LPHP-S,BI:3007885
SRC-NAE5,NAE5/N2 Trunk 1.DX-LPSPA.LPHP-SS,BO:3007895
SRC-NAE5,NAE5/N2 Trunk 1.DX-LPSPA.LPR-T,AI:3007869
SRC-NAE5,NAE5/N2 Trunk 1.DX-LPSPA.Parameters.LP-ENB,BO:3011818
SRC-NAE5,NAE5/N2 Trunk 1.DX-LPSPA.Parameters.LP-PB,AO:3011816
SRC-NAE5,NAE5/N2 Trunk 1.DX-LPSPA.Parameters.LP-SP,AO:3011815
SRC-NAE5,NAE5/N2 Trunk 1.DX-LPSPA.Parameters.LP-TI,AO:3011817
SRC-NAE5,NAE5/N2 Trunk 1.DX-LPSPA.Parameters.SPA-ENB,BO:3011819
SRC-NAE5,NAE5/N2 Trunk 1.DX-LPSPA.Parameters.SPA-PB,AO:3009911
SRC-NAE5,NAE5/N2 Trunk 1.DX-LPSPA.Parameters.SPA-TI,AO:3009912
SRC-NAE5,NAE5/N2 Trunk 1.DX-LPSPA.Parameters.SPA-WSP,AO:3009910
SRC-NAE5,NAE5/N2 Trunk 1.DX-LPSPA.Parameters.SPASP-HIL,AO:3009908
SRC-NAE5,NAE5/N2 Trunk 1.DX-LPSPA.Parameters.SPASP-LOL,AO:3009909
SRC-NAE5,NAE5/N2 Trunk 1.DX-LPSPA.Parameters.SPASP-PB,AO:3009906
SRC-NAE5,NAE5/N2 Trunk 1.DX-LPSPA.Parameters.SPASP-SP,AO:3009905
SRC-NAE5,NAE5/N2 Trunk 1.DX-LPSPA.Parameters.SPASP-TI,AO:3009907
SRC-NAE5,NAE5/N2 Trunk 1.DX-LPSPA.SPA-VLV,AO:3007881
SRC-NAE5,NAE5/N2 Trunk 1.DX-LPSPA.SPAFP-S,BI:3007890
SRC-NAE5,NAE5/N2 Trunk 1.DX-LPSPA.SPAHP-S,BI:3007892
SRC-NAE5,NAE5/N2 Trunk 1.DX-LPSPA.SPAHP-SS,BO:3007897
SRC-NAE5,NAE5/N2 Trunk 1.DX-LPSPA.SPAR-T,AI:3007875
SRC-NAE5,NAE5/N2 Trunk 1.DX-LPSPA.SPAS-T,AI:3007877
SRC-NAE5,NAE5/N2 Trunk 1.DX-ODPWP.ODHX-VLV,AO:3007913
SRC-NAE5,NAE5/N2 Trunk 1.DX-ODPWP.ODPFP-S,BI:3007956
SRC-NAE5,NAE5/N2 Trunk 1.DX-ODPWP.ODPHP-S,BI:3007958
SRC-NAE5,NAE5/N2 Trunk 1.DX-ODPWP.ODPHP-SS,BO:3007963
SRC-NAE5,NAE5/N2 Trunk 1.DX-ODPWP.OPWR-T,AI:3012486
SRC-NAE5,NAE5/N2 Trunk 1.DX-ODPWP.OPWS-T,AI:3012487
SRC-NAE5,NAE5/N2 Trunk 1.DX-ODPWP.Parameters.ODBSP-LOL,AO:3009957
SRC-NAE5,NAE5/N2 Trunk 1.DX-ODPWP.Parameters.ODP-ENB,BO:3009962
SRC-NAE5,NAE5/N2 Trunk 1.DX-ODPWP.Parameters.ODP-PB,AO:3009959
SRC-NAE5,NAE5/N2 Trunk 1.DX-ODPWP.Parameters.ODP-TI,AO:3009960
SRC-NAE5,NAE5/N2 Trunk 1.DX-ODPWP.Parameters.ODP-WSP,AO:3009958
SRC-NAE5,NAE5/N2 Trunk 1.DX-ODPWP.Parameters.ODPSP-HIL,AO:3009956
SRC-NAE5,NAE5/N2 Trunk 1.DX-ODPWP.Parameters.ODPSP-PB,AO:3009954
SRC-NAE5,NAE5/N2 Trunk 1.DX-ODPWP.Parameters.ODPSP-SP,AO:3009953
SRC-NAE5,NAE5/N2 Trunk 1.DX-ODPWP.Parameters.ODPSP-TI,AO:3009955
SRC-NAE5,NAE5/N2 Trunk 1.DX-ODPWP.Parameters.WHR-ENB,BO:3009961
SRC-NAE5,NAE5/N2 Trunk 1.DX-ODPWP.Parameters.WP-PB,AO:3009951
SRC-NAE5,NAE5/N2 Trunk 1.DX-ODPWP.Parameters.WP-TI,AO:3009952
SRC-NAE5,NAE5/N2 Trunk 1.DX-ODPWP.Parameters.WP-WSP,AO:3009950
SRC-NAE5,NAE5/N2 Trunk 1.DX-ODPWP.Parameters.WPSP-HIL,AO:3009948
SRC-NAE5,NAE5/N2 Trunk 1.DX-ODPWP.Parameters.WPSP-LOL,AO:3009949
SRC-NAE5,NAE5/N2 Trunk 1.DX-ODPWP.Parameters.WPSP-PB,AO:3009946
SRC-NAE5,NAE5/N2 Trunk 1.DX-ODPWP.Parameters.WPSP-SP,AO:3009945
SRC-NAE5,NAE5/N2 Trunk 1.DX-ODPWP.Parameters.WPSP-TI,AO:3009947
SRC-NAE5,NAE5/N2 Trunk 1.DX-ODPWP.WPFP-S,BI:3007951
SRC-NAE5,NAE5/N2 Trunk 1.DX-ODPWP.WPHP-S,BI:3007953
SRC-NAE5,NAE5/N2 Trunk 1.DX-ODPWP.WPHP-SS,BO:3007961
SRC-NAE5,NAE5/N2 Trunk 1.DX-ODPWP.WPHX-VLV,AO:3007911
SRC-NAE5,NAE5/N2 Trunk 1.DX-ODPWP.WPR-T,AI:3007903
SRC-NAE5,NAE5/N2 Trunk 1.DX-ODPWP.WPS-T,AI:3007905
SRC-NAE5,NAE5/N2 Trunk 1.DX-TWR.ACID-S,BI:3019266
SRC-NAE5,NAE5/N2 Trunk 1.DX-TWR.BIOCIDE-S,BI:3019272
SRC-NAE5,NAE5/N2 Trunk 1.DX-TWR.BLOWDOWN,BO:3027000
SRC-NAE5,NAE5/N2 Trunk 1.DX-TWR.BLOWDOWN-S,BI:3019274
SRC-NAE5,NAE5/N2 Trunk 1.DX-TWR.BROMINE-S,BI:3019270
SRC-NAE5,NAE5/N2 Trunk 1.DX-TWR.CND-LVL,AI:3007494
SRC-NAE5,NAE5/N2 Trunk 1.DX-TWR.INHIB-S,BI:3019268
SRC-NAE5,NAE5/N2 Trunk 1.DX-TWR.MU-VLV,AO:3012719
SRC-NAE5,NAE5/N2 Trunk 1.DX-TWR.Parameters.CH1P-S,BO:3011313
SRC-NAE5,NAE5/N2 Trunk 1.DX-TWR.Parameters.CH2P-S,BO:3011314
SRC-NAE5,NAE5/N2 Trunk 1.DX-TWR.Parameters.CHLR-HOA-ON,BO:3012730
SRC-NAE5,NAE5/N2 Trunk 1.DX-TWR.Parameters.CND-DF,AO:3009873
SRC-NAE5,NAE5/N2 Trunk 1.DX-TWR.Parameters.CND-SP,AO:3009872
SRC-NAE5,NAE5/N2 Trunk 1.DX-TWR.Parameters.INHB-TMR,AO:3009869
SRC-NAE5,NAE5/N2 Trunk 1.DX-TWR.Parameters.MUV-HIL,AO:3012724
SRC-NAE5,NAE5/N2 Trunk 1.DX-TWR.Parameters.MUV-LOL,AO:3012725
SRC-NAE5,NAE5/N2 Trunk 1.DX-TWR.Parameters.MUV-PB,AO:3012722
SRC-NAE5,NAE5/N2 Trunk 1.DX-TWR.Parameters.MUV-SP,AO:3012721
SRC-NAE5,NAE5/N2 Trunk 1.DX-TWR.Parameters.MUV-TI,AO:3012723
SRC-NAE5,NAE5/N2 Trunk 1.DX-TWR.Parameters.PH-DF,AO:3009871
SRC-NAE5,NAE5/N2 Trunk 1.DX-TWR.Parameters.PH-SP,AO:3009870
SRC-NAE5,NAE5/N2 Trunk 1.DX-TWR.Parameters.TWF-PB,AO:3009863
SRC-NAE5,NAE5/N2 Trunk 1.DX-TWR.Parameters.TWF-TI,AO:3009864
SRC-NAE5,NAE5/N2 Trunk 1.DX-TWR.Parameters.TWF-WSP,AO:3009862
SRC-NAE5,NAE5/N2 Trunk 1.DX-TWR.Parameters.TWP-ON,BI:3011653
SRC-NAE5,NAE5/N2 Trunk 1.DX-TWR.Parameters.TWS-T,AO:3009861
SRC-NAE5,NAE5/N2 Trunk 1.DX-TWR.Parameters.TWST-AVG,AO:3009860
SRC-NAE5,NAE5/N2 Trunk 1.DX-TWR.Parameters.TWST-SP,AO:3009859
SRC-NAE5,NAE5/N2 Trunk 1.DX-TWR.Parameters.TWV-OF,AO:3009866
SRC-NAE5,NAE5/N2 Trunk 1.DX-TWR.Parameters.TWV-PB,AO:3009867
SRC-NAE5,NAE5/N2 Trunk 1.DX-TWR.Parameters.TWV-TI,AO:3009868
SRC-NAE5,NAE5/N2 Trunk 1.DX-TWR.Parameters.TWV-WSP,AO:3009865
SRC-NAE5,NAE5/N2 Trunk 1.DX-TWR.PH-LVL,AI:3007491
SRC-NAE5,NAE5/N2 Trunk 1.DX-TWR.TP1&2-SS,BO:3018133
SRC-NAE5,NAE5/N2 Trunk 1.DX-TWR.TW1-VIB,BI:3007552
SRC-NAE5,NAE5/N2 Trunk 1.DX-TWR.TW-ORP,AI:3019199
SRC-NAE5,NAE5/N2 Trunk 1.DX-TWR.TW-OX-SS,BO:3025829
SRC-NAE5,NAE5/N2 Trunk 1.DX-TWR.TWBP-VLV,AO:3007504
SRC-NAE5,NAE5/N2 Trunk 1.DX-TWR.TWF1A-S,BI:3007510
SRC-NAE5,NAE5/N2 Trunk 1.DX-TWR.TWF1A-SC,AO:3007496
SRC-NAE5,NAE5/N2 Trunk 1.DX-TWR.TWF1A-SS,BO:3007762
SRC-NAE5,NAE5/N2 Trunk 1.DX-TWR.TWF1B-S,BI:3007513
SRC-NAE5,NAE5/N2 Trunk 1.DX-TWR.TWF1B-SC,AO:3007498
SRC-NAE5,NAE5/N2 Trunk 1.DX-TWR.TWF1B-SS,BO:3007764
SRC-NAE5,NAE5/N2 Trunk 1.DX-TWR.TWF2A-S,BI:3007516
SRC-NAE5,NAE5/N2 Trunk 1.DX-TWR.TWF2A-SC,AO:3007500
SRC-NAE5,NAE5/N2 Trunk 1.DX-TWR.TWF2A-SS,BO:3007766
SRC-NAE5,NAE5/N2 Trunk 1.DX-TWR.TWF2B-S,BI:3007519
SRC-NAE5,NAE5/N2 Trunk 1.DX-TWR.TWF2B-SC,AO:3007502
SRC-NAE5,NAE5/N2 Trunk 1.DX-TWR.TWF2B-SS,BO:3007768
SRC-NAE5,NAE5/N2 Trunk 1.DX-TWR.TWMU-F,AI:3012478
SRC-NAE5,NAE5/N2 Trunk 1.DX-TWR.TWP1-S,BI:3007506
SRC-NAE5,NAE5/N2 Trunk 1.DX-TWR.TWP2-S,BI:3007508
SRC-NAE5,NAE5/N2 Trunk 1.DX-TWR.TWR1-LVL,AI:3011302
SRC-NAE5,NAE5/N2 Trunk 1.DX-TWR.TWR-T,AI:3007487
SRC-NAE5,NAE5/N2 Trunk 1.DX-TWR.TWS1-T,AI:3007485
SRC-NAE5,NAE5/N2 Trunk 1.DX-TWR.TWS2-T,AI:3007489
SRC-NAE5,NAE5/N2 Trunk 1.VAV1-1.ACLG-SP,AI:3007974
SRC-NAE5,NAE5/N2 Trunk 1.VAV1-1.AHTG-SP,AI:3007977
SRC-NAE5,NAE5/N2 Trunk 1.VAV1-1.DA-T,AI:3007969
SRC-NAE5,NAE5/N2 Trunk 1.VAV1-1.DPR-O,AO:3007972
SRC-NAE5,NAE5/N2 Trunk 1.VAV1-1.HTG-O,AO:3007973
SRC-NAE5,NAE5/N2 Trunk 1.VAV1-1.OCLG-SP,AO:3007975
SRC-NAE5,NAE5/N2 Trunk 1.VAV1-1.OCMNC-SP,AO:3007980
SRC-NAE5,NAE5/N2 Trunk 1.VAV1-1.OCMNH-SP,AO:3007982
SRC-NAE5,NAE5/N2 Trunk 1.VAV1-1.OCMXC-SP,AO:3007981
SRC-NAE5,NAE5/N2 Trunk 1.VAV1-1.OCMXH-SP,AO:3007983
SRC-NAE5,NAE5/N2 Trunk 1.VAV1-1.OHTG-SP,AO:3007978
SRC-NAE5,NAE5/N2 Trunk 1.VAV1-1.SA-VP,AI:3007970
SRC-NAE5,NAE5/N2 Trunk 1.VAV1-1.SUP-FLO,AI:3007971
SRC-NAE5,NAE5/N2 Trunk 1.VAV1-1.SUPFLOSP,AO:3007984
SRC-NAE5,NAE5/N2 Trunk 1.VAV1-1.UCLG-SP,AO:3007976
SRC-NAE5,NAE5/N2 Trunk 1.VAV1-1.UHTG-SP,AO:3007979
SRC-NAE5,NAE5/N2 Trunk 1.VAV1-1.WC-ADJ,AI:3007968
SRC-NAE5,NAE5/N2 Trunk 1.VAV1-1.ZN-T,AI:3007966
SRC-NAE5,NAE5/N2 Trunk 1.VAV1-2.ACLG-SP,AI:3007994
SRC-NAE5,NAE5/N2 Trunk 1.VAV1-2.AHTG-SP,AI:3007997
SRC-NAE5,NAE5/N2 Trunk 1.VAV1-2.DA-T,AI:3007989
SRC-NAE5,NAE5/N2 Trunk 1.VAV1-2.DPR-O,AO:3007992
SRC-NAE5,NAE5/N2 Trunk 1.VAV1-2.HTG-O,AO:3007993
SRC-NAE5,NAE5/N2 Trunk 1.VAV1-2.OCLG-SP,AO:3007995
SRC-NAE5,NAE5/N2 Trunk 1.VAV1-2.OCMNC-SP,AO:3008000
SRC-NAE5,NAE5/N2 Trunk 1.VAV1-2.OCMNH-SP,AO:3008002
SRC-NAE5,NAE5/N2 Trunk 1.VAV1-2.OCMXC-SP,AO:3008001
SRC-NAE5,NAE5/N2 Trunk 1.VAV1-2.OCMXH-SP,AO:3008003
SRC-NAE5,NAE5/N2 Trunk 1.VAV1-2.OHTG-SP,AO:3007998
SRC-NAE5,NAE5/N2 Trunk 1.VAV1-2.SA-VP,AI:3007990
SRC-NAE5,NAE5/N2 Trunk 1.VAV1-2.SUP-FLO,AI:3007991
SRC-NAE5,NAE5/N2 Trunk 1.VAV1-2.SUPFLOSP,AO:3008004
SRC-NAE5,NAE5/N2 Trunk 1.VAV1-2.UCLG-SP,AO:3007996
SRC-NAE5,NAE5/N2 Trunk 1.VAV1-2.UHTG-SP,AO:3007999
SRC-NAE5,NAE5/N2 Trunk 1.VAV1-2.WC-ADJ,AI:3007988
SRC-NAE5,NAE5/N2 Trunk 1.VAV1-2.ZN-T,AI:3007986
SRC-NAE5,NAE5/N2 Trunk 1.VAV1-3.ACLG-SP,AI:3008014
SRC-NAE5,NAE5/N2 Trunk 1.VAV1-3.AHTG-SP,AI:3008017
SRC-NAE5,NAE5/N2 Trunk 1.VAV1-3.DA-T,AI:3008009
SRC-NAE5,NAE5/N2 Trunk 1.VAV1-3.DPR-O,AO:3008012
SRC-NAE5,NAE5/N2 Trunk 1.VAV1-3.HTG-O,AO:3008013
SRC-NAE5,NAE5/N2 Trunk 1.VAV1-3.OCLG-SP,AO:3008015
SRC-NAE5,NAE5/N2 Trunk 1.VAV1-3.OCMNC-SP,AO:3008020
SRC-NAE5,NAE5/N2 Trunk 1.VAV1-3.OCMNH-SP,AO:3008022
SRC-NAE5,NAE5/N2 Trunk 1.VAV1-3.OCMXC-SP,AO:3008021
SRC-NAE5,NAE5/N2 Trunk 1.VAV1-3.OCMXH-SP,AO:3008023
SRC-NAE5,NAE5/N2 Trunk 1.VAV1-3.OHTG-SP,AO:3008018
SRC-NAE5,NAE5/N2 Trunk 1.VAV1-3.SA-VP,AI:3008010
SRC-NAE5,NAE5/N2 Trunk 1.VAV1-3.SUP-FLO,AI:3008011
SRC-NAE5,NAE5/N2 Trunk 1.VAV1-3.SUPFLOSP,AO:3008024
SRC-NAE5,NAE5/N2 Trunk 1.VAV1-3.UCLG-SP,AO:3008016
SRC-NAE5,NAE5/N2 Trunk 1.VAV1-3.UHTG-SP,AO:3008019
SRC-NAE5,NAE5/N2 Trunk 1.VAV1-3.WC-ADJ,AI:3008008
SRC-NAE5,NAE5/N2 Trunk 1.VAV1-3.ZN-T,AI:3008006
SRC-NAE5,NAE5/N2 Trunk 1.VAV1-4.ACLG-SP,AI:3008034
SRC-NAE5,NAE5/N2 Trunk 1.VAV1-4.AHTG-SP,AI:3008037
SRC-NAE5,NAE5/N2 Trunk 1.VAV1-4.DA-T,AI:3008029
SRC-NAE5,NAE5/N2 Trunk 1.VAV1-4.DPR-O,AO:3008032
SRC-NAE5,NAE5/N2 Trunk 1.VAV1-4.HTG-O,AO:3008033
SRC-NAE5,NAE5/N2 Trunk 1.VAV1-4.OCLG-SP,AO:3008035
SRC-NAE5,NAE5/N2 Trunk 1.VAV1-4.OCMNC-SP,AO:3008040
SRC-NAE5,NAE5/N2 Trunk 1.VAV1-4.OCMNH-SP,AO:3008042
SRC-NAE5,NAE5/N2 Trunk 1.VAV1-4.OCMXC-SP,AO:3008041
SRC-NAE5,NAE5/N2 Trunk 1.VAV1-4.OCMXH-SP,AO:3008043
SRC-NAE5,NAE5/N2 Trunk 1.VAV1-4.OHTG-SP,AO:3008038
SRC-NAE5,NAE5/N2 Trunk 1.VAV1-4.SA-VP,AI:3008030
SRC-NAE5,NAE5/N2 Trunk 1.VAV1-4.SUP-FLO,AI:3008031
SRC-NAE5,NAE5/N2 Trunk 1.VAV1-4.SUPFLOSP,AO:3008044
SRC-NAE5,NAE5/N2 Trunk 1.VAV1-4.UCLG-SP,AO:3008036
SRC-NAE5,NAE5/N2 Trunk 1.VAV1-4.UHTG-SP,AO:3008039
SRC-NAE5,NAE5/N2 Trunk 1.VAV1-4.WC-ADJ,AI:3008028
SRC-NAE5,NAE5/N2 Trunk 1.VAV1-4.ZN-T,AI:3008026
SRC-NAE5,NAE5/N2 Trunk 1.VAV6-1.ACLG-SP,AI:3008054
SRC-NAE5,NAE5/N2 Trunk 1.VAV6-1.AHTG-SP,AI:3008057
SRC-NAE5,NAE5/N2 Trunk 1.VAV6-1.DA-T,AI:3008049
SRC-NAE5,NAE5/N2 Trunk 1.VAV6-1.DPR-O,AO:3008052
SRC-NAE5,NAE5/N2 Trunk 1.VAV6-1.HTG-O,AO:3008053
SRC-NAE5,NAE5/N2 Trunk 1.VAV6-1.OCC-UNOC,BI:3008065
SRC-NAE5,NAE5/N2 Trunk 1.VAV6-1.OCLG-SP,AO:3008055
SRC-NAE5,NAE5/N2 Trunk 1.VAV6-1.OCMNC-SP,AO:3008060
SRC-NAE5,NAE5/N2 Trunk 1.VAV6-1.OCMNH-SP,AO:3008062
SRC-NAE5,NAE5/N2 Trunk 1.VAV6-1.OCMXC-SP,AO:3008061
SRC-NAE5,NAE5/N2 Trunk 1.VAV6-1.OCMXH-SP,AO:3008063
SRC-NAE5,NAE5/N2 Trunk 1.VAV6-1.OHTG-SP,AO:3008058
SRC-NAE5,NAE5/N2 Trunk 1.VAV6-1.SA-VP,AI:3008050
SRC-NAE5,NAE5/N2 Trunk 1.VAV6-1.SUP-FLO,AI:3008051
SRC-NAE5,NAE5/N2 Trunk 1.VAV6-1.SUPFLOSP,AO:3008064
SRC-NAE5,NAE5/N2 Trunk 1.VAV6-1.UCLG-SP,AO:3008056
SRC-NAE5,NAE5/N2 Trunk 1.VAV6-1.UHTG-SP,AO:3008059
SRC-NAE5,NAE5/N2 Trunk 1.VAV6-1.WC-ADJ,AI:3008048
SRC-NAE5,NAE5/N2 Trunk 1.VAV6-1.ZN-T,AI:3008046
SRC-NAE5,NAE5/N2 Trunk 1.VAV6-2.ACLG-SP,AI:3008076
SRC-NAE5,NAE5/N2 Trunk 1.VAV6-2.AHTG-SP,AI:3008079
SRC-NAE5,NAE5/N2 Trunk 1.VAV6-2.DA-T,AI:3008071
SRC-NAE5,NAE5/N2 Trunk 1.VAV6-2.DPR-O,AO:3008074
SRC-NAE5,NAE5/N2 Trunk 1.VAV6-2.HTG-O,AO:3008075
SRC-NAE5,NAE5/N2 Trunk 1.VAV6-2.OCC-UNOC,BI:3008087
SRC-NAE5,NAE5/N2 Trunk 1.VAV6-2.OCLG-SP,AO:3008077
SRC-NAE5,NAE5/N2 Trunk 1.VAV6-2.OCMNC-SP,AO:3008082
SRC-NAE5,NAE5/N2 Trunk 1.VAV6-2.OCMNH-SP,AO:3008084
SRC-NAE5,NAE5/N2 Trunk 1.VAV6-2.OCMXC-SP,AO:3008083
SRC-NAE5,NAE5/N2 Trunk 1.VAV6-2.OCMXH-SP,AO:3008085
SRC-NAE5,NAE5/N2 Trunk 1.VAV6-2.OHTG-SP,AO:3008080
SRC-NAE5,NAE5/N2 Trunk 1.VAV6-2.SA-VP,AI:3008072
SRC-NAE5,NAE5/N2 Trunk 1.VAV6-2.SUP-FLO,AI:3008073
SRC-NAE5,NAE5/N2 Trunk 1.VAV6-2.SUPFLOSP,AO:3008086
SRC-NAE5,NAE5/N2 Trunk 1.VAV6-2.UCLG-SP,AO:3008078
SRC-NAE5,NAE5/N2 Trunk 1.VAV6-2.UHTG-SP,AO:3008081
SRC-NAE5,NAE5/N2 Trunk 1.VAV6-2.WC-ADJ,AI:3008070
SRC-NAE5,NAE5/N2 Trunk 1.VAV6-2.ZN-T,AI:3008068
SRC-NAE5,NAE5/N2 Trunk 1.VAV6-3.ACLG-SP,AI:3008098
SRC-NAE5,NAE5/N2 Trunk 1.VAV6-3.AHTG-SP,AI:3008101
SRC-NAE5,NAE5/N2 Trunk 1.VAV6-3.DA-T,AI:3008093
SRC-NAE5,NAE5/N2 Trunk 1.VAV6-3.DPR-O,AO:3008096
SRC-NAE5,NAE5/N2 Trunk 1.VAV6-3.HTG-O,AO:3008097
SRC-NAE5,NAE5/N2 Trunk 1.VAV6-3.OCLG-SP,AO:3008099
SRC-NAE5,NAE5/N2 Trunk 1.VAV6-3.OCMNC-SP,AO:3008104
SRC-NAE5,NAE5/N2 Trunk 1.VAV6-3.OCMNH-SP,AO:3008106
SRC-NAE5,NAE5/N2 Trunk 1.VAV6-3.OCMXC-SP,AO:3008105
SRC-NAE5,NAE5/N2 Trunk 1.VAV6-3.OCMXH-SP,AO:3008107
SRC-NAE5,NAE5/N2 Trunk 1.VAV6-3.OHTG-SP,AO:3008102
SRC-NAE5,NAE5/N2 Trunk 1.VAV6-3.SA-VP,AI:3008094
SRC-NAE5,NAE5/N2 Trunk 1.VAV6-3.SUP-FLO,AI:3008095
SRC-NAE5,NAE5/N2 Trunk 1.VAV6-3.SUPFLOSP,AO:3008108
SRC-NAE5,NAE5/N2 Trunk 1.VAV6-3.UCLG-SP,AO:3008100
SRC-NAE5,NAE5/N2 Trunk 1.VAV6-3.UHTG-SP,AO:3008103
SRC-NAE5,NAE5/N2 Trunk 1.VAV6-3.WC-ADJ,AI:3008092
SRC-NAE5,NAE5/N2 Trunk 1.VAV6-3.ZN-T,AI:3008090
SRC-NAE5,NAE5/N2 Trunk 1.VAV6-4.ACLG-SP,AI:3010198
SRC-NAE5,NAE5/N2 Trunk 1.VAV6-4.AHTG-SP,AI:3010201
SRC-NAE5,NAE5/N2 Trunk 1.VAV6-4.DA-T,AI:3008112
SRC-NAE5,NAE5/N2 Trunk 1.VAV6-4.DPR-O,AO:3010196
SRC-NAE5,NAE5/N2 Trunk 1.VAV6-4.HTG-O,AO:3010197
SRC-NAE5,NAE5/N2 Trunk 1.VAV6-4.OCC-UNOC,BI:3010209
SRC-NAE5,NAE5/N2 Trunk 1.VAV6-4.OCLG-SP,AO:3010199
SRC-NAE5,NAE5/N2 Trunk 1.VAV6-4.OCMNC-SP,AO:3010204
SRC-NAE5,NAE5/N2 Trunk 1.VAV6-4.OCMNH-SP,AO:3010206
SRC-NAE5,NAE5/N2 Trunk 1.VAV6-4.OCMXC-SP,AO:3010205
SRC-NAE5,NAE5/N2 Trunk 1.VAV6-4.OCMXH-SP,AO:3010207
SRC-NAE5,NAE5/N2 Trunk 1.VAV6-4.OHTG-SP,AO:3010202
SRC-NAE5,NAE5/N2 Trunk 1.VAV6-4.SA-VP,AI:3008113
SRC-NAE5,NAE5/N2 Trunk 1.VAV6-4.SUP-FLO,AI:3008114
SRC-NAE5,NAE5/N2 Trunk 1.VAV6-4.SUPFLOSP,AO:3010208
SRC-NAE5,NAE5/N2 Trunk 1.VAV6-4.UCLG-SP,AO:3010200
SRC-NAE5,NAE5/N2 Trunk 1.VAV6-4.UHTG-SP,AO:3010203
SRC-NAE5,NAE5/N2 Trunk 1.VAV6-4.WC-ADJ,AO:3010195
SRC-NAE5,NAE5/N2 Trunk 1.VAV6-4.ZN-T,AI:3008110
SRC-NAE5,NAE5/N2 Trunk 1.VAV6-5.ACLG-SP,AI:3008124
SRC-NAE5,NAE5/N2 Trunk 1.VAV6-5.AHTG-SP,AI:3008127
SRC-NAE5,NAE5/N2 Trunk 1.VAV6-5.DA-T,AI:3008119
SRC-NAE5,NAE5/N2 Trunk 1.VAV6-5.DPR-O,AO:3008122
SRC-NAE5,NAE5/N2 Trunk 1.VAV6-5.HTG-O,AO:3008123
SRC-NAE5,NAE5/N2 Trunk 1.VAV6-5.OCC-UNOC,BI:3008135
SRC-NAE5,NAE5/N2 Trunk 1.VAV6-5.OCLG-SP,AO:3008125
SRC-NAE5,NAE5/N2 Trunk 1.VAV6-5.OCMNC-SP,AO:3008130
SRC-NAE5,NAE5/N2 Trunk 1.VAV6-5.OCMNH-SP,AO:3008132
SRC-NAE5,NAE5/N2 Trunk 1.VAV6-5.OCMXC-SP,AO:3008131
SRC-NAE5,NAE5/N2 Trunk 1.VAV6-5.OCMXH-SP,AO:3008133
SRC-NAE5,NAE5/N2 Trunk 1.VAV6-5.OHTG-SP,AO:3008128
SRC-NAE5,NAE5/N2 Trunk 1.VAV6-5.SA-VP,AI:3008120
SRC-NAE5,NAE5/N2 Trunk 1.VAV6-5.SUP-FLO,AI:3008121
SRC-NAE5,NAE5/N2 Trunk 1.VAV6-5.SUPFLOSP,AO:3008134
SRC-NAE5,NAE5/N2 Trunk 1.VAV6-5.UCLG-SP,AO:3008126
SRC-NAE5,NAE5/N2 Trunk 1.VAV6-5.UHTG-SP,AO:3008129
SRC-NAE5,NAE5/N2 Trunk 1.VAV6-5.WC-ADJ,AI:3008118
SRC-NAE5,NAE5/N2 Trunk 1.VAV6-5.ZN-T,AI:3008116
SRC-NAE5,NAE5/N2 Trunk 1.VAV6-6.ACLG-SP,AI:3008146
SRC-NAE5,NAE5/N2 Trunk 1.VAV6-6.AHTG-SP,AI:3008149
SRC-NAE5,NAE5/N2 Trunk 1.VAV6-6.DA-T,AI:3008141
SRC-NAE5,NAE5/N2 Trunk 1.VAV6-6.DPR-O,AO:3008144
SRC-NAE5,NAE5/N2 Trunk 1.VAV6-6.HTG-O,AO:3008145
SRC-NAE5,NAE5/N2 Trunk 1.VAV6-6.OCLG-SP,AO:3008147
SRC-NAE5,NAE5/N2 Trunk 1.VAV6-6.OCMNC-SP,AO:3008152
SRC-NAE5,NAE5/N2 Trunk 1.VAV6-6.OCMNH-SP,AO:3008154
SRC-NAE5,NAE5/N2 Trunk 1.VAV6-6.OCMXC-SP,AO:3008153
SRC-NAE5,NAE5/N2 Trunk 1.VAV6-6.OCMXH-SP,AO:3008155
SRC-NAE5,NAE5/N2 Trunk 1.VAV6-6.OHTG-SP,AO:3008150
SRC-NAE5,NAE5/N2 Trunk 1.VAV6-6.SA-VP,AI:3008142
SRC-NAE5,NAE5/N2 Trunk 1.VAV6-6.SUP-FLO,AI:3008143
SRC-NAE5,NAE5/N2 Trunk 1.VAV6-6.SUPFLOSP,AO:3008156
SRC-NAE5,NAE5/N2 Trunk 1.VAV6-6.UCLG-SP,AO:3008148
SRC-NAE5,NAE5/N2 Trunk 1.VAV6-6.UHTG-SP,AO:3008151
SRC-NAE5,NAE5/N2 Trunk 1.VAV6-6.WC-ADJ,AI:3008140
SRC-NAE5,NAE5/N2 Trunk 1.VAV6-6.ZN-T,AI:3008138
SRC-NAE5,NAE5/N2 Trunk 1.VAV6-7.ACLG-SP,AI:3008166
SRC-NAE5,NAE5/N2 Trunk 1.VAV6-7.AHTG-SP,AI:3008169
SRC-NAE5,NAE5/N2 Trunk 1.VAV6-7.DA-T,AI:3008161
SRC-NAE5,NAE5/N2 Trunk 1.VAV6-7.DPR-O,AO:3008164
SRC-NAE5,NAE5/N2 Trunk 1.VAV6-7.HTG-O,AO:3008165
SRC-NAE5,NAE5/N2 Trunk 1.VAV6-7.OCLG-SP,AO:3008167
SRC-NAE5,NAE5/N2 Trunk 1.VAV6-7.OCMNC-SP,AO:3008172
SRC-NAE5,NAE5/N2 Trunk 1.VAV6-7.OCMNH-SP,AO:3008174
SRC-NAE5,NAE5/N2 Trunk 1.VAV6-7.OCMXC-SP,AO:3008173
SRC-NAE5,NAE5/N2 Trunk 1.VAV6-7.OCMXH-SP,AO:3008175
SRC-NAE5,NAE5/N2 Trunk 1.VAV6-7.OHTG-SP,AO:3008170
SRC-NAE5,NAE5/N2 Trunk 1.VAV6-7.SA-VP,AI:3008162
SRC-NAE5,NAE5/N2 Trunk 1.VAV6-7.SUP-FLO,AI:3008163
SRC-NAE5,NAE5/N2 Trunk 1.VAV6-7.SUPFLOSP,AO:3008176
SRC-NAE5,NAE5/N2 Trunk 1.VAV6-7.UCLG-SP,AO:3008168
SRC-NAE5,NAE5/N2 Trunk 1.VAV6-7.UHTG-SP,AO:3008171
SRC-NAE5,NAE5/N2 Trunk 1.VAV6-7.WC-ADJ,AI:3008160
SRC-NAE5,NAE5/N2 Trunk 1.VAV6-7.ZN-T,AI:3008158
SRC-NAE5,NAE5/N2 Trunk 1.VAV6-8.ACLG-SP,AI:3008186
SRC-NAE5,NAE5/N2 Trunk 1.VAV6-8.AHTG-SP,AI:3008189
SRC-NAE5,NAE5/N2 Trunk 1.VAV6-8.DA-T,AI:3008181
SRC-NAE5,NAE5/N2 Trunk 1.VAV6-8.DPR-O,AO:3008184
SRC-NAE5,NAE5/N2 Trunk 1.VAV6-8.HTG-O,AO:3008185
SRC-NAE5,NAE5/N2 Trunk 1.VAV6-8.OCLG-SP,AO:3008187
SRC-NAE5,NAE5/N2 Trunk 1.VAV6-8.OCMNC-SP,AO:3008192
SRC-NAE5,NAE5/N2 Trunk 1.VAV6-8.OCMNH-SP,AO:3008194
SRC-NAE5,NAE5/N2 Trunk 1.VAV6-8.OCMXC-SP,AO:3008193
SRC-NAE5,NAE5/N2 Trunk 1.VAV6-8.OCMXH-SP,AO:3008195
SRC-NAE5,NAE5/N2 Trunk 1.VAV6-8.OHTG-SP,AO:3008190
SRC-NAE5,NAE5/N2 Trunk 1.VAV6-8.SA-VP,AI:3008182
SRC-NAE5,NAE5/N2 Trunk 1.VAV6-8.SUP-FLO,AI:3008183
SRC-NAE5,NAE5/N2 Trunk 1.VAV6-8.SUPFLOSP,AO:3008196
SRC-NAE5,NAE5/N2 Trunk 1.VAV6-8.UCLG-SP,AO:3008188
SRC-NAE5,NAE5/N2 Trunk 1.VAV6-8.UHTG-SP,AO:3008191
SRC-NAE5,NAE5/N2 Trunk 1.VAV6-8.WC-ADJ,AI:3008180
SRC-NAE5,NAE5/N2 Trunk 1.VAV6-8.ZN-T,AI:3008178
SRC-NAE5,NAE5/N2 Trunk 1.VAV6-9.ACLG-SP,AI:3008206
SRC-NAE5,NAE5/N2 Trunk 1.VAV6-9.AHTG-SP,AI:3008209
SRC-NAE5,NAE5/N2 Trunk 1.VAV6-9.DA-T,AI:3008201
SRC-NAE5,NAE5/N2 Trunk 1.VAV6-9.DPR-O,AO:3008204
SRC-NAE5,NAE5/N2 Trunk 1.VAV6-9.HTG-O,AO:3008205
SRC-NAE5,NAE5/N2 Trunk 1.VAV6-9.OCLG-SP,AO:3008207
SRC-NAE5,NAE5/N2 Trunk 1.VAV6-9.OCMNC-SP,AO:3008212
SRC-NAE5,NAE5/N2 Trunk 1.VAV6-9.OCMNH-SP,AO:3008214
SRC-NAE5,NAE5/N2 Trunk 1.VAV6-9.OCMXC-SP,AO:3008213
SRC-NAE5,NAE5/N2 Trunk 1.VAV6-9.OCMXH-SP,AO:3008215
SRC-NAE5,NAE5/N2 Trunk 1.VAV6-9.OHTG-SP,AO:3008210
SRC-NAE5,NAE5/N2 Trunk 1.VAV6-9.SA-VP,AI:3008202
SRC-NAE5,NAE5/N2 Trunk 1.VAV6-9.SUP-FLO,AI:3008203
SRC-NAE5,NAE5/N2 Trunk 1.VAV6-9.SUPFLOSP,AO:3008216
SRC-NAE5,NAE5/N2 Trunk 1.VAV6-9.UCLG-SP,AO:3008208
SRC-NAE5,NAE5/N2 Trunk 1.VAV6-9.UHTG-SP,AO:3008211
SRC-NAE5,NAE5/N2 Trunk 1.VAV6-9.WC-ADJ,AI:3008200
SRC-NAE5,NAE5/N2 Trunk 1.VAV6-9.ZN-T,AI:3008198
SRC-NAE5,NAE5/N2 Trunk 1.VAV6-10.ACLG-SP,AI:3008226
SRC-NAE5,NAE5/N2 Trunk 1.VAV6-10.AHTG-SP,AI:3008229
SRC-NAE5,NAE5/N2 Trunk 1.VAV6-10.DA-T,AI:3008221
SRC-NAE5,NAE5/N2 Trunk 1.VAV6-10.DPR-O,AO:3008224
SRC-NAE5,NAE5/N2 Trunk 1.VAV6-10.HTG-O,AO:3008225
SRC-NAE5,NAE5/N2 Trunk 1.VAV6-10.OCLG-SP,AO:3008227
SRC-NAE5,NAE5/N2 Trunk 1.VAV6-10.OCMNC-SP,AO:3008232
SRC-NAE5,NAE5/N2 Trunk 1.VAV6-10.OCMNH-SP,AO:3008234
SRC-NAE5,NAE5/N2 Trunk 1.VAV6-10.OCMXC-SP,AO:3008233
SRC-NAE5,NAE5/N2 Trunk 1.VAV6-10.OCMXH-SP,AO:3008235
SRC-NAE5,NAE5/N2 Trunk 1.VAV6-10.OHTG-SP,AO:3008230
SRC-NAE5,NAE5/N2 Trunk 1.VAV6-10.SA-VP,AI:3008222
SRC-NAE5,NAE5/N2 Trunk 1.VAV6-10.SUP-FLO,AI:3008223
SRC-NAE5,NAE5/N2 Trunk 1.VAV6-10.SUPFLOSP,AO:3008236
SRC-NAE5,NAE5/N2 Trunk 1.VAV6-10.UCLG-SP,AO:3008228
SRC-NAE5,NAE5/N2 Trunk 1.VAV6-10.UHTG-SP,AO:3008231
SRC-NAE5,NAE5/N2 Trunk 1.VAV6-10.WC-ADJ,AI:3008220
SRC-NAE5,NAE5/N2 Trunk 1.VAV6-10.ZN-T,AI:3008218
SRC-NAE5,NAE5/N2 Trunk 1.VAV6-11.ACLG-SP,AI:3008246
SRC-NAE5,NAE5/N2 Trunk 1.VAV6-11.AHTG-SP,AI:3008249
SRC-NAE5,NAE5/N2 Trunk 1.VAV6-11.DA-T,AI:3008241
SRC-NAE5,NAE5/N2 Trunk 1.VAV6-11.DPR-O,AO:3008244
SRC-NAE5,NAE5/N2 Trunk 1.VAV6-11.HTG-O,AO:3008245
SRC-NAE5,NAE5/N2 Trunk 1.VAV6-11.OCLG-SP,AO:3008247
SRC-NAE5,NAE5/N2 Trunk 1.VAV6-11.OCMNC-SP,AO:3008252
SRC-NAE5,NAE5/N2 Trunk 1.VAV6-11.OCMNH-SP,AO:3008254
SRC-NAE5,NAE5/N2 Trunk 1.VAV6-11.OCMXC-SP,AO:3008253
SRC-NAE5,NAE5/N2 Trunk 1.VAV6-11.OCMXH-SP,AO:3008255
SRC-NAE5,NAE5/N2 Trunk 1.VAV6-11.OHTG-SP,AO:3008250
SRC-NAE5,NAE5/N2 Trunk 1.VAV6-11.SA-VP,AI:3008242
SRC-NAE5,NAE5/N2 Trunk 1.VAV6-11.SUP-FLO,AI:3008243
SRC-NAE5,NAE5/N2 Trunk 1.VAV6-11.SUPFLOSP,AO:3008256
SRC-NAE5,NAE5/N2 Trunk 1.VAV6-11.UCLG-SP,AO:3008248
SRC-NAE5,NAE5/N2 Trunk 1.VAV6-11.UHTG-SP,AO:3008251
SRC-NAE5,NAE5/N2 Trunk 1.VAV6-11.WC-ADJ,AI:3008240
SRC-NAE5,NAE5/N2 Trunk 1.VAV6-11.ZN-T,AI:3008238
SRC-NAE5,NAE5/N2 Trunk 1.VAV6-12.ACLG-SP,AI:3008266
SRC-NAE5,NAE5/N2 Trunk 1.VAV6-12.AHTG-SP,AI:3008269
SRC-NAE5,NAE5/N2 Trunk 1.VAV6-12.DA-T,AI:3008261
SRC-NAE5,NAE5/N2 Trunk 1.VAV6-12.DPR-O,AO:3008264
SRC-NAE5,NAE5/N2 Trunk 1.VAV6-12.HTG-O,AO:3008265
SRC-NAE5,NAE5/N2 Trunk 1.VAV6-12.OCLG-SP,AO:3008267
SRC-NAE5,NAE5/N2 Trunk 1.VAV6-12.OCMNC-SP,AO:3008272
SRC-NAE5,NAE5/N2 Trunk 1.VAV6-12.OCMNH-SP,AO:3008274
SRC-NAE5,NAE5/N2 Trunk 1.VAV6-12.OCMXC-SP,AO:3008273
SRC-NAE5,NAE5/N2 Trunk 1.VAV6-12.OCMXH-SP,AO:3008275
SRC-NAE5,NAE5/N2 Trunk 1.VAV6-12.OHTG-SP,AO:3008270
SRC-NAE5,NAE5/N2 Trunk 1.VAV6-12.SA-VP,AI:3008262
SRC-NAE5,NAE5/N2 Trunk 1.VAV6-12.SUP-FLO,AI:3008263
SRC-NAE5,NAE5/N2 Trunk 1.VAV6-12.SUPFLOSP,AO:3008276
SRC-NAE5,NAE5/N2 Trunk 1.VAV6-12.UCLG-SP,AO:3008268
SRC-NAE5,NAE5/N2 Trunk 1.VAV6-12.UHTG-SP,AO:3008271
SRC-NAE5,NAE5/N2 Trunk 1.VAV6-12.WC-ADJ,AI:3008260
SRC-NAE5,NAE5/N2 Trunk 1.VAV6-12.ZN-T,AI:3008258
SRC-NAE5,NAE5/N2 Trunk 1.VAV6-13.ACLG-SP,AI:3008286
SRC-NAE5,NAE5/N2 Trunk 1.VAV6-13.AHTG-SP,AI:3008289
SRC-NAE5,NAE5/N2 Trunk 1.VAV6-13.DA-T,AI:3008281
SRC-NAE5,NAE5/N2 Trunk 1.VAV6-13.DPR-O,AO:3008284
SRC-NAE5,NAE5/N2 Trunk 1.VAV6-13.HTG-O,AO:3008285
SRC-NAE5,NAE5/N2 Trunk 1.VAV6-13.OCLG-SP,AO:3008287
SRC-NAE5,NAE5/N2 Trunk 1.VAV6-13.OCMNC-SP,AO:3008292
SRC-NAE5,NAE5/N2 Trunk 1.VAV6-13.OCMNH-SP,AO:3008294
SRC-NAE5,NAE5/N2 Trunk 1.VAV6-13.OCMXC-SP,AO:3008293
SRC-NAE5,NAE5/N2 Trunk 1.VAV6-13.OCMXH-SP,AO:3008295
SRC-NAE5,NAE5/N2 Trunk 1.VAV6-13.OHTG-SP,AO:3008290
SRC-NAE5,NAE5/N2 Trunk 1.VAV6-13.SA-VP,AI:3008282
SRC-NAE5,NAE5/N2 Trunk 1.VAV6-13.SUP-FLO,AI:3008283
SRC-NAE5,NAE5/N2 Trunk 1.VAV6-13.SUPFLOSP,AO:3008296
SRC-NAE5,NAE5/N2 Trunk 1.VAV6-13.UCLG-SP,AO:3008288
SRC-NAE5,NAE5/N2 Trunk 1.VAV6-13.UHTG-SP,AO:3008291
SRC-NAE5,NAE5/N2 Trunk 1.VAV6-13.WC-ADJ,AI:3008280
SRC-NAE5,NAE5/N2 Trunk 1.VAV6-13.ZN-T,AI:3008278
SRC-NAE5,NAE5/N2 Trunk 1.VAV6-14.ACLG-SP,AI:3008306
SRC-NAE5,NAE5/N2 Trunk 1.VAV6-14.AHTG-SP,AI:3008309
SRC-NAE5,NAE5/N2 Trunk 1.VAV6-14.DA-T,AI:3008301
SRC-NAE5,NAE5/N2 Trunk 1.VAV6-14.DPR-O,AO:3008304
SRC-NAE5,NAE5/N2 Trunk 1.VAV6-14.HTG-O,AO:3008305
SRC-NAE5,NAE5/N2 Trunk 1.VAV6-14.OCLG-SP,AO:3008307
SRC-NAE5,NAE5/N2 Trunk 1.VAV6-14.OCMNC-SP,AO:3008312
SRC-NAE5,NAE5/N2 Trunk 1.VAV6-14.OCMNH-SP,AO:3008314
SRC-NAE5,NAE5/N2 Trunk 1.VAV6-14.OCMXC-SP,AO:3008313
SRC-NAE5,NAE5/N2 Trunk 1.VAV6-14.OCMXH-SP,AO:3008315
SRC-NAE5,NAE5/N2 Trunk 1.VAV6-14.OHTG-SP,AO:3008310
SRC-NAE5,NAE5/N2 Trunk 1.VAV6-14.SA-VP,AI:3008302
SRC-NAE5,NAE5/N2 Trunk 1.VAV6-14.SUP-FLO,AI:3008303
SRC-NAE5,NAE5/N2 Trunk 1.VAV6-14.SUPFLOSP,AO:3008316
SRC-NAE5,NAE5/N2 Trunk 1.VAV6-14.UCLG-SP,AO:3008308
SRC-NAE5,NAE5/N2 Trunk 1.VAV6-14.UHTG-SP,AO:3008311
SRC-NAE5,NAE5/N2 Trunk 1.VAV6-14.WC-ADJ,AI:3008300
SRC-NAE5,NAE5/N2 Trunk 1.VAV6-14.ZN-T,AI:3008298
SRC-NAE5,NAE5/N2 Trunk 1.VAV6-15.ACLG-SP,AI:3008326
SRC-NAE5,NAE5/N2 Trunk 1.VAV6-15.AHTG-SP,AI:3008329
SRC-NAE5,NAE5/N2 Trunk 1.VAV6-15.DA-T,AI:3008321
SRC-NAE5,NAE5/N2 Trunk 1.VAV6-15.DPR-O,AO:3008324
SRC-NAE5,NAE5/N2 Trunk 1.VAV6-15.HTG-O,AO:3008325
SRC-NAE5,NAE5/N2 Trunk 1.VAV6-15.OCLG-SP,AO:3008327
SRC-NAE5,NAE5/N2 Trunk 1.VAV6-15.OCMNC-SP,AO:3008332
SRC-NAE5,NAE5/N2 Trunk 1.VAV6-15.OCMNH-SP,AO:3008334
SRC-NAE5,NAE5/N2 Trunk 1.VAV6-15.OCMXC-SP,AO:3008333
SRC-NAE5,NAE5/N2 Trunk 1.VAV6-15.OCMXH-SP,AO:3008335
SRC-NAE5,NAE5/N2 Trunk 1.VAV6-15.OHTG-SP,AO:3008330
SRC-NAE5,NAE5/N2 Trunk 1.VAV6-15.SA-VP,AI:3008322
SRC-NAE5,NAE5/N2 Trunk 1.VAV6-15.SUP-FLO,AI:3008323
SRC-NAE5,NAE5/N2 Trunk 1.VAV6-15.SUPFLOSP,AO:3008336
SRC-NAE5,NAE5/N2 Trunk 1.VAV6-15.UCLG-SP,AO:3008328
SRC-NAE5,NAE5/N2 Trunk 1.VAV6-15.UHTG-SP,AO:3008331
SRC-NAE5,NAE5/N2 Trunk 1.VAV6-15.WC-ADJ,AI:3008320
SRC-NAE5,NAE5/N2 Trunk 1.VAV6-15.ZN-T,AI:3008318
SRC-NAE5,NAE5/N2 Trunk 1.VAV6-16.ACLG-SP,AI:3008346
SRC-NAE5,NAE5/N2 Trunk 1.VAV6-16.AHTG-SP,AI:3008349
SRC-NAE5,NAE5/N2 Trunk 1.VAV6-16.DA-T,AI:3008341
SRC-NAE5,NAE5/N2 Trunk 1.VAV6-16.DPR-O,AO:3008344
SRC-NAE5,NAE5/N2 Trunk 1.VAV6-16.HTG-O,AO:3008345
SRC-NAE5,NAE5/N2 Trunk 1.VAV6-16.OCLG-SP,AO:3008347
SRC-NAE5,NAE5/N2 Trunk 1.VAV6-16.OCMNC-SP,AO:3008352
SRC-NAE5,NAE5/N2 Trunk 1.VAV6-16.OCMNH-SP,AO:3008354
SRC-NAE5,NAE5/N2 Trunk 1.VAV6-16.OCMXC-SP,AO:3008353
SRC-NAE5,NAE5/N2 Trunk 1.VAV6-16.OCMXH-SP,AO:3008355
SRC-NAE5,NAE5/N2 Trunk 1.VAV6-16.OHTG-SP,AO:3008350
SRC-NAE5,NAE5/N2 Trunk 1.VAV6-16.SA-VP,AI:3008342
SRC-NAE5,NAE5/N2 Trunk 1.VAV6-16.SUP-FLO,AI:3008343
SRC-NAE5,NAE5/N2 Trunk 1.VAV6-16.SUPFLOSP,AO:3008356
SRC-NAE5,NAE5/N2 Trunk 1.VAV6-16.UCLG-SP,AO:3008348
SRC-NAE5,NAE5/N2 Trunk 1.VAV6-16.UHTG-SP,AO:3008351
SRC-NAE5,NAE5/N2 Trunk 1.VAV6-16.WC-ADJ,AI:3008340
SRC-NAE5,NAE5/N2 Trunk 1.VAV6-16.ZN-T,AI:3008338
SRC-NAE5,NAE5/N2 Trunk 1.VAV6-17.ACLG-SP,AI:3008366
SRC-NAE5,NAE5/N2 Trunk 1.VAV6-17.AHTG-SP,AI:3008369
SRC-NAE5,NAE5/N2 Trunk 1.VAV6-17.DA-T,AI:3008361
SRC-NAE5,NAE5/N2 Trunk 1.VAV6-17.DPR-O,AO:3008364
SRC-NAE5,NAE5/N2 Trunk 1.VAV6-17.HTG-O,AO:3008365
SRC-NAE5,NAE5/N2 Trunk 1.VAV6-17.OCLG-SP,AO:3008367
SRC-NAE5,NAE5/N2 Trunk 1.VAV6-17.OCMNC-SP,AO:3008372
SRC-NAE5,NAE5/N2 Trunk 1.VAV6-17.OCMNH-SP,AO:3008374
SRC-NAE5,NAE5/N2 Trunk 1.VAV6-17.OCMXC-SP,AO:3008373
SRC-NAE5,NAE5/N2 Trunk 1.VAV6-17.OCMXH-SP,AO:3008375
SRC-NAE5,NAE5/N2 Trunk 1.VAV6-17.OHTG-SP,AO:3008370
SRC-NAE5,NAE5/N2 Trunk 1.VAV6-17.SA-VP,AI:3008362
SRC-NAE5,NAE5/N2 Trunk 1.VAV6-17.SUP-FLO,AI:3008363
SRC-NAE5,NAE5/N2 Trunk 1.VAV6-17.SUPFLOSP,AO:3008376
SRC-NAE5,NAE5/N2 Trunk 1.VAV6-17.UCLG-SP,AO:3008368
SRC-NAE5,NAE5/N2 Trunk 1.VAV6-17.UHTG-SP,AO:3008371
SRC-NAE5,NAE5/N2 Trunk 1.VAV6-17.WC-ADJ,AI:3008360
SRC-NAE5,NAE5/N2 Trunk 1.VAV6-17.ZN-T,AI:3008358
SRC-NAE5,NAE5/N2 Trunk 1.VAV7-1.ACLG-SP,AI:3008406
SRC-NAE5,NAE5/N2 Trunk 1.VAV7-1.AHTG-SP,AI:3008409
SRC-NAE5,NAE5/N2 Trunk 1.VAV7-1.DA-T,AI:3008401
SRC-NAE5,NAE5/N2 Trunk 1.VAV7-1.DPR-O,AO:3008404
SRC-NAE5,NAE5/N2 Trunk 1.VAV7-1.HTG-O,AO:3008405
SRC-NAE5,NAE5/N2 Trunk 1.VAV7-1.OCC-UNOC,BI:3008417
SRC-NAE5,NAE5/N2 Trunk 1.VAV7-1.OCLG-SP,AO:3008407
SRC-NAE5,NAE5/N2 Trunk 1.VAV7-1.OCMNC-SP,AO:3008412
SRC-NAE5,NAE5/N2 Trunk 1.VAV7-1.OCMNH-SP,AO:3008414
SRC-NAE5,NAE5/N2 Trunk 1.VAV7-1.OCMXC-SP,AO:3008413
SRC-NAE5,NAE5/N2 Trunk 1.VAV7-1.OCMXH-SP,AO:3008415
SRC-NAE5,NAE5/N2 Trunk 1.VAV7-1.OHTG-SP,AO:3008410
SRC-NAE5,NAE5/N2 Trunk 1.VAV7-1.SA-VP,AI:3008402
SRC-NAE5,NAE5/N2 Trunk 1.VAV7-1.SUP-FLO,AI:3008403
SRC-NAE5,NAE5/N2 Trunk 1.VAV7-1.SUPFLOSP,AO:3008416
SRC-NAE5,NAE5/N2 Trunk 1.VAV7-1.UCLG-SP,AO:3008408
SRC-NAE5,NAE5/N2 Trunk 1.VAV7-1.UHTG-SP,AO:3008411
SRC-NAE5,NAE5/N2 Trunk 1.VAV7-1.WC-ADJ,AI:3008400
SRC-NAE5,NAE5/N2 Trunk 1.VAV7-1.ZN-T,AI:3008398
SRC-NAE5,NAE5/N2 Trunk 1.VAV7-2.ACLG-SP,AI:3008428
SRC-NAE5,NAE5/N2 Trunk 1.VAV7-2.AHTG-SP,AI:3008431
SRC-NAE5,NAE5/N2 Trunk 1.VAV7-2.DA-T,AI:3008423
SRC-NAE5,NAE5/N2 Trunk 1.VAV7-2.DPR-O,AO:3008426
SRC-NAE5,NAE5/N2 Trunk 1.VAV7-2.HTG-O,AO:3008427
SRC-NAE5,NAE5/N2 Trunk 1.VAV7-2.OCLG-SP,AO:3008429
SRC-NAE5,NAE5/N2 Trunk 1.VAV7-2.OCMNC-SP,AO:3008434
SRC-NAE5,NAE5/N2 Trunk 1.VAV7-2.OCMNH-SP,AO:3008436
SRC-NAE5,NAE5/N2 Trunk 1.VAV7-2.OCMXC-SP,AO:3008435
SRC-NAE5,NAE5/N2 Trunk 1.VAV7-2.OCMXH-SP,AO:3008437
SRC-NAE5,NAE5/N2 Trunk 1.VAV7-2.OHTG-SP,AO:3008432
SRC-NAE5,NAE5/N2 Trunk 1.VAV7-2.SA-VP,AI:3008424
SRC-NAE5,NAE5/N2 Trunk 1.VAV7-2.SUP-FLO,AI:3008425
SRC-NAE5,NAE5/N2 Trunk 1.VAV7-2.SUPFLOSP,AO:3008438
SRC-NAE5,NAE5/N2 Trunk 1.VAV7-2.UCLG-SP,AO:3008430
SRC-NAE5,NAE5/N2 Trunk 1.VAV7-2.UHTG-SP,AO:3008433
SRC-NAE5,NAE5/N2 Trunk 1.VAV7-2.WC-ADJ,AI:3008422
SRC-NAE5,NAE5/N2 Trunk 1.VAV7-2.ZN-T,AI:3008420
SRC-NAE5,NAE5/N2 Trunk 1.VAV7-3.ACLG-SP,AI:3008448
SRC-NAE5,NAE5/N2 Trunk 1.VAV7-3.AHTG-SP,AI:3008451
SRC-NAE5,NAE5/N2 Trunk 1.VAV7-3.DA-T,AI:3008443
SRC-NAE5,NAE5/N2 Trunk 1.VAV7-3.DPR-O,AO:3008446
SRC-NAE5,NAE5/N2 Trunk 1.VAV7-3.HTG-O,AO:3008447
SRC-NAE5,NAE5/N2 Trunk 1.VAV7-3.OCLG-SP,AO:3008449
SRC-NAE5,NAE5/N2 Trunk 1.VAV7-3.OCMNC-SP,AO:3008454
SRC-NAE5,NAE5/N2 Trunk 1.VAV7-3.OCMNH-SP,AO:3008456
SRC-NAE5,NAE5/N2 Trunk 1.VAV7-3.OCMXC-SP,AO:3008455
SRC-NAE5,NAE5/N2 Trunk 1.VAV7-3.OCMXH-SP,AO:3008457
SRC-NAE5,NAE5/N2 Trunk 1.VAV7-3.OHTG-SP,AO:3008452
SRC-NAE5,NAE5/N2 Trunk 1.VAV7-3.SA-VP,AI:3008444
SRC-NAE5,NAE5/N2 Trunk 1.VAV7-3.SUP-FLO,AI:3008445
SRC-NAE5,NAE5/N2 Trunk 1.VAV7-3.SUPFLOSP,AO:3008458
SRC-NAE5,NAE5/N2 Trunk 1.VAV7-3.UCLG-SP,AO:3008450
SRC-NAE5,NAE5/N2 Trunk 1.VAV7-3.UHTG-SP,AO:3008453
SRC-NAE5,NAE5/N2 Trunk 1.VAV7-3.WC-ADJ,AI:3008442
SRC-NAE5,NAE5/N2 Trunk 1.VAV7-3.ZN-T,AI:3008440
SRC-NAE5,NAE5/N2 Trunk 1.VAV7-4.ACLG-SP,AI:3008468
SRC-NAE5,NAE5/N2 Trunk 1.VAV7-4.AHTG-SP,AI:3008471
SRC-NAE5,NAE5/N2 Trunk 1.VAV7-4.DA-T,AI:3008463
SRC-NAE5,NAE5/N2 Trunk 1.VAV7-4.DPR-O,AO:3008466
SRC-NAE5,NAE5/N2 Trunk 1.VAV7-4.HTG-O,AO:3008467
SRC-NAE5,NAE5/N2 Trunk 1.VAV7-4.OCC-UNOC,BI:3008479
SRC-NAE5,NAE5/N2 Trunk 1.VAV7-4.OCLG-SP,AO:3008469
SRC-NAE5,NAE5/N2 Trunk 1.VAV7-4.OCMNC-SP,AO:3008474
SRC-NAE5,NAE5/N2 Trunk 1.VAV7-4.OCMNH-SP,AO:3008476
SRC-NAE5,NAE5/N2 Trunk 1.VAV7-4.OCMXC-SP,AO:3008475
SRC-NAE5,NAE5/N2 Trunk 1.VAV7-4.OCMXH-SP,AO:3008477
SRC-NAE5,NAE5/N2 Trunk 1.VAV7-4.OHTG-SP,AO:3008472
SRC-NAE5,NAE5/N2 Trunk 1.VAV7-4.SA-VP,AI:3008464
SRC-NAE5,NAE5/N2 Trunk 1.VAV7-4.SUP-FLO,AI:3008465
SRC-NAE5,NAE5/N2 Trunk 1.VAV7-4.SUPFLOSP,AO:3008478
SRC-NAE5,NAE5/N2 Trunk 1.VAV7-4.UCLG-SP,AO:3008470
SRC-NAE5,NAE5/N2 Trunk 1.VAV7-4.UHTG-SP,AO:3008473
SRC-NAE5,NAE5/N2 Trunk 1.VAV7-4.WC-ADJ,AI:3008462
SRC-NAE5,NAE5/N2 Trunk 1.VAV7-4.ZN-T,AI:3008460
SRC-NAE5,NAE5/N2 Trunk 1.VAV7-5.ACLG-SP,AI:3008490
SRC-NAE5,NAE5/N2 Trunk 1.VAV7-5.AHTG-SP,AI:3008493
SRC-NAE5,NAE5/N2 Trunk 1.VAV7-5.DA-T,AI:3008485
SRC-NAE5,NAE5/N2 Trunk 1.VAV7-5.DPR-O,AO:3008488
SRC-NAE5,NAE5/N2 Trunk 1.VAV7-5.HTG-O,AO:3008489
SRC-NAE5,NAE5/N2 Trunk 1.VAV7-5.OCC-UNOC,BI:3008501
SRC-NAE5,NAE5/N2 Trunk 1.VAV7-5.OCLG-SP,AO:3008491
SRC-NAE5,NAE5/N2 Trunk 1.VAV7-5.OCMNC-SP,AO:3008496
SRC-NAE5,NAE5/N2 Trunk 1.VAV7-5.OCMNH-SP,AO:3008498
SRC-NAE5,NAE5/N2 Trunk 1.VAV7-5.OCMXC-SP,AO:3008497
SRC-NAE5,NAE5/N2 Trunk 1.VAV7-5.OCMXH-SP,AO:3008499
SRC-NAE5,NAE5/N2 Trunk 1.VAV7-5.OHTG-SP,AO:3008494
SRC-NAE5,NAE5/N2 Trunk 1.VAV7-5.SA-VP,AI:3008486
SRC-NAE5,NAE5/N2 Trunk 1.VAV7-5.SUP-FLO,AI:3008487
SRC-NAE5,NAE5/N2 Trunk 1.VAV7-5.SUPFLOSP,AO:3008500
SRC-NAE5,NAE5/N2 Trunk 1.VAV7-5.UCLG-SP,AO:3008492
SRC-NAE5,NAE5/N2 Trunk 1.VAV7-5.UHTG-SP,AO:3008495
SRC-NAE5,NAE5/N2 Trunk 1.VAV7-5.WC-ADJ,AI:3008484
SRC-NAE5,NAE5/N2 Trunk 1.VAV7-5.ZN-T,AI:3008482
SRC-NAE5,NAE5/N2 Trunk 1.VAV7-6.ACLG-SP,AI:3008512
SRC-NAE5,NAE5/N2 Trunk 1.VAV7-6.AHTG-SP,AI:3008515
SRC-NAE5,NAE5/N2 Trunk 1.VAV7-6.DA-T,AI:3008507
SRC-NAE5,NAE5/N2 Trunk 1.VAV7-6.DPR-O,AO:3008510
SRC-NAE5,NAE5/N2 Trunk 1.VAV7-6.HTG-O,AO:3008511
SRC-NAE5,NAE5/N2 Trunk 1.VAV7-6.OCC-UNOC,BI:3008523
SRC-NAE5,NAE5/N2 Trunk 1.VAV7-6.OCLG-SP,AO:3008513
SRC-NAE5,NAE5/N2 Trunk 1.VAV7-6.OCMNC-SP,AO:3008518
SRC-NAE5,NAE5/N2 Trunk 1.VAV7-6.OCMNH-SP,AO:3008520
SRC-NAE5,NAE5/N2 Trunk 1.VAV7-6.OCMXC-SP,AO:3008519
SRC-NAE5,NAE5/N2 Trunk 1.VAV7-6.OCMXH-SP,AO:3008521
SRC-NAE5,NAE5/N2 Trunk 1.VAV7-6.OHTG-SP,AO:3008516
SRC-NAE5,NAE5/N2 Trunk 1.VAV7-6.SA-VP,AI:3008508
SRC-NAE5,NAE5/N2 Trunk 1.VAV7-6.SUP-FLO,AI:3008509
SRC-NAE5,NAE5/N2 Trunk 1.VAV7-6.SUPFLOSP,AO:3008522
SRC-NAE5,NAE5/N2 Trunk 1.VAV7-6.UCLG-SP,AO:3008514
SRC-NAE5,NAE5/N2 Trunk 1.VAV7-6.UHTG-SP,AO:3008517
SRC-NAE5,NAE5/N2 Trunk 1.VAV7-6.WC-ADJ,AI:3008506
SRC-NAE5,NAE5/N2 Trunk 1.VAV7-6.ZN-T,AI:3008504
SRC-NAE5,NAE5/N2 Trunk 1.VAV7-7.ACLG-SP,AI:3008534
SRC-NAE5,NAE5/N2 Trunk 1.VAV7-7.AHTG-SP,AI:3008537
SRC-NAE5,NAE5/N2 Trunk 1.VAV7-7.DA-T,AI:3008529
SRC-NAE5,NAE5/N2 Trunk 1.VAV7-7.DPR-O,AO:3008532
SRC-NAE5,NAE5/N2 Trunk 1.VAV7-7.HTG-O,AO:3008533
SRC-NAE5,NAE5/N2 Trunk 1.VAV7-7.OCLG-SP,AO:3008535
SRC-NAE5,NAE5/N2 Trunk 1.VAV7-7.OCMNC-SP,AO:3008540
SRC-NAE5,NAE5/N2 Trunk 1.VAV7-7.OCMNH-SP,AO:3008542
SRC-NAE5,NAE5/N2 Trunk 1.VAV7-7.OCMXC-SP,AO:3008541
SRC-NAE5,NAE5/N2 Trunk 1.VAV7-7.OCMXH-SP,AO:3008543
SRC-NAE5,NAE5/N2 Trunk 1.VAV7-7.OHTG-SP,AO:3008538
SRC-NAE5,NAE5/N2 Trunk 1.VAV7-7.SA-VP,AI:3008530
SRC-NAE5,NAE5/N2 Trunk 1.VAV7-7.SUP-FLO,AI:3008531
SRC-NAE5,NAE5/N2 Trunk 1.VAV7-7.SUPFLOSP,AO:3008544
SRC-NAE5,NAE5/N2 Trunk 1.VAV7-7.UCLG-SP,AO:3008536
SRC-NAE5,NAE5/N2 Trunk 1.VAV7-7.UHTG-SP,AO:3008539
SRC-NAE5,NAE5/N2 Trunk 1.VAV7-7.WC-ADJ,AI:3008528
SRC-NAE5,NAE5/N2 Trunk 1.VAV7-7.ZN-T,AI:3008526
SRC-NAE5,NAE5/N2 Trunk 1.VAV7-Z1.ACLG-SP,AI:3008386
SRC-NAE5,NAE5/N2 Trunk 1.VAV7-Z1.AHTG-SP,AI:3008389
SRC-NAE5,NAE5/N2 Trunk 1.VAV7-Z1.DA-T,AI:3008381
SRC-NAE5,NAE5/N2 Trunk 1.VAV7-Z1.DPR-O,AO:3008384
SRC-NAE5,NAE5/N2 Trunk 1.VAV7-Z1.HTG-O,AO:3008385
SRC-NAE5,NAE5/N2 Trunk 1.VAV7-Z1.OCLG-SP,AO:3008387
SRC-NAE5,NAE5/N2 Trunk 1.VAV7-Z1.OCMNC-SP,AO:3008392
SRC-NAE5,NAE5/N2 Trunk 1.VAV7-Z1.OCMNH-SP,AO:3008394
SRC-NAE5,NAE5/N2 Trunk 1.VAV7-Z1.OCMXC-SP,AO:3008393
SRC-NAE5,NAE5/N2 Trunk 1.VAV7-Z1.OCMXH-SP,AO:3008395
SRC-NAE5,NAE5/N2 Trunk 1.VAV7-Z1.OHTG-SP,AO:3008390
SRC-NAE5,NAE5/N2 Trunk 1.VAV7-Z1.SA-VP,AI:3008382
SRC-NAE5,NAE5/N2 Trunk 1.VAV7-Z1.SUP-FLO,AI:3008383
SRC-NAE5,NAE5/N2 Trunk 1.VAV7-Z1.SUPFLOSP,AO:3008396
SRC-NAE5,NAE5/N2 Trunk 1.VAV7-Z1.UCLG-SP,AO:3008388
SRC-NAE5,NAE5/N2 Trunk 1.VAV7-Z1.UHTG-SP,AO:3008391
SRC-NAE5,NAE5/N2 Trunk 1.VAV7-Z1.WC-ADJ,AI:3008380
SRC-NAE5,NAE5/N2 Trunk 1.VAV7-Z1.ZN-T,AI:3008378
SRC-NAE5,NAE5/N2 Trunk 1.VAV9-1.ACLG-SP,AI:3008554
SRC-NAE5,NAE5/N2 Trunk 1.VAV9-1.AHTG-SP,AI:3008557
SRC-NAE5,NAE5/N2 Trunk 1.VAV9-1.DA-T,AI:3008549
SRC-NAE5,NAE5/N2 Trunk 1.VAV9-1.DPR-O,AO:3008552
SRC-NAE5,NAE5/N2 Trunk 1.VAV9-1.HTG-O,AO:3008553
SRC-NAE5,NAE5/N2 Trunk 1.VAV9-1.OCC-UNOC,BI:3008565
SRC-NAE5,NAE5/N2 Trunk 1.VAV9-1.OCLG-SP,AO:3008555
SRC-NAE5,NAE5/N2 Trunk 1.VAV9-1.OCMNC-SP,AO:3008560
SRC-NAE5,NAE5/N2 Trunk 1.VAV9-1.OCMNH-SP,AO:3008562
SRC-NAE5,NAE5/N2 Trunk 1.VAV9-1.OCMXC-SP,AO:3008561
SRC-NAE5,NAE5/N2 Trunk 1.VAV9-1.OCMXH-SP,AO:3008563
SRC-NAE5,NAE5/N2 Trunk 1.VAV9-1.OHTG-SP,AO:3008558
SRC-NAE5,NAE5/N2 Trunk 1.VAV9-1.SA-VP,AI:3008550
SRC-NAE5,NAE5/N2 Trunk 1.VAV9-1.SUP-FLO,AI:3008551
SRC-NAE5,NAE5/N2 Trunk 1.VAV9-1.SUPFLOSP,AO:3008564
SRC-NAE5,NAE5/N2 Trunk 1.VAV9-1.UCLG-SP,AO:3008556
SRC-NAE5,NAE5/N2 Trunk 1.VAV9-1.UHTG-SP,AO:3008559
SRC-NAE5,NAE5/N2 Trunk 1.VAV9-1.WC-ADJ,AI:3008548
SRC-NAE5,NAE5/N2 Trunk 1.VAV9-1.ZN-T,AI:3008546
SRC-NAE5,NAE5/N2 Trunk 1.VAV9-2.ACLG-SP,AI:3008576
SRC-NAE5,NAE5/N2 Trunk 1.VAV9-2.AHTG-SP,AI:3008579
SRC-NAE5,NAE5/N2 Trunk 1.VAV9-2.DA-T,AI:3008571
SRC-NAE5,NAE5/N2 Trunk 1.VAV9-2.DPR-O,AO:3008574
SRC-NAE5,NAE5/N2 Trunk 1.VAV9-2.HTG-O,AO:3008575
SRC-NAE5,NAE5/N2 Trunk 1.VAV9-2.OCC-UNOC,BI:3008587
SRC-NAE5,NAE5/N2 Trunk 1.VAV9-2.OCLG-SP,AO:3008577
SRC-NAE5,NAE5/N2 Trunk 1.VAV9-2.OCMNC-SP,AO:3008582
SRC-NAE5,NAE5/N2 Trunk 1.VAV9-2.OCMNH-SP,AO:3008584
SRC-NAE5,NAE5/N2 Trunk 1.VAV9-2.OCMXC-SP,AO:3008583
SRC-NAE5,NAE5/N2 Trunk 1.VAV9-2.OCMXH-SP,AO:3008585
SRC-NAE5,NAE5/N2 Trunk 1.VAV9-2.OHTG-SP,AO:3008580
SRC-NAE5,NAE5/N2 Trunk 1.VAV9-2.SA-VP,AI:3008572
SRC-NAE5,NAE5/N2 Trunk 1.VAV9-2.SUP-FLO,AI:3008573
SRC-NAE5,NAE5/N2 Trunk 1.VAV9-2.SUPFLOSP,AO:3008586
SRC-NAE5,NAE5/N2 Trunk 1.VAV9-2.UCLG-SP,AO:3008578
SRC-NAE5,NAE5/N2 Trunk 1.VAV9-2.UHTG-SP,AO:3008581
SRC-NAE5,NAE5/N2 Trunk 1.VAV9-2.WC-ADJ,AI:3008570
SRC-NAE5,NAE5/N2 Trunk 1.VAV9-2.ZN-T,AI:3008568
SRC-NAE5,NAE5/N2 Trunk 1.VAV9-3.ACLG-SP,AI:3008598
SRC-NAE5,NAE5/N2 Trunk 1.VAV9-3.AHTG-SP,AI:3008601
SRC-NAE5,NAE5/N2 Trunk 1.VAV9-3.DA-T,AI:3008593
SRC-NAE5,NAE5/N2 Trunk 1.VAV9-3.DPR-O,AO:3008596
SRC-NAE5,NAE5/N2 Trunk 1.VAV9-3.HTG-O,AO:3008597
SRC-NAE5,NAE5/N2 Trunk 1.VAV9-3.OCC-UNOC,BI:3008609
SRC-NAE5,NAE5/N2 Trunk 1.VAV9-3.OCLG-SP,AO:3008599
SRC-NAE5,NAE5/N2 Trunk 1.VAV9-3.OCMNC-SP,AO:3008604
SRC-NAE5,NAE5/N2 Trunk 1.VAV9-3.OCMNH-SP,AO:3008606
SRC-NAE5,NAE5/N2 Trunk 1.VAV9-3.OCMXC-SP,AO:3008605
SRC-NAE5,NAE5/N2 Trunk 1.VAV9-3.OCMXH-SP,AO:3008607
SRC-NAE5,NAE5/N2 Trunk 1.VAV9-3.OHTG-SP,AO:3008602
SRC-NAE5,NAE5/N2 Trunk 1.VAV9-3.SA-VP,AI:3008594
SRC-NAE5,NAE5/N2 Trunk 1.VAV9-3.SUP-FLO,AI:3008595
SRC-NAE5,NAE5/N2 Trunk 1.VAV9-3.SUPFLOSP,AO:3008608
SRC-NAE5,NAE5/N2 Trunk 1.VAV9-3.UCLG-SP,AO:3008600
SRC-NAE5,NAE5/N2 Trunk 1.VAV9-3.UHTG-SP,AO:3008603
SRC-NAE5,NAE5/N2 Trunk 1.VAV9-3.WC-ADJ,AI:3008592
SRC-NAE5,NAE5/N2 Trunk 1.VAV9-3.ZN-T,AI:3008590
SRC-NAE5,NAE5/N2 Trunk 1.VAV11-1.ACLG-SP,AI:3008620
SRC-NAE5,NAE5/N2 Trunk 1.VAV11-1.AHTG-SP,AI:3008623
SRC-NAE5,NAE5/N2 Trunk 1.VAV11-1.DA-T,AI:3008615
SRC-NAE5,NAE5/N2 Trunk 1.VAV11-1.DPR-O,AO:3008618
SRC-NAE5,NAE5/N2 Trunk 1.VAV11-1.HTG-O,AO:3008619
SRC-NAE5,NAE5/N2 Trunk 1.VAV11-1.OCLG-SP,AO:3008621
SRC-NAE5,NAE5/N2 Trunk 1.VAV11-1.OCMNC-SP,AO:3008626
SRC-NAE5,NAE5/N2 Trunk 1.VAV11-1.OCMNH-SP,AO:3008628
SRC-NAE5,NAE5/N2 Trunk 1.VAV11-1.OCMXC-SP,AO:3008627
SRC-NAE5,NAE5/N2 Trunk 1.VAV11-1.OCMXH-SP,AO:3008629
SRC-NAE5,NAE5/N2 Trunk 1.VAV11-1.OHTG-SP,AO:3008624
SRC-NAE5,NAE5/N2 Trunk 1.VAV11-1.SA-VP,AI:3008616
SRC-NAE5,NAE5/N2 Trunk 1.VAV11-1.SUP-FLO,AI:3008617
SRC-NAE5,NAE5/N2 Trunk 1.VAV11-1.SUPFLOSP,AO:3008630
SRC-NAE5,NAE5/N2 Trunk 1.VAV11-1.UCLG-SP,AO:3008622
SRC-NAE5,NAE5/N2 Trunk 1.VAV11-1.UHTG-SP,AO:3008625
SRC-NAE5,NAE5/N2 Trunk 1.VAV11-1.WC-ADJ,AI:3008614
SRC-NAE5,NAE5/N2 Trunk 1.VAV11-1.ZN-T,AI:3008612
SRC-NAE5,NAE5/N2 Trunk 1.VAV11-2.CLG-MAXFLO,AO:3031225
SRC-NAE5,NAE5/N2 Trunk 1.VAV11-2.CLG-O,AO:3031227
SRC-NAE5,NAE5/N2 Trunk 1.VAV11-2.CLGOCC-MIN,AO:3031228
SRC-NAE5,NAE5/N2 Trunk 1.VAV11-2.CLGOCC-SP,AO:3031229
SRC-NAE5,NAE5/N2 Trunk 1.VAV11-2.CLGUNOCC-M,AO:3031230
SRC-NAE5,NAE5/N2 Trunk 1.VAV11-2.CLGUNOCC-S,AO:3031231
SRC-NAE5,NAE5/N2 Trunk 1.VAV11-2.DA-SP,AO:3031232
SRC-NAE5,NAE5/N2 Trunk 1.VAV11-2.DA-T,AI:3031214
SRC-NAE5,NAE5/N2 Trunk 1.VAV11-2.DATHTGMAX-,AO:3031233
SRC-NAE5,NAE5/N2 Trunk 1.VAV11-2.DATSP-STAT,MO:3031248
SRC-NAE5,NAE5/N2 Trunk 1.VAV11-2.DPR-O,AO:3031217
SRC-NAE5,NAE5/N2 Trunk 1.VAV11-2.EF20-C,BO:3031220
SRC-NAE5,NAE5/N2 Trunk 1.VAV11-2.EF20-S,BI:3031219
SRC-NAE5,NAE5/N2 Trunk 1.VAV11-2.EFF-OCC,MO:3031251
SRC-NAE5,NAE5/N2 Trunk 1.VAV11-2.EFFCLG-SP,AO:3031235
SRC-NAE5,NAE5/N2 Trunk 1.VAV11-2.EFFHTG-SP,AO:3031236
SRC-NAE5,NAE5/N2 Trunk 1.VAV11-2.HTG-MAXFLO,AO:3031237
SRC-NAE5,NAE5/N2 Trunk 1.VAV11-2.HTG-O,AO:3031218
SRC-NAE5,NAE5/N2 Trunk 1.VAV11-2.HTG-OUTSTA,MO:3031249
SRC-NAE5,NAE5/N2 Trunk 1.VAV11-2.HTGOCC-MIN,AO:3031239
SRC-NAE5,NAE5/N2 Trunk 1.VAV11-2.HTGOCC-SP,AO:3031240
SRC-NAE5,NAE5/N2 Trunk 1.VAV11-2.HTGUNOCC-M,AO:3031241
SRC-NAE5,NAE5/N2 Trunk 1.VAV11-2.HTGUNOCC-S,AO:3031242
SRC-NAE5,NAE5/N2 Trunk 1.VAV11-2.OCC-SCHEDU,MO:3031252
SRC-NAE5,NAE5/N2 Trunk 1.VAV11-2.SA-F,AO:3031243
SRC-NAE5,NAE5/N2 Trunk 1.VAV11-2.SA-T,AO:3031245
SRC-NAE5,NAE5/N2 Trunk 1.VAV11-2.SAFLOW-OUT,MO:3031253
SRC-NAE5,NAE5/N2 Trunk 1.VAV11-2.SAFLOW-SP,AO:3031244
SRC-NAE5,NAE5/N2 Trunk 1.VAV11-2.SYSTEM-MOD,MO:3031254
SRC-NAE5,NAE5/N2 Trunk 1.VAV11-2.TUNING-RES,BO:3031247
SRC-NAE5,NAE5/N2 Trunk 1.VAV11-2.UNITEN-MOD,MO:3031250
SRC-NAE5,NAE5/N2 Trunk 1.VAV11-2.ZN-SP,AO:3031246
SRC-NAE5,NAE5/N2 Trunk 1.VAV11-2.ZN-T,AI:3031216
SRC-NAE5,NAE5/N2 Trunk 1.VAV11-3.ACLG-SP,AI:3008660
SRC-NAE5,NAE5/N2 Trunk 1.VAV11-3.AHTG-SP,AI:3008663
SRC-NAE5,NAE5/N2 Trunk 1.VAV11-3.DA-T,AI:3008655
SRC-NAE5,NAE5/N2 Trunk 1.VAV11-3.DPR-O,AO:3008658
SRC-NAE5,NAE5/N2 Trunk 1.VAV11-3.HTG-O,AO:3008659
SRC-NAE5,NAE5/N2 Trunk 1.VAV11-3.OCC-UNOC,BI:3008671
SRC-NAE5,NAE5/N2 Trunk 1.VAV11-3.OCLG-SP,AO:3008661
SRC-NAE5,NAE5/N2 Trunk 1.VAV11-3.OCMNC-SP,AO:3008666
SRC-NAE5,NAE5/N2 Trunk 1.VAV11-3.OCMNH-SP,AO:3008668
SRC-NAE5,NAE5/N2 Trunk 1.VAV11-3.OCMXC-SP,AO:3008667
SRC-NAE5,NAE5/N2 Trunk 1.VAV11-3.OCMXH-SP,AO:3008669
SRC-NAE5,NAE5/N2 Trunk 1.VAV11-3.OHTG-SP,AO:3008664
SRC-NAE5,NAE5/N2 Trunk 1.VAV11-3.SA-VP,AI:3008656
SRC-NAE5,NAE5/N2 Trunk 1.VAV11-3.SUP-FLO,AI:3008657
SRC-NAE5,NAE5/N2 Trunk 1.VAV11-3.SUPFLOSP,AO:3008670
SRC-NAE5,NAE5/N2 Trunk 1.VAV11-3.UCLG-SP,AO:3008662
SRC-NAE5,NAE5/N2 Trunk 1.VAV11-3.UHTG-SP,AO:3008665
SRC-NAE5,NAE5/N2 Trunk 1.VAV11-3.WC-ADJ,AI:3008654
SRC-NAE5,NAE5/N2 Trunk 1.VAV11-3.ZN-T,AI:3008652
SRC-NAE5,NAE5/N2 Trunk 1.VAV11-4.ACLG-SP,AI:3008682
SRC-NAE5,NAE5/N2 Trunk 1.VAV11-4.AHTG-SP,AI:3008685
SRC-NAE5,NAE5/N2 Trunk 1.VAV11-4.DA-T,AI:3008677
SRC-NAE5,NAE5/N2 Trunk 1.VAV11-4.DPR-O,AO:3008680
SRC-NAE5,NAE5/N2 Trunk 1.VAV11-4.HTG-O,AO:3008681
SRC-NAE5,NAE5/N2 Trunk 1.VAV11-4.OCC-UNOC,BI:3008693
SRC-NAE5,NAE5/N2 Trunk 1.VAV11-4.OCLG-SP,AO:3008683
SRC-NAE5,NAE5/N2 Trunk 1.VAV11-4.OCMNC-SP,AO:3008688
SRC-NAE5,NAE5/N2 Trunk 1.VAV11-4.OCMNH-SP,AO:3008690
SRC-NAE5,NAE5/N2 Trunk 1.VAV11-4.OCMXC-SP,AO:3008689
SRC-NAE5,NAE5/N2 Trunk 1.VAV11-4.OCMXH-SP,AO:3008691
SRC-NAE5,NAE5/N2 Trunk 1.VAV11-4.OHTG-SP,AO:3008686
SRC-NAE5,NAE5/N2 Trunk 1.VAV11-4.SA-VP,AI:3008678
SRC-NAE5,NAE5/N2 Trunk 1.VAV11-4.SUP-FLO,AI:3008679
SRC-NAE5,NAE5/N2 Trunk 1.VAV11-4.SUPFLOSP,AO:3008692
SRC-NAE5,NAE5/N2 Trunk 1.VAV11-4.UCLG-SP,AO:3008684
SRC-NAE5,NAE5/N2 Trunk 1.VAV11-4.UHTG-SP,AO:3008687
SRC-NAE5,NAE5/N2 Trunk 1.VAV11-4.WC-ADJ,AI:3008676
SRC-NAE5,NAE5/N2 Trunk 1.VAV11-4.ZN-T,AI:3008674
SRC-NAE5,NAE5/N2 Trunk 1.VAV11-5.ACLG-SP,AI:3008704
SRC-NAE5,NAE5/N2 Trunk 1.VAV11-5.AHTG-SP,AI:3008707
SRC-NAE5,NAE5/N2 Trunk 1.VAV11-5.DA-T,AI:3008699
SRC-NAE5,NAE5/N2 Trunk 1.VAV11-5.DPR-O,AO:3008702
SRC-NAE5,NAE5/N2 Trunk 1.VAV11-5.HTG-O,AO:3008703
SRC-NAE5,NAE5/N2 Trunk 1.VAV11-5.OCC-UNOC,BI:3008715
SRC-NAE5,NAE5/N2 Trunk 1.VAV11-5.OCLG-SP,AO:3008705
SRC-NAE5,NAE5/N2 Trunk 1.VAV11-5.OCMNC-SP,AO:3008710
SRC-NAE5,NAE5/N2 Trunk 1.VAV11-5.OCMNH-SP,AO:3008712
SRC-NAE5,NAE5/N2 Trunk 1.VAV11-5.OCMXC-SP,AO:3008711
SRC-NAE5,NAE5/N2 Trunk 1.VAV11-5.OCMXH-SP,AO:3008713
SRC-NAE5,NAE5/N2 Trunk 1.VAV11-5.OHTG-SP,AO:3008708
SRC-NAE5,NAE5/N2 Trunk 1.VAV11-5.SA-VP,AI:3008700
SRC-NAE5,NAE5/N2 Trunk 1.VAV11-5.SUP-FLO,AI:3008701
SRC-NAE5,NAE5/N2 Trunk 1.VAV11-5.SUPFLOSP,AO:3008714
SRC-NAE5,NAE5/N2 Trunk 1.VAV11-5.UCLG-SP,AO:3008706
SRC-NAE5,NAE5/N2 Trunk 1.VAV11-5.UHTG-SP,AO:3008709
SRC-NAE5,NAE5/N2 Trunk 1.VAV11-5.WC-ADJ,AI:3008698
SRC-NAE5,NAE5/N2 Trunk 1.VAV11-5.ZN-T,AI:3008696
SRC-NAE5,NAE5/N2 Trunk 1.VAV11-6.ACLG-SP,AI:3008726
SRC-NAE5,NAE5/N2 Trunk 1.VAV11-6.AHTG-SP,AI:3008729
SRC-NAE5,NAE5/N2 Trunk 1.VAV11-6.DA-T,AI:3008721
SRC-NAE5,NAE5/N2 Trunk 1.VAV11-6.DPR-O,AO:3008724
SRC-NAE5,NAE5/N2 Trunk 1.VAV11-6.HTG-O,AO:3008725
SRC-NAE5,NAE5/N2 Trunk 1.VAV11-6.OCC-UNOC,BI:3008737
SRC-NAE5,NAE5/N2 Trunk 1.VAV11-6.OCLG-SP,AO:3008727
SRC-NAE5,NAE5/N2 Trunk 1.VAV11-6.OCMNC-SP,AO:3008732
SRC-NAE5,NAE5/N2 Trunk 1.VAV11-6.OCMNH-SP,AO:3008734
SRC-NAE5,NAE5/N2 Trunk 1.VAV11-6.OCMXC-SP,AO:3008733
SRC-NAE5,NAE5/N2 Trunk 1.VAV11-6.OCMXH-SP,AO:3008735
SRC-NAE5,NAE5/N2 Trunk 1.VAV11-6.OHTG-SP,AO:3008730
SRC-NAE5,NAE5/N2 Trunk 1.VAV11-6.SA-VP,AI:3008722
SRC-NAE5,NAE5/N2 Trunk 1.VAV11-6.SUP-FLO,AI:3008723
SRC-NAE5,NAE5/N2 Trunk 1.VAV11-6.SUPFLOSP,AO:3008736
SRC-NAE5,NAE5/N2 Trunk 1.VAV11-6.UCLG-SP,AO:3008728
SRC-NAE5,NAE5/N2 Trunk 1.VAV11-6.UHTG-SP,AO:3008731
SRC-NAE5,NAE5/N2 Trunk 1.VAV11-6.WC-ADJ,AI:3008720
SRC-NAE5,NAE5/N2 Trunk 1.VAV11-6.ZN-T,AI:3008718
SRC-NAE5,NAE5/N2 Trunk 1.VAV11-7.ACLG-SP,AI:3008748
SRC-NAE5,NAE5/N2 Trunk 1.VAV11-7.AHTG-SP,AI:3008751
SRC-NAE5,NAE5/N2 Trunk 1.VAV11-7.DA-T,AI:3008743
SRC-NAE5,NAE5/N2 Trunk 1.VAV11-7.DPR-O,AO:3008746
SRC-NAE5,NAE5/N2 Trunk 1.VAV11-7.HTG-O,AO:3008747
SRC-NAE5,NAE5/N2 Trunk 1.VAV11-7.OCLG-SP,AO:3008749
SRC-NAE5,NAE5/N2 Trunk 1.VAV11-7.OCMNC-SP,AO:3008754
SRC-NAE5,NAE5/N2 Trunk 1.VAV11-7.OCMNH-SP,AO:3008756
SRC-NAE5,NAE5/N2 Trunk 1.VAV11-7.OCMXC-SP,AO:3008755
SRC-NAE5,NAE5/N2 Trunk 1.VAV11-7.OCMXH-SP,AO:3008757
SRC-NAE5,NAE5/N2 Trunk 1.VAV11-7.OHTG-SP,AO:3008752
SRC-NAE5,NAE5/N2 Trunk 1.VAV11-7.SA-VP,AI:3008744
SRC-NAE5,NAE5/N2 Trunk 1.VAV11-7.SUP-FLO,AI:3008745
SRC-NAE5,NAE5/N2 Trunk 1.VAV11-7.SUPFLOSP,AO:3008758
SRC-NAE5,NAE5/N2 Trunk 1.VAV11-7.UCLG-SP,AO:3008750
SRC-NAE5,NAE5/N2 Trunk 1.VAV11-7.UHTG-SP,AO:3008753
SRC-NAE5,NAE5/N2 Trunk 1.VAV11-7.WC-ADJ,AI:3008742
SRC-NAE5,NAE5/N2 Trunk 1.VAV11-7.ZN-T,AI:3008740
SRC-NAE5,NAE5/N2 Trunk 1.VAV11-8.ACLG-SP,AI:3008768
SRC-NAE5,NAE5/N2 Trunk 1.VAV11-8.AHTG-SP,AI:3008771
SRC-NAE5,NAE5/N2 Trunk 1.VAV11-8.DA-T,AI:3008763
SRC-NAE5,NAE5/N2 Trunk 1.VAV11-8.DPR-O,AO:3008766
SRC-NAE5,NAE5/N2 Trunk 1.VAV11-8.HTG-O,AO:3008767
SRC-NAE5,NAE5/N2 Trunk 1.VAV11-8.OCC-UNOC,BI:3008779
SRC-NAE5,NAE5/N2 Trunk 1.VAV11-8.OCLG-SP,AO:3008769
SRC-NAE5,NAE5/N2 Trunk 1.VAV11-8.OCMNC-SP,AO:3008774
SRC-NAE5,NAE5/N2 Trunk 1.VAV11-8.OCMNH-SP,AO:3008776
SRC-NAE5,NAE5/N2 Trunk 1.VAV11-8.OCMXC-SP,AO:3008775
SRC-NAE5,NAE5/N2 Trunk 1.VAV11-8.OCMXH-SP,AO:3008777
SRC-NAE5,NAE5/N2 Trunk 1.VAV11-8.OHTG-SP,AO:3008772
SRC-NAE5,NAE5/N2 Trunk 1.VAV11-8.SA-VP,AI:3008764
SRC-NAE5,NAE5/N2 Trunk 1.VAV11-8.SUP-FLO,AI:3008765
SRC-NAE5,NAE5/N2 Trunk 1.VAV11-8.SUPFLOSP,AO:3008778
SRC-NAE5,NAE5/N2 Trunk 1.VAV11-8.UCLG-SP,AO:3008770
SRC-NAE5,NAE5/N2 Trunk 1.VAV11-8.UHTG-SP,AO:3008773
SRC-NAE5,NAE5/N2 Trunk 1.VAV11-8.WC-ADJ,AI:3008762
SRC-NAE5,NAE5/N2 Trunk 1.VAV11-8.ZN-T,AI:3008760
SRC-NAE5,NAE5/N2 Trunk 1.VAV11-9.ACLG-SP,AI:3008790
SRC-NAE5,NAE5/N2 Trunk 1.VAV11-9.AHTG-SP,AI:3008793
SRC-NAE5,NAE5/N2 Trunk 1.VAV11-9.DA-T,AI:3008785
SRC-NAE5,NAE5/N2 Trunk 1.VAV11-9.DPR-O,AO:3008788
SRC-NAE5,NAE5/N2 Trunk 1.VAV11-9.HTG-O,AO:3008789
SRC-NAE5,NAE5/N2 Trunk 1.VAV11-9.OCC-UNOC,BI:3008801
SRC-NAE5,NAE5/N2 Trunk 1.VAV11-9.OCLG-SP,AO:3008791
SRC-NAE5,NAE5/N2 Trunk 1.VAV11-9.OCMNC-SP,AO:3008796
SRC-NAE5,NAE5/N2 Trunk 1.VAV11-9.OCMNH-SP,AO:3008798
SRC-NAE5,NAE5/N2 Trunk 1.VAV11-9.OCMXC-SP,AO:3008797
SRC-NAE5,NAE5/N2 Trunk 1.VAV11-9.OCMXH-SP,AO:3008799
SRC-NAE5,NAE5/N2 Trunk 1.VAV11-9.OHTG-SP,AO:3008794
SRC-NAE5,NAE5/N2 Trunk 1.VAV11-9.SA-VP,AI:3008786
SRC-NAE5,NAE5/N2 Trunk 1.VAV11-9.SUP-FLO,AI:3008787
SRC-NAE5,NAE5/N2 Trunk 1.VAV11-9.SUPFLOSP,AO:3008800
SRC-NAE5,NAE5/N2 Trunk 1.VAV11-9.UCLG-SP,AO:3008792
SRC-NAE5,NAE5/N2 Trunk 1.VAV11-9.UHTG-SP,AO:3008795
SRC-NAE5,NAE5/N2 Trunk 1.VAV11-9.WC-ADJ,AI:3008784
SRC-NAE5,NAE5/N2 Trunk 1.VAV11-9.ZN-T,AI:3008782
SRC-NAE5,NAE5/N2 Trunk 1.VAV11-10.ACLG-SP,AI:3008812
SRC-NAE5,NAE5/N2 Trunk 1.VAV11-10.AHTG-SP,AI:3008815
SRC-NAE5,NAE5/N2 Trunk 1.VAV11-10.DA-T,AI:3008807
SRC-NAE5,NAE5/N2 Trunk 1.VAV11-10.DPR-O,AO:3008810
SRC-NAE5,NAE5/N2 Trunk 1.VAV11-10.HTG-O,AO:3008811
SRC-NAE5,NAE5/N2 Trunk 1.VAV11-10.OCC-UNOC,BI:3008823
SRC-NAE5,NAE5/N2 Trunk 1.VAV11-10.OCLG-SP,AO:3008813
SRC-NAE5,NAE5/N2 Trunk 1.VAV11-10.OCMNC-SP,AO:3008818
SRC-NAE5,NAE5/N2 Trunk 1.VAV11-10.OCMNH-SP,AO:3008820
SRC-NAE5,NAE5/N2 Trunk 1.VAV11-10.OCMXC-SP,AO:3008819
SRC-NAE5,NAE5/N2 Trunk 1.VAV11-10.OCMXH-SP,AO:3008821
SRC-NAE5,NAE5/N2 Trunk 1.VAV11-10.OHTG-SP,AO:3008816
SRC-NAE5,NAE5/N2 Trunk 1.VAV11-10.SA-VP,AI:3008808
SRC-NAE5,NAE5/N2 Trunk 1.VAV11-10.SUP-FLO,AI:3008809
SRC-NAE5,NAE5/N2 Trunk 1.VAV11-10.SUPFLOSP,AO:3008822
SRC-NAE5,NAE5/N2 Trunk 1.VAV11-10.UCLG-SP,AO:3008814
SRC-NAE5,NAE5/N2 Trunk 1.VAV11-10.UHTG-SP,AO:3008817
SRC-NAE5,NAE5/N2 Trunk 1.VAV11-10.WC-ADJ,AI:3008806
SRC-NAE5,NAE5/N2 Trunk 1.VAV11-10.ZN-T,AI:3008804
SRC-NAE5,NAE5/N2 Trunk 1.VAV11-11.ACLG-SP,AI:3008834
SRC-NAE5,NAE5/N2 Trunk 1.VAV11-11.AHTG-SP,AI:3008837
SRC-NAE5,NAE5/N2 Trunk 1.VAV11-11.DA-T,AI:3008829
SRC-NAE5,NAE5/N2 Trunk 1.VAV11-11.DPR-O,AO:3008832
SRC-NAE5,NAE5/N2 Trunk 1.VAV11-11.HTG-O,AO:3008833
SRC-NAE5,NAE5/N2 Trunk 1.VAV11-11.OCC-UNOC,BI:3008845
SRC-NAE5,NAE5/N2 Trunk 1.VAV11-11.OCLG-SP,AO:3008835
SRC-NAE5,NAE5/N2 Trunk 1.VAV11-11.OCMNC-SP,AO:3008840
SRC-NAE5,NAE5/N2 Trunk 1.VAV11-11.OCMNH-SP,AO:3008842
SRC-NAE5,NAE5/N2 Trunk 1.VAV11-11.OCMXC-SP,AO:3008841
SRC-NAE5,NAE5/N2 Trunk 1.VAV11-11.OCMXH-SP,AO:3008843
SRC-NAE5,NAE5/N2 Trunk 1.VAV11-11.OHTG-SP,AO:3008838
SRC-NAE5,NAE5/N2 Trunk 1.VAV11-11.SA-VP,AI:3008830
SRC-NAE5,NAE5/N2 Trunk 1.VAV11-11.SUP-FLO,AI:3008831
SRC-NAE5,NAE5/N2 Trunk 1.VAV11-11.SUPFLOSP,AO:3008844
SRC-NAE5,NAE5/N2 Trunk 1.VAV11-11.UCLG-SP,AO:3008836
SRC-NAE5,NAE5/N2 Trunk 1.VAV11-11.UHTG-SP,AO:3008839
SRC-NAE5,NAE5/N2 Trunk 1.VAV11-11.WC-ADJ,AI:3008828
SRC-NAE5,NAE5/N2 Trunk 1.VAV11-11.ZN-T,AI:3008826
SRC-NAE5,NAE5/N2 Trunk 1.VAV11-12.ACLG-SP,AI:3008856
SRC-NAE5,NAE5/N2 Trunk 1.VAV11-12.AHTG-SP,AI:3008859
SRC-NAE5,NAE5/N2 Trunk 1.VAV11-12.DA-T,AI:3008851
SRC-NAE5,NAE5/N2 Trunk 1.VAV11-12.DPR-O,AO:3008854
SRC-NAE5,NAE5/N2 Trunk 1.VAV11-12.HTG-O,AO:3008855
SRC-NAE5,NAE5/N2 Trunk 1.VAV11-12.OCLG-SP,AO:3008857
SRC-NAE5,NAE5/N2 Trunk 1.VAV11-12.OCMNC-SP,AO:3008862
SRC-NAE5,NAE5/N2 Trunk 1.VAV11-12.OCMNH-SP,AO:3008864
SRC-NAE5,NAE5/N2 Trunk 1.VAV11-12.OCMXC-SP,AO:3008863
SRC-NAE5,NAE5/N2 Trunk 1.VAV11-12.OCMXH-SP,AO:3008865
SRC-NAE5,NAE5/N2 Trunk 1.VAV11-12.OHTG-SP,AO:3008860
SRC-NAE5,NAE5/N2 Trunk 1.VAV11-12.SA-VP,AI:3008852
SRC-NAE5,NAE5/N2 Trunk 1.VAV11-12.SUP-FLO,AI:3008853
SRC-NAE5,NAE5/N2 Trunk 1.VAV11-12.SUPFLOSP,AO:3008866
SRC-NAE5,NAE5/N2 Trunk 1.VAV11-12.UCLG-SP,AO:3008858
SRC-NAE5,NAE5/N2 Trunk 1.VAV11-12.UHTG-SP,AO:3008861
SRC-NAE5,NAE5/N2 Trunk 1.VAV11-12.WC-ADJ,AI:3008850
SRC-NAE5,NAE5/N2 Trunk 1.VAV11-12.ZN-T,AI:3008848
SRC-NAE5,NAE5/N2 Trunk 1.VAV11-13.ACLG-SP,AI:3008876
SRC-NAE5,NAE5/N2 Trunk 1.VAV11-13.AHTG-SP,AI:3008879
SRC-NAE5,NAE5/N2 Trunk 1.VAV11-13.DA-T,AI:3008871
SRC-NAE5,NAE5/N2 Trunk 1.VAV11-13.DPR-O,AO:3008874
SRC-NAE5,NAE5/N2 Trunk 1.VAV11-13.HTG-O,AO:3008875
SRC-NAE5,NAE5/N2 Trunk 1.VAV11-13.OCC-UNOC,BI:3008887
SRC-NAE5,NAE5/N2 Trunk 1.VAV11-13.OCLG-SP,AO:3008877
SRC-NAE5,NAE5/N2 Trunk 1.VAV11-13.OCMNC-SP,AO:3008882
SRC-NAE5,NAE5/N2 Trunk 1.VAV11-13.OCMNH-SP,AO:3008884
SRC-NAE5,NAE5/N2 Trunk 1.VAV11-13.OCMXC-SP,AO:3008883
SRC-NAE5,NAE5/N2 Trunk 1.VAV11-13.OCMXH-SP,AO:3008885
SRC-NAE5,NAE5/N2 Trunk 1.VAV11-13.OHTG-SP,AO:3008880
SRC-NAE5,NAE5/N2 Trunk 1.VAV11-13.SA-VP,AI:3008872
SRC-NAE5,NAE5/N2 Trunk 1.VAV11-13.SUP-FLO,AI:3008873
SRC-NAE5,NAE5/N2 Trunk 1.VAV11-13.SUPFLOSP,AO:3008886
SRC-NAE5,NAE5/N2 Trunk 1.VAV11-13.UCLG-SP,AO:3008878
SRC-NAE5,NAE5/N2 Trunk 1.VAV11-13.UHTG-SP,AO:3008881
SRC-NAE5,NAE5/N2 Trunk 1.VAV11-13.WC-ADJ,AI:3008870
SRC-NAE5,NAE5/N2 Trunk 1.VAV11-13.ZN-T,AI:3008868
SRC-NAE5,NAE5/N2 Trunk 1.VAV11-14.ACLG-SP,AI:3008898
SRC-NAE5,NAE5/N2 Trunk 1.VAV11-14.AHTG-SP,AI:3008901
SRC-NAE5,NAE5/N2 Trunk 1.VAV11-14.DA-T,AI:3008893
SRC-NAE5,NAE5/N2 Trunk 1.VAV11-14.DPR-O,AO:3008896
SRC-NAE5,NAE5/N2 Trunk 1.VAV11-14.HTG-O,AO:3008897
SRC-NAE5,NAE5/N2 Trunk 1.VAV11-14.OCC-UNOC,BI:3008909
SRC-NAE5,NAE5/N2 Trunk 1.VAV11-14.OCLG-SP,AO:3008899
SRC-NAE5,NAE5/N2 Trunk 1.VAV11-14.OCMNC-SP,AO:3008904
SRC-NAE5,NAE5/N2 Trunk 1.VAV11-14.OCMNH-SP,AO:3008906
SRC-NAE5,NAE5/N2 Trunk 1.VAV11-14.OCMXC-SP,AO:3008905
SRC-NAE5,NAE5/N2 Trunk 1.VAV11-14.OCMXH-SP,AO:3008907
SRC-NAE5,NAE5/N2 Trunk 1.VAV11-14.OHTG-SP,AO:3008902
SRC-NAE5,NAE5/N2 Trunk 1.VAV11-14.SA-VP,AI:3008894
SRC-NAE5,NAE5/N2 Trunk 1.VAV11-14.SUP-FLO,AI:3008895
SRC-NAE5,NAE5/N2 Trunk 1.VAV11-14.SUPFLOSP,AO:3008908
SRC-NAE5,NAE5/N2 Trunk 1.VAV11-14.UCLG-SP,AO:3008900
SRC-NAE5,NAE5/N2 Trunk 1.VAV11-14.UHTG-SP,AO:3008903
SRC-NAE5,NAE5/N2 Trunk 1.VAV11-14.WC-ADJ,AI:3008892
SRC-NAE5,NAE5/N2 Trunk 1.VAV11-14.ZN-T,AI:3008890
SRC-NAE5,NAE5/N2 Trunk 1.VAV11-15.ACLG-SP,AI:3008920
SRC-NAE5,NAE5/N2 Trunk 1.VAV11-15.AHTG-SP,AI:3008923
SRC-NAE5,NAE5/N2 Trunk 1.VAV11-15.DA-T,AI:3008915
SRC-NAE5,NAE5/N2 Trunk 1.VAV11-15.DPR-O,AO:3008918
SRC-NAE5,NAE5/N2 Trunk 1.VAV11-15.HTG-O,AO:3008919
SRC-NAE5,NAE5/N2 Trunk 1.VAV11-15.OCC-UNOC,BI:3008931
SRC-NAE5,NAE5/N2 Trunk 1.VAV11-15.OCLG-SP,AO:3008921
SRC-NAE5,NAE5/N2 Trunk 1.VAV11-15.OCMNC-SP,AO:3008926
SRC-NAE5,NAE5/N2 Trunk 1.VAV11-15.OCMNH-SP,AO:3008928
SRC-NAE5,NAE5/N2 Trunk 1.VAV11-15.OCMXC-SP,AO:3008927
SRC-NAE5,NAE5/N2 Trunk 1.VAV11-15.OCMXH-SP,AO:3008929
SRC-NAE5,NAE5/N2 Trunk 1.VAV11-15.OHTG-SP,AO:3008924
SRC-NAE5,NAE5/N2 Trunk 1.VAV11-15.SA-VP,AI:3008916
SRC-NAE5,NAE5/N2 Trunk 1.VAV11-15.SUP-FLO,AI:3008917
SRC-NAE5,NAE5/N2 Trunk 1.VAV11-15.SUPFLOSP,AO:3008930
SRC-NAE5,NAE5/N2 Trunk 1.VAV11-15.UCLG-SP,AO:3008922
SRC-NAE5,NAE5/N2 Trunk 1.VAV11-15.UHTG-SP,AO:3008925
SRC-NAE5,NAE5/N2 Trunk 1.VAV11-15.WC-ADJ,AI:3008914
SRC-NAE5,NAE5/N2 Trunk 1.VAV11-15.ZN-T,AI:3008912
SRC-NAE5,NAE5/N2 Trunk 1.VAV11-16.ACLG-SP,AI:3008942
SRC-NAE5,NAE5/N2 Trunk 1.VAV11-16.AHTG-SP,AI:3008945
SRC-NAE5,NAE5/N2 Trunk 1.VAV11-16.DA-T,AI:3008937
SRC-NAE5,NAE5/N2 Trunk 1.VAV11-16.DPR-O,AO:3008940
SRC-NAE5,NAE5/N2 Trunk 1.VAV11-16.HTG-O,AO:3008941
SRC-NAE5,NAE5/N2 Trunk 1.VAV11-16.OCLG-SP,AO:3008943
SRC-NAE5,NAE5/N2 Trunk 1.VAV11-16.OCMNC-SP,AO:3008948
SRC-NAE5,NAE5/N2 Trunk 1.VAV11-16.OCMNH-SP,AO:3008950
SRC-NAE5,NAE5/N2 Trunk 1.VAV11-16.OCMXC-SP,AO:3008949
SRC-NAE5,NAE5/N2 Trunk 1.VAV11-16.OCMXH-SP,AO:3008951
SRC-NAE5,NAE5/N2 Trunk 1.VAV11-16.OHTG-SP,AO:3008946
SRC-NAE5,NAE5/N2 Trunk 1.VAV11-16.SA-VP,AI:3008938
SRC-NAE5,NAE5/N2 Trunk 1.VAV11-16.SUP-FLO,AI:3008939
SRC-NAE5,NAE5/N2 Trunk 1.VAV11-16.SUPFLOSP,AO:3008952
SRC-NAE5,NAE5/N2 Trunk 1.VAV11-16.UCLG-SP,AO:3008944
SRC-NAE5,NAE5/N2 Trunk 1.VAV11-16.UHTG-SP,AO:3008947
SRC-NAE5,NAE5/N2 Trunk 1.VAV11-16.WC-ADJ,AI:3008936
SRC-NAE5,NAE5/N2 Trunk 1.VAV11-16.ZN-T,AI:3008934
SRC-NAE5,NAE5/N2 Trunk 1.VAV11-17.ACLG-SP,AI:3008962
SRC-NAE5,NAE5/N2 Trunk 1.VAV11-17.AHTG-SP,AI:3008965
SRC-NAE5,NAE5/N2 Trunk 1.VAV11-17.DA-T,AI:3008957
SRC-NAE5,NAE5/N2 Trunk 1.VAV11-17.DPR-O,AO:3008960
SRC-NAE5,NAE5/N2 Trunk 1.VAV11-17.HTG-O,AO:3008961
SRC-NAE5,NAE5/N2 Trunk 1.VAV11-17.OCC-UNOC,BI:3008973
SRC-NAE5,NAE5/N2 Trunk 1.VAV11-17.OCLG-SP,AO:3008963
SRC-NAE5,NAE5/N2 Trunk 1.VAV11-17.OCMNC-SP,AO:3008968
SRC-NAE5,NAE5/N2 Trunk 1.VAV11-17.OCMNH-SP,AO:3008970
SRC-NAE5,NAE5/N2 Trunk 1.VAV11-17.OCMXC-SP,AO:3008969
SRC-NAE5,NAE5/N2 Trunk 1.VAV11-17.OCMXH-SP,AO:3008971
SRC-NAE5,NAE5/N2 Trunk 1.VAV11-17.OHTG-SP,AO:3008966
SRC-NAE5,NAE5/N2 Trunk 1.VAV11-17.SA-VP,AI:3008958
SRC-NAE5,NAE5/N2 Trunk 1.VAV11-17.SUP-FLO,AI:3008959
SRC-NAE5,NAE5/N2 Trunk 1.VAV11-17.SUPFLOSP,AO:3008972
SRC-NAE5,NAE5/N2 Trunk 1.VAV11-17.UCLG-SP,AO:3008964
SRC-NAE5,NAE5/N2 Trunk 1.VAV11-17.UHTG-SP,AO:3008967
SRC-NAE5,NAE5/N2 Trunk 1.VAV11-17.WC-ADJ,AI:3008956
SRC-NAE5,NAE5/N2 Trunk 1.VAV11-17.ZN-T,AI:3008954
SRC-NAE5,NAE5/N2 Trunk 1.VAV11-18.ACLG-SP,AI:3008984
SRC-NAE5,NAE5/N2 Trunk 1.VAV11-18.AHTG-SP,AI:3008987
SRC-NAE5,NAE5/N2 Trunk 1.VAV11-18.DA-T,AI:3008979
SRC-NAE5,NAE5/N2 Trunk 1.VAV11-18.DPR-O,AO:3008982
SRC-NAE5,NAE5/N2 Trunk 1.VAV11-18.HTG-O,AO:3008983
SRC-NAE5,NAE5/N2 Trunk 1.VAV11-18.OCLG-SP,AO:3008985
SRC-NAE5,NAE5/N2 Trunk 1.VAV11-18.OCMNC-SP,AO:3008990
SRC-NAE5,NAE5/N2 Trunk 1.VAV11-18.OCMNH-SP,AO:3008992
SRC-NAE5,NAE5/N2 Trunk 1.VAV11-18.OCMXC-SP,AO:3008991
SRC-NAE5,NAE5/N2 Trunk 1.VAV11-18.OCMXH-SP,AO:3008993
SRC-NAE5,NAE5/N2 Trunk 1.VAV11-18.OHTG-SP,AO:3008988
SRC-NAE5,NAE5/N2 Trunk 1.VAV11-18.SA-VP,AI:3008980
SRC-NAE5,NAE5/N2 Trunk 1.VAV11-18.SUP-FLO,AI:3008981
SRC-NAE5,NAE5/N2 Trunk 1.VAV11-18.SUPFLOSP,AO:3008994
SRC-NAE5,NAE5/N2 Trunk 1.VAV11-18.UCLG-SP,AO:3008986
SRC-NAE5,NAE5/N2 Trunk 1.VAV11-18.UHTG-SP,AO:3008989
SRC-NAE5,NAE5/N2 Trunk 1.VAV11-18.WC-ADJ,AI:3008978
SRC-NAE5,NAE5/N2 Trunk 1.VAV11-18.ZN-T,AI:3008976
SRC-NAE5,NAE5/N2 Trunk 1.VAV11-19.ACLG-SP,AI:3009004
SRC-NAE5,NAE5/N2 Trunk 1.VAV11-19.AHTG-SP,AI:3009007
SRC-NAE5,NAE5/N2 Trunk 1.VAV11-19.DA-T,AI:3008999
SRC-NAE5,NAE5/N2 Trunk 1.VAV11-19.DPR-O,AO:3009002
SRC-NAE5,NAE5/N2 Trunk 1.VAV11-19.HTG-O,AO:3009003
SRC-NAE5,NAE5/N2 Trunk 1.VAV11-19.OCC-UNOC,BI:3009015
SRC-NAE5,NAE5/N2 Trunk 1.VAV11-19.OCLG-SP,AO:3009005
SRC-NAE5,NAE5/N2 Trunk 1.VAV11-19.OCMNC-SP,AO:3009010
SRC-NAE5,NAE5/N2 Trunk 1.VAV11-19.OCMNH-SP,AO:3009012
SRC-NAE5,NAE5/N2 Trunk 1.VAV11-19.OCMXC-SP,AO:3009011
SRC-NAE5,NAE5/N2 Trunk 1.VAV11-19.OCMXH-SP,AO:3009013
SRC-NAE5,NAE5/N2 Trunk 1.VAV11-19.OHTG-SP,AO:3009008
SRC-NAE5,NAE5/N2 Trunk 1.VAV11-19.SA-VP,AI:3009000
SRC-NAE5,NAE5/N2 Trunk 1.VAV11-19.SUP-FLO,AI:3009001
SRC-NAE5,NAE5/N2 Trunk 1.VAV11-19.SUPFLOSP,AO:3009014
SRC-NAE5,NAE5/N2 Trunk 1.VAV11-19.UCLG-SP,AO:3009006
SRC-NAE5,NAE5/N2 Trunk 1.VAV11-19.UHTG-SP,AO:3009009
SRC-NAE5,NAE5/N2 Trunk 1.VAV11-19.WC-ADJ,AI:3008998
SRC-NAE5,NAE5/N2 Trunk 1.VAV11-19.ZN-T,AI:3008996
SRC-NAE5,NAE5/N2 Trunk 1.VAV11-20.ACLG-SP,AI:3009026
SRC-NAE5,NAE5/N2 Trunk 1.VAV11-20.AHTG-SP,AI:3009029
SRC-NAE5,NAE5/N2 Trunk 1.VAV11-20.DA-T,AI:3009021
SRC-NAE5,NAE5/N2 Trunk 1.VAV11-20.DPR-O,AO:3009024
SRC-NAE5,NAE5/N2 Trunk 1.VAV11-20.HTG-O,AO:3009025
SRC-NAE5,NAE5/N2 Trunk 1.VAV11-20.OCC-UNOC,BI:3009037
SRC-NAE5,NAE5/N2 Trunk 1.VAV11-20.OCLG-SP,AO:3009027
SRC-NAE5,NAE5/N2 Trunk 1.VAV11-20.OCMNC-SP,AO:3009032
SRC-NAE5,NAE5/N2 Trunk 1.VAV11-20.OCMNH-SP,AO:3009034
SRC-NAE5,NAE5/N2 Trunk 1.VAV11-20.OCMXC-SP,AO:3009033
SRC-NAE5,NAE5/N2 Trunk 1.VAV11-20.OCMXH-SP,AO:3009035
SRC-NAE5,NAE5/N2 Trunk 1.VAV11-20.OHTG-SP,AO:3009030
SRC-NAE5,NAE5/N2 Trunk 1.VAV11-20.SA-VP,AI:3009022
SRC-NAE5,NAE5/N2 Trunk 1.VAV11-20.SUP-FLO,AI:3009023
SRC-NAE5,NAE5/N2 Trunk 1.VAV11-20.SUPFLOSP,AO:3009036
SRC-NAE5,NAE5/N2 Trunk 1.VAV11-20.UCLG-SP,AO:3009028
SRC-NAE5,NAE5/N2 Trunk 1.VAV11-20.UHTG-SP,AO:3009031
SRC-NAE5,NAE5/N2 Trunk 1.VAV11-20.WC-ADJ,AI:3009020
SRC-NAE5,NAE5/N2 Trunk 1.VAV11-20.ZN-T,AI:3009018
SRC-NAE5,NAE5/N2 Trunk 1.VAV11-21.ACLG-SP,AI:3009048
SRC-NAE5,NAE5/N2 Trunk 1.VAV11-21.AHTG-SP,AI:3009051
SRC-NAE5,NAE5/N2 Trunk 1.VAV11-21.DA-T,AI:3009043
SRC-NAE5,NAE5/N2 Trunk 1.VAV11-21.DPR-O,AO:3009046
SRC-NAE5,NAE5/N2 Trunk 1.VAV11-21.HTG-O,AO:3009047
SRC-NAE5,NAE5/N2 Trunk 1.VAV11-21.OCC-UNOC,BI:3009059
SRC-NAE5,NAE5/N2 Trunk 1.VAV11-21.OCLG-SP,AO:3009049
SRC-NAE5,NAE5/N2 Trunk 1.VAV11-21.OCMNC-SP,AO:3009054
SRC-NAE5,NAE5/N2 Trunk 1.VAV11-21.OCMNH-SP,AO:3009056
SRC-NAE5,NAE5/N2 Trunk 1.VAV11-21.OCMXC-SP,AO:3009055
SRC-NAE5,NAE5/N2 Trunk 1.VAV11-21.OCMXH-SP,AO:3009057
SRC-NAE5,NAE5/N2 Trunk 1.VAV11-21.OHTG-SP,AO:3009052
SRC-NAE5,NAE5/N2 Trunk 1.VAV11-21.SA-VP,AI:3009044
SRC-NAE5,NAE5/N2 Trunk 1.VAV11-21.SUP-FLO,AI:3009045
SRC-NAE5,NAE5/N2 Trunk 1.VAV11-21.SUPFLOSP,AO:3009058
SRC-NAE5,NAE5/N2 Trunk 1.VAV11-21.UCLG-SP,AO:3009050
SRC-NAE5,NAE5/N2 Trunk 1.VAV11-21.UHTG-SP,AO:3009053
SRC-NAE5,NAE5/N2 Trunk 1.VAV11-21.WC-ADJ,AI:3009042
SRC-NAE5,NAE5/N2 Trunk 1.VAV11-21.ZN-T,AI:3009040
SRC-NAE5,NAE5/N2 Trunk 1.VAV11-22.ACLG-SP,AI:3009070
SRC-NAE5,NAE5/N2 Trunk 1.VAV11-22.AHTG-SP,AI:3009073
SRC-NAE5,NAE5/N2 Trunk 1.VAV11-22.DA-T,AI:3009065
SRC-NAE5,NAE5/N2 Trunk 1.VAV11-22.DPR-O,AO:3009068
SRC-NAE5,NAE5/N2 Trunk 1.VAV11-22.HTG-O,AO:3009069
SRC-NAE5,NAE5/N2 Trunk 1.VAV11-22.OCLG-SP,AO:3009071
SRC-NAE5,NAE5/N2 Trunk 1.VAV11-22.OCMNC-SP,AO:3009076
SRC-NAE5,NAE5/N2 Trunk 1.VAV11-22.OCMNH-SP,AO:3009078
SRC-NAE5,NAE5/N2 Trunk 1.VAV11-22.OCMXC-SP,AO:3009077
SRC-NAE5,NAE5/N2 Trunk 1.VAV11-22.OCMXH-SP,AO:3009079
SRC-NAE5,NAE5/N2 Trunk 1.VAV11-22.OHTG-SP,AO:3009074
SRC-NAE5,NAE5/N2 Trunk 1.VAV11-22.SA-VP,AI:3009066
SRC-NAE5,NAE5/N2 Trunk 1.VAV11-22.SUP-FLO,AI:3009067
SRC-NAE5,NAE5/N2 Trunk 1.VAV11-22.SUPFLOSP,AO:3009080
SRC-NAE5,NAE5/N2 Trunk 1.VAV11-22.UCLG-SP,AO:3009072
SRC-NAE5,NAE5/N2 Trunk 1.VAV11-22.UHTG-SP,AO:3009075
SRC-NAE5,NAE5/N2 Trunk 1.VAV11-22.WC-ADJ,AI:3009064
SRC-NAE5,NAE5/N2 Trunk 1.VAV11-22.ZN-T,AI:3009062
SRC-NAE5,NAE5/N2 Trunk 1.VAV11-23.ACLG-SP,AI:3009090
SRC-NAE5,NAE5/N2 Trunk 1.VAV11-23.AHTG-SP,AI:3009093
SRC-NAE5,NAE5/N2 Trunk 1.VAV11-23.DA-T,AI:3009085
SRC-NAE5,NAE5/N2 Trunk 1.VAV11-23.DPR-O,AO:3009088
SRC-NAE5,NAE5/N2 Trunk 1.VAV11-23.HTG-O,AO:3009089
SRC-NAE5,NAE5/N2 Trunk 1.VAV11-23.OCLG-SP,AO:3009091
SRC-NAE5,NAE5/N2 Trunk 1.VAV11-23.OCMNC-SP,AO:3009096
SRC-NAE5,NAE5/N2 Trunk 1.VAV11-23.OCMNH-SP,AO:3009098
SRC-NAE5,NAE5/N2 Trunk 1.VAV11-23.OCMXC-SP,AO:3009097
SRC-NAE5,NAE5/N2 Trunk 1.VAV11-23.OCMXH-SP,AO:3009099
SRC-NAE5,NAE5/N2 Trunk 1.VAV11-23.OHTG-SP,AO:3009094
SRC-NAE5,NAE5/N2 Trunk 1.VAV11-23.SA-VP,AI:3009086
SRC-NAE5,NAE5/N2 Trunk 1.VAV11-23.SUP-FLO,AI:3009087
SRC-NAE5,NAE5/N2 Trunk 1.VAV11-23.SUPFLOSP,AO:3009100
SRC-NAE5,NAE5/N2 Trunk 1.VAV11-23.UCLG-SP,AO:3009092
SRC-NAE5,NAE5/N2 Trunk 1.VAV11-23.UHTG-SP,AO:3009095
SRC-NAE5,NAE5/N2 Trunk 1.VAV11-23.WC-ADJ,AI:3009084
SRC-NAE5,NAE5/N2 Trunk 1.VAV11-23.ZN-T,AI:3009082
SRC-NAE5,NAE5/N2 Trunk 1.VAV11-24.ACLG-SP,AI:3009110
SRC-NAE5,NAE5/N2 Trunk 1.VAV11-24.AHTG-SP,AI:3009113
SRC-NAE5,NAE5/N2 Trunk 1.VAV11-24.DA-T,AI:3009105
SRC-NAE5,NAE5/N2 Trunk 1.VAV11-24.DPR-O,AO:3009108
SRC-NAE5,NAE5/N2 Trunk 1.VAV11-24.HTG-O,AO:3009109
SRC-NAE5,NAE5/N2 Trunk 1.VAV11-24.OCLG-SP,AO:3009111
SRC-NAE5,NAE5/N2 Trunk 1.VAV11-24.OCMNC-SP,AO:3009116
SRC-NAE5,NAE5/N2 Trunk 1.VAV11-24.OCMNH-SP,AO:3009118
SRC-NAE5,NAE5/N2 Trunk 1.VAV11-24.OCMXC-SP,AO:3009117
SRC-NAE5,NAE5/N2 Trunk 1.VAV11-24.OCMXH-SP,AO:3009119
SRC-NAE5,NAE5/N2 Trunk 1.VAV11-24.OHTG-SP,AO:3009114
SRC-NAE5,NAE5/N2 Trunk 1.VAV11-24.SA-VP,AI:3009106
SRC-NAE5,NAE5/N2 Trunk 1.VAV11-24.SUP-FLO,AI:3009107
SRC-NAE5,NAE5/N2 Trunk 1.VAV11-24.SUPFLOSP,AO:3009120
SRC-NAE5,NAE5/N2 Trunk 1.VAV11-24.UCLG-SP,AO:3009112
SRC-NAE5,NAE5/N2 Trunk 1.VAV11-24.UHTG-SP,AO:3009115
SRC-NAE5,NAE5/N2 Trunk 1.VAV11-24.WC-ADJ,AI:3009104
SRC-NAE5,NAE5/N2 Trunk 1.VAV11-24.ZN-T,AI:3009102
SRC-NAE5,NAE5/N2 Trunk 1.VAV12-1.ACLG-SP,AI:3009130
SRC-NAE5,NAE5/N2 Trunk 1.VAV12-1.AHTG-SP,AI:3009133
SRC-NAE5,NAE5/N2 Trunk 1.VAV12-1.DA-T,AI:3009125
SRC-NAE5,NAE5/N2 Trunk 1.VAV12-1.DPR-O,AO:3009128
SRC-NAE5,NAE5/N2 Trunk 1.VAV12-1.HTG-O,AO:3009129
SRC-NAE5,NAE5/N2 Trunk 1.VAV12-1.OCC-UNOC,BI:3009141
SRC-NAE5,NAE5/N2 Trunk 1.VAV12-1.OCLG-SP,AO:3009131
SRC-NAE5,NAE5/N2 Trunk 1.VAV12-1.OCMNC-SP,AO:3009136
SRC-NAE5,NAE5/N2 Trunk 1.VAV12-1.OCMNH-SP,AO:3009138
SRC-NAE5,NAE5/N2 Trunk 1.VAV12-1.OCMXC-SP,AO:3009137
SRC-NAE5,NAE5/N2 Trunk 1.VAV12-1.OCMXH-SP,AO:3009139
SRC-NAE5,NAE5/N2 Trunk 1.VAV12-1.OHTG-SP,AO:3009134
SRC-NAE5,NAE5/N2 Trunk 1.VAV12-1.SA-VP,AI:3009126
SRC-NAE5,NAE5/N2 Trunk 1.VAV12-1.SUP-FLO,AI:3009127
SRC-NAE5,NAE5/N2 Trunk 1.VAV12-1.SUPFLOSP,AO:3009140
SRC-NAE5,NAE5/N2 Trunk 1.VAV12-1.UCLG-SP,AO:3009132
SRC-NAE5,NAE5/N2 Trunk 1.VAV12-1.UHTG-SP,AO:3009135
SRC-NAE5,NAE5/N2 Trunk 1.VAV12-1.WC-ADJ,AI:3009124
SRC-NAE5,NAE5/N2 Trunk 1.VAV12-1.ZN-T,AI:3009122
SRC-NAE5,NAE5/N2 Trunk 1.VAV12-2.ACLG-SP,AI:3009152
SRC-NAE5,NAE5/N2 Trunk 1.VAV12-2.AHTG-SP,AI:3009155
SRC-NAE5,NAE5/N2 Trunk 1.VAV12-2.DA-T,AI:3009147
SRC-NAE5,NAE5/N2 Trunk 1.VAV12-2.DPR-O,AO:3009150
SRC-NAE5,NAE5/N2 Trunk 1.VAV12-2.HTG-O,AO:3009151
SRC-NAE5,NAE5/N2 Trunk 1.VAV12-2.OCC-UNOC,BI:3009163
SRC-NAE5,NAE5/N2 Trunk 1.VAV12-2.OCLG-SP,AO:3009153
SRC-NAE5,NAE5/N2 Trunk 1.VAV12-2.OCMNC-SP,AO:3009158
SRC-NAE5,NAE5/N2 Trunk 1.VAV12-2.OCMNH-SP,AO:3009160
SRC-NAE5,NAE5/N2 Trunk 1.VAV12-2.OCMXC-SP,AO:3009159
SRC-NAE5,NAE5/N2 Trunk 1.VAV12-2.OCMXH-SP,AO:3009161
SRC-NAE5,NAE5/N2 Trunk 1.VAV12-2.OHTG-SP,AO:3009156
SRC-NAE5,NAE5/N2 Trunk 1.VAV12-2.SA-VP,AI:3009148
SRC-NAE5,NAE5/N2 Trunk 1.VAV12-2.SUP-FLO,AI:3009149
SRC-NAE5,NAE5/N2 Trunk 1.VAV12-2.SUPFLOSP,AO:3009162
SRC-NAE5,NAE5/N2 Trunk 1.VAV12-2.UCLG-SP,AO:3009154
SRC-NAE5,NAE5/N2 Trunk 1.VAV12-2.UHTG-SP,AO:3009157
SRC-NAE5,NAE5/N2 Trunk 1.VAV12-2.WC-ADJ,AI:3009146
SRC-NAE5,NAE5/N2 Trunk 1.VAV12-2.ZN-T,AI:3009144
SRC-NAE5,NAE5/N2 Trunk 1.VAV12-3.ACLG-SP,AI:3009174
SRC-NAE5,NAE5/N2 Trunk 1.VAV12-3.AHTG-SP,AI:3009177
SRC-NAE5,NAE5/N2 Trunk 1.VAV12-3.DA-T,AI:3009169
SRC-NAE5,NAE5/N2 Trunk 1.VAV12-3.DPR-O,AO:3009172
SRC-NAE5,NAE5/N2 Trunk 1.VAV12-3.HTG-O,AO:3009173
SRC-NAE5,NAE5/N2 Trunk 1.VAV12-3.OCLG-SP,AO:3009175
SRC-NAE5,NAE5/N2 Trunk 1.VAV12-3.OCMNC-SP,AO:3009180
SRC-NAE5,NAE5/N2 Trunk 1.VAV12-3.OCMNH-SP,AO:3009182
SRC-NAE5,NAE5/N2 Trunk 1.VAV12-3.OCMXC-SP,AO:3009181
SRC-NAE5,NAE5/N2 Trunk 1.VAV12-3.OCMXH-SP,AO:3009183
SRC-NAE5,NAE5/N2 Trunk 1.VAV12-3.OHTG-SP,AO:3009178
SRC-NAE5,NAE5/N2 Trunk 1.VAV12-3.SA-VP,AI:3009170
SRC-NAE5,NAE5/N2 Trunk 1.VAV12-3.SUP-FLO,AI:3009171
SRC-NAE5,NAE5/N2 Trunk 1.VAV12-3.SUPFLOSP,AO:3009184
SRC-NAE5,NAE5/N2 Trunk 1.VAV12-3.UCLG-SP,AO:3009176
SRC-NAE5,NAE5/N2 Trunk 1.VAV12-3.UHTG-SP,AO:3009179
SRC-NAE5,NAE5/N2 Trunk 1.VAV12-3.WC-ADJ,AI:3009168
SRC-NAE5,NAE5/N2 Trunk 1.VAV12-3.ZN-T,AI:3009166
SRC-NAE5,NAE5/N2 Trunk 1.VAV12-4.ACLG-SP,AI:3009194
SRC-NAE5,NAE5/N2 Trunk 1.VAV12-4.AHTG-SP,AI:3009197
SRC-NAE5,NAE5/N2 Trunk 1.VAV12-4.DA-T,AI:3009189
SRC-NAE5,NAE5/N2 Trunk 1.VAV12-4.DPR-O,AO:3009192
SRC-NAE5,NAE5/N2 Trunk 1.VAV12-4.HTG-O,AO:3009193
SRC-NAE5,NAE5/N2 Trunk 1.VAV12-4.OCLG-SP,AO:3009195
SRC-NAE5,NAE5/N2 Trunk 1.VAV12-4.OCMNC-SP,AO:3009200
SRC-NAE5,NAE5/N2 Trunk 1.VAV12-4.OCMNH-SP,AO:3009202
SRC-NAE5,NAE5/N2 Trunk 1.VAV12-4.OCMXC-SP,AO:3009201
SRC-NAE5,NAE5/N2 Trunk 1.VAV12-4.OCMXH-SP,AO:3009203
SRC-NAE5,NAE5/N2 Trunk 1.VAV12-4.OHTG-SP,AO:3009198
SRC-NAE5,NAE5/N2 Trunk 1.VAV12-4.SA-VP,AI:3009190
SRC-NAE5,NAE5/N2 Trunk 1.VAV12-4.SUP-FLO,AI:3009191
SRC-NAE5,NAE5/N2 Trunk 1.VAV12-4.SUPFLOSP,AO:3009204
SRC-NAE5,NAE5/N2 Trunk 1.VAV12-4.UCLG-SP,AO:3009196
SRC-NAE5,NAE5/N2 Trunk 1.VAV12-4.UHTG-SP,AO:3009199
SRC-NAE5,NAE5/N2 Trunk 1.VAV12-4.WC-ADJ,AI:3009188
SRC-NAE5,NAE5/N2 Trunk 1.VAV12-4.ZN-T,AI:3009186
SRC-NAE5,NAE5/N2 Trunk 1.VAV12-5.ACLG-SP,AI:3009214
SRC-NAE5,NAE5/N2 Trunk 1.VAV12-5.AHTG-SP,AI:3009217
SRC-NAE5,NAE5/N2 Trunk 1.VAV12-5.DA-T,AI:3009209
SRC-NAE5,NAE5/N2 Trunk 1.VAV12-5.DPR-O,AO:3009212
SRC-NAE5,NAE5/N2 Trunk 1.VAV12-5.HTG-O,AO:3009213
SRC-NAE5,NAE5/N2 Trunk 1.VAV12-5.OCLG-SP,AO:3009215
SRC-NAE5,NAE5/N2 Trunk 1.VAV12-5.OCMNC-SP,AO:3009220
SRC-NAE5,NAE5/N2 Trunk 1.VAV12-5.OCMNH-SP,AO:3009222
SRC-NAE5,NAE5/N2 Trunk 1.VAV12-5.OCMXC-SP,AO:3009221
SRC-NAE5,NAE5/N2 Trunk 1.VAV12-5.OCMXH-SP,AO:3009223
SRC-NAE5,NAE5/N2 Trunk 1.VAV12-5.OHTG-SP,AO:3009218
SRC-NAE5,NAE5/N2 Trunk 1.VAV12-5.SA-VP,AI:3009210
SRC-NAE5,NAE5/N2 Trunk 1.VAV12-5.SUP-FLO,AI:3009211
SRC-NAE5,NAE5/N2 Trunk 1.VAV12-5.SUPFLOSP,AO:3009224
SRC-NAE5,NAE5/N2 Trunk 1.VAV12-5.UCLG-SP,AO:3009216
SRC-NAE5,NAE5/N2 Trunk 1.VAV12-5.UHTG-SP,AO:3009219
SRC-NAE5,NAE5/N2 Trunk 1.VAV12-5.WC-ADJ,AI:3009208
SRC-NAE5,NAE5/N2 Trunk 1.VAV12-5.ZN-T,AI:3009206
SRC-NAE5,NAE5/N2 Trunk 1.VAV12-6.ACLG-SP,AI:3009234
SRC-NAE5,NAE5/N2 Trunk 1.VAV12-6.AHTG-SP,AI:3009237
SRC-NAE5,NAE5/N2 Trunk 1.VAV12-6.DA-T,AI:3009229
SRC-NAE5,NAE5/N2 Trunk 1.VAV12-6.DPR-O,AO:3009232
SRC-NAE5,NAE5/N2 Trunk 1.VAV12-6.HTG-O,AO:3009233
SRC-NAE5,NAE5/N2 Trunk 1.VAV12-6.OCLG-SP,AO:3009235
SRC-NAE5,NAE5/N2 Trunk 1.VAV12-6.OCMNC-SP,AO:3009240
SRC-NAE5,NAE5/N2 Trunk 1.VAV12-6.OCMNH-SP,AO:3009242
SRC-NAE5,NAE5/N2 Trunk 1.VAV12-6.OCMXC-SP,AO:3009241
SRC-NAE5,NAE5/N2 Trunk 1.VAV12-6.OCMXH-SP,AO:3009243
SRC-NAE5,NAE5/N2 Trunk 1.VAV12-6.OHTG-SP,AO:3009238
SRC-NAE5,NAE5/N2 Trunk 1.VAV12-6.SA-VP,AI:3009230
SRC-NAE5,NAE5/N2 Trunk 1.VAV12-6.SUP-FLO,AI:3009231
SRC-NAE5,NAE5/N2 Trunk 1.VAV12-6.SUPFLOSP,AO:3009244
SRC-NAE5,NAE5/N2 Trunk 1.VAV12-6.UCLG-SP,AO:3009236
SRC-NAE5,NAE5/N2 Trunk 1.VAV12-6.UHTG-SP,AO:3009239
SRC-NAE5,NAE5/N2 Trunk 1.VAV12-6.WC-ADJ,AI:3009228
SRC-NAE5,NAE5/N2 Trunk 1.VAV12-6.ZN-T,AI:3009226
SRC-NAE5,NAE5/N2 Trunk 1.VAV12-7.ACLG-SP,AI:3009254
SRC-NAE5,NAE5/N2 Trunk 1.VAV12-7.AHTG-SP,AI:3009257
SRC-NAE5,NAE5/N2 Trunk 1.VAV12-7.DA-T,AI:3009249
SRC-NAE5,NAE5/N2 Trunk 1.VAV12-7.DPR-O,AO:3009252
SRC-NAE5,NAE5/N2 Trunk 1.VAV12-7.HTG-O,AO:3009253
SRC-NAE5,NAE5/N2 Trunk 1.VAV12-7.OCC-UNOC,BI:3009265
SRC-NAE5,NAE5/N2 Trunk 1.VAV12-7.OCLG-SP,AO:3009255
SRC-NAE5,NAE5/N2 Trunk 1.VAV12-7.OCMNC-SP,AO:3009260
SRC-NAE5,NAE5/N2 Trunk 1.VAV12-7.OCMNH-SP,AO:3009262
SRC-NAE5,NAE5/N2 Trunk 1.VAV12-7.OCMXC-SP,AO:3009261
SRC-NAE5,NAE5/N2 Trunk 1.VAV12-7.OCMXH-SP,AO:3009263
SRC-NAE5,NAE5/N2 Trunk 1.VAV12-7.OHTG-SP,AO:3009258
SRC-NAE5,NAE5/N2 Trunk 1.VAV12-7.SA-VP,AI:3009250
SRC-NAE5,NAE5/N2 Trunk 1.VAV12-7.SUP-FLO,AI:3009251
SRC-NAE5,NAE5/N2 Trunk 1.VAV12-7.SUPFLOSP,AO:3009264
SRC-NAE5,NAE5/N2 Trunk 1.VAV12-7.UCLG-SP,AO:3009256
SRC-NAE5,NAE5/N2 Trunk 1.VAV12-7.UHTG-SP,AO:3009259
SRC-NAE5,NAE5/N2 Trunk 1.VAV12-7.WC-ADJ,AI:3009248
SRC-NAE5,NAE5/N2 Trunk 1.VAV12-7.ZN-T,AI:3009246
SRC-NAE5,NAE5/N2 Trunk 1.VAV12-8.ACLG-SP,AI:3009276
SRC-NAE5,NAE5/N2 Trunk 1.VAV12-8.AHTG-SP,AI:3009279
SRC-NAE5,NAE5/N2 Trunk 1.VAV12-8.DA-T,AI:3009271
SRC-NAE5,NAE5/N2 Trunk 1.VAV12-8.DPR-O,AO:3009274
SRC-NAE5,NAE5/N2 Trunk 1.VAV12-8.HTG-O,AO:3009275
SRC-NAE5,NAE5/N2 Trunk 1.VAV12-8.OCLG-SP,AO:3009277
SRC-NAE5,NAE5/N2 Trunk 1.VAV12-8.OCMNC-SP,AO:3009282
SRC-NAE5,NAE5/N2 Trunk 1.VAV12-8.OCMNH-SP,AO:3009284
SRC-NAE5,NAE5/N2 Trunk 1.VAV12-8.OCMXC-SP,AO:3009283
SRC-NAE5,NAE5/N2 Trunk 1.VAV12-8.OCMXH-SP,AO:3009285
SRC-NAE5,NAE5/N2 Trunk 1.VAV12-8.OHTG-SP,AO:3009280
SRC-NAE5,NAE5/N2 Trunk 1.VAV12-8.SA-VP,AI:3009272
SRC-NAE5,NAE5/N2 Trunk 1.VAV12-8.SUP-FLO,AI:3009273
SRC-NAE5,NAE5/N2 Trunk 1.VAV12-8.SUPFLOSP,AO:3009286
SRC-NAE5,NAE5/N2 Trunk 1.VAV12-8.UCLG-SP,AO:3009278
SRC-NAE5,NAE5/N2 Trunk 1.VAV12-8.UHTG-SP,AO:3009281
SRC-NAE5,NAE5/N2 Trunk 1.VAV12-8.WC-ADJ,AI:3009270
SRC-NAE5,NAE5/N2 Trunk 1.VAV12-8.ZN-T,AI:3009268
SRC-NAE5,NAE5/N2 Trunk 1.VAV12-9.ACLG-SP,AI:3009296
SRC-NAE5,NAE5/N2 Trunk 1.VAV12-9.AHTG-SP,AI:3009299
SRC-NAE5,NAE5/N2 Trunk 1.VAV12-9.DA-T,AI:3009291
SRC-NAE5,NAE5/N2 Trunk 1.VAV12-9.DPR-O,AO:3009294
SRC-NAE5,NAE5/N2 Trunk 1.VAV12-9.HTG-O,AO:3009295
SRC-NAE5,NAE5/N2 Trunk 1.VAV12-9.OCLG-SP,AO:3009297
SRC-NAE5,NAE5/N2 Trunk 1.VAV12-9.OCMNC-SP,AO:3009302
SRC-NAE5,NAE5/N2 Trunk 1.VAV12-9.OCMNH-SP,AO:3009304
SRC-NAE5,NAE5/N2 Trunk 1.VAV12-9.OCMXC-SP,AO:3009303
SRC-NAE5,NAE5/N2 Trunk 1.VAV12-9.OCMXH-SP,AO:3009305
SRC-NAE5,NAE5/N2 Trunk 1.VAV12-9.OHTG-SP,AO:3009300
SRC-NAE5,NAE5/N2 Trunk 1.VAV12-9.SA-VP,AI:3009292
SRC-NAE5,NAE5/N2 Trunk 1.VAV12-9.SUP-FLO,AI:3009293
SRC-NAE5,NAE5/N2 Trunk 1.VAV12-9.SUPFLOSP,AO:3009306
SRC-NAE5,NAE5/N2 Trunk 1.VAV12-9.UCLG-SP,AO:3009298
SRC-NAE5,NAE5/N2 Trunk 1.VAV12-9.UHTG-SP,AO:3009301
SRC-NAE5,NAE5/N2 Trunk 1.VAV12-9.WC-ADJ,AI:3009290
SRC-NAE5,NAE5/N2 Trunk 1.VAV12-9.ZN-T,AI:3009288
SRC-NAE5,NAE5/N2 Trunk 1.VAV12-10.ACLG-SP,AI:3009316
SRC-NAE5,NAE5/N2 Trunk 1.VAV12-10.AHTG-SP,AI:3009319
SRC-NAE5,NAE5/N2 Trunk 1.VAV12-10.DA-T,AI:3009311
SRC-NAE5,NAE5/N2 Trunk 1.VAV12-10.DPR-O,AO:3009314
SRC-NAE5,NAE5/N2 Trunk 1.VAV12-10.HTG-O,AO:3009315
SRC-NAE5,NAE5/N2 Trunk 1.VAV12-10.OCC-UNOC,BI:3009327
SRC-NAE5,NAE5/N2 Trunk 1.VAV12-10.OCLG-SP,AO:3009317
SRC-NAE5,NAE5/N2 Trunk 1.VAV12-10.OCMNC-SP,AO:3009322
SRC-NAE5,NAE5/N2 Trunk 1.VAV12-10.OCMNH-SP,AO:3009324
SRC-NAE5,NAE5/N2 Trunk 1.VAV12-10.OCMXC-SP,AO:3009323
SRC-NAE5,NAE5/N2 Trunk 1.VAV12-10.OCMXH-SP,AO:3009325
SRC-NAE5,NAE5/N2 Trunk 1.VAV12-10.OHTG-SP,AO:3009320
SRC-NAE5,NAE5/N2 Trunk 1.VAV12-10.SA-VP,AI:3009312
SRC-NAE5,NAE5/N2 Trunk 1.VAV12-10.SUP-FLO,AI:3009313
SRC-NAE5,NAE5/N2 Trunk 1.VAV12-10.SUPFLOSP,AO:3009326
SRC-NAE5,NAE5/N2 Trunk 1.VAV12-10.UCLG-SP,AO:3009318
SRC-NAE5,NAE5/N2 Trunk 1.VAV12-10.UHTG-SP,AO:3009321
SRC-NAE5,NAE5/N2 Trunk 1.VAV12-10.WC-ADJ,AI:3009310
SRC-NAE5,NAE5/N2 Trunk 1.VAV12-10.ZN-T,AI:3009308
SRC-NAE5,NAE5/N2 Trunk 1.VAV12-11.ACLG-SP,AI:3009338
SRC-NAE5,NAE5/N2 Trunk 1.VAV12-11.AHTG-SP,AI:3009341
SRC-NAE5,NAE5/N2 Trunk 1.VAV12-11.DA-T,AI:3009333
SRC-NAE5,NAE5/N2 Trunk 1.VAV12-11.DPR-O,AO:3009336
SRC-NAE5,NAE5/N2 Trunk 1.VAV12-11.HTG-O,AO:3009337
SRC-NAE5,NAE5/N2 Trunk 1.VAV12-11.OCC-UNOC,BI:3009349
SRC-NAE5,NAE5/N2 Trunk 1.VAV12-11.OCLG-SP,AO:3009339
SRC-NAE5,NAE5/N2 Trunk 1.VAV12-11.OCMNC-SP,AO:3009344
SRC-NAE5,NAE5/N2 Trunk 1.VAV12-11.OCMNH-SP,AO:3009346
SRC-NAE5,NAE5/N2 Trunk 1.VAV12-11.OCMXC-SP,AO:3009345
SRC-NAE5,NAE5/N2 Trunk 1.VAV12-11.OCMXH-SP,AO:3009347
SRC-NAE5,NAE5/N2 Trunk 1.VAV12-11.OHTG-SP,AO:3009342
SRC-NAE5,NAE5/N2 Trunk 1.VAV12-11.SA-VP,AI:3009334
SRC-NAE5,NAE5/N2 Trunk 1.VAV12-11.SUP-FLO,AI:3009335
SRC-NAE5,NAE5/N2 Trunk 1.VAV12-11.SUPFLOSP,AO:3009348
SRC-NAE5,NAE5/N2 Trunk 1.VAV12-11.UCLG-SP,AO:3009340
SRC-NAE5,NAE5/N2 Trunk 1.VAV12-11.UHTG-SP,AO:3009343
SRC-NAE5,NAE5/N2 Trunk 1.VAV12-11.WC-ADJ,AI:3009332
SRC-NAE5,NAE5/N2 Trunk 1.VAV12-11.ZN-T,AI:3009330
SRC-NAE5,NAE5/N2 Trunk 1.VAV12-12.ACLG-SP,AI:3009360
SRC-NAE5,NAE5/N2 Trunk 1.VAV12-12.AHTG-SP,AI:3009363
SRC-NAE5,NAE5/N2 Trunk 1.VAV12-12.DA-T,AI:3009355
SRC-NAE5,NAE5/N2 Trunk 1.VAV12-12.DPR-O,AO:3009358
SRC-NAE5,NAE5/N2 Trunk 1.VAV12-12.HTG-O,AO:3009359
SRC-NAE5,NAE5/N2 Trunk 1.VAV12-12.OCLG-SP,AO:3009361
SRC-NAE5,NAE5/N2 Trunk 1.VAV12-12.OCMNC-SP,AO:3009366
SRC-NAE5,NAE5/N2 Trunk 1.VAV12-12.OCMNH-SP,AO:3009368
SRC-NAE5,NAE5/N2 Trunk 1.VAV12-12.OCMXC-SP,AO:3009367
SRC-NAE5,NAE5/N2 Trunk 1.VAV12-12.OCMXH-SP,AO:3009369
SRC-NAE5,NAE5/N2 Trunk 1.VAV12-12.OHTG-SP,AO:3009364
SRC-NAE5,NAE5/N2 Trunk 1.VAV12-12.SA-VP,AI:3009356
SRC-NAE5,NAE5/N2 Trunk 1.VAV12-12.SUP-FLO,AI:3009357
SRC-NAE5,NAE5/N2 Trunk 1.VAV12-12.SUPFLOSP,AO:3009370
SRC-NAE5,NAE5/N2 Trunk 1.VAV12-12.UCLG-SP,AO:3009362
SRC-NAE5,NAE5/N2 Trunk 1.VAV12-12.UHTG-SP,AO:3009365
SRC-NAE5,NAE5/N2 Trunk 1.VAV12-12.WC-ADJ,AI:3009354
SRC-NAE5,NAE5/N2 Trunk 1.VAV12-12.ZN-T,AI:3009352
SRC-NAE5,NAE5/N2 Trunk 1.VAV12-13.ACLG-SP,AI:3009380
SRC-NAE5,NAE5/N2 Trunk 1.VAV12-13.AHTG-SP,AI:3009383
SRC-NAE5,NAE5/N2 Trunk 1.VAV12-13.DA-T,AI:3009375
SRC-NAE5,NAE5/N2 Trunk 1.VAV12-13.DPR-O,AO:3009378
SRC-NAE5,NAE5/N2 Trunk 1.VAV12-13.HTG-O,AO:3009379
SRC-NAE5,NAE5/N2 Trunk 1.VAV12-13.OCLG-SP,AO:3009381
SRC-NAE5,NAE5/N2 Trunk 1.VAV12-13.OCMNC-SP,AO:3009386
SRC-NAE5,NAE5/N2 Trunk 1.VAV12-13.OCMNH-SP,AO:3009388
SRC-NAE5,NAE5/N2 Trunk 1.VAV12-13.OCMXC-SP,AO:3009387
SRC-NAE5,NAE5/N2 Trunk 1.VAV12-13.OCMXH-SP,AO:3009389
SRC-NAE5,NAE5/N2 Trunk 1.VAV12-13.OHTG-SP,AO:3009384
SRC-NAE5,NAE5/N2 Trunk 1.VAV12-13.SA-VP,AI:3009376
SRC-NAE5,NAE5/N2 Trunk 1.VAV12-13.SUP-FLO,AI:3009377
SRC-NAE5,NAE5/N2 Trunk 1.VAV12-13.SUPFLOSP,AO:3009390
SRC-NAE5,NAE5/N2 Trunk 1.VAV12-13.UCLG-SP,AO:3009382
SRC-NAE5,NAE5/N2 Trunk 1.VAV12-13.UHTG-SP,AO:3009385
SRC-NAE5,NAE5/N2 Trunk 1.VAV12-13.WC-ADJ,AI:3009374
SRC-NAE5,NAE5/N2 Trunk 1.VAV12-13.ZN-T,AI:3009372
SRC-NAE5,NAE5/N2 Trunk 1.VAV12-14.ACLG-SP,AI:3009400
SRC-NAE5,NAE5/N2 Trunk 1.VAV12-14.AHTG-SP,AI:3009403
SRC-NAE5,NAE5/N2 Trunk 1.VAV12-14.DA-T,AI:3009395
SRC-NAE5,NAE5/N2 Trunk 1.VAV12-14.DPR-O,AO:3009398
SRC-NAE5,NAE5/N2 Trunk 1.VAV12-14.HTG-O,AO:3009399
SRC-NAE5,NAE5/N2 Trunk 1.VAV12-14.OCLG-SP,AO:3009401
SRC-NAE5,NAE5/N2 Trunk 1.VAV12-14.OCMNC-SP,AO:3009406
SRC-NAE5,NAE5/N2 Trunk 1.VAV12-14.OCMNH-SP,AO:3009408
SRC-NAE5,NAE5/N2 Trunk 1.VAV12-14.OCMXC-SP,AO:3009407
SRC-NAE5,NAE5/N2 Trunk 1.VAV12-14.OCMXH-SP,AO:3009409
SRC-NAE5,NAE5/N2 Trunk 1.VAV12-14.OHTG-SP,AO:3009404
SRC-NAE5,NAE5/N2 Trunk 1.VAV12-14.SA-VP,AI:3009396
SRC-NAE5,NAE5/N2 Trunk 1.VAV12-14.SUP-FLO,AI:3009397
SRC-NAE5,NAE5/N2 Trunk 1.VAV12-14.SUPFLOSP,AO:3009410
SRC-NAE5,NAE5/N2 Trunk 1.VAV12-14.UCLG-SP,AO:3009402
SRC-NAE5,NAE5/N2 Trunk 1.VAV12-14.UHTG-SP,AO:3009405
SRC-NAE5,NAE5/N2 Trunk 1.VAV12-14.WC-ADJ,AI:3009394
SRC-NAE5,NAE5/N2 Trunk 1.VAV12-14.ZN-T,AI:3009392
SRC-NAE5,NAE5/N2 Trunk 1.VAV12-15.ACLG-SP,AI:3009420
SRC-NAE5,NAE5/N2 Trunk 1.VAV12-15.AHTG-SP,AI:3009423
SRC-NAE5,NAE5/N2 Trunk 1.VAV12-15.DA-T,AI:3009415
SRC-NAE5,NAE5/N2 Trunk 1.VAV12-15.DPR-O,AO:3009418
SRC-NAE5,NAE5/N2 Trunk 1.VAV12-15.HTG-O,AO:3009419
SRC-NAE5,NAE5/N2 Trunk 1.VAV12-15.OCLG-SP,AO:3009421
SRC-NAE5,NAE5/N2 Trunk 1.VAV12-15.OCMNC-SP,AO:3009426
SRC-NAE5,NAE5/N2 Trunk 1.VAV12-15.OCMNH-SP,AO:3009428
SRC-NAE5,NAE5/N2 Trunk 1.VAV12-15.OCMXC-SP,AO:3009427
SRC-NAE5,NAE5/N2 Trunk 1.VAV12-15.OCMXH-SP,AO:3009429
SRC-NAE5,NAE5/N2 Trunk 1.VAV12-15.OHTG-SP,AO:3009424
SRC-NAE5,NAE5/N2 Trunk 1.VAV12-15.SA-VP,AI:3009416
SRC-NAE5,NAE5/N2 Trunk 1.VAV12-15.SUP-FLO,AI:3009417
SRC-NAE5,NAE5/N2 Trunk 1.VAV12-15.SUPFLOSP,AO:3009430
SRC-NAE5,NAE5/N2 Trunk 1.VAV12-15.UCLG-SP,AO:3009422
SRC-NAE5,NAE5/N2 Trunk 1.VAV12-15.UHTG-SP,AO:3009425
SRC-NAE5,NAE5/N2 Trunk 1.VAV12-15.WC-ADJ,AI:3009414
SRC-NAE5,NAE5/N2 Trunk 1.VAV12-15.ZN-T,AI:3009412
SRC-NAE5,NAE5/N2 Trunk 1.VAV12-16.ACLG-SP,AI:3009440
SRC-NAE5,NAE5/N2 Trunk 1.VAV12-16.AHTG-SP,AI:3009443
SRC-NAE5,NAE5/N2 Trunk 1.VAV12-16.DA-T,AI:3009435
SRC-NAE5,NAE5/N2 Trunk 1.VAV12-16.DPR-O,AO:3009438
SRC-NAE5,NAE5/N2 Trunk 1.VAV12-16.HTG-O,AO:3009439
SRC-NAE5,NAE5/N2 Trunk 1.VAV12-16.OCC-UNOC,BI:3009451
SRC-NAE5,NAE5/N2 Trunk 1.VAV12-16.OCLG-SP,AO:3009441
SRC-NAE5,NAE5/N2 Trunk 1.VAV12-16.OCMNC-SP,AO:3009446
SRC-NAE5,NAE5/N2 Trunk 1.VAV12-16.OCMNH-SP,AO:3009448
SRC-NAE5,NAE5/N2 Trunk 1.VAV12-16.OCMXC-SP,AO:3009447
SRC-NAE5,NAE5/N2 Trunk 1.VAV12-16.OCMXH-SP,AO:3009449
SRC-NAE5,NAE5/N2 Trunk 1.VAV12-16.OHTG-SP,AO:3009444
SRC-NAE5,NAE5/N2 Trunk 1.VAV12-16.SA-VP,AI:3009436
SRC-NAE5,NAE5/N2 Trunk 1.VAV12-16.SUP-FLO,AI:3009437
SRC-NAE5,NAE5/N2 Trunk 1.VAV12-16.SUPFLOSP,AO:3009450
SRC-NAE5,NAE5/N2 Trunk 1.VAV12-16.UCLG-SP,AO:3009442
SRC-NAE5,NAE5/N2 Trunk 1.VAV12-16.UHTG-SP,AO:3009445
SRC-NAE5,NAE5/N2 Trunk 1.VAV12-16.WC-ADJ,AI:3009434
SRC-NAE5,NAE5/N2 Trunk 1.VAV12-16.ZN-T,AI:3009432
SRC-NAE5,NAE5/N2 Trunk 1.VAV12-17.ACLG-SP,AI:3009462
SRC-NAE5,NAE5/N2 Trunk 1.VAV12-17.AHTG-SP,AI:3009465
SRC-NAE5,NAE5/N2 Trunk 1.VAV12-17.DA-T,AI:3009457
SRC-NAE5,NAE5/N2 Trunk 1.VAV12-17.DPR-O,AO:3009460
SRC-NAE5,NAE5/N2 Trunk 1.VAV12-17.HTG-O,AO:3009461
SRC-NAE5,NAE5/N2 Trunk 1.VAV12-17.OCLG-SP,AO:3009463
SRC-NAE5,NAE5/N2 Trunk 1.VAV12-17.OCMNC-SP,AO:3009468
SRC-NAE5,NAE5/N2 Trunk 1.VAV12-17.OCMNH-SP,AO:3009470
SRC-NAE5,NAE5/N2 Trunk 1.VAV12-17.OCMXC-SP,AO:3009469
SRC-NAE5,NAE5/N2 Trunk 1.VAV12-17.OCMXH-SP,AO:3009471
SRC-NAE5,NAE5/N2 Trunk 1.VAV12-17.OHTG-SP,AO:3009466
SRC-NAE5,NAE5/N2 Trunk 1.VAV12-17.SA-VP,AI:3009458
SRC-NAE5,NAE5/N2 Trunk 1.VAV12-17.SUP-FLO,AI:3009459
SRC-NAE5,NAE5/N2 Trunk 1.VAV12-17.SUPFLOSP,AO:3009472
SRC-NAE5,NAE5/N2 Trunk 1.VAV12-17.UCLG-SP,AO:3009464
SRC-NAE5,NAE5/N2 Trunk 1.VAV12-17.UHTG-SP,AO:3009467
SRC-NAE5,NAE5/N2 Trunk 1.VAV12-17.WC-ADJ,AI:3009456
SRC-NAE5,NAE5/N2 Trunk 1.VAV12-17.ZN-T,AI:3009454
SRC-NAE5,NAE5/N2 Trunk 1.VAV12-18.ACLG-SP,AI:3009482
SRC-NAE5,NAE5/N2 Trunk 1.VAV12-18.AHTG-SP,AI:3009485
SRC-NAE5,NAE5/N2 Trunk 1.VAV12-18.DA-T,AI:3009477
SRC-NAE5,NAE5/N2 Trunk 1.VAV12-18.DPR-O,AO:3009480
SRC-NAE5,NAE5/N2 Trunk 1.VAV12-18.HTG-O,AO:3009481
SRC-NAE5,NAE5/N2 Trunk 1.VAV12-18.OCLG-SP,AO:3009483
SRC-NAE5,NAE5/N2 Trunk 1.VAV12-18.OCMNC-SP,AO:3009488
SRC-NAE5,NAE5/N2 Trunk 1.VAV12-18.OCMNH-SP,AO:3009490
SRC-NAE5,NAE5/N2 Trunk 1.VAV12-18.OCMXC-SP,AO:3009489
SRC-NAE5,NAE5/N2 Trunk 1.VAV12-18.OCMXH-SP,AO:3009491
SRC-NAE5,NAE5/N2 Trunk 1.VAV12-18.OHTG-SP,AO:3009486
SRC-NAE5,NAE5/N2 Trunk 1.VAV12-18.SA-VP,AI:3009478
SRC-NAE5,NAE5/N2 Trunk 1.VAV12-18.SUP-FLO,AI:3009479
SRC-NAE5,NAE5/N2 Trunk 1.VAV12-18.SUPFLOSP,AO:3009492
SRC-NAE5,NAE5/N2 Trunk 1.VAV12-18.UCLG-SP,AO:3009484
SRC-NAE5,NAE5/N2 Trunk 1.VAV12-18.UHTG-SP,AO:3009487
SRC-NAE5,NAE5/N2 Trunk 1.VAV12-18.WC-ADJ,AI:3009476
SRC-NAE5,NAE5/N2 Trunk 1.VAV12-18.ZN-T,AI:3009474
SRC-NAE5,NAE5/N2 Trunk 1.VAV12-19.ACLG-SP,AI:3009502
SRC-NAE5,NAE5/N2 Trunk 1.VAV12-19.AHTG-SP,AI:3009505
SRC-NAE5,NAE5/N2 Trunk 1.VAV12-19.DA-T,AI:3009497
SRC-NAE5,NAE5/N2 Trunk 1.VAV12-19.DPR-O,AO:3009500
SRC-NAE5,NAE5/N2 Trunk 1.VAV12-19.HTG-O,AO:3009501
SRC-NAE5,NAE5/N2 Trunk 1.VAV12-19.OCLG-SP,AO:3009503
SRC-NAE5,NAE5/N2 Trunk 1.VAV12-19.OCMNC-SP,AO:3009508
SRC-NAE5,NAE5/N2 Trunk 1.VAV12-19.OCMNH-SP,AO:3009510
SRC-NAE5,NAE5/N2 Trunk 1.VAV12-19.OCMXC-SP,AO:3009509
SRC-NAE5,NAE5/N2 Trunk 1.VAV12-19.OCMXH-SP,AO:3009511
SRC-NAE5,NAE5/N2 Trunk 1.VAV12-19.OHTG-SP,AO:3009506
SRC-NAE5,NAE5/N2 Trunk 1.VAV12-19.SA-VP,AI:3009498
SRC-NAE5,NAE5/N2 Trunk 1.VAV12-19.SUP-FLO,AI:3009499
SRC-NAE5,NAE5/N2 Trunk 1.VAV12-19.SUPFLOSP,AO:3009512
SRC-NAE5,NAE5/N2 Trunk 1.VAV12-19.UCLG-SP,AO:3009504
SRC-NAE5,NAE5/N2 Trunk 1.VAV12-19.UHTG-SP,AO:3009507
SRC-NAE5,NAE5/N2 Trunk 1.VAV12-19.WC-ADJ,AI:3009496
SRC-NAE5,NAE5/N2 Trunk 1.VAV12-19.ZN-T,AI:3009494
SRC-NAE5,NAE5/N2 Trunk 1.VAV12-20.ACLG-SP,AI:3009522
SRC-NAE5,NAE5/N2 Trunk 1.VAV12-20.AHTG-SP,AI:3009525
SRC-NAE5,NAE5/N2 Trunk 1.VAV12-20.DA-T,AI:3009517
SRC-NAE5,NAE5/N2 Trunk 1.VAV12-20.DPR-O,AO:3009520
SRC-NAE5,NAE5/N2 Trunk 1.VAV12-20.HTG-O,AO:3009521
SRC-NAE5,NAE5/N2 Trunk 1.VAV12-20.OCC-UNOC,BI:3009533
SRC-NAE5,NAE5/N2 Trunk 1.VAV12-20.OCLG-SP,AO:3009523
SRC-NAE5,NAE5/N2 Trunk 1.VAV12-20.OCMNC-SP,AO:3009528
SRC-NAE5,NAE5/N2 Trunk 1.VAV12-20.OCMNH-SP,AO:3009530
SRC-NAE5,NAE5/N2 Trunk 1.VAV12-20.OCMXC-SP,AO:3009529
SRC-NAE5,NAE5/N2 Trunk 1.VAV12-20.OCMXH-SP,AO:3009531
SRC-NAE5,NAE5/N2 Trunk 1.VAV12-20.OHTG-SP,AO:3009526
SRC-NAE5,NAE5/N2 Trunk 1.VAV12-20.SA-VP,AI:3009518
SRC-NAE5,NAE5/N2 Trunk 1.VAV12-20.SUP-FLO,AI:3009519
SRC-NAE5,NAE5/N2 Trunk 1.VAV12-20.SUPFLOSP,AO:3009532
SRC-NAE5,NAE5/N2 Trunk 1.VAV12-20.UCLG-SP,AO:3009524
SRC-NAE5,NAE5/N2 Trunk 1.VAV12-20.UHTG-SP,AO:3009527
SRC-NAE5,NAE5/N2 Trunk 1.VAV12-20.WC-ADJ,AI:3009516
SRC-NAE5,NAE5/N2 Trunk 1.VAV12-20.ZN-T,AI:3009514
SRC-NAE5,NAE5/N2 Trunk 1.VAV12-21.ACLG-SP,AI:3009544
SRC-NAE5,NAE5/N2 Trunk 1.VAV12-21.AHTG-SP,AI:3009547
SRC-NAE5,NAE5/N2 Trunk 1.VAV12-21.DA-T,AI:3009539
SRC-NAE5,NAE5/N2 Trunk 1.VAV12-21.DPR-O,AO:3009542
SRC-NAE5,NAE5/N2 Trunk 1.VAV12-21.HTG-O,AO:3009543
SRC-NAE5,NAE5/N2 Trunk 1.VAV12-21.OCC-UNOC,BI:3009555
SRC-NAE5,NAE5/N2 Trunk 1.VAV12-21.OCLG-SP,AO:3009545
SRC-NAE5,NAE5/N2 Trunk 1.VAV12-21.OCMNC-SP,AO:3009550
SRC-NAE5,NAE5/N2 Trunk 1.VAV12-21.OCMNH-SP,AO:3009552
SRC-NAE5,NAE5/N2 Trunk 1.VAV12-21.OCMXC-SP,AO:3009551
SRC-NAE5,NAE5/N2 Trunk 1.VAV12-21.OCMXH-SP,AO:3009553
SRC-NAE5,NAE5/N2 Trunk 1.VAV12-21.OHTG-SP,AO:3009548
SRC-NAE5,NAE5/N2 Trunk 1.VAV12-21.SA-VP,AI:3009540
SRC-NAE5,NAE5/N2 Trunk 1.VAV12-21.SUP-FLO,AI:3009541
SRC-NAE5,NAE5/N2 Trunk 1.VAV12-21.SUPFLOSP,AO:3009554
SRC-NAE5,NAE5/N2 Trunk 1.VAV12-21.UCLG-SP,AO:3009546
SRC-NAE5,NAE5/N2 Trunk 1.VAV12-21.UHTG-SP,AO:3009549
SRC-NAE5,NAE5/N2 Trunk 1.VAV12-21.WC-ADJ,AI:3009538
SRC-NAE5,NAE5/N2 Trunk 1.VAV12-21.ZN-T,AI:3009536
SRC-NAE5,NAE5/N2 Trunk 1.VMA12-22.ACLG-SP,AI:3012694
SRC-NAE5,NAE5/N2 Trunk 1.VMA12-22.AHTG-SP,AI:3012697
SRC-NAE5,NAE5/N2 Trunk 1.VMA12-22.BOXMODE,MO:3012715
SRC-NAE5,NAE5/N2 Trunk 1.VMA12-22.CLG-SP,AO:3012695
SRC-NAE5,NAE5/N2 Trunk 1.VMA12-22.CMAXFLO,AO:3012702
SRC-NAE5,NAE5/N2 Trunk 1.VMA12-22.DA-T,AI:3012689
SRC-NAE5,NAE5/N2 Trunk 1.VMA12-22.DPR-C,AO:3012691
SRC-NAE5,NAE5/N2 Trunk 1.VMA12-22.DPR-POS,AI:3012692
SRC-NAE5,NAE5/N2 Trunk 1.VMA12-22.HMAXFLO,AO:3012705
SRC-NAE5,NAE5/N2 Trunk 1.VMA12-22.HTG-O,AO:3012693
SRC-NAE5,NAE5/N2 Trunk 1.VMA12-22.HTG-SP,AO:3012698
SRC-NAE5,NAE5/N2 Trunk 1.VMA12-22.HTGMODE,MO:3012716
SRC-NAE5,NAE5/N2 Trunk 1.VMA12-22.OCC-INPUT,MO:3012713
SRC-NAE5,NAE5/N2 Trunk 1.VMA12-22.OCC-PRESV,MO:3012714
SRC-NAE5,NAE5/N2 Trunk 1.VMA12-22.OCC-S,BI:3012708
SRC-NAE5,NAE5/N2 Trunk 1.VMA12-22.OCCCMIN,AO:3012703
SRC-NAE5,NAE5/N2 Trunk 1.VMA12-22.OCCHMIN,AO:3012706
SRC-NAE5,NAE5/N2 Trunk 1.VMA12-22.SA-VP,AI:3012690
SRC-NAE5,NAE5/N2 Trunk 1.VMA12-22.SUP-FLO,AI:3012700
SRC-NAE5,NAE5/N2 Trunk 1.VMA12-22.SUPFLOSP,AO:3012701
SRC-NAE5,NAE5/N2 Trunk 1.VMA12-22.UNCCMIN,AO:3012704
SRC-NAE5,NAE5/N2 Trunk 1.VMA12-22.UNCHMIN,AO:3012707
SRC-NAE5,NAE5/N2 Trunk 1.VMA12-22.UNOCCBIA,AO:3012696
SRC-NAE5,NAE5/N2 Trunk 1.VMA12-22.UNOCHBIA,AO:3012699
SRC-NAE5,NAE5/N2 Trunk 1.VMA12-22.WC-ADJ,AI:3012688
SRC-NAE5,NAE5/N2 Trunk 1.VMA12-22.ZN-T,AI:3012687
SRC-NAE5,NAE5/N2 Trunk 1.VMA12-23.ACLG-SP,AI:3020551
SRC-NAE5,NAE5/N2 Trunk 1.VMA12-23.CLG-SP,AO:3020552
SRC-NAE5,NAE5/N2 Trunk 1.VMA12-23.CMAXFLO,AO:3020556
SRC-NAE5,NAE5/N2 Trunk 1.VMA12-23.DPR-C,AO:3020549
SRC-NAE5,NAE5/N2 Trunk 1.VMA12-23.DPR-POS,AI:3020550
SRC-NAE5,NAE5/N2 Trunk 1.VMA12-23.OCCCMIN,AO:3020557
SRC-NAE5,NAE5/N2 Trunk 1.VMA12-23.SA-VP,AI:3020548
SRC-NAE5,NAE5/N2 Trunk 1.VMA12-23.SUP-FLO,AI:3020554
SRC-NAE5,NAE5/N2 Trunk 1.VMA12-23.SUPFLOSP,AO:3020555
SRC-NAE5,NAE5/N2 Trunk 1.VMA12-23.UNCCMIN,AO:3020558
SRC-NAE5,NAE5/N2 Trunk 1.VMA12-23.UNOCCBIA,AO:3020553
SRC-NAE5,NAE5/N2 Trunk 1.VMA12-23.WC-ADJ,AI:3020546
SRC-NAE5,NAE5/N2 Trunk 1.VMA12-23.ZN-T,AI:3020545
SRC-NAE5,NAE5/Programming.Chlr Plant Programming.Chiller Sequence.SRC-CH-SEQ,AV:3025507
SRC-NAE5,NAE5/Programming.Chlr Plant Programming.LCW-DP-CALC,AV:3025531
SRC-NAE5,NAE5/Programming.Chlr Plant Programming.LCW-MINLP-DP,AV:3028409
SRC-NAE5,NAE5/Programming.Chlr Plant Programming.SRC-CHEM-FEED-ALARM,BV:3026633
SRC-NAE5,NAE5/Programming.Chlr Plant Programming.SRC-TWBYP-Circ,BV:3026381
SRC-NAE5,NAE5/Programming.Chlr Plant Programming.TW-BLWDWN-COND-DF,AV:3027005
SRC-NAE5,NAE5/Programming.Chlr Plant Programming.TW-BLWDWN-COND-SP,AV:3027003
SRC-NAE5,NAE5/Programming.Chlr Plant Programming.TW-BLWDWN-LOCKOUT,BV:3027006
SRC-NAE5,NAE5/Programming.Chlr Plant Programming.TW-BLWDWN-PREBLEED,BV:3027008
SRC-NAE5,NAE5/Programming.Chlr Plant Programming.TW-GLUT-LOCK-DAY,AV:3026872
SRC-NAE5,NAE5/Programming.Chlr Plant Programming.TW-GLUT-LOCK-HR,AV:3026874
SRC-NAE5,NAE5/Programming.Chlr Plant Programming.TW-GLUT-LOCKOUT,BV:3026870
SRC-NAE5,NAE5/Programming.Chlr Plant Programming.Weather Station.SRC-OADB-T,AV:3025510
SRC-NAE5,NAE5/Programming.Chlr Plant Programming.Weather Station.SRC-OAWB-T,AV:3025511
SRC-NAE5,NAE5/Programming.Data Points.50MP-HWSP,AV:3029366
SRC-NAE5,NAE5/Programming.Data Points.50MP-SP,AV:3029365
SRC-NAE5,NAE5/Programming.Data Points.CP-KWpTon,AV:3022355
SRC-NAE5,NAE5/Programming.Data Points.DP-SP,AV:3029591
SRC-NAE5,NAE5/Programming.Data Points.DPHW-SP,AV:3029592
SRC-NAE5,NAE5/Programming.Data Points.LP-HWSP,AV:3030492
SRC-NAE5,NAE5/Programming.Data Points.LP-KWpTon,AV:3022357
SRC-NAE5,NAE5/Programming.Data Points.LP-SP,AV:3030491
SRC-NAE5,NAE5/Programming.Data Points.SPA-HWSP,AV:3030495
SRC-NAE5,NAE5/Programming.Data Points.SPA-SP,AV:3030494
SRC-NAE5,NAE5/Programming.Data Points.SRC1 - HCOP,AV:3012744
SRC-NAE5,NAE5/Programming.Data Points.SRC1 H-kW per ton,AV:3012894
SRC-NAE5,NAE5/Programming.Data Points.SRC2 - HCOP,AV:3012746
SRC-NAE5,NAE5/Programming.Data Points.SRC2 H-kW per ton,AV:3012896
SRC-NAE5,NAE5/Programming.Data Points.SRC AH1 Occ-Unoc,BV:3009964
SRC-NAE5,NAE5/Programming.Data Points.SRC AH2 Occ-Unoc,BV:3009966
SRC-NAE5,NAE5/Programming.Data Points.SRC AH2 ZDP-T,AV:3010213
SRC-NAE5,NAE5/Programming.Data Points.SRC AH3 Occ-Unoc,BV:3009968
SRC-NAE5,NAE5/Programming.Data Points.SRC AH3 ZDP-T,AV:3010217
SRC-NAE5,NAE5/Programming.Data Points.SRC AH4 Occ-Unoc,BV:3009970
SRC-NAE5,NAE5/Programming.Data Points.SRC AH4 ZDP-T,AV:3010221
SRC-NAE5,NAE5/Programming.Data Points.SRC AH5 Occ-Unoc,BV:3009972
SRC-NAE5,NAE5/Programming.Data Points.SRC AH5 ZDP-T,AV:3010225
SRC-NAE5,NAE5/Programming.Data Points.SRC AH6 Occ-Unoc,BV:3009974
SRC-NAE5,NAE5/Programming.Data Points.SRC AH7 Occ-Unoc,BV:3009976
SRC-NAE5,NAE5/Programming.Data Points.SRC AH8 Occ-Unoc,BV:3009978
SRC-NAE5,NAE5/Programming.Data Points.SRC AH9 Occ-Unoc,BV:3009980
SRC-NAE5,NAE5/Programming.Data Points.SRC AH10 Occ-Unoc,BV:3009982
SRC-NAE5,NAE5/Programming.Data Points.SRC AH11 Occ-Unoc,BV:3009984
SRC-NAE5,NAE5/Programming.Data Points.SRC AH12 Occ-Unoc,BV:3009986
SRC-NAE5,NAE5/Programming.Data Points.SRC AH13 Occ-Unoc,BV:3009988
SRC-NAE5,NAE5/Programming.Data Points.SRC AH14 Occ-Unoc,BV:3009990
SRC-NAE5,NAE5/Programming.Data Points.SRC AH OCC Master,BV:3020757
SRC-NAE5,NAE5/Programming.Data Points.SRC Avg CHR-T,AV:3010452
SRC-NAE5,NAE5/Programming.Data Points.SRC BCWF-FPS,AV:3012456
SRC-NAE5,NAE5/Programming.Data Points.SRC CH1-AUXKW,AV:3010533
SRC-NAE5,NAE5/Programming.Data Points.SRC CH1-SALM,BV:3010735
SRC-NAE5,NAE5/Programming.Data Points.SRC CH2-AUXKW,AV:3010537
SRC-NAE5,NAE5/Programming.Data Points.SRC CH2-SALM,BV:3010737
SRC-NAE5,NAE5/Programming.Data Points.SRC CHLR-F,AV:3010418
SRC-NAE5,NAE5/Programming.Data Points.SRC CW-delta T,AV:3010091
SRC-NAE5,NAE5/Programming.Data Points.SRC CW-LOAD,AV:3010093
SRC-NAE5,NAE5/Programming.Data Points.SRC CW-PEAK,AV:3010097
SRC-NAE5,NAE5/Programming.Data Points.SRC CW-Totalization,AV:3021482
SRC-NAE5,NAE5/Programming.Data Points.SRC DCPLR-F,AV:3010422
SRC-NAE5,NAE5/Programming.Data Points.SRC LCW-F,AV:3010414
SRC-NAE5,NAE5/Programming.Data Points.SRC OA-%AH10 Setpt,AV:3010160
SRC-NAE5,NAE5/Programming.Data Points.SRC PAU RAT-SP,AV:3031200
SRC-NAE5,NAE5/Programming.Data Points.SRC PCW-dT,AV:3010456
SRC-NAE5,NAE5/Programming.Data Points.SRC PCWS-T (calc),AV:3012644
SRC-NAE5,NAE5/Programming.Data Points.SRC TWMU-F Totalization,AV:3027906
SRC-NAE5,NAE5/Programming.Data Points.SRC-CIRC-HR,AV:3019140
SRC-NAE5,NAE5/Programming.Data Points.SRC-GLUT-SLUG,BV:3019957
SRC-NAE5,NAE5/Programming.Data Points.SRC-OFC Heater Sched,MV:3027233
SRC-NAE5,NAE5/Programming.Data Points.SRC-OFC Occ-Unoc,BV:3027221
SRC-NAE5,NAE5/Programming.Data Points.SRC-ORP-SLUG,BV:3020069
SRC-NAE5,NAE5/Programming.Data Points.SRC-TRT-KW,AV:3013529
SRC-NAE5,NAE5/Programming.Data Points.TF-KWpTon,AV:3022361
SRC-NAE5,NAE5/Programming.Data Points.TP-KWpTon,AV:3022359
SRC-NAE5,NAE5/Programming.Data Points.TWR CHEM CIRC,BV:3018166
SRC-NAE5,NAE5/Programming.Data Points.WP-HWSP,AV:3030849
SRC-NAE5,NAE5/Programming.Data Points.WP-SP,AV:3030848
